﻿Valuation Date,LCC Unique Identifier,LCPL Unique Identifier,Cust Account no,Portfolio No,Asset id,Sub-Asset id,LC Asset class,LC Sub-Asset Class,AV_Market Value Reff Ccy,AV_Positional Ccy,AV_Val Ccy,Domicile,Bank
"Friday, May 29, 2020",LCC-18-0027,,1000400311,1000400311-1,100,10010,Cash,Cash,20345.52,CHF,USD,Switzerland,BOS
"Tuesday, February 2, 2021",,,1000688353,1000688353-1,120,12040,Equities,Derivatives,100000,USD,USD,United States of America,BOS
"Tuesday, February 2, 2021",,,1000688375,1000688375-1,120,12040,Equities,Derivatives,100000,USD,USD,United States of America,BOS
"Tuesday, February 2, 2021",,LCPL-19-0041,1000405752,1000405752-1,120,12040,Equities,Derivatives,200000,USD,USD,United States of America,BOS
"Tuesday, February 2, 2021",,LCPL-19-0041,1000405752,1000405752-1,120,12040,Equities,Derivatives,200000,USD,USD,United States of America,BOS
"Tuesday, February 2, 2021",,LCPL-20-0035,1000405891,1000405891-1,100,10020,Cash,Cash,3487297.62,USD,USD,United States of America,BOS
"Tuesday, February 2, 2021",,LCPL-20-0035,1000405891,1000405891-1,100,10020,Cash,Cash,253491.77,USD,USD,United States of America,BOS
"Tuesday, February 2, 2021",,LCPL-20-0035,1000405891,1000405891-1,210,21010,Loans,Liabilities,-163556.4,EUR,USD,Europe,BOS
"Tuesday, February 2, 2021",,LCPL-20-0086,1000400767,1000400767-1,210,21010,Loans,Liabilities,-1215474.25,EUR,USD,Europe,BOS
"Tuesday, February 2, 2021",,LCPL-19-0044,1000107726,1000107726-3,210,21010,Loans,Liabilities,-463237.64,GBP,USD,United Kingdom,BOS
"Monday, June 1, 2020",,LCPL-15-0010,S-239534,S-239534-0,Cash,Cash - Money account public,Cash,Cash,8567.02,USD,USD,United States of America,DBS
"Monday, June 1, 2020",,LCPL-15-0010,S-239534,S-239534-0,Cash,Cash - Money account public,Cash,Cash,26619.08,SGD,USD,Singapore,DBS
"Monday, June 1, 2020",,LCPL-15-0010,S-239534,S-239534-0,Cash,Cash - Money account public,Cash,Cash,0,HKD,USD,Hong Kong,DBS
"Monday, June 1, 2020",,LCPL-15-0010,S-239534,S-239534-0,Cash,Cash - Money account public,Cash,Cash,0,CAD,USD,Canada,DBS
"Monday, June 1, 2020",,LCPL-15-0010,S-239534,S-239534-0,Cash,Cash - Money account public,Cash,Cash,0,AUD,USD,Australia,DBS
"Monday, June 1, 2020",,LCPL-15-0010,S-239534,S-239534-0,Cash,Cash - Money account public,Cash,Cash,0,EUR,USD,Europe,DBS
"Monday, June 1, 2020",,LCPL-15-0010,S-239534,S-239534-0,Cash,Cash - Money account public,Cash,Cash,49185.6,GBP,USD,United Kingdom,DBS
"Friday, May 29, 2020",LCC-18-0028,,6568844.01,,Cash Positions,MACC.CA.USD,Cash,,0,USD,USD,United States of America,DB
"Friday, May 29, 2020",LCC-18-0028,,6568844.01,,Cash Positions,MACC.CA.SGD,Cash,,23697.02,SGD,USD,Singapore,DB
"Friday, May 29, 2020",LCC-18-0028,,6568844.01,,Alternative Investments,NF-PBS019246,Alternatives,,5888943.44,USD,USD,United States of America,DB
"Friday, May 29, 2020",LCC-18-0028,,6568844.01,,Alternative Investments,NF-PBS021380,Alternatives,,1052265.62,SGD,USD,Singapore,DB
"Friday, May 29, 2020",LCC-18-0028,,6568844.01,,Money Market Instruments,8432239,Unclassified Asset Class,,9801612.42,USD,USD,United States of America,DB
"Friday, May 29, 2020",LCC-18-0028,,6568844.01,,Bonds and Similar Investments,38788889,Fixed Income,,808083.87,USD,USD,United States of America,DB
"Friday, May 29, 2020",LCC-18-0016,,8076945.01,,Cash Positions,MACC.CA.AUD,Cash,,0,AUD,USD,Australia,DB
"Tuesday, June 1, 2021",,LCPL-20-0050,5520360,,Fixed Income & Cash,Cash,Cash,,-613196.25,EUR,USD,Europe,JPM
"Tuesday, June 1, 2021",,LCPL-20-0050,5520360,,Fixed Income & Cash,Cash,Cash,,31078.86,GBP,USD,United Kingdom,JPM
"Tuesday, June 1, 2021",,LCPL-20-0050,5520360,,Fixed Income & Cash,Cash,Cash,,3198.36,SGD,USD,Singapore,JPM
"Tuesday, June 1, 2021",,LCPL-20-0050,5520360,,Fixed Income & Cash,Cash,Cash,,2262124.15,USD,USD,United States of America,JPM
"Tuesday, June 1, 2021",,LCPL-20-0050,5520360,,Alternative Assets,Private Equity,Equities,Private Equity,389575.54,USD,USD,CAYMAN ISLANDS,JPM
"Tuesday, June 1, 2021",,LCPL-20-0050,5520360,,Alternative Assets,Private Equity,Equities,Private Equity,486255,USD,USD,CAYMAN ISLANDS,JPM
"Tuesday, June 1, 2021",,LCPL-20-0050,5520360,,Alternative Assets,Private Equity,Equities,Private Equity,554516.34,USD,USD,CAYMAN ISLANDS,JPM
"Tuesday, June 1, 2021",,LCPL-20-0050,5520360,,Alternative Assets,Private Equity,Equities,Private Equity,572969.99,USD,USD,CAYMAN ISLANDS,JPM
"Tuesday, June 1, 2021",,LCPL-20-0050,5520360,,Alternative Assets,Private Equity,Equities,Private Equity,40098.42,USD,USD,CAYMAN ISLANDS,JPM
"Tuesday, June 1, 2021",,LCPL-20-0050,5520360,,Alternative Assets,Private Equity,Equities,Private Equity,48797.54,USD,USD,CAYMAN ISLANDS,JPM
"Monday, June 1, 2020",,LCPL-15-0007,6007032,6007032002,macc,,Cash,,3063.92,USD,USD,United States of America,LGT
"Monday, June 1, 2020",,LCPL-15-0007,6007032,6007032002,macc,,Cash,,0,SGD,USD,Singapore,LGT
"Monday, June 1, 2020",,LCPL-15-0007,6007032,6007032002,macc,,Cash,,578.72,EUR,USD,Europe,LGT
"Monday, June 1, 2020",,LCPL-15-0007,6007032,6007032002,fdbo,bond-fund,Alternatives,Funds,68488.53,USD,USD,United States of America,LGT
"Monday, June 1, 2020",,LCPL-15-0007,6007032,6007032002,fdtr,share-fund,Alternatives,Funds,42628.12,SGD,USD,Singapore,LGT
"Monday, June 1, 2020",,LCPL-19-0051,6312621,6312621007,macc,,Cash,,0,AUD,USD,Australia,LGT
"Monday, June 1, 2020",,LCPL-19-0051,6312621,6312621007,macc,,Cash,,0,CNY,USD,China,LGT
