tkn,m2xmlReleaseNo,mvmtHdr.@mvmtTp,mvmtHdr.cmt,mvmtSrc.ctlr,mvmtSrc.ctlrMvmtRef,mvmtSrc.srcRecType,mvmtSrc.srcTransType,extSys.extSysID,extSys.extSysRef,hldCpt1.@amtScheme,hldCpt1.hldId.ptfl,hldCpt1.hldId.ctlrOwnr,hldCpt1.hldId.ctlrAcct,hldCpt1.hldId.ownrRefCcy,hldCpt1.hldId.ccy,hldCpt1.hldId.asst,hldCpt1.hldId.asstIDs.asstRef.0.@refType,hldCpt1.hldId.asstIDs.asstRef.0.#text,hldCpt1.hldId.asstIDs.asstRef.1.@refType,hldCpt1.hldId.asstIDs.asstRef.1.#text,hldCpt1.hldId.asstIDs.asstRef.2.@refType,hldCpt1.hldId.asstIDs.asstRef.2.#text,hldCpt1.hldId.asstDetail.isin,hldCpt1.hldId.asstDetail.type,hldCpt1.hldId.asstDetail.cntry,hldCpt1.hldId.asstDetail.desc,hldCpt1.hldId.asstDetail.issueCcy,hldCpt1.hldId.asstDetail.issueDate,hldCpt1.hldId.asstDetail.latestPrc.@ccy,hldCpt1.hldId.asstDetail.latestPrc.#text,hldCpt1.hldId.asstDetail.latestPrcDate,hldCpt1.hldId.asstDetail.prcFactor,hldCpt1.hldId.asstDetail.asstBondDetails.matDate,hldCpt1.hldId.asstDetail.asstBondDetails.intRate,hldCpt1.hldId.asstDetail.asstBondDetails.calcBasis,hldCpt1.hldId.asstDetail.asstBondDetails.intFreq,hldCpt1.hldId.asstDetail.asstBondDetails.intDate,hldCpt1.hldId.asstDetail.asstBondDetails.intCcy,hldCpt1.hldId.asstDetail.asstBondDetails.rating,hldCpt1.effDt,hldCpt1.settleDt,hldCpt1.qty,hldCpt1.prc.@ccy,hldCpt1.prc.#text,hldCpt1.grTrdAmt.@ccy,hldCpt1.grTrdAmt.#text,hldCpt1.grAmt.@ccy,hldCpt1.grAmt.#text,hldCpt1.netAmt.@ccy,hldCpt1.netAmt.#text,hldCpt2.@amtScheme,hldCpt2.hldId.ptfl,hldCpt2.hldId.ctlrOwnr,hldCpt2.hldId.ctlrAcct,hldCpt2.hldId.ccy,hldCpt2.hldId.asst,hldCpt2.hldId.asstIDs.asstRef.@refType,hldCpt2.hldId.asstIDs.asstRef.#text,hldCpt2.effDt,hldCpt2.grAmt.@ccy,hldCpt2.grAmt.#text,hldCpt2.netAmt.@ccy,hldCpt2.netAmt.#text,chrgGp.@amtScheme,chrgGp.chrgCpt.0.ctgy,chrgGp.chrgCpt.0.ctgyAmt.@ccy,chrgGp.chrgCpt.0.ctgyAmt.#text,chrgGp.chrgCpt.0.chrgDesc,chrgGp.chrgCpt.1.ctgy,chrgGp.chrgCpt.1.ctgyAmt.@ccy,chrgGp.chrgCpt.1.ctgyAmt.#text,chrgGp.chrgCpt.1.chrgDesc,chrgGp.chrgCpt.2.ctgy,chrgGp.chrgCpt.2.ctgyAmt.@ccy,chrgGp.chrgCpt.2.ctgyAmt.#text,chrgGp.chrgCpt.2.chrgDesc,hldCpt1.grDivPerShare.@ccy,hldCpt1.grDivPerShare.#text,hldCpt1.netDivPerShare.@ccy,hldCpt1.netDivPerShare.#text
,020,BUY,"Bought 200,000 ISIN USG5002FAM89 @ 96 USD",lghths-sg,707773093,Security Transaction,Buy,SAR,707773093,m2,83663293.6000,83663293,83663293.6000,USD,USD,USG5002FAM89,ISIN,USG5002FAM89,Valor,38586376,SARA,000133049915,USG5002FAM89,Bond,GB/United Kingdom,4.5% Jaguar Land Rover Automotive Plc Gtd.Notes 2017-2027 RegS,USD,2017-10-10,USD,95.56,2021-05-19,.01,2027-10-01,4.5,30E/360,2,2018-04-01,USD,B,2021-05-19,2021-05-21,200000,USD,96,USD,192000,USD,193250,USD,193766.95,m2,83663293.6000,83663293,83663293.4000/USD/KK,USD,USD,CURRENCY,USD,2021-05-19,USD,-193766.95,USD,-193766.95,m2,EXE,USD,-483.13,Stex Commissions,CPN,USD,-1250,Accrued Interest,VAT,USD,-33.82,VAT,,,,
,020,SEL,"Sell 200,000 ISIN XS1753595328 @ 105.27 USD",lghths-sg,707771672,Security Transaction,Sell,SAR,707771672,m2,83663293.6000,83663293,83663293.6000,USD,USD,XS1753595328,ISIN,XS1753595328,Valor,40014007,SARA,000133765006,XS1753595328,Bond,SG/Singapore,5.45% Abja Investment Co Pte Ltd Notes 2018-2028 Reg-S,USD,2018-01-24,USD,105.155,2021-05-18,.01,2028-01-24,5.45,30/360,2,2018-07-24,USD,BB-,2021-05-19,2021-05-21,-200000,USD,105.27,USD,-210540,USD,-214082.5,USD,-213509.83,m2,83663293.6000,83663293,83663293.4000/USD/KK,USD,USD,CURRENCY,USD,2021-05-19,USD,213509.83,USD,213509.83,m2,EXE,USD,-535.21,Stex Commissions,CPN,USD,3542.5,Accrued Interest,VAT,USD,-37.46,VAT,,,,
,020,BUY,"Bought 300,000 ISIN XS2253734268 @ 100 USD",lghths-sg,704984000,Security Transaction,Buy,SAR,704984000,m2,83663293.6000,83663293,83663293.6000,USD,USD,XS2253734268,ISIN,XS2253734268,Valor,110897270,SARA,000143388446,XS2253734268,Bond,HK/Hong Kong,10% BNP Paribas Daqo New Energy Corp -ADR- (5 Shs) Otis Worldwide Corp Callable Fixed Coupon Notes 19.11.2021 Repayment cash or physical,USD,2021-05-19,USD,100.0,2021-05-03,.01,2021-11-29,10.0,,12,2021-06-28,USD,,2021-05-05,2021-05-19,300000,USD,100,USD,297000,USD,300000,USD,300000,m2,83663293.6000,83663293,83663293.4000/USD/KK,USD,USD,CURRENCY,USD,2021-05-05,USD,-300000,USD,-300000,,,,,,,,,,,,,,,,,
,020,DIV,"Dividend Cash 12,000 ISIN IE00BG7PJ914 @ 0.033 EUR",lghths-sg,707796738,Cash Transaction,Dividend Cash,SAR,707796738,m2,83677193.6000,83677193,83677193.6000,USD,EUR,IE00BG7PJ914,ISIN,IE00BG7PJ914,Valor,45464924,SARA,000137710631,IE00BG7PJ914,Fund,IE/Ireland,Barings Investment Funds Plc- Europe Select (EUR) -B- Unhedged Distribution,EUR,,EUR,59.36,2021-05-19,1,,,,,,,,2021-05-19,2021-05-18,12000,,,,,EUR,391.32,EUR,391.32,m2,83677193.6000,83677193,83677193.4001/EUR/KK,EUR,EUR,CURRENCY,EUR,2021-05-19,EUR,391.32,EUR,391.32,,,,,,,,,,,,,,EUR,0.03261,EUR,0.03261
