tkn,m2xmlReleaseNo,mvmtHdr.@mvmtTp,mvmtHdr.cmt,mvmtSrc.ctlr,mvmtSrc.ctlrMvmtRef,mvmtSrc.srcRecType,mvmtSrc.srcTransType,extSys.extSysID,extSys.extSysRef,hldCpt1.@amtScheme,hldCpt1.hldId.ptfl,hldCpt1.hldId.ctlrOwnr,hldCpt1.hldId.ctlrAcct,hldCpt1.hldId.ownrRefCcy,hldCpt1.hldId.ccy,hldCpt1.hldId.asst,hldCpt1.hldId.asstIDs.asstRef.0.@refType,hldCpt1.hldId.asstIDs.asstRef.0.#text,hldCpt1.hldId.asstIDs.asstRef.1.@refType,hldCpt1.hldId.asstIDs.asstRef.1.#text,hldCpt1.hldId.asstIDs.asstRef.2.@refType,hldCpt1.hldId.asstIDs.asstRef.2.#text,hldCpt1.hldId.asstDetail.isin,hldCpt1.hldId.asstDetail.type,hldCpt1.hldId.asstDetail.cntry,hldCpt1.hldId.asstDetail.desc,hldCpt1.hldId.asstDetail.issueCcy,hldCpt1.hldId.asstDetail.issueDate,hldCpt1.hldId.asstDetail.latestPrc.@ccy,hldCpt1.hldId.asstDetail.latestPrc.#text,hldCpt1.hldId.asstDetail.latestPrcDate,hldCpt1.hldId.asstDetail.prcFactor,hldCpt1.hldId.asstDetail.asstBondDetails.matDate,hldCpt1.hldId.asstDetail.asstBondDetails.intRate,hldCpt1.hldId.asstDetail.asstBondDetails.calcBasis,hldCpt1.hldId.asstDetail.asstBondDetails.intFreq,hldCpt1.hldId.asstDetail.asstBondDetails.intDate,hldCpt1.hldId.asstDetail.asstBondDetails.intCcy,hldCpt1.hldId.asstDetail.asstBondDetails.rating,hldCpt1.effDt,hldCpt1.settleDt,hldCpt1.qty,hldCpt1.prc.@ccy,hldCpt1.prc.#text,hldCpt1.grTrdAmt.@ccy,hldCpt1.grTrdAmt.#text,hldCpt1.grAmt.@ccy,hldCpt1.grAmt.#text,hldCpt1.netAmt.@ccy,hldCpt1.netAmt.#text,hldCpt2.@amtScheme,hldCpt2.hldId.ptfl,hldCpt2.hldId.ctlrOwnr,hldCpt2.hldId.ctlrAcct,hldCpt2.hldId.ccy,hldCpt2.hldId.asst,hldCpt2.hldId.asstIDs.asstRef.@refType,hldCpt2.hldId.asstIDs.asstRef.#text,hldCpt2.effDt,hldCpt2.grAmt.@ccy,hldCpt2.grAmt.#text,hldCpt2.netAmt.@ccy,hldCpt2.netAmt.#text,chrgGp.@amtScheme,chrgGp.chrgCpt.0.ctgy,chrgGp.chrgCpt.0.ctgyAmt.@ccy,chrgGp.chrgCpt.0.ctgyAmt.#text,chrgGp.chrgCpt.0.chrgDesc,chrgGp.chrgCpt.1.ctgy,chrgGp.chrgCpt.1.ctgyAmt.@ccy,chrgGp.chrgCpt.1.ctgyAmt.#text,chrgGp.chrgCpt.1.chrgDesc,chrgGp.chrgCpt.2.ctgy,chrgGp.chrgCpt.2.ctgyAmt.@ccy,chrgGp.chrgCpt.2.ctgyAmt.#text,chrgGp.chrgCpt.2.chrgDesc
,020,BUY,"Bought 200,000 ISIN XS2281321799 @ 100.85 USD",lghths-sg,687438857,Security Transaction,Buy,SAR,687438857,m2,83663293.6000,83663293,83663293.6000,USD,USD,XS2281321799,ISIN,XS2281321799,Valor,59563558,SARA,000142274177,XS2281321799,Bond,VG/British Virgin Islands,5.05% Fortune Star BVI Ltd Gtd.Notes 2021-2027,USD,2021-01-27,USD,100.825,2021-02-16,.01,2027-01-27,5.05,30E/360,2,2021-07-27,USD,BB,2021-02-16,2021-02-18,200000,USD,100.85,USD,201700,USD,202289.17,USD,202830.29,m2,83663293.6000,83663293,83663293.4000/USD/KK,USD,USD,CURRENCY,USD,2021-02-16,USD,-202830.29,USD,-202830.29,m2,EXE,USD,-505.72,Stex Commissions,CPN,USD,-589.17,Accrued Interest,VAT,USD,-35.4,VAT
,020,BUY,"Bought 200,000 ISIN XS2213954766 @ 103.95 USD",lghths-sg,687439036,Security Transaction,Buy,SAR,687439036,m2,83663279.6000,83663279,83663279.6000,USD,USD,XS2213954766,ISIN,XS2213954766,Valor,56387933,SARA,000140909913,XS2213954766,Bond,KY/Cayman Islands,6.25% Powerlong Real Estate Holdings Ltd Bonds 2020-2024 Secured,USD,2020-08-10,USD,103.705,2021-02-16,.01,2024-08-10,6.25,30/360,2,2021-02-10,USD,B,2021-02-17,2021-02-19,200000,USD,103.95,USD,207900,USD,208212.5,USD,208769.47,m2,83663279.6000,83663279,83663279.4000/USD/KK,USD,USD,CURRENCY,USD,2021-02-17,USD,-208769.47,USD,-208769.47,m2,EXE,USD,-520.53,Stex Commissions,CPN,USD,-312.5,Accrued Interest,VAT,USD,-36.44,VAT
,020,SEL,"Bond Redemption 200,000 ISIN USU31433AA03 @ 100 USD",lghths-sg,687667603,Security Transaction,Bond Redemption,SAR,687667603,m2,83663293.6000,83663293,83663293.6000,USD,USD,USU31433AA03,ISIN,USU31433AA03,Valor,12412477,SARA,000027939570,USU31433AA03,Bond,US/United States of America,5.75% Fresenius Medical Care US Finance Inc Notes 2011-2021 Senior Reg-S,USD,2011-02-03,USD,100.025,2021-02-11,.01,2021-02-15,0.0,30E/360,2,2011-08-15,USD,BBB,2021-02-15,2021-02-16,-200000,USD,100,USD,-200000,USD,-200000,USD,-200000,m2,83663293.6000,83663293,83663293.4000/USD/KK,USD,USD,CURRENCY,USD,2021-02-15,USD,200000,USD,200000,,,,,,,,,,,,,
,020,BUY,"Subscription 17,825.31 ISIN IE00B8K7V925 @ 11.22 USD",lghths-sg,687436793,Security Transaction,Subscription,SAR,687436793,m2,83663293.6000,83663293,83663293.6000,USD,USD,IE00B8K7V925,ISIN,IE00B8K7V925,Valor,19762784,SARA,000064235469,IE00B8K7V925,Fund,IE/Ireland,PIMCO Funds Global Investors Series Plc- Income (USD) -E- Distribution,USD,,USD,11.22,2021-02-16,1,,,,,,,,2021-02-16,2021-02-18,17825.312,USD,11.22,USD,200000,USD,200000,USD,201095,m2,83663293.6000,83663293,83663293.4000/USD/KK,USD,USD,CURRENCY,USD,2021-02-16,USD,-201095,USD,-201095,m2,FOR,USD,-25,Foreign Charges,EXE,USD,-1000,Stex Commissions,VAT,USD,-70,VAT
,020,COU,Interest,lghths-sg,687667514,Cash Transaction,Interest,SAR,687667514,m2,83663293.6000,83663293,83663293.6000,USD,USD,USU31433AA03,ISIN,USU31433AA03,Valor,12412477,SARA,000027939570,USU31433AA03,Bond,US/United States of America,5.75% Fresenius Medical Care US Finance Inc Notes 2011-2021 Senior Reg-S,USD,2011-02-03,USD,100.025,2021-02-11,.01,2021-02-15,0.0,30E/360,2,2011-08-15,USD,BBB,2021-02-17,2021-02-16,200000,,,,,USD,5750,USD,5750,m2,83663293.6000,83663293,83663293.4000/USD/KK,USD,USD,CURRENCY,USD,2021-02-17,USD,5750,USD,5750,,,,,,,,,,,,,
,020,COU,Interest,lghths-sg,687669235,Cash Transaction,Interest,SAR,687669235,m2,83663293.6000,83663293,83663293.6000,USD,GBP,XS1025866119,ISIN,XS1025866119,Valor,23581404,SARA,000106548682,XS1025866119,Bond,GB/United Kingdom,5% Jaguar Land Rover Automotive Plc Notes 2014-2022 Senior Reg-S,GBP,2014-01-31,GBP,102.99,2021-02-16,.01,2022-02-15,5.0,30/360,2,2014-08-15,GBP,B,2021-02-17,2021-02-15,300000,,,,,GBP,7500,GBP,7500,m2,83663293.6000,83663293,83663293.4001/GBP/KK,GBP,GBP,CURRENCY,GBP,2021-02-17,GBP,7500,GBP,7500,,,,,,,,,,,,,
