tkn,m2xmlReleaseNo,mvmtHdr.@mvmtTp,mvmtHdr.cmt,mvmtSrc.ctlr,mvmtSrc.ctlrMvmtRef,mvmtSrc.srcRecType,mvmtSrc.srcTransType,extSys.extSysID,extSys.extSysRef,hldCpt1.@amtScheme,hldCpt1.hldId.ptfl,hldCpt1.hldId.ctlrOwnr,hldCpt1.hldId.ctlrAcct,hldCpt1.hldId.ownrRefCcy,hldCpt1.hldId.ccy,hldCpt1.hldId.asst,hldCpt1.hldId.asstIDs.asstRef.@refType,hldCpt1.hldId.asstIDs.asstRef.#text,hldCpt1.hldId.asstDetail.type,hldCpt1.hldId.asstDetail.desc,hldCpt1.hldId.asstDetail.asstMnyMktDetails.mnyMktType,hldCpt1.hldId.asstDetail.asstMnyMktDetails.mnyMktTerm.@termType,hldCpt1.hldId.asstDetail.asstMnyMktDetails.mnyMktTerm.#text,hldCpt1.hldId.asstDetail.asstMnyMktDetails.mnyMktAmt.@ccy,hldCpt1.hldId.asstDetail.asstMnyMktDetails.mnyMktAmt.#text,hldCpt1.hldId.asstDetail.asstMnyMktDetails.intRate,hldCpt1.hldId.asstDetail.asstMnyMktDetails.mnyMktRef,hldCpt1.hldId.asstDetail.asstMnyMktDetails.mnyMktName,hldCpt1.hldId.asstDetail.asstMnyMktDetails.matDate,hldCpt1.hldId.asstDetail.asstMnyMktDetails.startDate,hldCpt1.effDt,hldCpt1.settleDt,hldCpt1.grAmt.@ccy,hldCpt1.grAmt.#text,hldCpt1.netAmt.@ccy,hldCpt1.netAmt.#text,hldCpt2.@amtScheme,hldCpt2.hldId.ptfl,hldCpt2.hldId.ctlrOwnr,hldCpt2.hldId.ctlrAcct,hldCpt2.hldId.ccy,hldCpt2.hldId.asst,hldCpt2.hldId.asstIDs.asstRef.@refType,hldCpt2.hldId.asstIDs.asstRef.#text,hldCpt2.effDt,hldCpt2.grAmt.@ccy,hldCpt2.grAmt.#text,hldCpt2.netAmt.@ccy,hldCpt2.netAmt.#text,chrgGp.@amtScheme,chrgGp.chrgCpt.ctgy,chrgGp.chrgCpt.ctgyAmt.@ccy,chrgGp.chrgCpt.ctgyAmt.#text,chrgGp.chrgCpt.chrgDesc,hldCpt1.hldId.asstIDs.asstRef.0.@refType,hldCpt1.hldId.asstIDs.asstRef.0.#text,hldCpt1.hldId.asstIDs.asstRef.1.@refType,hldCpt1.hldId.asstIDs.asstRef.1.#text,hldCpt1.hldId.asstIDs.asstRef.2.@refType,hldCpt1.hldId.asstIDs.asstRef.2.#text,hldCpt1.hldId.asstDetail.isin,hldCpt1.hldId.asstDetail.cntry,hldCpt1.hldId.asstDetail.issueCcy,hldCpt1.hldId.asstDetail.issueDate,hldCpt1.hldId.asstDetail.latestPrc.@ccy,hldCpt1.hldId.asstDetail.latestPrc.#text,hldCpt1.hldId.asstDetail.latestPrcDate,hldCpt1.hldId.asstDetail.prcFactor,hldCpt1.hldId.asstDetail.asstBondDetails.matDate,hldCpt1.hldId.asstDetail.asstBondDetails.intRate,hldCpt1.hldId.asstDetail.asstBondDetails.calcBasis,hldCpt1.hldId.asstDetail.asstBondDetails.intFreq,hldCpt1.hldId.asstDetail.asstBondDetails.intDate,hldCpt1.hldId.asstDetail.asstBondDetails.intCcy,hldCpt1.hldId.asstDetail.asstBondDetails.rating,hldCpt1.qty,hldCpt1.prc.@ccy,hldCpt1.prc.#text,hldCpt1.grTrdAmt.@ccy,hldCpt1.grTrdAmt.#text,chrgGp.chrgCpt.0.ctgy,chrgGp.chrgCpt.0.ctgyAmt.@ccy,chrgGp.chrgCpt.0.ctgyAmt.#text,chrgGp.chrgCpt.0.chrgDesc,chrgGp.chrgCpt.1.ctgy,chrgGp.chrgCpt.1.ctgyAmt.@ccy,chrgGp.chrgCpt.1.ctgyAmt.#text,chrgGp.chrgCpt.1.chrgDesc
,020,OPN,Raise loan,lghths-sg,700941938,Deposits & Loans Transaction,Raise Loan,SAR,699825823,m2,83663279.6000,83663279,83663279,USD,USD,USD,CURRENCY,USD,MoneyMarket,USD Fixed Loan,Loan,Fixed,2021-04-28,USD,-284149.62,0.94,143209960,s/t Fixed Advance Fix USD 0.94% 21.04.2021-28.04,2021-04-28,2021-04-21,2021-04-20,2021-04-21,USD,-284149.62,USD,-284149.62,m2,83663279.6000,83663279,83663279.4000/USD/KK,USD,USD,CURRENCY,USD,2021-04-20,USD,284149.62,USD,284149.62,,,,,,,,,,,,,,,,,,,,,,,,,,,,,,,,,,,,,,,
,020,CLS,Close Loan,lghths-sg,700997405,Deposits & Loans Transaction,Close Loan,SAR,699825823,m2,83663293.6000,83663293,83663293,USD,GBP,GBP,CURRENCY,GBP,MoneyMarket,GBP Fixed Loan,Loan,Fixed,2021-04-22,GBP,0,0.8945,143160818,s/t Fixed Advance Fix GBP 0.8945% 15.04.2021-22.,2021-04-22,2021-04-15,2021-04-20,2021-04-22,GBP,216765.39,GBP,216765.39,m2,83663293.6000,83663293,83663293.4001/GBP/KK,GBP,GBP,CURRENCY,GBP,2021-04-20,GBP,-216802.58,GBP,-216802.58,m2,CIP,GBP,-37.19,Interest Paid,,,,,,,,,,,,,,,,,,,,,,,,,,,,,,,,,,
,020,OPN,Raise loan,lghths-sg,700942286,Deposits & Loans Transaction,Raise Loan,SAR,699825823,m2,83663293.6000,83663293,83663293,USD,USD,USD,CURRENCY,USD,MoneyMarket,USD Fixed Loan,Loan,Fixed,2021-04-28,USD,-654510.23,0.94,143205090,s/t Fixed Advance Fix USD 0.94% 21.04.2021-28.04,2021-04-28,2021-04-21,2021-04-20,2021-04-21,USD,-654510.23,USD,-654510.23,m2,83663293.6000,83663293,83663293.4000/USD/KK,USD,USD,CURRENCY,USD,2021-04-20,USD,654510.23,USD,654510.23,,,,,,,,,,,,,,,,,,,,,,,,,,,,,,,,,,,,,,,
,020,COU,"Interest 250,000 ISIN XS2113454115",lghths-sg,701188876,Cash Transaction,Interest,SAR,701188876,m2,83663293.6000,83663293,83663293.6000,USD,USD,XS2113454115,,,Bond,5.875% India Infoline Finance Ltd Emt-Notes 2020-2023,,,,,,,,,,,2021-04-20,2021-04-20,USD,7343.75,USD,7343.75,m2,83663293.6000,83663293,83663293.4000/USD/KK,USD,USD,CURRENCY,USD,2021-04-20,USD,7343.75,USD,7343.75,,,,,,ISIN,XS2113454115,Valor,52582813,SARA,000139600480,XS2113454115,IN/India,USD,2020-02-20,USD,96.785,2021-04-19,.01,2023-04-20,5.875,30/360,2,2020-04-20,USD,BB-,250000,,,,,,,,,,,,
,020,PMS,Payment,lghths-sg,701002352,Cash Transaction,Payment,SAR,701002352,m2,83663293.6000,83663293,83663293.4000/USD/KK,USD,USD,USD,CURRENCY,USD,,,,,,,,,,,,,2021-04-20,2021-04-21,USD,-100000,USD,-100000,,,,,,,,,,,,,,,,,,,,,,,,,,,,,,,,,,,,,,,,,,,,,,,,,,,,
,020,BUY,Bought 600 ISIN US01609W1027 @ 232.77 USD,lghths-sg,701173021,Security Transaction,Buy,SAR,701173021,m2,83663293.6000,83663293,83663293.6000,USD,USD,US01609W1027,,,Share,Alibaba Group Holding Ltd -ADS- (8 Shs),,,,,,,,,,,2021-04-20,2021-04-22,USD,139662,USD,140035.6,m2,83663293.6000,83663293,83663293.4000/USD/KK,USD,USD,CURRENCY,USD,2021-04-20,USD,-140035.6,USD,-140035.6,m2,,,,,ISIN,US01609W1027,Valor,24409862,SARA,000123993236,US01609W1027,KY/Cayman Islands,USD,,USD,229.88,2021-04-19,1,,,,,,,,600,USD,232.77,USD,139662,EXE,USD,-349.16,Stex Commissions,VAT,USD,-24.44,VAT
,020,BUY,"Bought 250,000 ISIN CH1108195541 @ 100 USD",lghths-sg,699825823,Security Transaction,Buy,SAR,699825823,m2,83663279.6000,83663279,83663279.6000,USD,USD,CH1108195541,,,Bond,8% Vontobel Financial Products Ltd Facebook Inc -A- STR 262.4158 Microsoft Corp STR 216.3071 Autocallable Fixed Coupon Notes 27.10.2021 Repayment cash or physical,,,,,,,,,,,2021-04-13,2021-04-27,USD,250000,USD,250000,m2,83663279.6000,83663279,83663279.4000/USD/KK,USD,USD,CURRENCY,USD,2021-04-13,USD,-250000,USD,-250000,,,,,,ISIN,CH1108195541,Valor,110819554,SARA,000143144744,CH1108195541,00939,USD,2021-04-27,USD,98.4,2021-04-19,.01,2021-10-29,0.0,,12,2021-06-01,USD,,250000,USD,100,USD,248750,,,,,,,,
