tkn,m2xmlReleaseNo,mvmtHdr.@mvmtTp,mvmtHdr.cmt,mvmtSrc.ctlr,mvmtSrc.ctlrMvmtRef,mvmtSrc.srcRecType,mvmtSrc.srcTransType,extSys.extSysID,extSys.extSysRef,hldCpt1.@amtScheme,hldCpt1.hldId.ptfl,hldCpt1.hldId.ctlrOwnr,hldCpt1.hldId.ctlrAcct,hldCpt1.hldId.ownrRefCcy,hldCpt1.hldId.ccy,hldCpt1.hldId.asst,hldCpt1.hldId.asstIDs.asstRef.@refType,hldCpt1.hldId.asstIDs.asstRef.#text,hldCpt1.hldId.asstDetail.type,hldCpt1.hldId.asstDetail.desc,hldCpt1.hldId.asstDetail.asstMnyMktDetails.mnyMktType,hldCpt1.hldId.asstDetail.asstMnyMktDetails.mnyMktTerm.@termType,hldCpt1.hldId.asstDetail.asstMnyMktDetails.mnyMktTerm.#text,hldCpt1.hldId.asstDetail.asstMnyMktDetails.mnyMktAmt.@ccy,hldCpt1.hldId.asstDetail.asstMnyMktDetails.mnyMktAmt.#text,hldCpt1.hldId.asstDetail.asstMnyMktDetails.intRate,hldCpt1.hldId.asstDetail.asstMnyMktDetails.mnyMktRef,hldCpt1.hldId.asstDetail.asstMnyMktDetails.mnyMktName,hldCpt1.hldId.asstDetail.asstMnyMktDetails.matDate,hldCpt1.hldId.asstDetail.asstMnyMktDetails.startDate,hldCpt1.effDt,hldCpt1.settleDt,hldCpt1.grAmt.@ccy,hldCpt1.grAmt.#text,hldCpt1.netAmt.@ccy,hldCpt1.netAmt.#text,hldCpt2.@amtScheme,hldCpt2.hldId.ptfl,hldCpt2.hldId.ctlrOwnr,hldCpt2.hldId.ctlrAcct,hldCpt2.hldId.ccy,hldCpt2.hldId.asst,hldCpt2.hldId.asstIDs.asstRef.@refType,hldCpt2.hldId.asstIDs.asstRef.#text,hldCpt2.effDt,hldCpt2.grAmt.@ccy,hldCpt2.grAmt.#text,hldCpt2.netAmt.@ccy,hldCpt2.netAmt.#text,hldCpt1.hldId.asstIDs.asstRef.0.@refType,hldCpt1.hldId.asstIDs.asstRef.0.#text,hldCpt1.hldId.asstIDs.asstRef.1.@refType,hldCpt1.hldId.asstIDs.asstRef.1.#text,hldCpt1.hldId.asstIDs.asstRef.2.@refType,hldCpt1.hldId.asstIDs.asstRef.2.#text,hldCpt1.hldId.asstDetail.isin,hldCpt1.hldId.asstDetail.cntry,hldCpt1.hldId.asstDetail.issueCcy,hldCpt1.hldId.asstDetail.issueDate,hldCpt1.hldId.asstDetail.latestPrc.@ccy,hldCpt1.hldId.asstDetail.latestPrc.#text,hldCpt1.hldId.asstDetail.latestPrcDate,hldCpt1.hldId.asstDetail.prcFactor,hldCpt1.hldId.asstDetail.asstBondDetails.matDate,hldCpt1.hldId.asstDetail.asstBondDetails.intRate,hldCpt1.hldId.asstDetail.asstBondDetails.calcBasis,hldCpt1.hldId.asstDetail.asstBondDetails.intFreq,hldCpt1.hldId.asstDetail.asstBondDetails.intDate,hldCpt1.hldId.asstDetail.asstBondDetails.intCcy,hldCpt1.hldId.asstDetail.asstBondDetails.rating,hldCpt1.qty,hldCpt1.prc.@ccy,hldCpt1.prc.#text,hldCpt1.grTrdAmt.@ccy,hldCpt1.grTrdAmt.#text,chrgGp.@amtScheme,chrgGp.chrgCpt.0.ctgy,chrgGp.chrgCpt.0.ctgyAmt.@ccy,chrgGp.chrgCpt.0.ctgyAmt.#text,chrgGp.chrgCpt.0.chrgDesc,chrgGp.chrgCpt.1.ctgy,chrgGp.chrgCpt.1.ctgyAmt.@ccy,chrgGp.chrgCpt.1.ctgyAmt.#text,chrgGp.chrgCpt.1.chrgDesc,chrgGp.chrgCpt.2.ctgy,chrgGp.chrgCpt.2.ctgyAmt.@ccy,chrgGp.chrgCpt.2.ctgyAmt.#text,chrgGp.chrgCpt.2.chrgDesc,hldCpt1.hldId.asstDetail.asstDerivDetails.contractSize,hldCpt1.hldId.asstDetail.asstDerivDetails.strike,hldCpt1.hldId.asstDetail.asstDerivDetails.expDate,hldCpt1.hldId.asstDetail.asstDerivDetails.putCallInd,hldCpt1.hldId.asstDetail.asstDerivDetails.underlyingAsstIDs.asstRef.@refType,hldCpt1.hldId.asstDetail.asstDerivDetails.underlyingAsstIDs.asstRef.#text,hldCpt1.hldId.asstDetail.asstDerivDetails.underlyingAsstDesc,hldCpt1.hldId.asstDetail.asstDerivDetails.underlyingAsstType,hldCpt1.hldId.asstDetail.asstDerivDetails.longShortInd,hldCpt2.settleDt
,020,OPN,Raise loan,lghths-sg,708202123,Deposits & Loans Transaction,Raise Loan,SAR,708685213,m2,83663279.6000,83663279,83663279,USD,GBP,GBP,CURRENCY,GBP,MoneyMarket,GBP Fixed Loan,Loan,Fixed,2021-05-26,GBP,-1947722.32,0.89,143541600,s/t Fixed Advance Fix GBP 0.89% 25.05.2021-26.05,2021-05-26,2021-05-25,2021-05-24,2021-05-25,GBP,-1947722.32,GBP,-1947722.32,m2,83663279.6000,83663279,83663279.4001/GBP/KK,GBP,GBP,CURRENCY,GBP,2021-05-24,GBP,1947722.32,GBP,1947722.32,,,,,,,,,,,,,,,,,,,,,,,,,,,,,,,,,,,,,,,,,,,,,,,,,
,020,OPN,Raise loan,lghths-sg,708202086,Deposits & Loans Transaction,Raise Loan,SAR,708685213,m2,83663293.6000,83663293,83663293,USD,GBP,GBP,CURRENCY,GBP,MoneyMarket,GBP Fixed Loan,Loan,Fixed,2021-06-01,GBP,-216977.81,0.89563,143541556,s/t Fixed Advance Fix GBP 0.89563% 25.05.2021-01,2021-06-01,2021-05-25,2021-05-24,2021-05-25,GBP,-216977.81,GBP,-216977.81,m2,83663293.6000,83663293,83663293.4001/GBP/KK,GBP,GBP,CURRENCY,GBP,2021-05-24,GBP,216977.81,GBP,216977.81,,,,,,,,,,,,,,,,,,,,,,,,,,,,,,,,,,,,,,,,,,,,,,,,,
,020,OPN,Raise loan,lghths-sg,708202092,Deposits & Loans Transaction,Raise Loan,SAR,708685213,m2,83663293.6000,83663293,83663293,USD,HKD,HKD,CURRENCY,HKD,MoneyMarket,HKD Fixed Loan,Loan,Fixed,2021-06-01,HKD,-1456940.34,1.37,143541565,s/t Fixed Advance Fix HKD 1.37% 25.05.2021-01.06,2021-06-01,2021-05-25,2021-05-24,2021-05-25,HKD,-1456940.34,HKD,-1456940.34,m2,83663293.6000,83663293,83663293.4005/HKD/KK,HKD,HKD,CURRENCY,HKD,2021-05-24,HKD,1456940.34,HKD,1456940.34,,,,,,,,,,,,,,,,,,,,,,,,,,,,,,,,,,,,,,,,,,,,,,,,,
,020,OPN,Raise loan,lghths-sg,708202100,Deposits & Loans Transaction,Raise Loan,SAR,708685213,m2,83663293.6000,83663293,83663293,USD,EUR,EUR,CURRENCY,EUR,MoneyMarket,EUR Fixed Loan,Loan,Fixed,2021-06-01,EUR,-278706.82,0.65,143541583,s/t Fixed Advance Fix EUR 0.65% 25.05.2021-01.06,2021-06-01,2021-05-25,2021-05-24,2021-05-25,EUR,-278706.82,EUR,-278706.82,m2,83663293.6000,83663293,83663293.4003/EUR/KK,EUR,EUR,CURRENCY,EUR,2021-05-24,EUR,278706.82,EUR,278706.82,,,,,,,,,,,,,,,,,,,,,,,,,,,,,,,,,,,,,,,,,,,,,,,,,
,020,OPN,Raise loan,lghths-sg,708202109,Deposits & Loans Transaction,Raise Loan,SAR,708685213,m2,83663293.6000,83663293,83663293,USD,USD,USD,CURRENCY,USD,MoneyMarket,USD Fixed Loan,Loan,Fixed,2021-06-01,USD,-374387.21,0.91788,143541598,s/t Fixed Advance Fix USD 0.91788% 25.05.2021-01,2021-06-01,2021-05-25,2021-05-24,2021-05-25,USD,-374387.21,USD,-374387.21,m2,83663293.6000,83663293,83663293.4000/USD/KK,USD,USD,CURRENCY,USD,2021-05-24,USD,374387.21,USD,374387.21,,,,,,,,,,,,,,,,,,,,,,,,,,,,,,,,,,,,,,,,,,,,,,,,,
,020,OPN,Raise loan,lghths-sg,708202138,Deposits & Loans Transaction,Raise Loan,SAR,708685213,m2,83667931.6000,83667931,83667931,USD,USD,USD,CURRENCY,USD,MoneyMarket,USD Fixed Loan,Loan,Fixed,2021-06-01,USD,-334133.24,1.16788,143541607,s/t Fixed Advance Fix USD 1.16788% 25.05.2021-01,2021-06-01,2021-05-25,2021-05-24,2021-05-25,USD,-334133.24,USD,-334133.24,m2,83667931.6000,83667931,83667931.4000/USD/KK,USD,USD,CURRENCY,USD,2021-05-24,USD,334133.24,USD,334133.24,,,,,,,,,,,,,,,,,,,,,,,,,,,,,,,,,,,,,,,,,,,,,,,,,
,020,SEL,"Sell 200,000 ISIN XS1981202861 @ 107.55 USD",lghths-sg,708685213,Security Transaction,Sell,SAR,708685213,m2,83663279.6000,83663279,83663279.6000,USD,USD,XS1981202861,,,Bond,5.95% JSW Steel Ltd Bonds 2019-2024 RegS,,,,,,,,,,,2021-05-24,2021-05-26,USD,-216356.11,USD,-215777.36,m2,83663279.6000,83663279,83663279.4000/USD/KK,USD,USD,CURRENCY,USD,2021-05-24,USD,215777.36,USD,215777.36,ISIN,XS1981202861,Valor,47429326,SARA,000137302060,XS1981202861,IN/India,USD,2019-04-18,USD,107.63,2021-05-21,.01,2024-04-18,5.95,30/360,2,2019-10-18,USD,BB,-200000,USD,107.55,USD,-215100,m2,EXE,USD,-540.89,Stex Commissions,CPN,USD,1256.11,Accrued Interest,VAT,USD,-37.86,VAT,,,,,,,,,,
,020,SEL,Opening Sell 40 SARA 000143533638 @ 0.5 HKD,lghths-sg,708412630,Security Transaction,Opening Sell,SAR,708412630,m2,83663279.6000,83663279,83663279.6000,USD,HKD,000143533638,SARA,000143533638,Option,China Mobile Ltd Call 29.07.2021 55 (941 HK) XHKF,,,,,,,,,,,2021-05-21,2021-05-24,HKD,-10000,HKD,-8338.26,m2,83663279.6000,83663279,83663279.4004/HKD/KK,HKD,HKD,CURRENCY,HKD,2021-05-21,HKD,8338.26,HKD,8338.26,,,,,,,,HK/Hong Kong,HKD,,HKD,0.48,2021-05-24,500,,,,,,,,-40,HKD,0.5,HKD,-10000,m2,EXE,HKD,-1553.03,Stex Commissions,VAT,HKD,-108.71,VAT,,,,,500,55,2021-07-29,C,ISIN,HK0941009539,China Mobile Ltd,Share,S,
,020,CTF,Forex spot,lghths-sg,708685714,Cash Transaction,Forex Spot,SAR,708685714,m2,83663279.6000,83663279,83663279.4000/USD/KK,USD,USD,USD,CURRENCY,USD,,,,,,,,,,,,,2021-05-24,2021-05-26,USD,-250000,USD,-250000,m2,83663279.6000,83663279,83663279.4001/GBP/KK,GBP,GBP,CURRENCY,GBP,2021-05-24,GBP,176778.39,GBP,176778.39,,,,,,,,,,,,,,,,,,,,,,,,,,,,,,,,,,,,,,,,,,,,,,,,,2021-05-26
