tkn,m2xmlReleaseNo,mvmtHdr.@mvmtTp,mvmtHdr.cmt,mvmtSrc.ctlr,mvmtSrc.ctlrMvmtRef,mvmtSrc.srcRecType,mvmtSrc.srcTransType,extSys.extSysID,extSys.extSysRef,hldCpt1.@amtScheme,hldCpt1.hldId.ptfl,hldCpt1.hldId.ctlrOwnr,hldCpt1.hldId.ctlrAcct,hldCpt1.hldId.ownrRefCcy,hldCpt1.hldId.ccy,hldCpt1.hldId.asst,hldCpt1.hldId.asstIDs.asstRef.@refType,hldCpt1.hldId.asstIDs.asstRef.#text,hldCpt1.hldId.asstDetail.type,hldCpt1.hldId.asstDetail.desc,hldCpt1.hldId.asstDetail.asstMnyMktDetails.mnyMktType,hldCpt1.hldId.asstDetail.asstMnyMktDetails.mnyMktTerm.@termType,hldCpt1.hldId.asstDetail.asstMnyMktDetails.mnyMktTerm.#text,hldCpt1.hldId.asstDetail.asstMnyMktDetails.mnyMktAmt.@ccy,hldCpt1.hldId.asstDetail.asstMnyMktDetails.mnyMktAmt.#text,hldCpt1.hldId.asstDetail.asstMnyMktDetails.intRate,hldCpt1.hldId.asstDetail.asstMnyMktDetails.mnyMktRef,hldCpt1.hldId.asstDetail.asstMnyMktDetails.mnyMktName,hldCpt1.hldId.asstDetail.asstMnyMktDetails.matDate,hldCpt1.hldId.asstDetail.asstMnyMktDetails.startDate,hldCpt1.effDt,hldCpt1.settleDt,hldCpt1.grAmt.@ccy,hldCpt1.grAmt.#text,hldCpt1.netAmt.@ccy,hldCpt1.netAmt.#text,hldCpt2.@amtScheme,hldCpt2.hldId.ptfl,hldCpt2.hldId.ctlrOwnr,hldCpt2.hldId.ctlrAcct,hldCpt2.hldId.ccy,hldCpt2.hldId.asst,hldCpt2.hldId.asstIDs.asstRef.@refType,hldCpt2.hldId.asstIDs.asstRef.#text,hldCpt2.effDt,hldCpt2.grAmt.@ccy,hldCpt2.grAmt.#text,hldCpt2.netAmt.@ccy,hldCpt2.netAmt.#text,chrgGp.@amtScheme,chrgGp.chrgCpt.ctgy,chrgGp.chrgCpt.ctgyAmt.@ccy,chrgGp.chrgCpt.ctgyAmt.#text,chrgGp.chrgCpt.chrgDesc,mvmtHdr.cancelTransaction.@ref,mvmtHdr.cancelTransaction.#text,hldCpt1.hldId.asstIDs.asstRef.0.@refType,hldCpt1.hldId.asstIDs.asstRef.0.#text,hldCpt1.hldId.asstIDs.asstRef.1.@refType,hldCpt1.hldId.asstIDs.asstRef.1.#text,hldCpt1.hldId.asstDetail.cntry,hldCpt1.hldId.asstDetail.issueCcy,hldCpt1.hldId.asstDetail.latestPrc.@ccy,hldCpt1.hldId.asstDetail.latestPrc.#text,hldCpt1.hldId.asstDetail.latestPrcDate,hldCpt1.hldId.asstDetail.prcFactor,hldCpt1.qty,hldCpt1.prc.@ccy,hldCpt1.prc.#text,hldCpt1.grTrdAmt.@ccy,hldCpt1.grTrdAmt.#text,chrgGp.chrgCpt.0.ctgy,chrgGp.chrgCpt.0.ctgyAmt.@ccy,chrgGp.chrgCpt.0.ctgyAmt.#text,chrgGp.chrgCpt.0.chrgDesc,chrgGp.chrgCpt.1.ctgy,chrgGp.chrgCpt.1.ctgyAmt.@ccy,chrgGp.chrgCpt.1.ctgyAmt.#text,chrgGp.chrgCpt.1.chrgDesc,hldCpt1.hldId.asstIDs.asstRef.2.@refType,hldCpt1.hldId.asstIDs.asstRef.2.#text,hldCpt1.hldId.asstDetail.isin,hldCpt1.hldId.asstDetail.asstDerivDetails.contractSize,hldCpt1.hldId.asstDetail.asstDerivDetails.strike,hldCpt1.hldId.asstDetail.asstDerivDetails.expDate,hldCpt1.hldId.asstDetail.asstDerivDetails.putCallInd,hldCpt1.hldId.asstDetail.asstDerivDetails.underlyingAsstIDs.asstRef.@refType,hldCpt1.hldId.asstDetail.asstDerivDetails.underlyingAsstIDs.asstRef.#text,hldCpt1.hldId.asstDetail.asstDerivDetails.underlyingAsstDesc,hldCpt1.hldId.asstDetail.asstDerivDetails.underlyingAsstType,hldCpt1.hldId.asstDetail.asstDerivDetails.longShortInd,hldCpt2.settleDt
,020,OPN,Raise loan,lghths-sg,701557799,Deposits & Loans Transaction,Raise Loan,SAR,694295538,m2,83663279.6000,83663279,83663279,USD,GBP,GBP,CURRENCY,GBP,MoneyMarket,GBP Fixed Loan,Loan,Fixed,2021-05-04,GBP,-2087738.86,0.89013,143244930,s/t Fixed Advance Fix GBP 0.89013% 26.04.2021-04,2021-05-04,2021-04-26,2021-04-23,2021-04-26,GBP,-2087738.86,GBP,-2087738.86,m2,83663279.6000,83663279,83663279.4001/GBP/KK,GBP,GBP,CURRENCY,GBP,2021-04-23,GBP,2087738.86,GBP,2087738.86,,,,,,,,,,,,,,,,,,,,,,,,,,,,,,,,,,,,,,,,,,,
,020,OPN,Raise loan,lghths-sg,701558608,Deposits & Loans Transaction,Raise Loan,SAR,694295538,m2,83663293.6000,83663293,83663293,USD,HKD,HKD,CURRENCY,HKD,MoneyMarket,HKD Fixed Loan,Loan,Fixed,2021-05-04,HKD,-1455358.33,1.37,143245006,s/t Fixed Advance Fix HKD 1.37% 26.04.2021-04.05,2021-05-04,2021-04-26,2021-04-23,2021-04-26,HKD,-1455358.33,HKD,-1455358.33,m2,83663293.6000,83663293,83663293.4005/HKD/KK,HKD,HKD,CURRENCY,HKD,2021-04-23,HKD,1455358.33,HKD,1455358.33,,,,,,,,,,,,,,,,,,,,,,,,,,,,,,,,,,,,,,,,,,,
,020,CLS,Close Loan,lghths-sg,701849331,Deposits & Loans Transaction,Close Loan,SAR,694295538,m2,83667931.6000,83667931,83667931,USD,USD,USD,CURRENCY,USD,MoneyMarket,USD Fixed Loan,Loan,Fixed,2021-04-27,USD,0,1.18788,143198524,s/t Fixed Advance Fix USD 1.18788% 20.04.2021-27,2021-04-27,2021-04-20,2021-04-23,2021-04-27,USD,333750.91,USD,333750.91,m2,83667931.6000,83667931,83667931.4000/USD/KK,USD,USD,CURRENCY,USD,2021-04-23,USD,-333828,USD,-333828,m2,CIP,USD,-77.09,Interest Paid,,,,,,,,,,,,,,,,,,,,,,,,,,,,,,,,,,,,,,
,020,CLS,Close Loan,lghths-sg,701849301,Deposits & Loans Transaction,Close Loan,SAR,694295538,m2,83676187.6000,83676187,83676187,USD,USD,USD,CURRENCY,USD,MoneyMarket,USD Fixed Loan,Loan,Fixed,2021-04-27,USD,0,1.03788,143196520,s/t Fixed Advance Fix USD 1.03788% 20.04.2021-27,2021-04-27,2021-04-20,2021-04-23,2021-04-27,USD,262554.29,USD,262554.29,m2,83676187.6000,83676187,83676187.4000/USD/KK,USD,USD,CURRENCY,USD,2021-04-23,USD,-262607.28,USD,-262607.28,m2,CIP,USD,-52.99,Interest Paid,,,,,,,,,,,,,,,,,,,,,,,,,,,,,,,,,,,,,,
,020,SEL,"Cancel Subscription 150,000 Valor 110488338 @ 100 USD",lghths-sg,694295538,Security Transaction,Subscription,SAR,694295538,m2,83663279.6000,83663279,83663279.6000,USD,USD,110488338,,,Fund,LC Multi Strategy Fund SG VCC-SF1 (USD) -E- Brevan Howard **Anspruch/Claim/Ayant droit**,,,,,,,,,,,2021-03-19,2021-03-24,USD,-150000,USD,-150802.5,m2,83663279.6000,83663279,83663279.4000/USD/KK,USD,USD,CURRENCY,USD,2021-03-19,USD,150802.5,USD,150802.5,m2,,,,,694295538,true,Valor,110488338,SARA,000142922575,SG/Singapore,USD,USD,100.00,2021-02-26,.01,-150000,USD,100,USD,-150000,EXE,USD,750,Stex Commissions,VAT,USD,52.5,VAT,,,,,,,,,,,,,
,020,BUY,"Subscription 1,500 ISIN QT1104883389 @ 100 USD",lghths-sg,702039306,Security Transaction,Subscription,SAR,702039306,m2,83663279.6000,83663279,83663279.6000,USD,USD,QT1104883389,,,Fund,LC Multi Strategy Fund SG VCC-SF1 (USD) -E- Brevan Howard,,,,,,,,,,,2021-03-19,2021-03-24,USD,150000,USD,150802.5,m2,83663279.6000,83663279,83663279.4000/USD/KK,USD,USD,CURRENCY,USD,2021-03-19,USD,-150802.5,USD,-150802.5,m2,,,,,,,ISIN,QT1104883389,Valor,110488338,SG/Singapore,USD,USD,100.0,2020-12-31,1,1500,USD,100,USD,150000,EXE,USD,-750,Stex Commissions,VAT,USD,-52.5,VAT,SARA,000142922383,QT1104883389,,,,,,,,,,
,020,SEL,"Cancel Subscription 150,000 Valor 110488338 @ 100 USD",lghths-sg,694296590,Security Transaction,Subscription,SAR,694296590,m2,83663293.6000,83663293,83663293.6000,USD,USD,110488338,,,Fund,LC Multi Strategy Fund SG VCC-SF1 (USD) -E- Brevan Howard **Anspruch/Claim/Ayant droit**,,,,,,,,,,,2021-03-19,2021-03-24,USD,-150000,USD,-150802.5,m2,83663293.6000,83663293,83663293.4000/USD/KK,USD,USD,CURRENCY,USD,2021-03-19,USD,150802.5,USD,150802.5,m2,,,,,694296590,true,Valor,110488338,SARA,000142922575,SG/Singapore,USD,USD,100.00,2021-02-26,.01,-150000,USD,100,USD,-150000,EXE,USD,750,Stex Commissions,VAT,USD,52.5,VAT,,,,,,,,,,,,,
,020,SEL,Opening Sell 15 SARA 000142255392 @ 1.2 USD,lghths-sg,701850258,Security Transaction,Opening Sell,SAR,701850258,m2,83663293.6000,83663293,83663293.6000,USD,USD,000142255392,SARA,000142255392,Option,Lumentum Holdings Inc Put 18.06.2021 80 (LITE US),,,,,,,,,,,2021-04-22,2021-04-23,USD,-1800,USD,-1586,m2,83663293.6000,83663293,83663293.4000/USD/KK,USD,USD,CURRENCY,USD,2021-04-22,USD,1586,USD,1586,m2,,,,,,,,,,,US/United States of America,USD,USD,1.3,2021-04-22,100,-15,USD,1.2,USD,-1800,EXE,USD,-200,Stex Commissions,VAT,USD,-14,VAT,,,,100,80,2021-06-18,P,ISIN,US55024U1097,Lumentum Holdings Inc,Share,S,
,020,BUY,"Subscription 1,500 ISIN QT1104883389 @ 100 USD",lghths-sg,702038447,Security Transaction,Subscription,SAR,702038447,m2,83663293.6000,83663293,83663293.6000,USD,USD,QT1104883389,,,Fund,LC Multi Strategy Fund SG VCC-SF1 (USD) -E- Brevan Howard,,,,,,,,,,,2021-03-19,2021-03-24,USD,150000,USD,150802.5,m2,83663293.6000,83663293,83663293.4000/USD/KK,USD,USD,CURRENCY,USD,2021-03-19,USD,-150802.5,USD,-150802.5,m2,,,,,,,ISIN,QT1104883389,Valor,110488338,SG/Singapore,USD,USD,100.0,2020-12-31,1,1500,USD,100,USD,150000,EXE,USD,-750,Stex Commissions,VAT,USD,-52.5,VAT,SARA,000142922383,QT1104883389,,,,,,,,,,
,020,CTF,Forex spot,lghths-sg,702032130,Cash Transaction,Forex Spot,SAR,702032130,m2,83663279.6000,83663279,83663279.4001/GBP/KK,USD,GBP,GBP,CURRENCY,GBP,,,,,,,,,,,,,2021-04-23,2021-04-26,GBP,-40794.33,GBP,-40794.33,m2,83663279.6000,83663279,83663279.4000/USD/KK,USD,USD,CURRENCY,USD,2021-04-23,USD,56440.95,USD,56440.95,,,,,,,,,,,,,,,,,,,,,,,,,,,,,,,,,,,,,,,,,,,2021-04-26
