tkn,m2xmlReleaseNo,mvmtHdr.@mvmtTp,mvmtHdr.cmt,mvmtSrc.ctlr,mvmtSrc.ctlrMvmtRef,mvmtSrc.srcRecType,mvmtSrc.srcTransType,extSys.extSysID,extSys.extSysRef,hldCpt1.@amtScheme,hldCpt1.hldId.ptfl,hldCpt1.hldId.ctlrOwnr,hldCpt1.hldId.ctlrAcct,hldCpt1.hldId.ownrRefCcy,hldCpt1.hldId.ccy,hldCpt1.hldId.asst,hldCpt1.hldId.asstIDs.asstRef.@refType,hldCpt1.hldId.asstIDs.asstRef.#text,hldCpt1.hldId.asstDetail.type,hldCpt1.hldId.asstDetail.desc,hldCpt1.hldId.asstDetail.issueCcy,hldCpt1.hldId.asstDetail.issueCcyExchRt,hldCpt1.hldId.asstDetail.latestPrc.@ccy,hldCpt1.hldId.asstDetail.latestPrc.#text,hldCpt1.hldId.asstDetail.latestPrcDate,hldCpt1.hldId.asstDetail.prcFactor,hldCpt1.effDt,hldCpt1.settleDt,hldCpt1.qty,hldCpt1.prc.@ccy,hldCpt1.prc.#text,hldCpt1.grTrdAmt.@ccy,hldCpt1.grTrdAmt.#text,hldCpt1.grAmt.@ccy,hldCpt1.grAmt.#text,hldCpt1.netAmt.@ccy,hldCpt1.netAmt.#text,hldCpt1.hldId.asstIDs.asstRef.0.@refType,hldCpt1.hldId.asstIDs.asstRef.0.#text,hldCpt1.hldId.asstIDs.asstRef.1.@refType,hldCpt1.hldId.asstIDs.asstRef.1.#text,hldCpt1.hldId.asstIDs.asstRef.2.@refType,hldCpt1.hldId.asstIDs.asstRef.2.#text,hldCpt1.hldId.asstIDs.asstRef.3.@refType,hldCpt1.hldId.asstIDs.asstRef.3.#text,hldCpt1.hldId.asstDetail.isin,hldCpt1.hldId.asstDetail.cntry,hldCpt2.@amtScheme,hldCpt2.hldId.ptfl,hldCpt2.hldId.ctlrOwnr,hldCpt2.hldId.ctlrAcct,hldCpt2.hldId.ccy,hldCpt2.hldId.asst,hldCpt2.hldId.asstIDs.asstRef.@refType,hldCpt2.hldId.asstIDs.asstRef.#text,hldCpt2.effDt,hldCpt2.grAmt.@ccy,hldCpt2.grAmt.#text,hldCpt2.netAmt.@ccy,hldCpt2.netAmt.#text,chrgGp.@amtScheme,chrgGp.chrgCpt.0.ctgy,chrgGp.chrgCpt.0.ctgyAmt.@ccy,chrgGp.chrgCpt.0.ctgyAmt.#text,chrgGp.chrgCpt.0.chrgDesc,chrgGp.chrgCpt.1.ctgy,chrgGp.chrgCpt.1.ctgyAmt.@ccy,chrgGp.chrgCpt.1.ctgyAmt.#text,chrgGp.chrgCpt.1.chrgDesc,hldCpt1.hldId.asstDetail.issueDate,hldCpt1.hldId.asstDetail.asstBondDetails.matDate,hldCpt1.hldId.asstDetail.asstBondDetails.intRate,hldCpt1.hldId.asstDetail.asstBondDetails.calcBasis,hldCpt1.hldId.asstDetail.asstBondDetails.intFreq,hldCpt1.hldId.asstDetail.asstBondDetails.intDate,hldCpt1.hldId.asstDetail.asstBondDetails.intCcy,hldCpt1.hldId.asstDetail.asstBondDetails.rating
,020,AOU,"Transfer of FXA/FXD Position 83,200 SARA 000141951826",lghths-sg,680606512,Security Transaction,Transfer of FXA/FXD Position,SAR,680606512,m2,83663279.6000,83663279,83663279.6000,USD,GBP,000141951826,SARA,000141951826,Hybrid,FX Accumulator on GBP/USD 2x Leveraged  KO:1.376 Buy GBP / Sell USD at 1.275 Period: 10.DEC.20 - 14.DEC.21  12 Fixings,USD,1.363785,USD,-9.9624E-4,2021-01-13,1,2021-01-12,2021-01-14,-83200,GBP,0,GBP,0,GBP,0,GBP,0,,,,,,,,,,,,,,,,,,,,,,,,,,,,,,,,,,,,,,,,
,020,BUY,Bought 312 ISIN US62914V1061 @ 61.5 USD,lghths-sg,680715947,Security Transaction,Buy,SAR,680715947,m2,83667931.6000,83667931,83667931.6000,USD,USD,US62914V1061,,,Share,Nio Inc -ADR- -A-,USD,,USD,62.15,2021-01-12,1,2021-01-12,2021-01-14,312,USD,61.5,USD,19188,USD,19188,USD,19402,ISIN,US62914V1061,Valor,43286578,Bloomberg,NIO US,SARA,000135493931,US62914V1061,KY/Cayman Islands,m2,83667931.6000,83667931,83667931.4000/USD/KK,USD,USD,CURRENCY,USD,2021-01-12,USD,-19402,USD,-19402,m2,EXE,USD,-200,Stex Commissions,VAT,USD,-14,VAT,,,,,,,,
,020,COU,Interest,lghths-sg,680856215,Cash Transaction,Interest,SAR,680856215,m2,83663279.6000,83663279,83663279.6000,USD,USD,XS2090080172,,,Bond,5.9% Manappuram Finance Ltd Emt-Notes 2020-2023 Secured,USD,,USD,103.175,2021-01-12,.01,2021-01-13,2021-01-13,250000,,,,,USD,7375,USD,7375,ISIN,XS2090080172,Valor,51830341,SARA,000139292337,,,XS2090080172,IN/India,m2,83663279.6000,83663279,83663279.4000/USD/KK,USD,USD,CURRENCY,USD,2021-01-13,USD,7375,USD,7375,,,,,,,,,,2020-01-13,2023-01-13,5.9,30/360,2,2020-07-13,USD,B+
,020,COU,Interest,lghths-sg,680856212,Cash Transaction,Interest,SAR,680856212,m2,83663293.6000,83663293,83663293.6000,USD,USD,XS2090080172,,,Bond,5.9% Manappuram Finance Ltd Emt-Notes 2020-2023 Secured,USD,,USD,103.175,2021-01-12,.01,2021-01-13,2021-01-13,200000,,,,,USD,5900,USD,5900,ISIN,XS2090080172,Valor,51830341,SARA,000139292337,,,XS2090080172,IN/India,m2,83663293.6000,83663293,83663293.4000/USD/KK,USD,USD,CURRENCY,USD,2021-01-13,USD,5900,USD,5900,,,,,,,,,,2020-01-13,2023-01-13,5.9,30/360,2,2020-07-13,USD,B+
