tkn,m2xmlReleaseNo,mvmtHdr.@mvmtTp,mvmtHdr.cmt,mvmtSrc.ctlr,mvmtSrc.ctlrMvmtRef,mvmtSrc.srcRecType,mvmtSrc.srcTransType,extSys.extSysID,extSys.extSysRef,hldCpt1.@amtScheme,hldCpt1.hldId.ptfl,hldCpt1.hldId.ctlrOwnr,hldCpt1.hldId.ctlrAcct,hldCpt1.hldId.ownrRefCcy,hldCpt1.hldId.ccy,hldCpt1.hldId.asst,hldCpt1.hldId.asstIDs.asstRef.@refType,hldCpt1.hldId.asstIDs.asstRef.#text,hldCpt1.hldId.asstDetail.type,hldCpt1.hldId.asstDetail.desc,hldCpt1.hldId.asstDetail.asstMnyMktDetails.mnyMktType,hldCpt1.hldId.asstDetail.asstMnyMktDetails.mnyMktTerm.@termType,hldCpt1.hldId.asstDetail.asstMnyMktDetails.mnyMktTerm.#text,hldCpt1.hldId.asstDetail.asstMnyMktDetails.mnyMktAmt.@ccy,hldCpt1.hldId.asstDetail.asstMnyMktDetails.mnyMktAmt.#text,hldCpt1.hldId.asstDetail.asstMnyMktDetails.intRate,hldCpt1.hldId.asstDetail.asstMnyMktDetails.mnyMktRef,hldCpt1.hldId.asstDetail.asstMnyMktDetails.mnyMktName,hldCpt1.hldId.asstDetail.asstMnyMktDetails.matDate,hldCpt1.hldId.asstDetail.asstMnyMktDetails.startDate,hldCpt1.effDt,hldCpt1.settleDt,hldCpt1.grAmt.@ccy,hldCpt1.grAmt.#text,hldCpt1.netAmt.@ccy,hldCpt1.netAmt.#text,hldCpt2.@amtScheme,hldCpt2.hldId.ptfl,hldCpt2.hldId.ctlrOwnr,hldCpt2.hldId.ctlrAcct,hldCpt2.hldId.ccy,hldCpt2.hldId.asst,hldCpt2.hldId.asstIDs.asstRef.@refType,hldCpt2.hldId.asstIDs.asstRef.#text,hldCpt2.effDt,hldCpt2.grAmt.@ccy,hldCpt2.grAmt.#text,hldCpt2.netAmt.@ccy,hldCpt2.netAmt.#text,chrgGp.@amtScheme,chrgGp.chrgCpt.ctgy,chrgGp.chrgCpt.ctgyAmt.@ccy,chrgGp.chrgCpt.ctgyAmt.#text,chrgGp.chrgCpt.chrgDesc,hldCpt1.hldId.asstDetail.issueCcy,hldCpt1.hldId.asstDetail.issueCcyExchRt,hldCpt1.hldId.asstDetail.latestPrc.@ccy,hldCpt1.hldId.asstDetail.latestPrc.#text,hldCpt1.hldId.asstDetail.latestPrcDate,hldCpt1.hldId.asstDetail.prcFactor,hldCpt1.qty,hldCpt1.prc.@ccy,hldCpt1.prc.#text,hldCpt1.grTrdAmt.@ccy,hldCpt1.grTrdAmt.#text,hldCpt1.hldId.asstIDs.asstRef.0.@refType,hldCpt1.hldId.asstIDs.asstRef.0.#text,hldCpt1.hldId.asstIDs.asstRef.1.@refType,hldCpt1.hldId.asstIDs.asstRef.1.#text,hldCpt1.hldId.asstIDs.asstRef.2.@refType,hldCpt1.hldId.asstIDs.asstRef.2.#text,hldCpt1.hldId.asstDetail.isin,hldCpt1.hldId.asstDetail.cntry,hldCpt1.hldId.asstDetail.issueDate,hldCpt1.hldId.asstDetail.asstBondDetails.matDate,hldCpt1.hldId.asstDetail.asstBondDetails.intRate,hldCpt1.hldId.asstDetail.asstBondDetails.intFreq,hldCpt1.hldId.asstDetail.asstBondDetails.intDate,hldCpt1.hldId.asstDetail.asstBondDetails.intCcy
,020,CLS,Close Loan,lghths-sg,686110188,Deposits & Loans Transaction,Close Loan,SAR,686112439,m2,83663279.6000,83663279,83663279,USD,USD,USD,CURRENCY,USD,MoneyMarket,USD Fixed Loan,Loan,Fixed,2021-02-11,USD,-344237.39,0.99,142142049,s/t Fixed Advance Fix USD 0.99% 11.01.2021-11.02,2021-02-11,2021-01-11,2021-02-09,2021-02-11,USD,344237.39,USD,344237.39,m2,83663279.6000,83663279,83663279.4000/USD/KK,USD,USD,CURRENCY,USD,2021-02-09,USD,-344530.85,USD,-344530.85,m2,CIP,USD,-293.46,Interest Paid,,,,,,,,,,,,,,,,,,,,,,,,,
,020,CLS,Close Loan,lghths-sg,686110198,Deposits & Loans Transaction,Close Loan,SAR,686112439,m2,83663293.6000,83663293,83663293,USD,USD,USD,CURRENCY,USD,MoneyMarket,USD Fixed Loan,Loan,Fixed,2021-02-11,USD,-884879.02,0.99,142142058,s/t Fixed Advance Fix USD 0.99% 11.01.2021-11.02,2021-02-11,2021-01-11,2021-02-09,2021-02-11,USD,884879.02,USD,884879.02,m2,83663293.6000,83663293,83663293.4000/USD/KK,USD,USD,CURRENCY,USD,2021-02-09,USD,-885633.38,USD,-885633.38,m2,CIP,USD,-754.36,Interest Paid,,,,,,,,,,,,,,,,,,,,,,,,,
,020,OPN,Raise loan,lghths-sg,686110203,Deposits & Loans Transaction,Raise Loan,SAR,686112439,m2,83663293.6000,83663293,83663293,USD,USD,USD,CURRENCY,USD,MoneyMarket,USD Fixed Loan,Loan,Fixed,2021-03-11,USD,-234598.51,0.97,142561414,s/t Fixed Advance Fix USD 0.97% 11.02.2021-11.03,2021-03-11,2021-02-11,2021-02-09,2021-02-11,USD,-234598.51,USD,-234598.51,m2,83663293.6000,83663293,83663293.4000/USD/KK,USD,USD,CURRENCY,USD,2021-02-09,USD,234598.51,USD,234598.51,,,,,,,,,,,,,,,,,,,,,,,,,,,,,,
,020,OPN,Raise loan,lghths-sg,685628222,Deposits & Loans Transaction,Raise Loan,SAR,686112439,m2,83667931.6000,83667931,83667931,USD,USD,USD,CURRENCY,USD,MoneyMarket,USD Fixed Loan,Loan,Fixed,2021-02-16,USD,-332795.76,1.19,142561425,s/t Fixed Advance Fix USD 1.19% 09.02.2021-16.02,2021-02-16,2021-02-09,2021-02-09,2021-02-09,USD,-332795.76,USD,-332795.76,m2,83667931.6000,83667931,83667931.4000/USD/KK,USD,USD,CURRENCY,USD,2021-02-09,USD,332795.76,USD,332795.76,,,,,,,,,,,,,,,,,,,,,,,,,,,,,,
,020,OPN,Raise loan,lghths-sg,685627868,Deposits & Loans Transaction,Raise Loan,SAR,686112439,m2,83676187.6000,83676187,83676187,USD,USD,USD,CURRENCY,USD,MoneyMarket,USD Fixed Loan,Loan,Fixed,2021-02-23,USD,-468297.44,1.05,142561432,s/t Fixed Advance Fix USD 1.05% 09.02.2021-23.02,2021-02-23,2021-02-09,2021-02-09,2021-02-09,USD,-468297.44,USD,-468297.44,m2,83676187.6000,83676187,83676187.4000/USD/KK,USD,USD,CURRENCY,USD,2021-02-09,USD,468297.44,USD,468297.44,,,,,,,,,,,,,,,,,,,,,,,,,,,,,,
,020,AOU,"Option Expiry 915,200 SARA 000141951826",lghths-sg,686112439,Security Transaction,Option Expiry,SAR,686112439,m2,83663279.6000,83663279,83663279.6000,USD,GBP,000141951826,SARA,000141951826,Hybrid,FX Accumulator on GBP/USD 2x Leveraged  KO:1.376 Buy GBP / Sell USD at 1.275 Period: 10.DEC.20 - 14.DEC.21  12 Fixings,,,,,,,,,,,2021-02-09,2021-02-09,GBP,0,GBP,0,,,,,,,,,,,,,,,,,,,USD,1.379681,USD,0.0005,2021-02-08,1,-915200,GBP,0,GBP,0,,,,,,,,,,,,,,
,020,BUY,"Bought 300,000 ISIN CH0593007716 @ 100 USD",lghths-sg,684960620,Security Transaction,Buy,SAR,684960620,m2,83663293.6000,83663293,83663293.6000,USD,USD,CH0593007716,,,Bond,8% Vontobel Financial Products Ltd Bristol Myers Squibb Co STR 52.3845 Sanofi SA STR 65.0815 -Quanto USD- Autocallable Fixed Coupon Notes 16.08.2021 Repayment cash or physical,,,,,,,,,,,2021-02-02,2021-02-16,USD,300000,USD,300000,m2,83663293.6000,83663293,83663293.4000/USD/KK,USD,USD,CURRENCY,USD,2021-02-02,USD,-300000,USD,-300000,,,,,,USD,,USD,98.8,2021-01-29,.01,300000,USD,100,USD,298500,ISIN,CH0593007716,Valor,59300771,SARA,000142500899,CH0593007716,00939,2021-02-16,2021-08-18,0.0,12,2021-03-18,USD
