tkn,m2xmlReleaseNo,mvmtHdr.@mvmtTp,mvmtHdr.cmt,mvmtSrc.ctlr,mvmtSrc.ctlrMvmtRef,mvmtSrc.srcRecType,mvmtSrc.srcTransType,extSys.extSysID,extSys.extSysRef,hldCpt1.@amtScheme,hldCpt1.hldId.ptfl,hldCpt1.hldId.ctlrOwnr,hldCpt1.hldId.ctlrAcct,hldCpt1.hldId.ownrRefCcy,hldCpt1.hldId.ccy,hldCpt1.hldId.asst,hldCpt1.hldId.asstIDs.asstRef.0.@refType,hldCpt1.hldId.asstIDs.asstRef.0.#text,hldCpt1.hldId.asstIDs.asstRef.1.@refType,hldCpt1.hldId.asstIDs.asstRef.1.#text,hldCpt1.hldId.asstIDs.asstRef.2.@refType,hldCpt1.hldId.asstIDs.asstRef.2.#text,hldCpt1.hldId.asstDetail.isin,hldCpt1.hldId.asstDetail.type,hldCpt1.hldId.asstDetail.cntry,hldCpt1.hldId.asstDetail.desc,hldCpt1.hldId.asstDetail.issueCcy,hldCpt1.hldId.asstDetail.latestPrc.@ccy,hldCpt1.hldId.asstDetail.latestPrc.#text,hldCpt1.hldId.asstDetail.latestPrcDate,hldCpt1.hldId.asstDetail.prcFactor,hldCpt1.effDt,hldCpt1.settleDt,hldCpt1.qty,hldCpt1.prc.@ccy,hldCpt1.prc.#text,hldCpt1.grTrdAmt.@ccy,hldCpt1.grTrdAmt.#text,hldCpt1.grAmt.@ccy,hldCpt1.grAmt.#text,hldCpt1.netAmt.@ccy,hldCpt1.netAmt.#text,hldCpt2.@amtScheme,hldCpt2.hldId.ptfl,hldCpt2.hldId.ctlrOwnr,hldCpt2.hldId.ctlrAcct,hldCpt2.hldId.ccy,hldCpt2.hldId.asst,hldCpt2.hldId.asstIDs.asstRef.@refType,hldCpt2.hldId.asstIDs.asstRef.#text,hldCpt2.effDt,hldCpt2.grAmt.@ccy,hldCpt2.grAmt.#text,hldCpt2.netAmt.@ccy,hldCpt2.netAmt.#text,chrgGp.@amtScheme,chrgGp.chrgCpt.0.ctgy,chrgGp.chrgCpt.0.ctgyAmt.@ccy,chrgGp.chrgCpt.0.ctgyAmt.#text,chrgGp.chrgCpt.0.chrgDesc,chrgGp.chrgCpt.1.ctgy,chrgGp.chrgCpt.1.ctgyAmt.@ccy,chrgGp.chrgCpt.1.ctgyAmt.#text,chrgGp.chrgCpt.1.chrgDesc,hldCpt1.hldId.asstIDs.asstRef.3.@refType,hldCpt1.hldId.asstIDs.asstRef.3.#text,hldCpt1.grDivPerShare.@ccy,hldCpt1.grDivPerShare.#text,hldCpt1.netDivPerShare.@ccy,hldCpt1.netDivPerShare.#text,chrgGp.chrgCpt.ctgy,chrgGp.chrgCpt.ctgyAmt.@ccy,chrgGp.chrgCpt.ctgyAmt.#text,chrgGp.chrgCpt.chrgDesc,hldCpt1.hldId.asstIDs.asstRef.@refType,hldCpt1.hldId.asstIDs.asstRef.#text,hldCpt1.hldId.asstDetail.asstDerivDetails.contractSize,hldCpt1.hldId.asstDetail.asstDerivDetails.strike,hldCpt1.hldId.asstDetail.asstDerivDetails.expDate,hldCpt1.hldId.asstDetail.asstDerivDetails.putCallInd,hldCpt1.hldId.asstDetail.asstDerivDetails.underlyingAsstIDs.asstRef.@refType,hldCpt1.hldId.asstDetail.asstDerivDetails.underlyingAsstIDs.asstRef.#text,hldCpt1.hldId.asstDetail.asstDerivDetails.underlyingAsstDesc,hldCpt1.hldId.asstDetail.asstDerivDetails.underlyingAsstType,hldCpt1.hldId.asstDetail.asstDerivDetails.longShortInd
,020,BUY,"Bought 4,000 ISIN US1104481072 @ 37.27 USD",lghths-sg,685378628,Security Transaction,Buy,SAR,685378628,m2,83663279.6000,83663279,83663279.6000,USD,USD,US1104481072,ISIN,US1104481072,Valor,949872,SARA,000026925972,US1104481072,Share,GB/United Kingdom,British American Tobacco Plc -ADR-,USD,USD,37.09,2021-02-03,1,2021-02-03,2021-02-05,4000,USD,37.27,USD,149080,USD,149080,USD,149478.79,m2,83663279.6000,83663279,83663279.4000/USD/KK,USD,USD,CURRENCY,USD,2021-02-03,USD,-149478.79,USD,-149478.79,m2,EXE,USD,-372.7,Stex Commissions,VAT,USD,-26.09,VAT,,,,,,,,,,,,,,,,,,,,,
,020,DIV,Dividend Cash,lghths-sg,685552152,Cash Transaction,Dividend Cash,SAR,685552152,m2,83677193.6000,83677193,83677193.6000,USD,USD,US57636Q1040,ISIN,US57636Q1040,Valor,2282206,Bloomberg,MA UN,US57636Q1040,Share,US/United States of America,Mastercard Inc -A-,USD,USD,332.82,2021-02-03,1,2021-02-04,2021-02-09,1600,,,,,USD,704,USD,492.8,m2,83677193.6000,83677193,83677193.4000/USD/KK,USD,USD,CURRENCY,USD,2021-02-04,USD,492.8,USD,492.8,m2,,,,,,,,,SARA,000005979694,USD,0.44,USD,0.308,WTH,USD,-211.2,Withholding Tax,,,,,,,,,,,
,020,DEP,Incoming Payment,lghths-sg,685389899,Cash Transaction,InPayment,SAR,685389899,m2,83663279.6000,83663279,83663279.4000/USD/KK,USD,USD,USD,,,,,,,,,,,,,,,,2021-02-04,2021-02-04,,,,,,USD,100000,USD,100000,,,,,,,,,,,,,,,,,,,,,,,,,,,,,,,,,CURRENCY,USD,,,,,,,,,
,020,SEL,Opening Sell 8 SARA 000142067525 @ 3 USD,lghths-sg,685385694,Security Transaction,Opening Sell,SAR,685385694,m2,83663279.6000,83663279,83663279.6000,USD,USD,000142067525,,,,,,,,Option,US/United States of America,Lockheed Martin Corp Put 19.03.2021 300 (LMT US),USD,USD,2.9,2021-02-03,100,2021-02-03,2021-02-04,-8,USD,3,USD,-2400,USD,-2400,USD,-2186,m2,83663279.6000,83663279,83663279.4000/USD/KK,USD,USD,CURRENCY,USD,2021-02-03,USD,2186,USD,2186,m2,EXE,USD,-200,Stex Commissions,VAT,USD,-14,VAT,,,,,,,,,,,SARA,000142067525,100,300,2021-03-19,P,ISIN,US5398301094,Lockheed Martin Corp,Share,S
