tkn,m2xmlReleaseNo,mvmtHdr.@mvmtTp,mvmtHdr.cmt,mvmtSrc.ctlr,mvmtSrc.ctlrMvmtRef,mvmtSrc.srcRecType,mvmtSrc.srcTransType,extSys.extSysID,extSys.extSysRef,hldCpt1.@amtScheme,hldCpt1.hldId.ptfl,hldCpt1.hldId.ctlrOwnr,hldCpt1.hldId.ctlrAcct,hldCpt1.hldId.ownrRefCcy,hldCpt1.hldId.ccy,hldCpt1.hldId.asst,hldCpt1.hldId.asstIDs.asstRef.0.@refType,hldCpt1.hldId.asstIDs.asstRef.0.#text,hldCpt1.hldId.asstIDs.asstRef.1.@refType,hldCpt1.hldId.asstIDs.asstRef.1.#text,hldCpt1.hldId.asstIDs.asstRef.2.@refType,hldCpt1.hldId.asstIDs.asstRef.2.#text,hldCpt1.hldId.asstDetail.isin,hldCpt1.hldId.asstDetail.type,hldCpt1.hldId.asstDetail.cntry,hldCpt1.hldId.asstDetail.desc,hldCpt1.hldId.asstDetail.issueCcy,hldCpt1.hldId.asstDetail.issueDate,hldCpt1.hldId.asstDetail.latestPrc.@ccy,hldCpt1.hldId.asstDetail.latestPrc.#text,hldCpt1.hldId.asstDetail.latestPrcDate,hldCpt1.hldId.asstDetail.prcFactor,hldCpt1.effDt,hldCpt1.settleDt,hldCpt1.qty,hldCpt1.grAmt.@ccy,hldCpt1.grAmt.#text,hldCpt1.netAmt.@ccy,hldCpt1.netAmt.#text,hldCpt2.@amtScheme,hldCpt2.hldId.ptfl,hldCpt2.hldId.ctlrOwnr,hldCpt2.hldId.ctlrAcct,hldCpt2.hldId.ccy,hldCpt2.hldId.asst,hldCpt2.hldId.asstIDs.asstRef.@refType,hldCpt2.hldId.asstIDs.asstRef.#text,hldCpt2.effDt,hldCpt2.grAmt.@ccy,hldCpt2.grAmt.#text,hldCpt2.netAmt.@ccy,hldCpt2.netAmt.#text,hldCpt1.grDivPerShare.@ccy,hldCpt1.grDivPerShare.#text,hldCpt1.netDivPerShare.@ccy,hldCpt1.netDivPerShare.#text
,020,COU,"Interest 200,000 ISIN XS2222660768",lghths-sg,713695524,Cash Transaction,Interest,SAR,713695524,m2,83663279.6000,83663279,83663279.6000,USD,USD,XS2222660768,ISIN,XS2222660768,Valor,59267331,SARA,000142236259,XS2222660768,Share,HK/Hong Kong,10% BNP Paribas Alibaba Group Holding Ltd RegS STR 193.76  Callable Fixed Coupon Notes 02.08.2021 Repayment cash or physical,USD,2021-02-01,USD,100.2564,2021-06-07,.01,2021-06-08,2021-06-08,200000,USD,1666.67,USD,1666.67,m2,83663279.6000,83663279,83663279.4000/USD/KK,USD,USD,CURRENCY,USD,2021-06-08,USD,1666.67,USD,1666.67,,,,
,020,DIV,"Dividend Cash 3,762.26 ISIN LU1514167219 @ 0.42 USD",lghths-sg,713723518,Cash Transaction,Dividend Cash,SAR,713723518,m2,83663279.6000,83663279,83663279.6000,USD,USD,LU1514167219,ISIN,LU1514167219,Valor,34540233,SARA,000132419171,LU1514167219,Fund,LU/Luxembourg,Schroder International Selection  Fund Sicav-Global Credit Income (USD) -C- Distribution,USD,,USD,106.1668,2021-06-08,1,2021-06-08,2021-06-07,3762.26,USD,1580.75,USD,1580.75,m2,83663279.6000,83663279,83663279.4000/USD/KK,USD,USD,CURRENCY,USD,2021-06-08,USD,1580.75,USD,1580.75,USD,0.420161,USD,0.42016
,020,COU,"Interest 200,000 ISIN XS2304008068",lghths-sg,713730282,Cash Transaction,Interest,SAR,713730282,m2,83663293.6000,83663293,83663293.6000,USD,USD,XS2304008068,ISIN,XS2304008068,Valor,59476182,SARA,000142671407,XS2304008068,Share,NL/Netherlands,6% JP Morgan Structured Products BV HDFC Bank Ltd -ADR- (3 Shs) STR 59.535 Infosys Ltd -ADR- STR 12.9728 Fixed Coupon Notes 04.03.2022 Repayment cash or physical,USD,2021-03-04,USD,97.6612,2021-06-07,.01,2021-06-08,2021-06-08,200000,USD,1000,USD,1000,m2,83663293.6000,83663293,83663293.4000/USD/KK,USD,USD,CURRENCY,USD,2021-06-08,USD,1000,USD,1000,,,,
,020,COU,"Interest 300,000 ISIN XS2304008225",lghths-sg,713730366,Cash Transaction,Interest,SAR,713730366,m2,83663293.6000,83663293,83663293.6000,USD,USD,XS2304008225,ISIN,XS2304008225,Valor,59476183,SARA,000142671426,XS2304008225,Share,NL/Netherlands,8% JP Morgan Structured Products BV HDFC Bank Ltd -ADR- (3 Shs) STR 64.2168 Infosys Ltd -ADR- STR 13.9929 Fixed Coupon Notes 04.03.2022 Repayment cash or physical,USD,2021-03-04,USD,97.7897,2021-06-07,.01,2021-06-08,2021-06-08,300000,USD,2000,USD,2000,m2,83663293.6000,83663293,83663293.4000/USD/KK,USD,USD,CURRENCY,USD,2021-06-08,USD,2000,USD,2000,,,,
