tkn,m2xmlReleaseNo,mvmtHdr.@mvmtTp,mvmtHdr.cmt,mvmtSrc.ctlr,mvmtSrc.ctlrMvmtRef,mvmtSrc.srcRecType,mvmtSrc.srcTransType,extSys.extSysID,extSys.extSysRef,hldCpt1.@amtScheme,hldCpt1.hldId.ptfl,hldCpt1.hldId.ctlrOwnr,hldCpt1.hldId.ctlrAcct,hldCpt1.hldId.ownrRefCcy,hldCpt1.hldId.ccy,hldCpt1.hldId.asst,hldCpt1.hldId.asstIDs.asstRef.@refType,hldCpt1.hldId.asstIDs.asstRef.#text,hldCpt1.hldId.asstDetail.type,hldCpt1.hldId.asstDetail.desc,hldCpt1.hldId.asstDetail.asstMnyMktDetails.mnyMktType,hldCpt1.hldId.asstDetail.asstMnyMktDetails.mnyMktTerm.@termType,hldCpt1.hldId.asstDetail.asstMnyMktDetails.mnyMktTerm.#text,hldCpt1.hldId.asstDetail.asstMnyMktDetails.mnyMktAmt.@ccy,hldCpt1.hldId.asstDetail.asstMnyMktDetails.mnyMktAmt.#text,hldCpt1.hldId.asstDetail.asstMnyMktDetails.intRate,hldCpt1.hldId.asstDetail.asstMnyMktDetails.mnyMktRef,hldCpt1.hldId.asstDetail.asstMnyMktDetails.mnyMktName,hldCpt1.hldId.asstDetail.asstMnyMktDetails.matDate,hldCpt1.hldId.asstDetail.asstMnyMktDetails.startDate,hldCpt1.effDt,hldCpt1.settleDt,hldCpt1.grAmt.@ccy,hldCpt1.grAmt.#text,hldCpt1.netAmt.@ccy,hldCpt1.netAmt.#text,hldCpt2.@amtScheme,hldCpt2.hldId.ptfl,hldCpt2.hldId.ctlrOwnr,hldCpt2.hldId.ctlrAcct,hldCpt2.hldId.ccy,hldCpt2.hldId.asst,hldCpt2.hldId.asstIDs.asstRef.@refType,hldCpt2.hldId.asstIDs.asstRef.#text,hldCpt2.effDt,hldCpt2.grAmt.@ccy,hldCpt2.grAmt.#text,hldCpt2.netAmt.@ccy,hldCpt2.netAmt.#text,chrgGp.@amtScheme,chrgGp.chrgCpt.ctgy,chrgGp.chrgCpt.ctgyAmt.@ccy,chrgGp.chrgCpt.ctgyAmt.#text,chrgGp.chrgCpt.chrgDesc
,020,OPN,Raise loan,lghths-sg,695540650,Deposits & Loans Transaction,Raise Loan,SAR,134149308,m2,83676187.6000,83676187,83676187,USD,USD,USD,CURRENCY,USD,MoneyMarket,USD Fixed Loan,Loan,Fixed,2021-04-06,USD,-262395.59,1.03,143047287,s/t Fixed Advance Fix USD 1.03% 30.03.2021-06.04,2021-04-06,2021-03-30,2021-03-30,2021-03-30,USD,-262395.59,USD,-262395.59,m2,83676187.6000,83676187,83676187.4000/USD/KK,USD,USD,CURRENCY,USD,2021-03-30,USD,262395.59,USD,262395.59,,,,,
,020,OPN,Raise loan,lghths-sg,695540642,Deposits & Loans Transaction,Raise Loan,SAR,134149308,m2,83667931.6000,83667931,83667931,USD,USD,USD,CURRENCY,USD,MoneyMarket,USD Fixed Loan,Loan,Fixed,2021-04-06,USD,-333519.86,1.18188,143051287,s/t Fixed Advance Fix USD 1.18188% 30.03.2021-06,2021-04-06,2021-03-30,2021-03-30,2021-03-30,USD,-333519.86,USD,-333519.86,m2,83667931.6000,83667931,83667931.4000/USD/KK,USD,USD,CURRENCY,USD,2021-03-30,USD,333519.86,USD,333519.86,,,,,
,020,CLS,Close Loan,lghths-sg,696157137,Deposits & Loans Transaction,Close Loan,SAR,134149308,m2,83663293.6000,83663293,83663293,USD,USD,USD,CURRENCY,USD,MoneyMarket,USD Fixed Loan,Loan,Fixed,2021-04-01,USD,0,0.94,143006785,s/t Fixed Advance Fix USD 0.94% 26.03.2021-01.04,2021-04-01,2021-03-26,2021-03-30,2021-04-01,USD,151447.78,USD,151447.78,m2,83663293.6000,83663293,83663293.4000/USD/KK,USD,USD,CURRENCY,USD,2021-03-30,USD,-151471.51,USD,-151471.51,m2,CIP,USD,-23.73,Interest Paid
,020,CLS,Close Loan,lghths-sg,696156589,Deposits & Loans Transaction,Close Loan,SAR,134149308,m2,83663293.6000,83663293,83663293,USD,GBP,GBP,CURRENCY,GBP,MoneyMarket,GBP Fixed Loan,Loan,Fixed,2021-04-01,GBP,-219956.69,0.9,142969522,s/t Fixed Advance Fix GBP 0.9% 23.03.2021-01.04.,2021-04-01,2021-03-23,2021-03-30,2021-04-01,GBP,219956.69,GBP,219956.69,m2,83663293.6000,83663293,83663293.4001/GBP/KK,GBP,GBP,CURRENCY,GBP,2021-03-30,GBP,-220005.5,GBP,-220005.5,m2,CIP,GBP,-48.81,Interest Paid
,020,CLS,Close Loan,lghths-sg,696156430,Deposits & Loans Transaction,Close Loan,SAR,134149308,m2,83663293.6000,83663293,83663293,USD,EUR,EUR,CURRENCY,EUR,MoneyMarket,EUR Fixed Loan,Loan,Fixed,2021-04-01,EUR,-292081.43,0.65,142772244,s/t Fixed Advance Fix EUR 0.65% 02.03.2021-01.04,2021-04-01,2021-03-02,2021-03-30,2021-04-01,EUR,292081.43,EUR,292081.43,m2,83663293.6000,83663293,83663293.4003/EUR/KK,EUR,EUR,CURRENCY,EUR,2021-03-30,EUR,-292239.64,EUR,-292239.64,m2,CIP,EUR,-158.21,Interest Paid
