tkn,m2xmlReleaseNo,mvmtHdr.@mvmtTp,mvmtHdr.cmt,mvmtSrc.ctlr,mvmtSrc.ctlrMvmtRef,mvmtSrc.srcRecType,mvmtSrc.srcTransType,extSys.extSysID,extSys.extSysRef,hldCpt1.@amtScheme,hldCpt1.hldId.ptfl,hldCpt1.hldId.ctlrOwnr,hldCpt1.hldId.ctlrAcct,hldCpt1.hldId.ownrRefCcy,hldCpt1.hldId.ccy,hldCpt1.hldId.asst,hldCpt1.hldId.asstIDs.asstRef.@refType,hldCpt1.hldId.asstIDs.asstRef.#text,hldCpt1.hldId.asstDetail.type,hldCpt1.hldId.asstDetail.desc,hldCpt1.hldId.asstDetail.asstMnyMktDetails.mnyMktType,hldCpt1.hldId.asstDetail.asstMnyMktDetails.mnyMktTerm.@termType,hldCpt1.hldId.asstDetail.asstMnyMktDetails.mnyMktTerm.#text,hldCpt1.hldId.asstDetail.asstMnyMktDetails.mnyMktAmt.@ccy,hldCpt1.hldId.asstDetail.asstMnyMktDetails.mnyMktAmt.#text,hldCpt1.hldId.asstDetail.asstMnyMktDetails.intRate,hldCpt1.hldId.asstDetail.asstMnyMktDetails.mnyMktRef,hldCpt1.hldId.asstDetail.asstMnyMktDetails.mnyMktName,hldCpt1.hldId.asstDetail.asstMnyMktDetails.matDate,hldCpt1.hldId.asstDetail.asstMnyMktDetails.startDate,hldCpt1.effDt,hldCpt1.settleDt,hldCpt1.grAmt.@ccy,hldCpt1.grAmt.#text,hldCpt1.netAmt.@ccy,hldCpt1.netAmt.#text,hldCpt2.@amtScheme,hldCpt2.hldId.ptfl,hldCpt2.hldId.ctlrOwnr,hldCpt2.hldId.ctlrAcct,hldCpt2.hldId.ccy,hldCpt2.hldId.asst,hldCpt2.hldId.asstIDs.asstRef.@refType,hldCpt2.hldId.asstIDs.asstRef.#text,hldCpt2.effDt,hldCpt2.grAmt.@ccy,hldCpt2.grAmt.#text,hldCpt2.netAmt.@ccy,hldCpt2.netAmt.#text,chrgGp.@amtScheme,chrgGp.chrgCpt.ctgy,chrgGp.chrgCpt.ctgyAmt.@ccy,chrgGp.chrgCpt.ctgyAmt.#text,chrgGp.chrgCpt.chrgDesc,hldCpt1.hldId.asstIDs.asstRef.0.@refType,hldCpt1.hldId.asstIDs.asstRef.0.#text,hldCpt1.hldId.asstIDs.asstRef.1.@refType,hldCpt1.hldId.asstIDs.asstRef.1.#text,hldCpt1.hldId.asstIDs.asstRef.2.@refType,hldCpt1.hldId.asstIDs.asstRef.2.#text,hldCpt1.hldId.asstIDs.asstRef.3.@refType,hldCpt1.hldId.asstIDs.asstRef.3.#text,hldCpt1.hldId.asstDetail.isin,hldCpt1.hldId.asstDetail.cntry,hldCpt1.hldId.asstDetail.issueCcy,hldCpt1.hldId.asstDetail.latestPrc.@ccy,hldCpt1.hldId.asstDetail.latestPrc.#text,hldCpt1.hldId.asstDetail.latestPrcDate,hldCpt1.hldId.asstDetail.prcFactor,hldCpt1.qty,hldCpt1.prc.@ccy,hldCpt1.prc.#text,hldCpt1.grTrdAmt.@ccy,hldCpt1.grTrdAmt.#text,chrgGp.chrgCpt.0.ctgy,chrgGp.chrgCpt.0.ctgyAmt.@ccy,chrgGp.chrgCpt.0.ctgyAmt.#text,chrgGp.chrgCpt.0.chrgDesc,chrgGp.chrgCpt.1.ctgy,chrgGp.chrgCpt.1.ctgyAmt.@ccy,chrgGp.chrgCpt.1.ctgyAmt.#text,chrgGp.chrgCpt.1.chrgDesc,chrgGp.chrgCpt.2.ctgy,chrgGp.chrgCpt.2.ctgyAmt.@ccy,chrgGp.chrgCpt.2.ctgyAmt.#text,chrgGp.chrgCpt.2.chrgDesc,hldCpt1.hldId.asstDetail.asstDerivDetails.contractSize,hldCpt1.hldId.asstDetail.asstDerivDetails.strike,hldCpt1.hldId.asstDetail.asstDerivDetails.expDate,hldCpt1.hldId.asstDetail.asstDerivDetails.putCallInd,hldCpt1.hldId.asstDetail.asstDerivDetails.underlyingAsstIDs.asstRef.@refType,hldCpt1.hldId.asstDetail.asstDerivDetails.underlyingAsstIDs.asstRef.#text,hldCpt1.hldId.asstDetail.asstDerivDetails.underlyingAsstDesc,hldCpt1.hldId.asstDetail.asstDerivDetails.underlyingAsstType,hldCpt1.hldId.asstDetail.asstDerivDetails.longShortInd,hldCpt1.hldId.asstDetail.issueDate,hldCpt1.hldId.asstDetail.asstBondDetails.matDate,hldCpt1.hldId.asstDetail.asstBondDetails.intRate,hldCpt1.hldId.asstDetail.asstBondDetails.intFreq,hldCpt1.hldId.asstDetail.asstBondDetails.intDate,hldCpt1.hldId.asstDetail.asstBondDetails.intCcy
,020,CLS,Close Loan,lghths-sg,685628219,Deposits & Loans Transaction,Close Loan,SAR,685761035,m2,83667931.6000,83667931,83667931,USD,USD,USD,CURRENCY,USD,MoneyMarket,USD Fixed Loan,Loan,Fixed,2021-02-09,USD,0,1.2,142472630,s/t Fixed Advance Fix USD 1.2% 02.02.2021-09.02.,2021-02-09,2021-02-02,2021-02-05,2021-02-09,USD,332718.13,USD,332718.13,m2,83667931.6000,83667931,83667931.4000/USD/KK,USD,USD,CURRENCY,USD,2021-02-05,USD,-332795.76,USD,-332795.76,m2,CIP,USD,-77.63,Interest Paid,,,,,,,,,,,,,,,,,,,,,,,,,,,,,,,,,,,,,,,,,,,,,,,
,020,CLS,Close Loan,lghths-sg,685627864,Deposits & Loans Transaction,Close Loan,SAR,685761035,m2,83676187.6000,83676187,83676187,USD,USD,USD,CURRENCY,USD,MoneyMarket,USD Fixed Loan,Loan,Fixed,2021-02-09,USD,0,1.06,142283491,s/t Fixed Advance Fix USD 1.06% 26.01.2021-09.02,2021-02-09,2021-01-26,2021-02-05,2021-02-09,USD,472383.91,USD,472383.91,m2,83676187.6000,83676187,83676187.4000/USD/KK,USD,USD,CURRENCY,USD,2021-02-05,USD,-472578.64,USD,-472578.64,m2,CIP,USD,-194.73,Interest Paid,,,,,,,,,,,,,,,,,,,,,,,,,,,,,,,,,,,,,,,,,,,,,,,
,020,CLS,Close Loan,lghths-sg,685629372,Deposits & Loans Transaction,Close Loan,SAR,685761035,m2,83676187.6000,83676187,83676187,USD,USD,USD,CURRENCY,USD,MoneyMarket,USD Fixed Loan,Loan,Fixed,2021-02-09,USD,0,1.06,142444144,s/t Fixed Advance Fix USD 1.06% 28.01.2021-09.02,2021-02-09,2021-01-28,2021-02-05,2021-02-09,USD,50000,USD,50000,m2,83676187.6000,83676187,83676187.4000/USD/KK,USD,USD,CURRENCY,USD,2021-02-05,USD,-50017.67,USD,-50017.67,m2,CIP,USD,-17.67,Interest Paid,,,,,,,,,,,,,,,,,,,,,,,,,,,,,,,,,,,,,,,,,,,,,,,
,020,SEL,Sell 60 ISIN US4581401001 @ 59 USD,lghths-sg,685761035,Security Transaction,Sell,SAR,685761035,m2,83663279.6000,83663279,83663279.6000,USD,USD,US4581401001,,,Share,Intel Corp,,,,,,,,,,,2021-02-05,2021-02-09,USD,-3540,USD,-3325.92,m2,83663279.6000,83663279,83663279.4000/USD/KK,USD,USD,CURRENCY,USD,2021-02-05,USD,3325.92,USD,3325.92,m2,,,,,ISIN,US4581401001,Valor,941595,Bloomberg,INTC UQ,SARA,000000419639,US4581401001,US/United States of America,USD,USD,58.79,2021-02-04,1,-60,USD,59,USD,-3540,FOR,USD,-0.08,Foreign Charges Stex,EXE,USD,-200,Stex Commissions,VAT,USD,-14,VAT,,,,,,,,,,,,,,,
,020,AIN,Assignment 43 SARA 000142075721,lghths-sg,685520702,Security Transaction,Assignment,SAR,685520702,m2,83663279.6000,83663279,83663279.6000,USD,USD,000142075721,SARA,000142075721,Option,Intel Corp Call 19.02.2021 52.5 (INTC US),,,,,,,,,,,2021-02-03,2021-02-05,USD,0,USD,0,,,,,,,,,,,,,,,,,,,,,,,,,,,,US/United States of America,USD,USD,6.3,2021-02-04,100,43,USD,0,USD,0,,,,,,,,,,,,,100,52.5,2021-02-19,C,ISIN,US4581401001,Intel Corp,Share,S,,,,,,
,020,SEL,"Assignment 4,300 ISIN US4581401001",lghths-sg,685520702,Security Transaction,Assignment,SAR,685520702,m2,83663279.6000,83663279,83663279.6000,USD,USD,US4581401001,,,Share,Intel Corp,,,,,,,,,,,2021-02-03,2021-02-05,USD,-225750,USD,-225720.01,m2,83663279.6000,83663279,83663279.4000/USD/KK,USD,USD,CURRENCY,USD,2021-02-03,USD,225720.01,USD,225720.01,m2,FOR,USD,-29.99,Foreign Charges,ISIN,US4581401001,Valor,941595,Bloomberg,INTC UQ,SARA,000000419639,US4581401001,US/United States of America,USD,USD,58.18,2021-02-04,1,-4300,USD,52.5,USD,-225750,,,,,,,,,,,,,,,,,,,,,,,,,,,
,020,SEL,"Bond Redemption prior to Maturity 300,000 ISIN XS2054331041",lghths-sg,685804695,Security Transaction,Bond Redemption prior to Maturity,SAR,685804695,m2,83663293.6000,83663293,83663293.6000,USD,USD,XS2054331041,,,Bond,8% Credit Suisse International HDFC Bank Ltd -ADR- STR 51.3993 Infosys Ltd -ADR- STR 8.847 Callable Fixed Coupon Notes 29.01.2021 Repayment cash or physical,,,,,,,,,,,2021-02-05,2021-02-05,USD,-300000,USD,-300000,m2,83663293.6000,83663293,83663293.4000/USD/KK,USD,USD,CURRENCY,USD,2021-02-05,USD,300000,USD,300000,,,,,,ISIN,XS2054331041,Valor,51993658,SARA,000139359916,,,XS2054331041,GB/United Kingdom,USD,USD,100.9959,2021-01-29,.01,-300000,USD,100,USD,-300000,,,,,,,,,,,,,,,,,,,,,,2020-01-29,2021-02-05,0.0,4,2020-05-06,USD
,020,COU,Interest,lghths-sg,685765646,Cash Transaction,Interest,SAR,685765646,m2,83663293.6000,83663293,83663293.6000,USD,USD,XS2054331041,,,Bond,8% Credit Suisse International HDFC Bank Ltd -ADR- STR 51.3993 Infosys Ltd -ADR- STR 8.847 Callable Fixed Coupon Notes 29.01.2021 Repayment cash or physical,,,,,,,,,,,2021-02-05,2021-02-05,USD,6000,USD,6000,m2,83663293.6000,83663293,83663293.4000/USD/KK,USD,USD,CURRENCY,USD,2021-02-05,USD,6000,USD,6000,,,,,,ISIN,XS2054331041,Valor,51993658,SARA,000139359916,,,XS2054331041,GB/United Kingdom,USD,USD,100.9959,2021-01-29,.01,300000,,,,,,,,,,,,,,,,,,,,,,,,,,2020-01-29,2021-02-05,0.0,4,2020-05-06,USD
