tkn,m2xmlReleaseNo,mvmtHdr.@mvmtTp,mvmtHdr.cmt,mvmtSrc.ctlr,mvmtSrc.ctlrMvmtRef,mvmtSrc.srcRecType,mvmtSrc.srcTransType,extSys.extSysID,extSys.extSysRef,hldCpt1.@amtScheme,hldCpt1.hldId.ptfl,hldCpt1.hldId.ctlrOwnr,hldCpt1.hldId.ctlrAcct,hldCpt1.hldId.ownrRefCcy,hldCpt1.hldId.ccy,hldCpt1.hldId.asst,hldCpt1.hldId.asstIDs.asstRef.@refType,hldCpt1.hldId.asstIDs.asstRef.#text,hldCpt1.effDt,hldCpt1.settleDt,hldCpt1.grAmt.@ccy,hldCpt1.grAmt.#text,hldCpt1.netAmt.@ccy,hldCpt1.netAmt.#text,hldCpt1.hldId.asstIDs.asstRef.0.@refType,hldCpt1.hldId.asstIDs.asstRef.0.#text,hldCpt1.hldId.asstIDs.asstRef.1.@refType,hldCpt1.hldId.asstIDs.asstRef.1.#text,hldCpt1.hldId.asstIDs.asstRef.2.@refType,hldCpt1.hldId.asstIDs.asstRef.2.#text,hldCpt1.hldId.asstDetail.isin,hldCpt1.hldId.asstDetail.type,hldCpt1.hldId.asstDetail.cntry,hldCpt1.hldId.asstDetail.desc,hldCpt1.hldId.asstDetail.issueCcy,hldCpt1.hldId.asstDetail.issueDate,hldCpt1.hldId.asstDetail.latestPrc.@ccy,hldCpt1.hldId.asstDetail.latestPrc.#text,hldCpt1.hldId.asstDetail.latestPrcDate,hldCpt1.hldId.asstDetail.prcFactor,hldCpt1.hldId.asstDetail.asstBondDetails.matDate,hldCpt1.hldId.asstDetail.asstBondDetails.intRate,hldCpt1.hldId.asstDetail.asstBondDetails.calcBasis,hldCpt1.hldId.asstDetail.asstBondDetails.intFreq,hldCpt1.hldId.asstDetail.asstBondDetails.intDate,hldCpt1.hldId.asstDetail.asstBondDetails.intCcy,hldCpt1.hldId.asstDetail.asstBondDetails.rating,hldCpt1.qty,hldCpt2.@amtScheme,hldCpt2.hldId.ptfl,hldCpt2.hldId.ctlrOwnr,hldCpt2.hldId.ctlrAcct,hldCpt2.hldId.ccy,hldCpt2.hldId.asst,hldCpt2.hldId.asstIDs.asstRef.@refType,hldCpt2.hldId.asstIDs.asstRef.#text,hldCpt2.effDt,hldCpt2.grAmt.@ccy,hldCpt2.grAmt.#text,hldCpt2.netAmt.@ccy,hldCpt2.netAmt.#text,hldCpt1.hldId.asstDetail.asstMnyMktDetails.mnyMktType,hldCpt1.hldId.asstDetail.asstMnyMktDetails.mnyMktTerm.@termType,hldCpt1.hldId.asstDetail.asstMnyMktDetails.mnyMktTerm.#text,hldCpt1.hldId.asstDetail.asstMnyMktDetails.mnyMktAmt.@ccy,hldCpt1.hldId.asstDetail.asstMnyMktDetails.mnyMktAmt.#text,hldCpt1.hldId.asstDetail.asstMnyMktDetails.intRate,hldCpt1.hldId.asstDetail.asstMnyMktDetails.mnyMktRef,hldCpt1.hldId.asstDetail.asstMnyMktDetails.mnyMktName,hldCpt1.hldId.asstDetail.asstMnyMktDetails.matDate,hldCpt1.hldId.asstDetail.asstMnyMktDetails.startDate,chrgGp.@amtScheme,chrgGp.chrgCpt.ctgy,chrgGp.chrgCpt.ctgyAmt.@ccy,chrgGp.chrgCpt.ctgyAmt.#text,chrgGp.chrgCpt.chrgDesc,hldCpt1.prc.@ccy,hldCpt1.prc.#text,hldCpt1.grTrdAmt.@ccy,hldCpt1.grTrdAmt.#text
,020,PCI,Interest payment,lghths-sg,684258253,Cash Transaction,Interest Payment,SAR,684258253,m2,83663279.6000,83663279,83663279.4003/EUR/KK,USD,EUR,EUR,CURRENCY,EUR,2021-01-29,2021-01-31,EUR,-0.01,EUR,-0.01,,,,,,,,,,,,,,,,,,,,,,,,,,,,,,,,,,,,,,,,,,,,,,,,,,,,,,,,
,020,COU,Interest,lghths-sg,684188108,Cash Transaction,Interest,SAR,684188108,m2,83663279.6000,83663279,83663279.6000,USD,USD,XS1493722299,,,2021-01-29,2021-01-29,USD,1020.14,USD,1020.14,ISIN,XS1493722299,Valor,34159037,SARA,000130170573,XS1493722299,Bond,SG/Singapore,4.875% Jubilant Pharma Ltd Notes 2016-2021,USD,2016-10-06,USD,100.67,2021-01-28,.01,2021-10-06,4.875,30/360,2,2017-04-06,USD,BB-,200000,m2,83663279.6000,83663279,83663279.4000/USD/KK,USD,USD,CURRENCY,USD,2021-01-29,USD,1020.14,USD,1020.14,,,,,,,,,,,,,,,,,,,
,020,PCI,Interest payment,lghths-sg,684257673,Cash Transaction,Interest Payment,SAR,684257673,m2,83676187.6000,83676187,83676187.4001/GBP/KK,USD,GBP,GBP,CURRENCY,GBP,2021-01-29,2021-01-31,GBP,-1.65,GBP,-1.65,,,,,,,,,,,,,,,,,,,,,,,,,,,,,,,,,,,,,,,,,,,,,,,,,,,,,,,,
,020,PCI,Interest payment,lghths-sg,684262840,Cash Transaction,Interest Payment,SAR,684262840,m2,83663293.6000,83663293,83663293.4005/HKD/KK,USD,HKD,HKD,CURRENCY,HKD,2021-01-29,2021-01-31,HKD,-0.01,HKD,-0.01,,,,,,,,,,,,,,,,,,,,,,,,,,,,,,,,,,,,,,,,,,,,,,,,,,,,,,,,
,020,PCI,Interest payment,lghths-sg,684262837,Cash Transaction,Interest Payment,SAR,684262837,m2,83663279.6000,83663279,83663279.4004/HKD/KK,USD,HKD,HKD,CURRENCY,HKD,2021-01-29,2021-01-31,HKD,-0.47,HKD,-0.47,,,,,,,,,,,,,,,,,,,,,,,,,,,,,,,,,,,,,,,,,,,,,,,,,,,,,,,,
,020,CLS,Close Loan,lghths-sg,683996176,Deposits & Loans Transaction,Close Loan,SAR,684187841,m2,83667931.6000,83667931,83667931,USD,USD,USD,CURRENCY,USD,2021-01-29,2021-02-02,USD,332640.51,USD,332640.51,,,,,,,,MoneyMarket,,USD Fixed Loan,,,,,,,,,,,,,,,m2,83667931.6000,83667931,83667931.4000/USD/KK,USD,USD,CURRENCY,USD,2021-01-29,USD,-332718.13,USD,-332718.13,Loan,Fixed,2021-02-02,USD,0,1.2,142282983,s/t Fixed Advance Fix USD 1.2% 26.01.2021-02.02.,2021-02-02,2021-01-26,m2,CIP,USD,-77.62,Interest Paid,,,,
,020,OPN,Raise loan,lghths-sg,683996179,Deposits & Loans Transaction,Raise Loan,SAR,684187841,m2,83667931.6000,83667931,83667931,USD,USD,USD,CURRENCY,USD,2021-01-29,2021-02-02,USD,-332718.13,USD,-332718.13,,,,,,,,MoneyMarket,,USD Fixed Loan,,,,,,,,,,,,,,,m2,83667931.6000,83667931,83667931.4000/USD/KK,USD,USD,CURRENCY,USD,2021-01-29,USD,332718.13,USD,332718.13,Loan,Fixed,2021-02-09,USD,-332718.13,1.2,142472630,s/t Fixed Advance Fix USD 1.2% 02.02.2021-09.02.,2021-02-09,2021-02-02,,,,,,,,,
,020,SEL,Partial Redemption 0 ISIN XS1493722299 @ 101.219 USD,lghths-sg,684187841,Security Transaction,Partial Redemption,SAR,684187841,m2,83663279.6000,83663279,83663279.6000,USD,USD,XS1493722299,,,2021-01-29,2021-01-29,USD,-67479.17,USD,-67479.17,ISIN,XS1493722299,Valor,34159037,SARA,000130170573,XS1493722299,Bond,SG/Singapore,4.875% Jubilant Pharma Ltd Notes 2016-2021,USD,2016-10-06,USD,100.67,2021-01-28,.01,2021-10-06,4.875,30/360,2,2017-04-06,USD,BB-,0,m2,83663279.6000,83663279,83663279.4000/USD/KK,USD,USD,CURRENCY,USD,2021-01-29,USD,67479.17,USD,67479.17,,,,,,,,,,,,,,,,USD,101.21875107,USD,-67479.17
