tkn,m2xmlReleaseNo,mvmtHdr.@mvmtTp,mvmtHdr.cmt,mvmtSrc.ctlr,mvmtSrc.ctlrMvmtRef,mvmtSrc.srcRecType,mvmtSrc.srcTransType,extSys.extSysID,extSys.extSysRef,hldCpt1.@amtScheme,hldCpt1.hldId.ptfl,hldCpt1.hldId.ctlrOwnr,hldCpt1.hldId.ctlrAcct,hldCpt1.hldId.ownrRefCcy,hldCpt1.hldId.ccy,hldCpt1.hldId.asst,hldCpt1.hldId.asstIDs.asstRef.0.@refType,hldCpt1.hldId.asstIDs.asstRef.0.#text,hldCpt1.hldId.asstIDs.asstRef.1.@refType,hldCpt1.hldId.asstIDs.asstRef.1.#text,hldCpt1.hldId.asstIDs.asstRef.2.@refType,hldCpt1.hldId.asstIDs.asstRef.2.#text,hldCpt1.hldId.asstDetail.isin,hldCpt1.hldId.asstDetail.type,hldCpt1.hldId.asstDetail.cntry,hldCpt1.hldId.asstDetail.desc,hldCpt1.hldId.asstDetail.issueCcy,hldCpt1.hldId.asstDetail.issueDate,hldCpt1.hldId.asstDetail.latestPrc.@ccy,hldCpt1.hldId.asstDetail.latestPrc.#text,hldCpt1.hldId.asstDetail.latestPrcDate,hldCpt1.hldId.asstDetail.prcFactor,hldCpt1.hldId.asstDetail.asstBondDetails.matDate,hldCpt1.hldId.asstDetail.asstBondDetails.intRate,hldCpt1.hldId.asstDetail.asstBondDetails.calcBasis,hldCpt1.hldId.asstDetail.asstBondDetails.intFreq,hldCpt1.hldId.asstDetail.asstBondDetails.intDate,hldCpt1.hldId.asstDetail.asstBondDetails.intCcy,hldCpt1.hldId.asstDetail.asstBondDetails.rating,hldCpt1.effDt,hldCpt1.settleDt,hldCpt1.qty,hldCpt1.grAmt.@ccy,hldCpt1.grAmt.#text,hldCpt1.netAmt.@ccy,hldCpt1.netAmt.#text,hldCpt2.@amtScheme,hldCpt2.hldId.ptfl,hldCpt2.hldId.ctlrOwnr,hldCpt2.hldId.ctlrAcct,hldCpt2.hldId.ccy,hldCpt2.hldId.asst,hldCpt2.hldId.asstIDs.asstRef.@refType,hldCpt2.hldId.asstIDs.asstRef.#text,hldCpt2.effDt,hldCpt2.grAmt.@ccy,hldCpt2.grAmt.#text,hldCpt2.netAmt.@ccy,hldCpt2.netAmt.#text,hldCpt1.hldId.asstIDs.asstRef.@refType,hldCpt1.hldId.asstIDs.asstRef.#text,hldCpt1.hldId.asstDetail.asstDerivDetails.contractSize,hldCpt1.hldId.asstDetail.asstDerivDetails.strike,hldCpt1.hldId.asstDetail.asstDerivDetails.expDate,hldCpt1.hldId.asstDetail.asstDerivDetails.putCallInd,hldCpt1.hldId.asstDetail.asstDerivDetails.underlyingAsstIDs.asstRef.@refType,hldCpt1.hldId.asstDetail.asstDerivDetails.underlyingAsstIDs.asstRef.#text,hldCpt1.hldId.asstDetail.asstDerivDetails.underlyingAsstDesc,hldCpt1.hldId.asstDetail.asstDerivDetails.underlyingAsstType,hldCpt1.hldId.asstDetail.asstDerivDetails.longShortInd,hldCpt1.prc.@ccy,hldCpt1.prc.#text,hldCpt1.grTrdAmt.@ccy,hldCpt1.grTrdAmt.#text,hldCpt1.hldId.asstIDs.asstRef.3.@refType,hldCpt1.hldId.asstIDs.asstRef.3.#text,chrgGp.@amtScheme,chrgGp.chrgCpt.ctgy,chrgGp.chrgCpt.ctgyAmt.@ccy,chrgGp.chrgCpt.ctgyAmt.#text,chrgGp.chrgCpt.chrgDesc,hldCpt1.hldId.asstDetail.asstMnyMktDetails.mnyMktType,hldCpt1.hldId.asstDetail.asstMnyMktDetails.mnyMktTerm.@termType,hldCpt1.hldId.asstDetail.asstMnyMktDetails.mnyMktTerm.#text,hldCpt1.hldId.asstDetail.asstMnyMktDetails.mnyMktAmt.@ccy,hldCpt1.hldId.asstDetail.asstMnyMktDetails.mnyMktAmt.#text,hldCpt1.hldId.asstDetail.asstMnyMktDetails.intRate,hldCpt1.hldId.asstDetail.asstMnyMktDetails.mnyMktRef,hldCpt1.hldId.asstDetail.asstMnyMktDetails.mnyMktName,hldCpt1.hldId.asstDetail.asstMnyMktDetails.matDate,hldCpt1.hldId.asstDetail.asstMnyMktDetails.startDate
,020,COU,"Interest 200,000 ISIN XS1981202861",lghths-sg,700915459,Cash Transaction,Interest,SAR,700915459,m2,83663279.6000,83663279,83663279.6000,USD,USD,XS1981202861,ISIN,XS1981202861,Valor,47429326,SARA,000137302060,XS1981202861,Bond,IN/India,5.95% JSW Steel Ltd Bonds 2019-2024 RegS,USD,2019-04-18,USD,106.67,2021-04-16,.01,2024-04-18,5.95,30/360,2,2019-10-18,USD,BB,2021-04-19,2021-04-19,200000,USD,5950,USD,5950,m2,83663279.6000,83663279,83663279.4000/USD/KK,USD,USD,CURRENCY,USD,2021-04-19,USD,5950,USD,5950,,,,,,,,,,,,,,,,,,,,,,,,,,,,,,,,
,020,AIN,Assignment 8 SARA 000142501731,lghths-sg,700921240,Security Transaction,Assignment,SAR,700921240,m2,83663293.6000,83663293,83663293.6000,USD,USD,000142501731,,,,,,,,Option,US/United States of America,Facebook Inc Call 16.04.2021 300 (FB US),USD,,USD,6.25,2021-04-16,100,,,,,,,,2021-04-16,2021-04-20,8,USD,0,USD,0,,,,,,,,,,,,,,SARA,000142501731,100,300,2021-04-16,C,ISIN,US30303M1027,Facebook Inc -A-,Share,S,USD,0,USD,0,,,,,,,,,,,,,,,,,
,020,AIN,Option Expiry 10 SARA 000142240743,lghths-sg,700935485,Security Transaction,Option Expiry,SAR,700935485,m2,83663293.6000,83663293,83663293.6000,USD,USD,000142240743,,,,,,,,Option,US/United States of America,Microsoft Corp Put 16.04.2021 195 (MSFT US),USD,,USD,0.01,2021-04-15,100,,,,,,,,2021-04-19,2021-04-16,10,USD,0,USD,0,,,,,,,,,,,,,,SARA,000142240743,100,195,2021-04-16,P,ISIN,US5949181045,Microsoft Corp,Share,S,USD,0,USD,0,,,,,,,,,,,,,,,,,
,020,SEL,Assignment 800 ISIN US30303M1027,lghths-sg,700921240,Security Transaction,Assignment,SAR,700921240,m2,83663293.6000,83663293,83663293.6000,USD,USD,US30303M1027,ISIN,US30303M1027,Valor,14917609,Bloomberg,FB US,US30303M1027,Share,US/United States of America,Facebook Inc -A-,USD,,USD,306.18,2021-04-16,1,,,,,,,,2021-04-16,2021-04-20,-800,USD,-240000,USD,-239973.77,m2,83663293.6000,83663293,83663293.4000/USD/KK,USD,USD,CURRENCY,USD,2021-04-16,USD,239973.77,USD,239973.77,,,,,,,,,,,,USD,300,USD,-240000,SARA,000031299007,m2,FOR,USD,-26.23,Foreign Charges,,,,,,,,,,
,020,OPN,Raise loan,lghths-sg,700417281,Deposits & Loans Transaction,Raise Loan,SAR,700921240,m2,83667931.6000,83667931,83667931,USD,USD,USD,,,,,,,,MoneyMarket,,USD Fixed Loan,,,,,,,,,,,,,,2021-04-19,2021-04-20,,USD,-333750.91,USD,-333750.91,m2,83667931.6000,83667931,83667931.4000/USD/KK,USD,USD,CURRENCY,USD,2021-04-19,USD,333750.91,USD,333750.91,CURRENCY,USD,,,,,,,,,,,,,,,,,,,,,Loan,Fixed,2021-04-27,USD,-333750.91,1.18788,143198524,s/t Fixed Advance Fix USD 1.18788% 20.04.2021-27,2021-04-27,2021-04-20
,020,OPN,Raise loan,lghths-sg,700417227,Deposits & Loans Transaction,Raise Loan,SAR,700921240,m2,83676187.6000,83676187,83676187,USD,USD,USD,,,,,,,,MoneyMarket,,USD Fixed Loan,,,,,,,,,,,,,,2021-04-19,2021-04-20,,USD,-262554.29,USD,-262554.29,m2,83676187.6000,83676187,83676187.4000/USD/KK,USD,USD,CURRENCY,USD,2021-04-19,USD,262554.29,USD,262554.29,CURRENCY,USD,,,,,,,,,,,,,,,,,,,,,Loan,Fixed,2021-04-27,USD,-262554.29,1.03788,143196520,s/t Fixed Advance Fix USD 1.03788% 20.04.2021-27,2021-04-27,2021-04-20
,020,CLS,Close Loan,lghths-sg,700942280,Deposits & Loans Transaction,Close Loan,SAR,700921240,m2,83663293.6000,83663293,83663293,USD,USD,USD,,,,,,,,MoneyMarket,,USD Fixed Loan,,,,,,,,,,,,,,2021-04-19,2021-04-21,,USD,654391.61,USD,654391.61,m2,83663293.6000,83663293,83663293.4000/USD/KK,USD,USD,CURRENCY,USD,2021-04-19,USD,-654510.23,USD,-654510.23,CURRENCY,USD,,,,,,,,,,,,,,,,m2,CIP,USD,-118.62,Interest Paid,Loan,Fixed,2021-04-21,USD,-654391.61,0.93225,143157516,s/t Fixed Advance Fix USD 0.93225% 14.04.2021-21,2021-04-21,2021-04-14
,020,CLS,Close Loan,lghths-sg,700941935,Deposits & Loans Transaction,Close Loan,SAR,700921240,m2,83663279.6000,83663279,83663279,USD,USD,USD,,,,,,,,MoneyMarket,,USD Fixed Loan,,,,,,,,,,,,,,2021-04-19,2021-04-21,,USD,284097.69,USD,284097.69,m2,83663279.6000,83663279,83663279.4000/USD/KK,USD,USD,CURRENCY,USD,2021-04-19,USD,-284149.62,USD,-284149.62,CURRENCY,USD,,,,,,,,,,,,,,,,m2,CIP,USD,-51.93,Interest Paid,Loan,Fixed,2021-04-21,USD,-284097.69,0.94,143148437,s/t Fixed Advance Fix USD 0.94% 14.04.2021-21.04,2021-04-21,2021-04-14
