tkn,m2xmlReleaseNo,mvmtHdr.@mvmtTp,mvmtHdr.cmt,mvmtSrc.ctlr,mvmtSrc.ctlrMvmtRef,mvmtSrc.srcRecType,mvmtSrc.srcTransType,extSys.extSysID,extSys.extSysRef,hldCpt1.@amtScheme,hldCpt1.hldId.ptfl,hldCpt1.hldId.ctlrOwnr,hldCpt1.hldId.ctlrAcct,hldCpt1.hldId.ownrRefCcy,hldCpt1.hldId.ccy,hldCpt1.hldId.asst,hldCpt1.hldId.asstIDs.asstRef.@refType,hldCpt1.hldId.asstIDs.asstRef.#text,hldCpt1.hldId.asstDetail.type,hldCpt1.hldId.asstDetail.desc,hldCpt1.hldId.asstDetail.asstMnyMktDetails.mnyMktType,hldCpt1.hldId.asstDetail.asstMnyMktDetails.mnyMktTerm.@termType,hldCpt1.hldId.asstDetail.asstMnyMktDetails.mnyMktTerm.#text,hldCpt1.hldId.asstDetail.asstMnyMktDetails.mnyMktAmt.@ccy,hldCpt1.hldId.asstDetail.asstMnyMktDetails.mnyMktAmt.#text,hldCpt1.hldId.asstDetail.asstMnyMktDetails.intRate,hldCpt1.hldId.asstDetail.asstMnyMktDetails.mnyMktRef,hldCpt1.hldId.asstDetail.asstMnyMktDetails.mnyMktName,hldCpt1.hldId.asstDetail.asstMnyMktDetails.matDate,hldCpt1.hldId.asstDetail.asstMnyMktDetails.startDate,hldCpt1.effDt,hldCpt1.settleDt,hldCpt1.grAmt.@ccy,hldCpt1.grAmt.#text,hldCpt1.netAmt.@ccy,hldCpt1.netAmt.#text,hldCpt2.@amtScheme,hldCpt2.hldId.ptfl,hldCpt2.hldId.ctlrOwnr,hldCpt2.hldId.ctlrAcct,hldCpt2.hldId.ccy,hldCpt2.hldId.asst,hldCpt2.hldId.asstIDs.asstRef.@refType,hldCpt2.hldId.asstIDs.asstRef.#text,hldCpt2.effDt,hldCpt2.grAmt.@ccy,hldCpt2.grAmt.#text,hldCpt2.netAmt.@ccy,hldCpt2.netAmt.#text,hldCpt2.settleDt,hldCpt1.hldId.asstIDs.asstRef.0.@refType,hldCpt1.hldId.asstIDs.asstRef.0.#text,hldCpt1.hldId.asstIDs.asstRef.1.@refType,hldCpt1.hldId.asstIDs.asstRef.1.#text,hldCpt1.hldId.asstIDs.asstRef.2.@refType,hldCpt1.hldId.asstIDs.asstRef.2.#text,hldCpt1.hldId.asstDetail.isin,hldCpt1.hldId.asstDetail.cntry,hldCpt1.hldId.asstDetail.issueCcy,hldCpt1.hldId.asstDetail.latestPrc.@ccy,hldCpt1.hldId.asstDetail.latestPrc.#text,hldCpt1.hldId.asstDetail.latestPrcDate,hldCpt1.hldId.asstDetail.prcFactor,hldCpt1.qty,hldCpt1.grDivPerShare.@ccy,hldCpt1.grDivPerShare.#text,hldCpt1.netDivPerShare.@ccy,hldCpt1.netDivPerShare.#text,hldCpt1.hldId.asstDetail.issueDate,hldCpt1.hldId.asstDetail.asstBondDetails.matDate,hldCpt1.hldId.asstDetail.asstBondDetails.intRate,hldCpt1.hldId.asstDetail.asstBondDetails.calcBasis,hldCpt1.hldId.asstDetail.asstBondDetails.intFreq,hldCpt1.hldId.asstDetail.asstBondDetails.intDate,hldCpt1.hldId.asstDetail.asstBondDetails.intCcy,hldCpt1.hldId.asstDetail.asstBondDetails.rating,hldCpt1.prc.@ccy,hldCpt1.prc.#text,hldCpt1.grTrdAmt.@ccy,hldCpt1.grTrdAmt.#text,chrgGp.@amtScheme,chrgGp.chrgCpt.0.ctgy,chrgGp.chrgCpt.0.ctgyAmt.@ccy,chrgGp.chrgCpt.0.ctgyAmt.#text,chrgGp.chrgCpt.0.chrgDesc,chrgGp.chrgCpt.1.ctgy,chrgGp.chrgCpt.1.ctgyAmt.@ccy,chrgGp.chrgCpt.1.ctgyAmt.#text,chrgGp.chrgCpt.1.chrgDesc
,020,OPN,Raise loan,lghths-sg,687855430,Deposits & Loans Transaction,Raise Loan,SAR,687749346,m2,83663293.6000,83663293,83663293,USD,USD,USD,CURRENCY,USD,MoneyMarket,USD Fixed Loan,Loan,Fixed,2021-02-19,USD,-198175.29,0.93,142668095,s/t Fixed Advance Fix USD 0.93% 18.02.2021-19.02,2021-02-19,2021-02-18,2021-02-18,2021-02-18,USD,-198175.29,USD,-198175.29,m2,83663293.6000,83663293,83663293.4000/USD/KK,USD,USD,CURRENCY,USD,2021-02-18,USD,198175.29,USD,198175.29,,,,,,,,,,,,,,,,,,,,,,,,,,,,,,,,,,,,,,,,
,020,CTF,Forex spot,lghths-sg,687742288,Cash Transaction,Forex Spot,SAR,687742288,m2,83663293.6000,83663293,83663293.4001/GBP/KK,USD,GBP,GBP,CURRENCY,GBP,,,,,,,,,,,,,2021-02-18,2021-02-19,GBP,-7500,GBP,-7500,m2,83663293.6000,83663293,83663293.4000/USD/KK,USD,USD,CURRENCY,USD,2021-02-18,USD,10352.94,USD,10352.94,2021-02-19,,,,,,,,,,,,,,,,,,,,,,,,,,,,,,,,,,,,,,,
,020,DIV,Dividend Cash,lghths-sg,687862285,Cash Transaction,Dividend Cash,SAR,687862285,m2,83663293.6000,83663293,83663293.6000,USD,USD,LU1226288253,,,Fund,UBS (LU) Key Selection Sicav- China Allocation Opportunity (USD) -P- 6% monthly Distribution,,,,,,,,,,,2021-02-18,2021-02-16,USD,991.76,USD,991.76,m2,83663293.6000,83663293,83663293.4000/USD/KK,USD,USD,CURRENCY,USD,2021-02-18,USD,991.76,USD,991.76,,ISIN,LU1226288253,Valor,27983955,SARA,000126337077,LU1226288253,LU/Luxembourg,USD,USD,116.03,2021-02-10,1,1771,USD,0.56,USD,0.56,,,,,,,,,,,,,,,,,,,,,
,020,COU,Interest,lghths-sg,687885643,Cash Transaction,Interest,SAR,687885643,m2,83663279.6000,83663279,83663279.6000,USD,USD,USG9328DAM23,,,Bond,6.375% Vedanta Resources Ltd Bonds 2017-2022 Global Reg-S,,,,,,,,,,,2021-02-18,2021-02-17,USD,200,USD,200,m2,83663279.6000,83663279,83663279.4000/USD/KK,USD,USD,CURRENCY,USD,2021-02-18,USD,200,USD,200,,ISIN,USG9328DAM23,Valor,35497009,SARA,000131036083,USG9328DAM23,GB/United Kingdom,USD,USD,97.31,2021-02-18,.01,200000,,,,,2017-01-30,2022-07-30,6.375,30E/360,2,2017-07-30,USD,CCC+,,,,,,,,,,,,,
,020,BUY,Bought 200 ISIN US02079K3059 @ 2105 USD,lghths-sg,687749346,Security Transaction,Buy,SAR,687749346,m2,83663279.6000,83663279,83663279.6000,USD,USD,US02079K3059,,,Share,Alphabet Inc -A-,,,,,,,,,,,2021-02-18,2021-02-22,USD,421000,USD,422126.18,m2,83663279.6000,83663279,83663279.4000/USD/KK,USD,USD,CURRENCY,USD,2021-02-18,USD,-422126.18,USD,-422126.18,,ISIN,US02079K3059,Valor,29798540,SARA,000126331383,US02079K3059,US/United States of America,USD,USD,2105.81,2021-02-17,1,200,,,,,,,,,,,,,USD,2105,USD,421000,m2,EXE,USD,-1052.5,Stex Commissions,VAT,USD,-73.68,VAT
