tkn,m2xmlReleaseNo,mvmtHdr.@mvmtTp,mvmtHdr.cmt,mvmtSrc.ctlr,mvmtSrc.ctlrMvmtRef,mvmtSrc.srcRecType,mvmtSrc.srcTransType,extSys.extSysID,extSys.extSysRef,hldCpt1.@amtScheme,hldCpt1.hldId.ptfl,hldCpt1.hldId.ctlrOwnr,hldCpt1.hldId.ctlrAcct,hldCpt1.hldId.ownrRefCcy,hldCpt1.hldId.ccy,hldCpt1.hldId.asst,hldCpt1.hldId.asstIDs.asstRef.@refType,hldCpt1.hldId.asstIDs.asstRef.#text,hldCpt1.hldId.asstDetail.type,hldCpt1.hldId.asstDetail.desc,hldCpt1.hldId.asstDetail.asstMnyMktDetails.mnyMktType,hldCpt1.hldId.asstDetail.asstMnyMktDetails.mnyMktTerm.@termType,hldCpt1.hldId.asstDetail.asstMnyMktDetails.mnyMktTerm.#text,hldCpt1.hldId.asstDetail.asstMnyMktDetails.mnyMktAmt.@ccy,hldCpt1.hldId.asstDetail.asstMnyMktDetails.mnyMktAmt.#text,hldCpt1.hldId.asstDetail.asstMnyMktDetails.intRate,hldCpt1.hldId.asstDetail.asstMnyMktDetails.mnyMktRef,hldCpt1.hldId.asstDetail.asstMnyMktDetails.mnyMktName,hldCpt1.hldId.asstDetail.asstMnyMktDetails.matDate,hldCpt1.hldId.asstDetail.asstMnyMktDetails.startDate,hldCpt1.effDt,hldCpt1.settleDt,hldCpt1.grAmt.@ccy,hldCpt1.grAmt.#text,hldCpt1.netAmt.@ccy,hldCpt1.netAmt.#text,hldCpt2.@amtScheme,hldCpt2.hldId.ptfl,hldCpt2.hldId.ctlrOwnr,hldCpt2.hldId.ctlrAcct,hldCpt2.hldId.ccy,hldCpt2.hldId.asst,hldCpt2.hldId.asstIDs.asstRef.@refType,hldCpt2.hldId.asstIDs.asstRef.#text,hldCpt2.effDt,hldCpt2.grAmt.@ccy,hldCpt2.grAmt.#text,hldCpt2.netAmt.@ccy,hldCpt2.netAmt.#text,chrgGp.@amtScheme,chrgGp.chrgCpt.ctgy,chrgGp.chrgCpt.ctgyAmt.@ccy,chrgGp.chrgCpt.ctgyAmt.#text,chrgGp.chrgCpt.chrgDesc,hldCpt1.hldId.asstIDs.asstRef.0.@refType,hldCpt1.hldId.asstIDs.asstRef.0.#text,hldCpt1.hldId.asstIDs.asstRef.1.@refType,hldCpt1.hldId.asstIDs.asstRef.1.#text,hldCpt1.hldId.asstIDs.asstRef.2.@refType,hldCpt1.hldId.asstIDs.asstRef.2.#text,hldCpt1.hldId.asstDetail.isin,hldCpt1.hldId.asstDetail.cntry,hldCpt1.hldId.asstDetail.issueCcy,hldCpt1.hldId.asstDetail.latestPrc.@ccy,hldCpt1.hldId.asstDetail.latestPrc.#text,hldCpt1.hldId.asstDetail.latestPrcDate,hldCpt1.hldId.asstDetail.prcFactor,hldCpt1.qty,hldCpt1.prc.@ccy,hldCpt1.prc.#text,hldCpt1.grTrdAmt.@ccy,hldCpt1.grTrdAmt.#text,chrgGp.chrgCpt.0.ctgy,chrgGp.chrgCpt.0.ctgyAmt.@ccy,chrgGp.chrgCpt.0.ctgyAmt.#text,chrgGp.chrgCpt.0.chrgDesc,chrgGp.chrgCpt.1.ctgy,chrgGp.chrgCpt.1.ctgyAmt.@ccy,chrgGp.chrgCpt.1.ctgyAmt.#text,chrgGp.chrgCpt.1.chrgDesc
,020,CLS,Close Loan,lghths-sg,706122988,Deposits & Loans Transaction,Close Loan,SAR,706122044,m2,83663279.6000,83663279,83663279,USD,GBP,GBP,CURRENCY,GBP,MoneyMarket,GBP Fixed Loan,Loan,Fixed,2021-05-12,GBP,-2088504.49,0.89,143432902,s/t Fixed Advance Fix GBP 0.89% 11.05.2021-12.05,2021-05-12,2021-05-11,2021-05-12,2021-05-12,GBP,2088504.49,GBP,2088504.49,m2,83663279.6000,83663279,83663279.4001/GBP/KK,GBP,GBP,CURRENCY,GBP,2021-05-12,GBP,-2088555.42,GBP,-2088555.42,m2,CIP,GBP,-50.93,Interest Paid,,,,,,,,,,,,,,,,,,,,,,,,,,
,020,OPN,Raise loan,lghths-sg,706131160,Deposits & Loans Transaction,Raise Loan,SAR,706122044,m2,83663279.6000,83663279,83663279,USD,GBP,GBP,CURRENCY,GBP,MoneyMarket,GBP Fixed Loan,Loan,Fixed,2021-05-18,GBP,-1947102.7,0.89275,143446165,s/t Fixed Advance Fix GBP 0.89275% 12.05.2021-18,2021-05-18,2021-05-12,2021-05-12,2021-05-12,GBP,-1947102.7,GBP,-1947102.7,m2,83663279.6000,83663279,83663279.4001/GBP/KK,GBP,GBP,CURRENCY,GBP,2021-05-12,GBP,1947102.7,GBP,1947102.7,,,,,,,,,,,,,,,,,,,,,,,,,,,,,,,
,020,SEL,Sell 522 ISIN GB0004544929 @ 15.65 GBP,lghths-sg,706122044,Security Transaction,Sell,SAR,706122044,m2,83663293.6000,83663293,83663293.6000,USD,GBP,GB0004544929,,,Share,Imperial Brands Plc,,,,,,,,,,,2021-05-12,2021-05-14,GBP,-8169.3,GBP,-8018,m2,83663293.6000,83663293,83663293.4001/GBP/KK,GBP,GBP,CURRENCY,GBP,2021-05-12,GBP,8018,GBP,8018,m2,,,,,ISIN,GB0004544929,Valor,517719,SARA,000000416171,GB0004544929,GB/United Kingdom,GBP,GBP,16.0,2021-05-12,1,-522,GBP,15.65,GBP,-8169.3,EXE,GBP,-141.4,Stex Commissions,VAT,GBP,-9.9,VAT
,020,BUY,"Bought 1,518 SARA 000143443326",lghths-sg,706125440,Security Transaction,Buy,SAR,706125440,m2,83663293.6000,83663293,83663293.6000,USD,USD,000143443326,SARA,000143443326,Hybrid,Stock Forward Accumulator  2x Leveraged on Facebook Inc -A- (FB UQ) Period: 11.MAY.21 - 11.MAY.22  253 Days Strike: USD 252.0901  Knock-Out: USD 318.7208,,,,,,,,,,,2021-05-11,2021-05-13,USD,-0,USD,-0,m2,,83663293,83663293,USD,USD,CURRENCY,USD,2021-05-11,USD,0,USD,0,,,,,,,,,,,,,,USD,USD,0.00,2021-05-10,1,1518,USD,0,USD,-0,,,,,,,,
