tkn,m2xmlReleaseNo,mvmtHdr.@mvmtTp,mvmtHdr.cmt,mvmtSrc.ctlr,mvmtSrc.ctlrMvmtRef,mvmtSrc.srcRecType,mvmtSrc.srcTransType,extSys.extSysID,extSys.extSysRef,hldCpt1.@amtScheme,hldCpt1.hldId.ptfl,hldCpt1.hldId.ctlrOwnr,hldCpt1.hldId.ctlrAcct,hldCpt1.hldId.ownrRefCcy,hldCpt1.hldId.ccy,hldCpt1.hldId.asst,hldCpt1.hldId.asstIDs.asstRef.@refType,hldCpt1.hldId.asstIDs.asstRef.#text,hldCpt1.hldId.asstDetail.type,hldCpt1.hldId.asstDetail.desc,hldCpt1.hldId.asstDetail.asstMnyMktDetails.mnyMktType,hldCpt1.hldId.asstDetail.asstMnyMktDetails.mnyMktTerm.@termType,hldCpt1.hldId.asstDetail.asstMnyMktDetails.mnyMktTerm.#text,hldCpt1.hldId.asstDetail.asstMnyMktDetails.mnyMktAmt.@ccy,hldCpt1.hldId.asstDetail.asstMnyMktDetails.mnyMktAmt.#text,hldCpt1.hldId.asstDetail.asstMnyMktDetails.intRate,hldCpt1.hldId.asstDetail.asstMnyMktDetails.mnyMktRef,hldCpt1.hldId.asstDetail.asstMnyMktDetails.mnyMktName,hldCpt1.hldId.asstDetail.asstMnyMktDetails.matDate,hldCpt1.hldId.asstDetail.asstMnyMktDetails.startDate,hldCpt1.effDt,hldCpt1.settleDt,hldCpt1.grAmt.@ccy,hldCpt1.grAmt.#text,hldCpt1.netAmt.@ccy,hldCpt1.netAmt.#text,hldCpt2.@amtScheme,hldCpt2.hldId.ptfl,hldCpt2.hldId.ctlrOwnr,hldCpt2.hldId.ctlrAcct,hldCpt2.hldId.ccy,hldCpt2.hldId.asst,hldCpt2.hldId.asstIDs.asstRef.@refType,hldCpt2.hldId.asstIDs.asstRef.#text,hldCpt2.effDt,hldCpt2.grAmt.@ccy,hldCpt2.grAmt.#text,hldCpt2.netAmt.@ccy,hldCpt2.netAmt.#text,chrgGp.@amtScheme,chrgGp.chrgCpt.ctgy,chrgGp.chrgCpt.ctgyAmt.@ccy,chrgGp.chrgCpt.ctgyAmt.#text,chrgGp.chrgCpt.chrgDesc,hldCpt1.hldId.asstIDs.asstRef.0.@refType,hldCpt1.hldId.asstIDs.asstRef.0.#text,hldCpt1.hldId.asstIDs.asstRef.1.@refType,hldCpt1.hldId.asstIDs.asstRef.1.#text,hldCpt1.hldId.asstIDs.asstRef.2.@refType,hldCpt1.hldId.asstIDs.asstRef.2.#text,hldCpt1.hldId.asstDetail.isin,hldCpt1.hldId.asstDetail.cntry,hldCpt1.hldId.asstDetail.issueCcy,hldCpt1.hldId.asstDetail.latestPrc.@ccy,hldCpt1.hldId.asstDetail.latestPrc.#text,hldCpt1.hldId.asstDetail.latestPrcDate,hldCpt1.hldId.asstDetail.prcFactor,hldCpt1.qty,hldCpt1.prc.@ccy,hldCpt1.prc.#text,hldCpt1.grTrdAmt.@ccy,hldCpt1.grTrdAmt.#text,chrgGp.chrgCpt.0.ctgy,chrgGp.chrgCpt.0.ctgyAmt.@ccy,chrgGp.chrgCpt.0.ctgyAmt.#text,chrgGp.chrgCpt.0.chrgDesc,chrgGp.chrgCpt.1.ctgy,chrgGp.chrgCpt.1.ctgyAmt.@ccy,chrgGp.chrgCpt.1.ctgyAmt.#text,chrgGp.chrgCpt.1.chrgDesc,hldCpt1.hldId.asstDetail.issueDate,hldCpt1.hldId.asstDetail.asstBondDetails.matDate,hldCpt1.hldId.asstDetail.asstBondDetails.intRate,hldCpt1.hldId.asstDetail.asstBondDetails.calcBasis,hldCpt1.hldId.asstDetail.asstBondDetails.intFreq,hldCpt1.hldId.asstDetail.asstBondDetails.intDate,hldCpt1.hldId.asstDetail.asstBondDetails.intCcy,hldCpt1.hldId.asstDetail.asstBondDetails.rating
,020,CLS,Close Loan,lghths-sg,698375842,Deposits & Loans Transaction,Close Loan,SAR,698368719,m2,83663293.6000,83663293,83663293,USD,GBP,GBP,CURRENCY,GBP,MoneyMarket,GBP Fixed Loan,Loan,Fixed,2021-04-08,GBP,-210298.83,0.89,143088654,s/t Fixed Advance Fix GBP 0.89% 07.04.2021-08.04,2021-04-08,2021-04-07,2021-04-07,2021-04-08,GBP,210298.83,GBP,210298.83,m2,83663293.6000,83663293,83663293.4001/GBP/KK,GBP,GBP,CURRENCY,GBP,2021-04-07,GBP,-210303.96,GBP,-210303.96,m2,CIP,GBP,-5.13,Interest Paid,,,,,,,,,,,,,,,,,,,,,,,,,,,,,,,,,,
,020,OPN,Raise loan,lghths-sg,698375847,Deposits & Loans Transaction,Raise Loan,SAR,698368719,m2,83663293.6000,83663293,83663293,USD,GBP,GBP,CURRENCY,GBP,MoneyMarket,GBP Fixed Loan,Loan,Fixed,2021-04-15,GBP,-216728.33,0.89163,143100874,s/t Fixed Advance Fix GBP 0.89163% 08.04.2021-15,2021-04-15,2021-04-08,2021-04-07,2021-04-08,GBP,-216728.33,GBP,-216728.33,m2,83663293.6000,83663293,83663293.4001/GBP/KK,GBP,GBP,CURRENCY,GBP,2021-04-07,GBP,216728.33,GBP,216728.33,,,,,,,,,,,,,,,,,,,,,,,,,,,,,,,,,,,,,,,
,020,BUY,Structured Products 496 ISIN GB0004544929,lghths-sg,698368719,Security Transaction,Structured Products,SAR,698368719,m2,83663293.6000,83663293,83663293.6000,USD,GBP,GB0004544929,,,Share,Imperial Brands Plc,,,,,,,,,,,2021-04-06,2021-04-08,GBP,6391.41,GBP,6424.37,m2,83663293.6000,83663293,83663293.4001/GBP/KK,GBP,GBP,CURRENCY,GBP,2021-04-06,GBP,-6424.37,GBP,-6424.37,m2,STM,GBP,-32.96,UK Stamp Tax,ISIN,GB0004544929,Valor,517719,SARA,000000416171,GB0004544929,GB/United Kingdom,GBP,GBP,15.16,2021-04-07,1,496,GBP,12.8859,GBP,6391.41,,,,,,,,,,,,,,,,
,020,SEL,Sell 496 ISIN GB0004544929 @ 15.155 GBP,lghths-sg,698566533,Security Transaction,Sell,SAR,698566533,m2,83663293.6000,83663293,83663293.6000,USD,GBP,GB0004544929,,,Share,Imperial Brands Plc,,,,,,,,,,,2021-04-07,2021-04-09,GBP,-7516.88,GBP,-7362.49,m2,83663293.6000,83663293,83663293.4001/GBP/KK,GBP,GBP,CURRENCY,GBP,2021-04-07,GBP,7362.49,GBP,7362.49,m2,,,,,ISIN,GB0004544929,Valor,517719,SARA,000000416171,GB0004544929,GB/United Kingdom,GBP,GBP,15.16,2021-04-07,1,-496,GBP,15.155,GBP,-7516.88,EXE,GBP,-144.29,Stex Commissions,VAT,GBP,-10.1,VAT,,,,,,,,
,020,AOU,Structured Products 992 Valor 110848255 @ 6.476 GBP,lghths-sg,698368719,Security Transaction,Structured Products,SAR,698368719,m2,83663293.6000,83663293,83663293.6000,USD,GBP,110848255,,,Hybrid,Stock Forward Accumulator  2x Leveraged on Imperial Brands Plc (IMB LN) Period: 23.MAR.21 - 22.MAR.22  252 Days Strike: GBP 12.8859  Knock-Out: GBP 15.6032,,,,,,,,,,,2021-04-06,2021-04-08,GBP,-6424.37,GBP,-6424.37,,,,,,,,,,,,,,,,,,,Valor,110848255,SARA,000142982245,,,,,GBP,GBP,-0.049691301,2021-04-06,1,-992,GBP,6.4762,GBP,-6424.37,,,,,,,,,,,,,,,,
,020,COU,"Interest 200,000 ISIN USG84228CQ91",lghths-sg,698560598,Cash Transaction,Interest,SAR,698560598,m2,83663293.6000,83663293,83663293.6000,USD,USD,USG84228CQ91,,,Bond,7.5% Standard Chartered Plc Contingent Convertible  Floating Rate Notes 2016-Perpetual Reg-S Subordinated,,,,,,,,,,,2021-04-07,2021-04-02,USD,7500,USD,7500,m2,83663293.6000,83663293,83663293.4000/USD/KK,USD,USD,CURRENCY,USD,2021-04-07,USD,7500,USD,7500,,,,,,ISIN,USG84228CQ91,Valor,33623693,SARA,000129796997,USG84228CQ91,GB/United Kingdom,USD,USD,105.07,2021-04-07,.01,200000,,,,,,,,,,,,,2016-08-18,4712-12-31,7.5,30E/360,2,2017-04-02,USD,BB-
,020,COU,"Interest 200,000 ISIN XS2304008068",lghths-sg,698602527,Cash Transaction,Interest,SAR,698602527,m2,83663293.6000,83663293,83663293.6000,USD,USD,XS2304008068,,,Bond,6% JP Morgan Structured Products BV HDFC Bank Ltd -ADR- (3 Shs) STR 59.535 Infosys Ltd -ADR- STR 12.9728 Fixed Coupon Notes 04.03.2022 Repayment cash or physical,,,,,,,,,,,2021-04-07,2021-04-07,USD,1000,USD,1000,m2,83663293.6000,83663293,83663293.4000/USD/KK,USD,USD,CURRENCY,USD,2021-04-07,USD,1000,USD,1000,,,,,,ISIN,XS2304008068,Valor,59476182,SARA,000142671407,XS2304008068,NL/Netherlands,USD,USD,96.5847,2021-04-06,.01,200000,,,,,,,,,,,,,2021-03-04,2022-03-08,6.0,,12,2021-04-07,USD,
,020,COU,"Interest 300,000 ISIN XS2304008225",lghths-sg,698602849,Cash Transaction,Interest,SAR,698602849,m2,83663293.6000,83663293,83663293.6000,USD,USD,XS2304008225,,,Bond,8% JP Morgan Structured Products BV HDFC Bank Ltd -ADR- (3 Shs) STR 64.2168 Infosys Ltd -ADR- STR 13.9929 Fixed Coupon Notes 04.03.2022 Repayment cash or physical,,,,,,,,,,,2021-04-07,2021-04-07,USD,2000,USD,2000,m2,83663293.6000,83663293,83663293.4000/USD/KK,USD,USD,CURRENCY,USD,2021-04-07,USD,2000,USD,2000,,,,,,ISIN,XS2304008225,Valor,59476183,SARA,000142671426,XS2304008225,NL/Netherlands,USD,USD,96.6971,2021-04-06,.01,300000,,,,,,,,,,,,,2021-03-04,2022-03-08,8.0,,12,2021-04-07,USD,
