tkn,m2xmlReleaseNo,mvmtHdr.@mvmtTp,mvmtHdr.cmt,mvmtSrc.ctlr,mvmtSrc.ctlrMvmtRef,mvmtSrc.srcRecType,mvmtSrc.srcTransType,extSys.extSysID,extSys.extSysRef,hldCpt1.@amtScheme,hldCpt1.hldId.ptfl,hldCpt1.hldId.ctlrOwnr,hldCpt1.hldId.ctlrAcct,hldCpt1.hldId.ownrRefCcy,hldCpt1.hldId.ccy,hldCpt1.hldId.asst,hldCpt1.hldId.asstIDs.asstRef.@refType,hldCpt1.hldId.asstIDs.asstRef.#text,hldCpt1.hldId.asstDetail.type,hldCpt1.hldId.asstDetail.desc,hldCpt1.hldId.asstDetail.asstMnyMktDetails.mnyMktType,hldCpt1.hldId.asstDetail.asstMnyMktDetails.mnyMktTerm.@termType,hldCpt1.hldId.asstDetail.asstMnyMktDetails.mnyMktTerm.#text,hldCpt1.hldId.asstDetail.asstMnyMktDetails.mnyMktAmt.@ccy,hldCpt1.hldId.asstDetail.asstMnyMktDetails.mnyMktAmt.#text,hldCpt1.hldId.asstDetail.asstMnyMktDetails.intRate,hldCpt1.hldId.asstDetail.asstMnyMktDetails.mnyMktRef,hldCpt1.hldId.asstDetail.asstMnyMktDetails.mnyMktName,hldCpt1.hldId.asstDetail.asstMnyMktDetails.matDate,hldCpt1.hldId.asstDetail.asstMnyMktDetails.startDate,hldCpt1.effDt,hldCpt1.settleDt,hldCpt1.grAmt.@ccy,hldCpt1.grAmt.#text,hldCpt1.netAmt.@ccy,hldCpt1.netAmt.#text,hldCpt2.@amtScheme,hldCpt2.hldId.ptfl,hldCpt2.hldId.ctlrOwnr,hldCpt2.hldId.ctlrAcct,hldCpt2.hldId.ccy,hldCpt2.hldId.asst,hldCpt2.hldId.asstIDs.asstRef.@refType,hldCpt2.hldId.asstIDs.asstRef.#text,hldCpt2.effDt,hldCpt2.grAmt.@ccy,hldCpt2.grAmt.#text,hldCpt2.netAmt.@ccy,hldCpt2.netAmt.#text,chrgGp.@amtScheme,chrgGp.chrgCpt.ctgy,chrgGp.chrgCpt.ctgyAmt.@ccy,chrgGp.chrgCpt.ctgyAmt.#text,chrgGp.chrgCpt.chrgDesc,hldCpt1.hldId.asstIDs.asstRef.0.@refType,hldCpt1.hldId.asstIDs.asstRef.0.#text,hldCpt1.hldId.asstIDs.asstRef.1.@refType,hldCpt1.hldId.asstIDs.asstRef.1.#text,hldCpt1.hldId.asstIDs.asstRef.2.@refType,hldCpt1.hldId.asstIDs.asstRef.2.#text,hldCpt1.hldId.asstDetail.isin,hldCpt1.hldId.asstDetail.cntry,hldCpt1.hldId.asstDetail.issueCcy,hldCpt1.hldId.asstDetail.issueDate,hldCpt1.hldId.asstDetail.latestPrc.@ccy,hldCpt1.hldId.asstDetail.latestPrc.#text,hldCpt1.hldId.asstDetail.latestPrcDate,hldCpt1.hldId.asstDetail.prcFactor,hldCpt1.hldId.asstDetail.asstBondDetails.matDate,hldCpt1.hldId.asstDetail.asstBondDetails.intRate,hldCpt1.hldId.asstDetail.asstBondDetails.calcBasis,hldCpt1.hldId.asstDetail.asstBondDetails.intFreq,hldCpt1.hldId.asstDetail.asstBondDetails.intDate,hldCpt1.hldId.asstDetail.asstBondDetails.intCcy,hldCpt1.hldId.asstDetail.asstBondDetails.rating,hldCpt1.qty,hldCpt1.prc.@ccy,hldCpt1.prc.#text,hldCpt1.grTrdAmt.@ccy,hldCpt1.grTrdAmt.#text,chrgGp.chrgCpt.0.ctgy,chrgGp.chrgCpt.0.ctgyAmt.@ccy,chrgGp.chrgCpt.0.ctgyAmt.#text,chrgGp.chrgCpt.0.chrgDesc,chrgGp.chrgCpt.1.ctgy,chrgGp.chrgCpt.1.ctgyAmt.@ccy,chrgGp.chrgCpt.1.ctgyAmt.#text,chrgGp.chrgCpt.1.chrgDesc,chrgGp.chrgCpt.2.ctgy,chrgGp.chrgCpt.2.ctgyAmt.@ccy,chrgGp.chrgCpt.2.ctgyAmt.#text,chrgGp.chrgCpt.2.chrgDesc,hldCpt1.hldId.asstDetail.asstDerivDetails.contractSize,hldCpt1.hldId.asstDetail.asstDerivDetails.strike,hldCpt1.hldId.asstDetail.asstDerivDetails.expDate,hldCpt1.hldId.asstDetail.asstDerivDetails.putCallInd,hldCpt1.hldId.asstDetail.asstDerivDetails.underlyingAsstIDs.asstRef.@refType,hldCpt1.hldId.asstDetail.asstDerivDetails.underlyingAsstIDs.asstRef.#text,hldCpt1.hldId.asstDetail.asstDerivDetails.underlyingAsstDesc,hldCpt1.hldId.asstDetail.asstDerivDetails.underlyingAsstType,hldCpt1.hldId.asstDetail.asstDerivDetails.longShortInd,hldCpt1.hldId.asstIDs.asstRef.3.@refType,hldCpt1.hldId.asstIDs.asstRef.3.#text,hldCpt1.grDivPerShare.@ccy,hldCpt1.grDivPerShare.#text,hldCpt1.netDivPerShare.@ccy,hldCpt1.netDivPerShare.#text
,020,CLS,Close Loan,lghths-sg,708717447,Deposits & Loans Transaction,Close Loan,SAR,708717073,m2,83663279.6000,83663279,83663279,USD,GBP,GBP,CURRENCY,GBP,MoneyMarket,GBP Fixed Loan,Loan,Fixed,2021-05-26,GBP,-1947722.32,0.89,143541600,s/t Fixed Advance Fix GBP 0.89% 25.05.2021-26.05,2021-05-26,2021-05-25,2021-05-25,2021-05-26,GBP,1947722.32,GBP,1947722.32,m2,83663279.6000,83663279,83663279.4001/GBP/KK,GBP,GBP,CURRENCY,GBP,2021-05-25,GBP,-1947769.81,GBP,-1947769.81,m2,CIP,GBP,-47.49,Interest Paid,,,,,,,,,,,,,,,,,,,,,,,,,,,,,,,,,,,,,,,,,,,,,,,,,,,,,
,020,OPN,Raise loan,lghths-sg,708717451,Deposits & Loans Transaction,Raise Loan,SAR,708717073,m2,83663279.6000,83663279,83663279,USD,GBP,GBP,CURRENCY,GBP,MoneyMarket,GBP Fixed Loan,Loan,Fixed,2021-06-01,GBP,-1770991.42,0.89563,143543111,s/t Fixed Advance Fix GBP 0.89563% 26.05.2021-01,2021-06-01,2021-05-26,2021-05-25,2021-05-26,GBP,-1770991.42,GBP,-1770991.42,m2,83663279.6000,83663279,83663279.4001/GBP/KK,GBP,GBP,CURRENCY,GBP,2021-05-25,GBP,1770991.42,GBP,1770991.42,,,,,,,,,,,,,,,,,,,,,,,,,,,,,,,,,,,,,,,,,,,,,,,,,,,,,,,,,,
,020,CLS,Close Loan,lghths-sg,708718420,Deposits & Loans Transaction,Close Loan,SAR,708717073,m2,83676187.6000,83676187,83676187,USD,USD,USD,CURRENCY,USD,MoneyMarket,USD Fixed Loan,Loan,Fixed,2021-05-27,USD,0,1.02,143513563,s/t Fixed Advance Fix USD 1.02% 20.05.2021-27.05,2021-05-27,2021-05-20,2021-05-25,2021-05-27,USD,50000,USD,50000,m2,83676187.6000,83676187,83676187.4000/USD/KK,USD,USD,CURRENCY,USD,2021-05-25,USD,-50009.92,USD,-50009.92,m2,CIP,USD,-9.92,Interest Paid,,,,,,,,,,,,,,,,,,,,,,,,,,,,,,,,,,,,,,,,,,,,,,,,,,,,,
,020,BUY,"Bought 200,000 ISIN XS1492713505 @ 101.24 USD",lghths-sg,708717073,Security Transaction,Buy,SAR,708717073,m2,83663279.6000,83663279,83663279.6000,USD,USD,XS1492713505,,,Bond,5.5% State Bank of India Contingent Convertible Floating Rate Notes 2016-Perpetual,,,,,,,,,,,2021-05-25,2021-05-27,USD,204466.11,USD,205013.06,m2,83663279.6000,83663279,83663279.4000/USD/KK,USD,USD,CURRENCY,USD,2021-05-25,USD,-205013.06,USD,-205013.06,m2,,,,,ISIN,XS1492713505,Valor,33981821,SARA,000129991155,XS1492713505,00939,USD,2016-09-22,USD,101.155,2021-05-24,.01,2021-09-22,5.5,30/360,2,2017-03-22,USD,B,200000,USD,101.24,USD,202480,EXE,USD,-511.17,Stex Commissions,CPN,USD,-1986.11,Accrued Interest,VAT,USD,-35.78,VAT,,,,,,,,,,,,,,,
,020,AIN,Option Expiry 40 SARA 000142960890,lghths-sg,708710755,Security Transaction,Option Expiry,SAR,708710755,m2,83663279.6000,83663279,83663279.6000,USD,USD,000142960890,SARA,000142960890,Option,British American Tobacco PLC Put 21.05.2021 35 (BTI US),,,,,,,,,,,2021-05-25,2021-05-21,USD,0,USD,0,,,,,,,,,,,,,,,,,,,,,,,,,,US/United States of America,USD,,USD,0.05,2021-05-21,100,,,,,,,,40,USD,0,USD,0,,,,,,,,,,,,,100,35,2021-05-21,P,ISIN,US1104481072,British American Tobacco Plc -ADR-,Share,S,,,,,,
,020,BUY,Structured Products 24 ISIN US30303M1027,lghths-sg,708711600,Security Transaction,Structured Products,SAR,708711600,m2,83663293.6000,83663293,83663293.6000,USD,USD,US30303M1027,,,Share,Facebook Inc -A-,,,,,,,,,,,2021-05-24,2021-05-26,USD,6050.16,USD,6050.16,m2,83663293.6000,83663293,83663293.4000/USD/KK,USD,USD,CURRENCY,USD,2021-05-24,USD,-6050.16,USD,-6050.16,,,,,,ISIN,US30303M1027,Valor,14917609,Bloomberg,FB US,US30303M1027,US/United States of America,USD,,USD,327.79,2021-05-24,1,,,,,,,,24,USD,252.09,USD,6050.16,,,,,,,,,,,,,,,,,,,,,,SARA,000031299007,,,,
,020,AIN,Option Expiry 5 SARA 000142876599,lghths-sg,708710751,Security Transaction,Option Expiry,SAR,708710751,m2,83663293.6000,83663293,83663293.6000,USD,USD,000142876599,SARA,000142876599,Option,Microsoft Corp Put 21.05.2021 205 (MSFT US),,,,,,,,,,,2021-05-25,2021-05-21,USD,0,USD,0,,,,,,,,,,,,,,,,,,,,,,,,,,US/United States of America,USD,,USD,0.01,2021-05-21,100,,,,,,,,5,USD,0,USD,0,,,,,,,,,,,,,100,205,2021-05-21,P,ISIN,US5949181045,Microsoft Corp,Share,S,,,,,,
,020,AIN,Option Expiry 10 SARA 000143062005,lghths-sg,708710810,Security Transaction,Option Expiry,SAR,708710810,m2,83663293.6000,83663293,83663293.6000,USD,USD,000143062005,SARA,000143062005,Option,Baidu Inc Put 21.05.2021 165 (BIDU US),,,,,,,,,,,2021-05-25,2021-05-21,USD,0,USD,0,,,,,,,,,,,,,,,,,,,,,,,,,,US/United States of America,USD,,USD,0.01,2021-05-21,100,,,,,,,,10,USD,0,USD,0,,,,,,,,,,,,,100,165,2021-05-21,P,ISIN,US0567521085,Baidu Inc -ADR- -A- (8 Shs),Share,S,,,,,,
,020,AOU,"Option Expiry 27,260 Valor 111099171",lghths-sg,708910389,Security Transaction,Option Expiry,SAR,708910389,m2,83663293.6000,83663293,83663293.6000,USD,GBP,111099171,,,Hybrid,Stock Forward Accumulator  2x Leveraged on Imperial Brands Plc (IMB LN) Period: 12.APR.21 - 11.APR.22  254 Days Strike: GBP 13.6618  Knock-Out: GBP 16.3929,,,,,,,,,,,2021-05-20,2021-05-24,GBP,0,GBP,0,,,,,,,,,,,,,,,,,,,Valor,111099171,SARA,000143132148,,,,,GBP,,GBP,0.001,2021-05-19,1,,,,,,,,-27260,GBP,0,GBP,0,,,,,,,,,,,,,,,,,,,,,,,,,,,
,020,AOU,"Option Expiry 1,518 Valor 111612450",lghths-sg,708721068,Security Transaction,Option Expiry,SAR,708721068,m2,83663293.6000,83663293,83663293.6000,USD,USD,111612450,,,Hybrid,Stock Forward Accumulator  2x Leveraged on Facebook Inc -A- (FB UQ) Period: 11.MAY.21 - 11.MAY.22  253 Days Strike: USD 252.0901  Knock-Out: USD 318.7208,,,,,,,,,,,2021-05-24,2021-05-26,USD,0,USD,0,,,,,,,,,,,,,,,,,,,Valor,111612450,SARA,000143443326,,,,,USD,,USD,0.1005,2021-05-21,1,,,,,,,,-1518,USD,0,USD,0,,,,,,,,,,,,,,,,,,,,,,,,,,,
,020,BUY,"Bought 27,830 SARA 000143541167",lghths-sg,708687235,Security Transaction,Buy,SAR,708687235,m2,83663293.6000,83663293,83663293.6000,USD,GBP,000143541167,SARA,000143541167,Hybrid,Stock Forward Accumulator  2x Leveraged on Imperial Brands Plc (IMT LN) Period: 25.MAY.21 - 24.MAY.22  253 Days Strike: GBP 14.5747  Knock-Out: GBP 17.4279,,,,,,,,,,,2021-05-24,2021-05-26,GBP,-0,GBP,-0,m2,,83663293,83663293,GBP,GBP,CURRENCY,GBP,2021-05-24,GBP,0,GBP,0,,,,,,,,,,,,,,GBP,,GBP,0.00,2021-05-21,1,,,,,,,,27830,GBP,0,GBP,-0,,,,,,,,,,,,,,,,,,,,,,,,,,,
,020,DIV,"Dividend Cash 34,000 ISIN HK0941009539 @ 1.76 HKD",lghths-sg,708932014,Cash Transaction,Dividend Cash,SAR,708932014,m2,83663279.6000,83663279,83663279.6000,USD,HKD,HK0941009539,,,Share,China Mobile Ltd,,,,,,,,,,,2021-05-25,2021-05-20,HKD,59840,HKD,53791.37,m2,83663279.6000,83663279,83663279.4004/HKD/KK,HKD,HKD,CURRENCY,HKD,2021-05-25,HKD,53791.37,HKD,53791.37,m2,,,,,ISIN,HK0941009539,Valor,1099448,Bloomberg,941 HK,HK0941009539,HK/Hong Kong,HKD,,HKD,50.10,2021-05-25,1,,,,,,,,34000,,,,,WTH,HKD,-5984,Withholding Tax,OTF,HKD,-64.63,Third Party Charges,BKF,HKD,-64.63,Fee Difference,,,,,,,,,,SARA,000000422519,HKD,1.76,HKD,1.582099
