tkn,m2xmlReleaseNo,mvmtHdr.@mvmtTp,mvmtHdr.cmt,mvmtSrc.ctlr,mvmtSrc.ctlrMvmtRef,mvmtSrc.srcRecType,mvmtSrc.srcTransType,extSys.extSysID,extSys.extSysRef,hldCpt1.@amtScheme,hldCpt1.hldId.ptfl,hldCpt1.hldId.ctlrOwnr,hldCpt1.hldId.ctlrAcct,hldCpt1.hldId.ownrRefCcy,hldCpt1.hldId.ccy,hldCpt1.hldId.asst,hldCpt1.hldId.asstIDs.asstRef.@refType,hldCpt1.hldId.asstIDs.asstRef.#text,hldCpt1.effDt,hldCpt1.settleDt,hldCpt1.grAmt.@ccy,hldCpt1.grAmt.#text,hldCpt1.netAmt.@ccy,hldCpt1.netAmt.#text,chrgGp.@amtScheme,chrgGp.chrgCpt.ctgy,chrgGp.chrgCpt.ctgyAmt.@ccy,chrgGp.chrgCpt.ctgyAmt.#text,chrgGp.chrgCpt.chrgDesc,hldCpt1.hldId.asstIDs.asstRef.0.@refType,hldCpt1.hldId.asstIDs.asstRef.0.#text,hldCpt1.hldId.asstIDs.asstRef.1.@refType,hldCpt1.hldId.asstIDs.asstRef.1.#text,hldCpt1.hldId.asstIDs.asstRef.2.@refType,hldCpt1.hldId.asstIDs.asstRef.2.#text,hldCpt1.hldId.asstDetail.isin,hldCpt1.hldId.asstDetail.type,hldCpt1.hldId.asstDetail.cntry,hldCpt1.hldId.asstDetail.desc,hldCpt1.hldId.asstDetail.issueCcy,hldCpt1.hldId.asstDetail.issueDate,hldCpt1.hldId.asstDetail.latestPrc.@ccy,hldCpt1.hldId.asstDetail.latestPrc.#text,hldCpt1.hldId.asstDetail.latestPrcDate,hldCpt1.hldId.asstDetail.prcFactor,hldCpt1.hldId.asstDetail.asstBondDetails.matDate,hldCpt1.hldId.asstDetail.asstBondDetails.intRate,hldCpt1.hldId.asstDetail.asstBondDetails.intFreq,hldCpt1.hldId.asstDetail.asstBondDetails.intDate,hldCpt1.hldId.asstDetail.asstBondDetails.intCcy,hldCpt1.qty,hldCpt2.@amtScheme,hldCpt2.hldId.ptfl,hldCpt2.hldId.ctlrOwnr,hldCpt2.hldId.ctlrAcct,hldCpt2.hldId.ccy,hldCpt2.hldId.asst,hldCpt2.hldId.asstIDs.asstRef.@refType,hldCpt2.hldId.asstIDs.asstRef.#text,hldCpt2.effDt,hldCpt2.grAmt.@ccy,hldCpt2.grAmt.#text,hldCpt2.netAmt.@ccy,hldCpt2.netAmt.#text,hldCpt1.hldId.asstDetail.asstDerivDetails.contractSize,hldCpt1.hldId.asstDetail.asstDerivDetails.strike,hldCpt1.hldId.asstDetail.asstDerivDetails.expDate,hldCpt1.hldId.asstDetail.asstDerivDetails.putCallInd,hldCpt1.hldId.asstDetail.asstDerivDetails.underlyingAsstIDs.asstRef.@refType,hldCpt1.hldId.asstDetail.asstDerivDetails.underlyingAsstIDs.asstRef.#text,hldCpt1.hldId.asstDetail.asstDerivDetails.underlyingAsstDesc,hldCpt1.hldId.asstDetail.asstDerivDetails.underlyingAsstType,hldCpt1.hldId.asstDetail.asstDerivDetails.longShortInd,hldCpt1.prc.@ccy,hldCpt1.prc.#text,hldCpt1.grTrdAmt.@ccy,hldCpt1.grTrdAmt.#text,chrgGp.chrgCpt.0.ctgy,chrgGp.chrgCpt.0.ctgyAmt.@ccy,chrgGp.chrgCpt.0.ctgyAmt.#text,chrgGp.chrgCpt.0.chrgDesc,chrgGp.chrgCpt.1.ctgy,chrgGp.chrgCpt.1.ctgyAmt.@ccy,chrgGp.chrgCpt.1.ctgyAmt.#text,chrgGp.chrgCpt.1.chrgDesc,hldCpt1.hldId.asstDetail.issueCcyExchRt,hldCpt1.hldId.asstIDs.asstRef.3.@refType,hldCpt1.hldId.asstIDs.asstRef.3.#text,hldCpt1.hldId.asstDetail.asstMnyMktDetails.mnyMktType,hldCpt1.hldId.asstDetail.asstMnyMktDetails.mnyMktTerm.@termType,hldCpt1.hldId.asstDetail.asstMnyMktDetails.mnyMktTerm.#text,hldCpt1.hldId.asstDetail.asstMnyMktDetails.mnyMktAmt.@ccy,hldCpt1.hldId.asstDetail.asstMnyMktDetails.mnyMktAmt.#text,hldCpt1.hldId.asstDetail.asstMnyMktDetails.intRate,hldCpt1.hldId.asstDetail.asstMnyMktDetails.mnyMktRef,hldCpt1.hldId.asstDetail.asstMnyMktDetails.mnyMktName,hldCpt1.hldId.asstDetail.asstMnyMktDetails.matDate,hldCpt1.hldId.asstDetail.asstMnyMktDetails.startDate
,020,PMS,Payment,lghths-sg,688367062,Cash Transaction,Payment,SAR,688367062,m2,83676187.6000,83676187,83676187.4000/USD/KK,USD,USD,USD,CURRENCY,USD,2021-02-23,2021-02-23,USD,-30000,USD,-30060,m2,OTF,USD,-60,Payment Charges,,,,,,,,,,,,,,,,,,,,,,,,,,,,,,,,,,,,,,,,,,,,,,,,,,,,,,,,,,,,,,,,,,,,,
,020,COU,Interest,lghths-sg,688615237,Cash Transaction,Interest,SAR,688615237,m2,83663293.6000,83663293,83663293.6000,USD,USD,XS2062211359,,,2021-02-23,2021-02-23,USD,6000,USD,6000,,,,,,ISIN,XS2062211359,Valor,52268214,SARA,000139486293,XS2062211359,Bond,GB/United Kingdom,8% Credit Suisse International HDFC Bank Ltd -ADR- / Infosys Ltd -ADR- / ICICI Bank -ADR- Callable Fixed Coupon Notes 16.02.2021 Repayment cash or physical,USD,2020-02-13,USD,100.9953,2021-02-16,.01,2021-02-23,0.0,4,2020-05-20,USD,300000,m2,83663293.6000,83663293,83663293.4000/USD/KK,USD,USD,CURRENCY,USD,2021-02-23,USD,6000,USD,6000,,,,,,,,,,,,,,,,,,,,,,,,,,,,,,,,,,
,020,AIN,Assignment 9 SARA 000142075721,lghths-sg,688345763,Security Transaction,Assignment,SAR,688345763,m2,83663279.6000,83663279,83663279.6000,USD,USD,000142075721,SARA,000142075721,2021-02-19,2021-02-23,USD,0,USD,0,,,,,,,,,,,,,Option,US/United States of America,Intel Corp Call 19.02.2021 52.5 (INTC US),USD,,USD,10.60,2021-02-19,100,,,,,,9,,,,,,,,,,,,,,100,52.5,2021-02-19,C,ISIN,US4581401001,Intel Corp,Share,S,USD,0,USD,0,,,,,,,,,,,,,,,,,,,,,
,020,SEL,"Redemption 1,442.13 ISIN KYG7777A1067 @ 164.599 USD",lghths-sg,681598193,Security Transaction,Redemption,SAR,681598193,m2,83676187.6000,83676187,83676187.6000,USD,USD,KYG7777A1067,,,2021-02-01,2021-02-19,USD,-237373.77,USD,-237373.77,,,,,,ISIN,KYG7777A1067,Valor,25908072,SARA,000133713887,KYG7777A1067,Fund,KY/Cayman Islands,SageOne India Growth Fund (USD) -A-,USD,,USD,164.5994,2021-01-29,1,,,,,,-1442.130328,m2,83676187.6000,83676187,83676187.4000/USD/KK,USD,USD,CURRENCY,USD,2021-02-01,USD,237373.77,USD,237373.77,,,,,,,,,,USD,164.59939,USD,-237373.77,,,,,,,,,,,,,,,,,,,,,
,020,SEL,Opening Sell 15 ISIN GB00H7W7M167 @ 0.27 GBP,lghths-sg,688444486,Security Transaction,Opening Sell,SAR,688444486,m2,83663293.6000,83663293,83663293.6000,USD,GBP,GB00H7W7M167,,,2021-02-22,2021-02-23,GBP,-4050,GBP,-3897.7,m2,,,,,ISIN,GB00H7W7M167,Valor,71944318,SARA,000142698152,GB00H7W7M167,Option,GB/United Kingdom,Imperial Brands Plc Call Sep21 16 LIF,GBP,,GBP,0.32,2021-02-22,1000,,,,,,-15,m2,83663293.6000,83663293,83663293.4001/GBP/KK,GBP,GBP,CURRENCY,GBP,2021-02-22,GBP,3897.7,GBP,3897.7,1000,16,2021-09-17,C,ISIN,GB0004544929,Imperial Brands Plc,Share,S,GBP,0.27,GBP,-4050,EXE,GBP,-142.34,Stex Commissions,VAT,GBP,-9.96,VAT,,,,,,,,,,,,,
,020,SEL,"Bond Redemption 300,000 ISIN XS2062211359 @ 100 USD",lghths-sg,688633318,Security Transaction,Bond Redemption,SAR,688633318,m2,83663293.6000,83663293,83663293.6000,USD,USD,XS2062211359,,,2021-02-23,2021-02-23,USD,-300000,USD,-300000,,,,,,ISIN,XS2062211359,Valor,52268214,SARA,000139486293,XS2062211359,Bond,GB/United Kingdom,8% Credit Suisse International HDFC Bank Ltd -ADR- / Infosys Ltd -ADR- / ICICI Bank -ADR- Callable Fixed Coupon Notes 16.02.2021 Repayment cash or physical,USD,2020-02-13,USD,100.9953,2021-02-16,.01,2021-02-23,0.0,4,2020-05-20,USD,-300000,m2,83663293.6000,83663293,83663293.4000/USD/KK,USD,USD,CURRENCY,USD,2021-02-23,USD,300000,USD,300000,,,,,,,,,,USD,100,USD,-300000,,,,,,,,,,,,,,,,,,,,,
,020,BUY,"Bought 1,000,800 SARA 000142695806",lghths-sg,688448222,Security Transaction,Buy,SAR,688448222,m2,83663279.6000,83663279,83663279.6000,USD,GBP,000142695806,SARA,000142695806,2021-02-22,2021-02-24,GBP,-0,GBP,-0,,,,,,,,,,,,,Hybrid,,FX Accumulator on GBP/USD 2x Leveraged  KO:1.45 Buy GBP / Sell USD at 1.3535 Period: 22.FEB.21 - 24.FEB.22  12 Fixings One Guaranteed Period,USD,,USD,-0.00411961,2021-02-23,1,,,,,,1000800,m2,,83663279,83663279,GBP,GBP,CURRENCY,GBP,2021-02-22,GBP,0,GBP,0,,,,,,,,,,GBP,0,GBP,-0,,,,,,,,,1.410451,,,,,,,,,,,,
,020,SEL,Opening Sell 1 SARA 000142701602 @ 20 USD,lghths-sg,688444934,Security Transaction,Opening Sell,SAR,688444934,m2,83663279.6000,83663279,83663279.6000,USD,USD,000142701602,SARA,000142701602,2021-02-22,2021-02-23,USD,-2000,USD,-1786,m2,,,,,,,,,,,,Option,US/United States of America,Alphabet Inc Call 21.05.2021 2500 (GOOG US),USD,,USD,18.6,2021-02-22,100,,,,,,-1,m2,83663279.6000,83663279,83663279.4000/USD/KK,USD,USD,CURRENCY,USD,2021-02-22,USD,1786,USD,1786,100,2500,2021-05-21,C,ISIN,US02079K1079,Alphabet Inc -C-,Share,S,USD,20,USD,-2000,EXE,USD,-200,Stex Commissions,VAT,USD,-14,VAT,,,,,,,,,,,,,
,020,SEL,Opening Sell 2 SARA 000142685168 @ 23.3 USD,lghths-sg,688370845,Security Transaction,Opening Sell,SAR,688370845,m2,83663279.6000,83663279,83663279.6000,USD,USD,000142685168,SARA,000142685168,2021-02-19,2021-02-22,USD,-4660,USD,-4446,m2,,,,,,,,,,,,Option,US/United States of America,Alphabet Inc Call 21.05.2021 2500 (GOOGL US),USD,,USD,17.55,2021-02-22,100,,,,,,-2,m2,83663279.6000,83663279,83663279.4000/USD/KK,USD,USD,CURRENCY,USD,2021-02-19,USD,4446,USD,4446,100,2500,2021-05-21,C,ISIN,US02079K3059,Alphabet Inc -A-,Share,S,USD,23.3,USD,-4660,EXE,USD,-200,Stex Commissions,VAT,USD,-14,VAT,,,,,,,,,,,,,
,020,SEL,Assignment 900 ISIN US4581401001,lghths-sg,688345763,Security Transaction,Assignment,SAR,688345763,m2,83663279.6000,83663279,83663279.6000,USD,USD,US4581401001,,,2021-02-19,2021-02-23,USD,-47250,USD,-47223.95,m2,FOR,USD,-26.05,Foreign Charges,ISIN,US4581401001,Valor,941595,Bloomberg,INTC UQ,US4581401001,Share,US/United States of America,Intel Corp,USD,,USD,60.71,2021-02-22,1,,,,,,-900,m2,83663279.6000,83663279,83663279.4000/USD/KK,USD,USD,CURRENCY,USD,2021-02-19,USD,47223.95,USD,47223.95,,,,,,,,,,USD,52.5,USD,-47250,,,,,,,,,,SARA,000000419639,,,,,,,,,,
,020,AIN,Assignment 2 SARA 000141594283,lghths-sg,688345764,Security Transaction,Assignment,SAR,688345764,m2,83663279.6000,83663279,83663279.6000,USD,USD,000141594283,SARA,000141594283,2021-02-19,2021-02-23,USD,0,USD,0,,,,,,,,,,,,,Option,US/United States of America,Alphabet Inc Call 19.02.2021 1900 (GOOG US),USD,,USD,205.50,2021-02-19,100,,,,,,2,,,,,,,,,,,,,,100,1900,2021-02-19,C,ISIN,US02079K1079,Alphabet Inc -C-,Share,S,USD,0,USD,0,,,,,,,,,,,,,,,,,,,,,
,020,SEL,Assignment 200 ISIN US02079K1079,lghths-sg,688345764,Security Transaction,Assignment,SAR,688345764,m2,83663279.6000,83663279,83663279.6000,USD,USD,US02079K1079,,,2021-02-19,2021-02-23,USD,-380000,USD,-379966.6,m2,FOR,USD,-33.4,Foreign Charges,ISIN,US02079K1079,Valor,29798545,SARA,000126334673,US02079K1079,Share,US/United States of America,Alphabet Inc -C-,USD,,USD,2070.86,2021-02-22,1,,,,,,-200,m2,83663279.6000,83663279,83663279.4000/USD/KK,USD,USD,CURRENCY,USD,2021-02-19,USD,379966.6,USD,379966.6,,,,,,,,,,USD,1900,USD,-380000,,,,,,,,,,,,,,,,,,,,,
,020,OPN,Raise loan,lghths-sg,687976423,Deposits & Loans Transaction,Raise Loan,SAR,688345764,m2,83676187.6000,83676187,83676187,USD,USD,USD,CURRENCY,USD,2021-02-23,2021-02-23,USD,-261174.89,USD,-261174.89,,,,,,,,,,,,,MoneyMarket,,USD Fixed Loan,,,,,,,,,,,,,m2,83676187.6000,83676187,83676187.4000/USD/KK,USD,USD,CURRENCY,USD,2021-02-23,USD,261174.89,USD,261174.89,,,,,,,,,,,,,,,,,,,,,,,,,Loan,Fixed,2021-03-09,USD,-261174.89,1.05,142706620,s/t Fixed Advance Fix USD 1.05% 23.02.2021-09.03,2021-03-09,2021-02-23
,020,CLS,Close Loan,lghths-sg,688449191,Deposits & Loans Transaction,Close Loan,SAR,688345764,m2,83663279.6000,83663279,83663279,USD,USD,USD,CURRENCY,USD,2021-02-23,2021-02-23,USD,383182.71,USD,383182.71,m2,CIP,USD,-9.9,Interest Paid,,,,,,,,MoneyMarket,,USD Fixed Loan,,,,,,,,,,,,,m2,83663279.6000,83663279,83663279.4000/USD/KK,USD,USD,CURRENCY,USD,2021-02-23,USD,-383192.61,USD,-383192.61,,,,,,,,,,,,,,,,,,,,,,,,,Loan,Fixed,2021-02-23,USD,-383182.71,0.93,142695446,s/t Fixed Advance Fix USD 0.93% 22.02.2021-23.02,2021-02-23,2021-02-22
