tkn,m2xmlReleaseNo,mvmtHdr.@mvmtTp,mvmtHdr.cmt,mvmtSrc.ctlr,mvmtSrc.ctlrMvmtRef,mvmtSrc.srcRecType,mvmtSrc.srcTransType,extSys.extSysID,extSys.extSysRef,hldCpt1.@amtScheme,hldCpt1.hldId.ptfl,hldCpt1.hldId.ctlrOwnr,hldCpt1.hldId.ctlrAcct,hldCpt1.hldId.ownrRefCcy,hldCpt1.hldId.ccy,hldCpt1.hldId.asst,hldCpt1.hldId.asstIDs.asstRef.0.@refType,hldCpt1.hldId.asstIDs.asstRef.0.#text,hldCpt1.hldId.asstIDs.asstRef.1.@refType,hldCpt1.hldId.asstIDs.asstRef.1.#text,hldCpt1.hldId.asstIDs.asstRef.2.@refType,hldCpt1.hldId.asstIDs.asstRef.2.#text,hldCpt1.hldId.asstDetail.isin,hldCpt1.hldId.asstDetail.type,hldCpt1.hldId.asstDetail.cntry,hldCpt1.hldId.asstDetail.desc,hldCpt1.hldId.asstDetail.issueCcy,hldCpt1.hldId.asstDetail.issueDate,hldCpt1.hldId.asstDetail.latestPrc.@ccy,hldCpt1.hldId.asstDetail.latestPrc.#text,hldCpt1.hldId.asstDetail.latestPrcDate,hldCpt1.hldId.asstDetail.prcFactor,hldCpt1.hldId.asstDetail.asstBondDetails.matDate,hldCpt1.hldId.asstDetail.asstBondDetails.intRate,hldCpt1.hldId.asstDetail.asstBondDetails.calcBasis,hldCpt1.hldId.asstDetail.asstBondDetails.intFreq,hldCpt1.hldId.asstDetail.asstBondDetails.intDate,hldCpt1.hldId.asstDetail.asstBondDetails.intCcy,hldCpt1.hldId.asstDetail.asstBondDetails.rating,hldCpt1.effDt,hldCpt1.settleDt,hldCpt1.qty,hldCpt1.prc.@ccy,hldCpt1.prc.#text,hldCpt1.grTrdAmt.@ccy,hldCpt1.grTrdAmt.#text,hldCpt1.grAmt.@ccy,hldCpt1.grAmt.#text,hldCpt1.netAmt.@ccy,hldCpt1.netAmt.#text,hldCpt2.@amtScheme,hldCpt2.hldId.ptfl,hldCpt2.hldId.ctlrOwnr,hldCpt2.hldId.ctlrAcct,hldCpt2.hldId.ccy,hldCpt2.hldId.asst,hldCpt2.hldId.asstIDs.asstRef.@refType,hldCpt2.hldId.asstIDs.asstRef.#text,hldCpt2.effDt,hldCpt2.grAmt.@ccy,hldCpt2.grAmt.#text,hldCpt2.netAmt.@ccy,hldCpt2.netAmt.#text,chrgGp.@amtScheme,chrgGp.chrgCpt.ctgy,chrgGp.chrgCpt.ctgyAmt.@ccy,chrgGp.chrgCpt.ctgyAmt.#text,chrgGp.chrgCpt.chrgDesc
,020,SEL,"Bond Redemption 200,000 ISIN XS1791728790 @ 100 USD",lghths-sg,702377635,Security Transaction,Bond Redemption,SAR,702377635,m2,83663279.6000,83663279,83663279.6000,USD,USD,XS1791728790,ISIN,XS1791728790,Valor,41516072,SARA,000134464876,XS1791728790,Bond,SG/Singapore,7.25% Global Prime Capital Pte Ltd Gtd.Bonds 2018-2021,USD,2018-04-26,USD,100.00,2021-04-23,.01,2021-04-26,0.0,30E/360,2,2018-10-26,USD,BB-,2021-04-26,2021-04-26,-200000,USD,100,USD,-200000,USD,-200000,USD,-200000,m2,83663279.6000,83663279,83663279.4000/USD/KK,USD,USD,CURRENCY,USD,2021-04-26,USD,200000,USD,200000,,,,,
,020,COU,"Interest 200,000 ISIN XS1791728790",lghths-sg,702377526,Cash Transaction,Interest,SAR,702377526,m2,83676187.6000,83676187,83676187.6000,USD,USD,XS1791728790,ISIN,XS1791728790,Valor,41516072,SARA,000134464876,XS1791728790,Bond,SG/Singapore,7.25% Global Prime Capital Pte Ltd Gtd.Bonds 2018-2021,USD,2018-04-26,USD,100.00,2021-04-23,.01,2021-04-26,0.0,30E/360,2,2018-10-26,USD,BB-,2021-04-27,2021-04-26,200000,,,,,USD,7250,USD,7250,m2,83676187.6000,83676187,83676187.4000/USD/KK,USD,USD,CURRENCY,USD,2021-04-27,USD,7250,USD,7250,,,,,
,020,COU,"Interest 200,000 ISIN XS1791728790",lghths-sg,702377527,Cash Transaction,Interest,SAR,702377527,m2,83663293.6000,83663293,83663293.6000,USD,USD,XS1791728790,ISIN,XS1791728790,Valor,41516072,SARA,000134464876,XS1791728790,Bond,SG/Singapore,7.25% Global Prime Capital Pte Ltd Gtd.Bonds 2018-2021,USD,2018-04-26,USD,100.00,2021-04-23,.01,2021-04-26,0.0,30E/360,2,2018-10-26,USD,BB-,2021-04-27,2021-04-26,200000,,,,,USD,7250,USD,7250,m2,83663293.6000,83663293,83663293.4000/USD/KK,USD,USD,CURRENCY,USD,2021-04-27,USD,7250,USD,7250,,,,,
,020,COU,"Interest 200,000 ISIN XS1791728790",lghths-sg,702377528,Cash Transaction,Interest,SAR,702377528,m2,83663279.6000,83663279,83663279.6000,USD,USD,XS1791728790,ISIN,XS1791728790,Valor,41516072,SARA,000134464876,XS1791728790,Bond,SG/Singapore,7.25% Global Prime Capital Pte Ltd Gtd.Bonds 2018-2021,USD,2018-04-26,USD,100.00,2021-04-23,.01,2021-04-26,0.0,30E/360,2,2018-10-26,USD,BB-,2021-04-27,2021-04-26,200000,,,,,USD,7250,USD,7250,m2,83663279.6000,83663279,83663279.4000/USD/KK,USD,USD,CURRENCY,USD,2021-04-27,USD,7250,USD,7250,,,,,
,020,SEL,"Bond Redemption 200,000 ISIN XS1791728790 @ 100 USD",lghths-sg,702377632,Security Transaction,Bond Redemption,SAR,702377632,m2,83676187.6000,83676187,83676187.6000,USD,USD,XS1791728790,ISIN,XS1791728790,Valor,41516072,SARA,000134464876,XS1791728790,Bond,SG/Singapore,7.25% Global Prime Capital Pte Ltd Gtd.Bonds 2018-2021,USD,2018-04-26,USD,100.00,2021-04-23,.01,2021-04-26,0.0,30E/360,2,2018-10-26,USD,BB-,2021-04-26,2021-04-26,-200000,USD,100,USD,-200000,USD,-200000,USD,-200000,m2,83676187.6000,83676187,83676187.4000/USD/KK,USD,USD,CURRENCY,USD,2021-04-26,USD,200000,USD,200000,,,,,
,020,AOU,"Structured Products 1,160 Valor 111099171 @ 6.866 GBP",lghths-sg,702422196,Security Transaction,Structured Products,SAR,702422196,m2,83663293.6000,83663293,83663293.6000,USD,GBP,111099171,Valor,111099171,SARA,000143132148,,,,Hybrid,,Stock Forward Accumulator  2x Leveraged on Imperial Brands Plc (IMB LN) Period: 12.APR.21 - 11.APR.22  254 Days Strike: GBP 13.6618  Knock-Out: GBP 16.3929,GBP,,GBP,-0.379909907,2021-04-26,1,,,,,,,,2021-04-26,2021-04-28,-1160,GBP,6.8659,GBP,-7964.46,GBP,-7964.46,GBP,-7964.46,,,,,,,,,,,,,,,,,,
,020,BUY,Structured Products 580 ISIN GB0004544929,lghths-sg,702422196,Security Transaction,Structured Products,SAR,702422196,m2,83663293.6000,83663293,83663293.6000,USD,GBP,GB0004544929,ISIN,GB0004544929,Valor,517719,SARA,000000416171,GB0004544929,Share,GB/United Kingdom,Imperial Brands Plc,GBP,,GBP,14.795,2021-04-27,1,,,,,,,,2021-04-26,2021-04-28,580,GBP,13.6618,GBP,7923.84,GBP,7923.84,GBP,7964.46,m2,83663293.6000,83663293,83663293.4001/GBP/KK,GBP,GBP,CURRENCY,GBP,2021-04-26,GBP,-7964.46,GBP,-7964.46,m2,STM,GBP,-40.62,UK Stamp Tax
,020,SEL,"Bond Redemption 200,000 ISIN XS1791728790 @ 100 USD",lghths-sg,702377633,Security Transaction,Bond Redemption,SAR,702377633,m2,83663293.6000,83663293,83663293.6000,USD,USD,XS1791728790,ISIN,XS1791728790,Valor,41516072,SARA,000134464876,XS1791728790,Bond,SG/Singapore,7.25% Global Prime Capital Pte Ltd Gtd.Bonds 2018-2021,USD,2018-04-26,USD,100.00,2021-04-23,.01,2021-04-26,0.0,30E/360,2,2018-10-26,USD,BB-,2021-04-26,2021-04-26,-200000,USD,100,USD,-200000,USD,-200000,USD,-200000,m2,83663293.6000,83663293,83663293.4000/USD/KK,USD,USD,CURRENCY,USD,2021-04-26,USD,200000,USD,200000,,,,,
