tkn,m2xmlReleaseNo,mvmtHdr.@mvmtTp,mvmtHdr.cmt,mvmtSrc.ctlr,mvmtSrc.ctlrMvmtRef,mvmtSrc.srcRecType,mvmtSrc.srcTransType,extSys.extSysID,extSys.extSysRef,hldCpt1.@amtScheme,hldCpt1.hldId.ptfl,hldCpt1.hldId.ctlrOwnr,hldCpt1.hldId.ctlrAcct,hldCpt1.hldId.ownrRefCcy,hldCpt1.hldId.ccy,hldCpt1.hldId.asst,hldCpt1.hldId.asstIDs.asstRef.@refType,hldCpt1.hldId.asstIDs.asstRef.#text,hldCpt1.effDt,hldCpt1.settleDt,hldCpt1.grAmt.@ccy,hldCpt1.grAmt.#text,hldCpt1.netAmt.@ccy,hldCpt1.netAmt.#text,chrgGp.@amtScheme,chrgGp.chrgCpt.0.ctgy,chrgGp.chrgCpt.0.ctgyAmt.@ccy,chrgGp.chrgCpt.0.ctgyAmt.#text,chrgGp.chrgCpt.0.chrgDesc,chrgGp.chrgCpt.1.ctgy,chrgGp.chrgCpt.1.ctgyAmt.@ccy,chrgGp.chrgCpt.1.ctgyAmt.#text,chrgGp.chrgCpt.1.chrgDesc,hldCpt1.hldId.asstDetail.type,hldCpt1.hldId.asstDetail.desc,hldCpt1.hldId.asstDetail.asstMnyMktDetails.mnyMktType,hldCpt1.hldId.asstDetail.asstMnyMktDetails.mnyMktTerm.@termType,hldCpt1.hldId.asstDetail.asstMnyMktDetails.mnyMktTerm.#text,hldCpt1.hldId.asstDetail.asstMnyMktDetails.mnyMktAmt.@ccy,hldCpt1.hldId.asstDetail.asstMnyMktDetails.mnyMktAmt.#text,hldCpt1.hldId.asstDetail.asstMnyMktDetails.intRate,hldCpt1.hldId.asstDetail.asstMnyMktDetails.mnyMktRef,hldCpt1.hldId.asstDetail.asstMnyMktDetails.mnyMktName,hldCpt1.hldId.asstDetail.asstMnyMktDetails.matDate,hldCpt1.hldId.asstDetail.asstMnyMktDetails.startDate,hldCpt2.@amtScheme,hldCpt2.hldId.ptfl,hldCpt2.hldId.ctlrOwnr,hldCpt2.hldId.ctlrAcct,hldCpt2.hldId.ccy,hldCpt2.hldId.asst,hldCpt2.hldId.asstIDs.asstRef.@refType,hldCpt2.hldId.asstIDs.asstRef.#text,hldCpt2.effDt,hldCpt2.grAmt.@ccy,hldCpt2.grAmt.#text,hldCpt2.netAmt.@ccy,hldCpt2.netAmt.#text,chrgGp.chrgCpt.ctgy,chrgGp.chrgCpt.ctgyAmt.@ccy,chrgGp.chrgCpt.ctgyAmt.#text,chrgGp.chrgCpt.chrgDesc
,020,PBM,Transfer safe custody/services fee,lghths-sg,690269992,Cash Transaction,Transfer safe custody/services fee,SAR,690269992,m2,83677193.6000,83677193,83677193.4000/USD/KK,USD,USD,USD,CURRENCY,USD,2021-03-17,2021-03-31,USD,0,USD,-10291.28,m2,ADM,USD,-9618.02,Custody Fee,VAT,USD,-673.26,VAT,,,,,,,,,,,,,,,,,,,,,,,,,,,,,
,020,PBM,Transfer safe custody/services fee,lghths-sg,690269347,Cash Transaction,Transfer safe custody/services fee,SAR,690269347,m2,83676187.6000,83676187,83676187.4000/USD/KK,USD,USD,USD,CURRENCY,USD,2021-03-17,2021-03-31,USD,0,USD,-956.52,m2,ADM,USD,-893.94,Custody Fee,VAT,USD,-62.58,VAT,,,,,,,,,,,,,,,,,,,,,,,,,,,,,
,020,PBM,Transfer safe custody/services fee,lghths-sg,690269891,Cash Transaction,Transfer safe custody/services fee,SAR,690269891,m2,83667931.6000,83667931,83667931.4000/USD/KK,USD,USD,USD,CURRENCY,USD,2021-03-17,2021-03-31,USD,0,USD,-186.64,m2,ADM,USD,-174.43,Custody Fee,VAT,USD,-12.21,VAT,,,,,,,,,,,,,,,,,,,,,,,,,,,,,
,020,CLS,Close Loan,lghths-sg,693448297,Deposits & Loans Transaction,Close Loan,SAR,690269891,m2,83663293.6000,83663293,83663293,USD,USD,USD,CURRENCY,USD,2021-03-17,2021-03-19,USD,379670.67,USD,379670.67,m2,,,,,,,,,MoneyMarket,USD Fixed Loan,Loan,Fixed,2021-03-19,USD,0,0.94,142869009,s/t Fixed Advance Fix USD 0.94% 12.03.2021-19.03,2021-03-19,2021-03-12,m2,83663293.6000,83663293,83663293.4000/USD/KK,USD,USD,CURRENCY,USD,2021-03-17,USD,-379740.07,USD,-379740.07,CIP,USD,-69.4,Interest Paid
,020,CLS,Close Loan,lghths-sg,693447744,Deposits & Loans Transaction,Close Loan,SAR,690269891,m2,83663293.6000,83663293,83663293,USD,USD,USD,CURRENCY,USD,2021-03-17,2021-03-19,USD,102817.94,USD,102817.94,m2,,,,,,,,,MoneyMarket,USD Fixed Loan,Loan,Fixed,2021-03-19,USD,-102817.94,0.94,142857215,s/t Fixed Advance Fix USD 0.94% 11.03.2021-19.03,2021-03-19,2021-03-11,m2,83663293.6000,83663293,83663293.4000/USD/KK,USD,USD,CURRENCY,USD,2021-03-17,USD,-102839.42,USD,-102839.42,CIP,USD,-21.48,Interest Paid
