tkn,m2xmlReleaseNo,mvmtHdr.@mvmtTp,mvmtHdr.cmt,mvmtSrc.ctlr,mvmtSrc.ctlrMvmtRef,mvmtSrc.srcRecType,mvmtSrc.srcTransType,extSys.extSysID,extSys.extSysRef,hldCpt1.@amtScheme,hldCpt1.hldId.ptfl,hldCpt1.hldId.ctlrOwnr,hldCpt1.hldId.ctlrAcct,hldCpt1.hldId.ownrRefCcy,hldCpt1.hldId.ccy,hldCpt1.hldId.asst,hldCpt1.hldId.asstIDs.asstRef.@refType,hldCpt1.hldId.asstIDs.asstRef.#text,hldCpt1.hldId.asstDetail.type,hldCpt1.hldId.asstDetail.desc,hldCpt1.hldId.asstDetail.asstMnyMktDetails.mnyMktType,hldCpt1.hldId.asstDetail.asstMnyMktDetails.mnyMktTerm.@termType,hldCpt1.hldId.asstDetail.asstMnyMktDetails.mnyMktTerm.#text,hldCpt1.hldId.asstDetail.asstMnyMktDetails.mnyMktAmt.@ccy,hldCpt1.hldId.asstDetail.asstMnyMktDetails.mnyMktAmt.#text,hldCpt1.hldId.asstDetail.asstMnyMktDetails.intRate,hldCpt1.hldId.asstDetail.asstMnyMktDetails.mnyMktRef,hldCpt1.hldId.asstDetail.asstMnyMktDetails.mnyMktName,hldCpt1.hldId.asstDetail.asstMnyMktDetails.matDate,hldCpt1.hldId.asstDetail.asstMnyMktDetails.startDate,hldCpt1.effDt,hldCpt1.settleDt,hldCpt1.grAmt.@ccy,hldCpt1.grAmt.#text,hldCpt1.netAmt.@ccy,hldCpt1.netAmt.#text,hldCpt2.@amtScheme,hldCpt2.hldId.ptfl,hldCpt2.hldId.ctlrOwnr,hldCpt2.hldId.ctlrAcct,hldCpt2.hldId.ccy,hldCpt2.hldId.asst,hldCpt2.hldId.asstIDs.asstRef.@refType,hldCpt2.hldId.asstIDs.asstRef.#text,hldCpt2.effDt,hldCpt2.grAmt.@ccy,hldCpt2.grAmt.#text,hldCpt2.netAmt.@ccy,hldCpt2.netAmt.#text,chrgGp.@amtScheme,chrgGp.chrgCpt.ctgy,chrgGp.chrgCpt.ctgyAmt.@ccy,chrgGp.chrgCpt.ctgyAmt.#text,chrgGp.chrgCpt.chrgDesc,hldCpt1.hldId.asstIDs.asstRef.0.@refType,hldCpt1.hldId.asstIDs.asstRef.0.#text,hldCpt1.hldId.asstIDs.asstRef.1.@refType,hldCpt1.hldId.asstIDs.asstRef.1.#text,hldCpt1.hldId.asstIDs.asstRef.2.@refType,hldCpt1.hldId.asstIDs.asstRef.2.#text,hldCpt1.hldId.asstIDs.asstRef.3.@refType,hldCpt1.hldId.asstIDs.asstRef.3.#text,hldCpt1.hldId.asstDetail.isin,hldCpt1.hldId.asstDetail.cntry,hldCpt1.hldId.asstDetail.issueCcy,hldCpt1.hldId.asstDetail.latestPrc.@ccy,hldCpt1.hldId.asstDetail.latestPrc.#text,hldCpt1.hldId.asstDetail.latestPrcDate,hldCpt1.hldId.asstDetail.prcFactor,hldCpt1.qty,hldCpt1.grDivPerShare.@ccy,hldCpt1.grDivPerShare.#text,hldCpt1.netDivPerShare.@ccy,hldCpt1.netDivPerShare.#text,hldCpt1.hldId.asstDetail.issueDate,hldCpt1.hldId.asstDetail.asstBondDetails.matDate,hldCpt1.hldId.asstDetail.asstBondDetails.intRate,hldCpt1.hldId.asstDetail.asstBondDetails.calcBasis,hldCpt1.hldId.asstDetail.asstBondDetails.intFreq,hldCpt1.hldId.asstDetail.asstBondDetails.intDate,hldCpt1.hldId.asstDetail.asstBondDetails.intCcy,hldCpt1.prc.@ccy,hldCpt1.prc.#text,hldCpt1.grTrdAmt.@ccy,hldCpt1.grTrdAmt.#text
,020,CLS,Close Loan,lghths-sg,705250789,Deposits & Loans Transaction,Close Loan,SAR,705489281,m2,83667931.6000,83667931,83667931,USD,USD,USD,CURRENCY,USD,MoneyMarket,USD Fixed Loan,Loan,Fixed,2021-05-11,USD,0,1.17775,143368868,s/t Fixed Advance Fix USD 1.17775% 04.05.2021-11,2021-05-11,2021-05-04,2021-05-07,2021-05-11,USD,333904.94,USD,333904.94,m2,83667931.6000,83667931,83667931.4000/USD/KK,USD,USD,CURRENCY,USD,2021-05-07,USD,-333981.41,USD,-333981.41,m2,CIP,USD,-76.47,Interest Paid,,,,,,,,,,,,,,,,,,,,,,,,,,,,,,,
,020,DIV,"Dividend Cash 1,600 ISIN US57636Q1040 @ 0.44 USD",lghths-sg,705459765,Cash Transaction,Dividend Cash,SAR,705459765,m2,83677193.6000,83677193,83677193.6000,USD,USD,US57636Q1040,,,Share,Mastercard Inc -A-,,,,,,,,,,,2021-05-07,2021-05-07,USD,704,USD,492.8,m2,83677193.6000,83677193,83677193.4000/USD/KK,USD,USD,CURRENCY,USD,2021-05-07,USD,492.8,USD,492.8,m2,WTH,USD,-211.2,Withholding Tax,ISIN,US57636Q1040,Valor,2282206,Bloomberg,MA UN,SARA,000005979694,US57636Q1040,US/United States of America,USD,USD,375.48,2021-05-06,1,1600,USD,0.44,USD,0.308,,,,,,,,,,,
,020,DIV,"Dividend Cash 10,680 ISIN LU0927735406 @ 0.453 USD",lghths-sg,705450075,Cash Transaction,Dividend Cash,SAR,705450075,m2,83677193.6000,83677193,83677193.6000,USD,USD,LU0927735406,,,Fund,Xtrackers Sicav-MSCI Japan UCITS ETF (USD) -2D- Distribution,,,,,,,,,,,2021-05-07,2021-05-06,USD,4833.77,USD,4833.77,m2,83677193.6000,83677193,83677193.4000/USD/KK,USD,USD,CURRENCY,USD,2021-05-07,USD,4833.77,USD,4833.77,,,,,,ISIN,LU0927735406,Valor,21557276,SARA,000110737610,,,LU0927735406,LU/Luxembourg,USD,USD,26.265,2021-05-07,1,10680,USD,0.4526,USD,0.4526,,,,,,,,,,,
,020,COU,"Interest 200,000 ISIN XS1062931396",lghths-sg,705479719,Cash Transaction,Interest,SAR,705479719,m2,83676187.6000,83676187,83676187.6000,USD,USD,XS1062931396,,,Bond,5.75% TML Holdings Pte Ltd Notes 2014-2021 Senior,,,,,,,,,,,2021-05-07,2021-05-07,USD,5750,USD,5750,m2,83676187.6000,83676187,83676187.4000/USD/KK,USD,USD,CURRENCY,USD,2021-05-07,USD,5750,USD,5750,,,,,,ISIN,XS1062931396,Valor,24364749,SARA,000117861202,,,XS1062931396,SG/Singapore,USD,USD,100.134,2021-05-06,.01,200000,,,,,2014-05-07,2021-05-07,0.0,30/360,2,2014-11-07,USD,,,,
,020,COU,"Interest 400,000 ISIN XS1062931396",lghths-sg,705479713,Cash Transaction,Interest,SAR,705479713,m2,83663279.6000,83663279,83663279.6000,USD,USD,XS1062931396,,,Bond,5.75% TML Holdings Pte Ltd Notes 2014-2021 Senior,,,,,,,,,,,2021-05-07,2021-05-07,USD,11500,USD,11500,m2,83663279.6000,83663279,83663279.4000/USD/KK,USD,USD,CURRENCY,USD,2021-05-07,USD,11500,USD,11500,,,,,,ISIN,XS1062931396,Valor,24364749,SARA,000117861202,,,XS1062931396,SG/Singapore,USD,USD,100.134,2021-05-06,.01,400000,,,,,2014-05-07,2021-05-07,0.0,30/360,2,2014-11-07,USD,,,,
,020,CLS,Close Loan,lghths-sg,705251355,Deposits & Loans Transaction,Close Loan,SAR,705489281,m2,83663293.6000,83663293,83663293,USD,EUR,EUR,CURRENCY,EUR,MoneyMarket,EUR Fixed Loan,Loan,Fixed,2021-05-11,EUR,-278601.17,0.65,143380397,s/t Fixed Advance Fix EUR 0.65% 04.05.2021-11.05,2021-05-11,2021-05-04,2021-05-07,2021-05-11,EUR,278601.17,EUR,278601.17,m2,83663293.6000,83663293,83663293.4003/EUR/KK,EUR,EUR,CURRENCY,EUR,2021-05-07,EUR,-278636.38,EUR,-278636.38,m2,CIP,EUR,-35.21,Interest Paid,,,,,,,,,,,,,,,,,,,,,,,,,,,,,,,
,020,SEL,"Bond Redemption 200,000 ISIN XS1062931396 @ 100 USD",lghths-sg,705489291,Security Transaction,Bond Redemption,SAR,705489291,m2,83676187.6000,83676187,83676187.6000,USD,USD,XS1062931396,,,Bond,5.75% TML Holdings Pte Ltd Notes 2014-2021 Senior,,,,,,,,,,,2021-05-07,2021-05-07,USD,-200000,USD,-200000,m2,83676187.6000,83676187,83676187.4000/USD/KK,USD,USD,CURRENCY,USD,2021-05-07,USD,200000,USD,200000,,,,,,ISIN,XS1062931396,Valor,24364749,SARA,000117861202,,,XS1062931396,SG/Singapore,USD,USD,100.134,2021-05-06,.01,-200000,,,,,2014-05-07,2021-05-07,0.0,30/360,2,2014-11-07,USD,USD,100,USD,-200000
,020,AIN,"Split 118,800 ISIN SGXC23524413 @ 2.533 EUR",lghths-sg,705493358,Security Transaction,Split,SAR,705493358,m2,83663293.6000,83663293,83663293.6000,USD,EUR,SGXC23524413,,,Share,Cromwell European REIT,,,,,,,,,,,2021-05-05,2021-05-07,EUR,300900.82,EUR,300900.82,,,,,,,,,,,,,,,,,,,ISIN,SGXC23524413,Valor,110642511,SARA,000143392472,,,SGXC23524413,SG/Singapore,EUR,EUR,2.38,2021-05-07,1,118800,,,,,,,,,,,,EUR,2.5328,EUR,300900.82
,020,AOU,"Split 594,000 ISIN SG1EA8000000 @ 0.507 EUR",lghths-sg,705493358,Security Transaction,Split,SAR,705493358,m2,83663293.6000,83663293,83663293.6000,USD,EUR,SG1EA8000000,,,Share,Cromwell European REIT RegS,,,,,,,,,,,2021-05-05,2021-05-07,EUR,-300900.82,EUR,-300900.82,,,,,,,,,,,,,,,,,,,ISIN,SG1EA8000000,Valor,38279664,SARA,000133641831,,,SG1EA8000000,SG/Singapore,EUR,EUR,0.495,2021-05-04,1,-594000,,,,,,,,,,,,EUR,0.5066,EUR,-300900.82
,020,SEL,"Bond Redemption 400,000 ISIN XS1062931396 @ 100 USD",lghths-sg,705489281,Security Transaction,Bond Redemption,SAR,705489281,m2,83663279.6000,83663279,83663279.6000,USD,USD,XS1062931396,,,Bond,5.75% TML Holdings Pte Ltd Notes 2014-2021 Senior,,,,,,,,,,,2021-05-07,2021-05-07,USD,-400000,USD,-400000,m2,83663279.6000,83663279,83663279.4000/USD/KK,USD,USD,CURRENCY,USD,2021-05-07,USD,400000,USD,400000,,,,,,ISIN,XS1062931396,Valor,24364749,SARA,000117861202,,,XS1062931396,SG/Singapore,USD,USD,100.134,2021-05-06,.01,-400000,,,,,2014-05-07,2021-05-07,0.0,30/360,2,2014-11-07,USD,USD,100,USD,-400000
,020,CLS,Close Loan,lghths-sg,705251337,Deposits & Loans Transaction,Close Loan,SAR,705489281,m2,83663293.6000,83663293,83663293,USD,GBP,GBP,CURRENCY,GBP,MoneyMarket,GBP Fixed Loan,Loan,Fixed,2021-05-11,GBP,-216866.19,0.89475,143380372,s/t Fixed Advance Fix GBP 0.89475% 04.05.2021-11,2021-05-11,2021-05-04,2021-05-07,2021-05-11,GBP,216866.19,GBP,216866.19,m2,83663293.6000,83663293,83663293.4001/GBP/KK,GBP,GBP,CURRENCY,GBP,2021-05-07,GBP,-216903.4,GBP,-216903.4,m2,CIP,GBP,-37.21,Interest Paid,,,,,,,,,,,,,,,,,,,,,,,,,,,,,,,
,020,CLS,Close Loan,lghths-sg,705251053,Deposits & Loans Transaction,Close Loan,SAR,705489281,m2,83676187.6000,83676187,83676187,USD,USD,USD,CURRENCY,USD,MoneyMarket,USD Fixed Loan,Loan,Fixed,2021-05-11,USD,-50000,1.03,143376389,s/t Fixed Advance Fix USD 1.03% 04.05.2021-11.05,2021-05-11,2021-05-04,2021-05-07,2021-05-11,USD,50000,USD,50000,m2,83676187.6000,83676187,83676187.4000/USD/KK,USD,USD,CURRENCY,USD,2021-05-07,USD,-50010.01,USD,-50010.01,m2,CIP,USD,-10.01,Interest Paid,,,,,,,,,,,,,,,,,,,,,,,,,,,,,,,
,020,CLS,Close Loan,lghths-sg,705251320,Deposits & Loans Transaction,Close Loan,SAR,705489281,m2,83663279.6000,83663279,83663279,USD,GBP,GBP,CURRENCY,GBP,MoneyMarket,GBP Fixed Loan,Loan,Fixed,2021-05-11,GBP,-2088146.17,0.89475,143380271,s/t Fixed Advance Fix GBP 0.89475% 04.05.2021-11,2021-05-11,2021-05-04,2021-05-07,2021-05-11,GBP,2088146.17,GBP,2088146.17,m2,83663279.6000,83663279,83663279.4001/GBP/KK,GBP,GBP,CURRENCY,GBP,2021-05-07,GBP,-2088504.49,GBP,-2088504.49,m2,CIP,GBP,-358.32,Interest Paid,,,,,,,,,,,,,,,,,,,,,,,,,,,,,,,
,020,CLS,Close Loan,lghths-sg,705251329,Deposits & Loans Transaction,Close Loan,SAR,705489281,m2,83663293.6000,83663293,83663293,USD,USD,USD,CURRENCY,USD,MoneyMarket,USD Fixed Loan,Loan,Fixed,2021-05-11,USD,-415993.84,0.93,143380344,s/t Fixed Advance Fix USD 0.93% 04.05.2021-11.05,2021-05-11,2021-05-04,2021-05-07,2021-05-11,USD,415993.84,USD,415993.84,m2,83663293.6000,83663293,83663293.4000/USD/KK,USD,USD,CURRENCY,USD,2021-05-07,USD,-416069.07,USD,-416069.07,m2,CIP,USD,-75.23,Interest Paid,,,,,,,,,,,,,,,,,,,,,,,,,,,,,,,
,020,CLS,Close Loan,lghths-sg,705251346,Deposits & Loans Transaction,Close Loan,SAR,705489281,m2,83663293.6000,83663293,83663293,USD,HKD,HKD,CURRENCY,HKD,MoneyMarket,HKD Fixed Loan,Loan,Fixed,2021-05-11,HKD,-1455795.34,1.34,143380382,s/t Fixed Advance Fix HKD 1.34% 04.05.2021-11.05,2021-05-11,2021-05-04,2021-05-07,2021-05-11,HKD,1455795.34,HKD,1455795.34,m2,83663293.6000,83663293,83663293.4005/HKD/KK,HKD,HKD,CURRENCY,HKD,2021-05-07,HKD,-1456169.46,HKD,-1456169.46,m2,CIP,HKD,-374.12,Interest Paid,,,,,,,,,,,,,,,,,,,,,,,,,,,,,,,
