tkn,m2xmlReleaseNo,mvmtHdr.@mvmtTp,mvmtHdr.cmt,mvmtSrc.ctlr,mvmtSrc.ctlrMvmtRef,mvmtSrc.srcRecType,mvmtSrc.srcTransType,extSys.extSysID,extSys.extSysRef,hldCpt1.@amtScheme,hldCpt1.hldId.ptfl,hldCpt1.hldId.ctlrOwnr,hldCpt1.hldId.ctlrAcct,hldCpt1.hldId.ownrRefCcy,hldCpt1.hldId.ccy,hldCpt1.hldId.asst,hldCpt1.hldId.asstIDs.asstRef.0.@refType,hldCpt1.hldId.asstIDs.asstRef.0.#text,hldCpt1.hldId.asstIDs.asstRef.1.@refType,hldCpt1.hldId.asstIDs.asstRef.1.#text,hldCpt1.hldId.asstIDs.asstRef.2.@refType,hldCpt1.hldId.asstIDs.asstRef.2.#text,hldCpt1.hldId.asstIDs.asstRef.3.@refType,hldCpt1.hldId.asstIDs.asstRef.3.#text,hldCpt1.hldId.asstDetail.isin,hldCpt1.hldId.asstDetail.type,hldCpt1.hldId.asstDetail.cntry,hldCpt1.hldId.asstDetail.desc,hldCpt1.hldId.asstDetail.issueCcy,hldCpt1.hldId.asstDetail.latestPrc.@ccy,hldCpt1.hldId.asstDetail.latestPrc.#text,hldCpt1.hldId.asstDetail.latestPrcDate,hldCpt1.hldId.asstDetail.prcFactor,hldCpt1.effDt,hldCpt1.settleDt,hldCpt1.qty,hldCpt1.grDivPerShare.@ccy,hldCpt1.grDivPerShare.#text,hldCpt1.netDivPerShare.@ccy,hldCpt1.netDivPerShare.#text,hldCpt1.grAmt.@ccy,hldCpt1.grAmt.#text,hldCpt1.netAmt.@ccy,hldCpt1.netAmt.#text,hldCpt2.@amtScheme,hldCpt2.hldId.ptfl,hldCpt2.hldId.ctlrOwnr,hldCpt2.hldId.ctlrAcct,hldCpt2.hldId.ccy,hldCpt2.hldId.asst,hldCpt2.hldId.asstIDs.asstRef.@refType,hldCpt2.hldId.asstIDs.asstRef.#text,hldCpt2.effDt,hldCpt2.grAmt.@ccy,hldCpt2.grAmt.#text,hldCpt2.netAmt.@ccy,hldCpt2.netAmt.#text,chrgGp.@amtScheme,chrgGp.chrgCpt.ctgy,chrgGp.chrgCpt.ctgyAmt.@ccy,chrgGp.chrgCpt.ctgyAmt.#text,chrgGp.chrgCpt.chrgDesc,hldCpt1.hldId.asstDetail.issueDate,hldCpt1.hldId.asstDetail.asstBondDetails.matDate,hldCpt1.hldId.asstDetail.asstBondDetails.intRate,hldCpt1.hldId.asstDetail.asstBondDetails.calcBasis,hldCpt1.hldId.asstDetail.asstBondDetails.intFreq,hldCpt1.hldId.asstDetail.asstBondDetails.intDate,hldCpt1.hldId.asstDetail.asstBondDetails.intCcy,hldCpt1.hldId.asstDetail.asstBondDetails.rating,hldCpt1.prc.@ccy,hldCpt1.prc.#text,hldCpt1.grTrdAmt.@ccy,hldCpt1.grTrdAmt.#text,chrgGp.chrgCpt.0.ctgy,chrgGp.chrgCpt.0.ctgyAmt.@ccy,chrgGp.chrgCpt.0.ctgyAmt.#text,chrgGp.chrgCpt.0.chrgDesc,chrgGp.chrgCpt.1.ctgy,chrgGp.chrgCpt.1.ctgyAmt.@ccy,chrgGp.chrgCpt.1.ctgyAmt.#text,chrgGp.chrgCpt.1.chrgDesc,chrgGp.chrgCpt.2.ctgy,chrgGp.chrgCpt.2.ctgyAmt.@ccy,chrgGp.chrgCpt.2.ctgyAmt.#text,chrgGp.chrgCpt.2.chrgDesc,hldCpt1.hldId.asstIDs.asstRef.@refType,hldCpt1.hldId.asstIDs.asstRef.#text,hldCpt1.hldId.asstDetail.asstMnyMktDetails.mnyMktType,hldCpt1.hldId.asstDetail.asstMnyMktDetails.mnyMktTerm.@termType,hldCpt1.hldId.asstDetail.asstMnyMktDetails.mnyMktTerm.#text,hldCpt1.hldId.asstDetail.asstMnyMktDetails.mnyMktAmt.@ccy,hldCpt1.hldId.asstDetail.asstMnyMktDetails.mnyMktAmt.#text,hldCpt1.hldId.asstDetail.asstMnyMktDetails.intRate,hldCpt1.hldId.asstDetail.asstMnyMktDetails.mnyMktRef,hldCpt1.hldId.asstDetail.asstMnyMktDetails.mnyMktName,hldCpt1.hldId.asstDetail.asstMnyMktDetails.matDate,hldCpt1.hldId.asstDetail.asstMnyMktDetails.startDate
,020,DIV,"Dividend Cash 5,858 ISIN US5949181045 @ 0.56 USD",lghths-sg,692130045,Cash Transaction,Dividend Cash,SAR,692130045,m2,83677193.6000,83677193,83677193.6000,USD,USD,US5949181045,ISIN,US5949181045,Valor,951692,Bloomberg,MSFT US,SARA,000000420853,US5949181045,Share,US/United States of America,Microsoft Corp,USD,USD,234.81,2021-03-15,1,2021-03-16,2021-03-11,5858,USD,0.56,USD,0.392001,USD,3280.48,USD,2296.34,m2,83677193.6000,83677193,83677193.4000/USD/KK,USD,USD,CURRENCY,USD,2021-03-16,USD,2296.34,USD,2296.34,m2,WTH,USD,-984.14,Withholding Tax,,,,,,,,,,,,,,,,,,,,,,,,,,,,,,,,,,,,
,020,DIV,"Dividend Cash 1,771 ISIN LU1226288253 @ 0.55 USD",lghths-sg,693388826,Cash Transaction,Dividend Cash,SAR,693388826,m2,83663293.6000,83663293,83663293.6000,USD,USD,LU1226288253,ISIN,LU1226288253,Valor,27983955,SARA,000126337077,,,LU1226288253,Fund,LU/Luxembourg,UBS (LU) Key Selection Sicav- China Allocation Opportunity (USD) -P- 6% monthly Distribution,USD,USD,107.46,2021-03-15,1,2021-03-16,2021-03-15,1771,USD,0.55,USD,0.55,USD,974.05,USD,974.05,m2,83663293.6000,83663293,83663293.4000/USD/KK,USD,USD,CURRENCY,USD,2021-03-16,USD,974.05,USD,974.05,,,,,,,,,,,,,,,,,,,,,,,,,,,,,,,,,,,,,,,,,
,020,SEL,"Sell 300,000 ISIN XS1076957700 @ 109.875 USD",lghths-sg,693324942,Security Transaction,Sell,SAR,693324942,m2,83663293.6000,83663293,83663293.6000,USD,USD,XS1076957700,ISIN,XS1076957700,Valor,24686478,SARA,000123591011,,,XS1076957700,Bond,CH/Switzerland,6.25% Credit Suisse Group AG Contingent Convertible Floating Rate Notes  2014-Perpetual Reg-S Subordinated,USD,USD,109.75,2021-03-16,.01,2021-03-16,2021-03-18,-300000,,,,,USD,-334312.5,USD,-333418.22,m2,83663293.6000,83663293,83663293.4000/USD/KK,USD,USD,CURRENCY,USD,2021-03-16,USD,333418.22,USD,333418.22,m2,,,,,2014-06-18,2024-12-18,4.85,30/360,2,2015-06-18,USD,BB,USD,109.875,USD,-329625,EXE,USD,-835.78,Stex Commissions,CPN,USD,4687.5,Accrued Interest,VAT,USD,-58.5,VAT,,,,,,,,,,,,
,020,OPN,Raise loan,lghths-sg,692221286,Deposits & Loans Transaction,Raise Loan,SAR,693324942,m2,83667931.6000,83667931,83667931,USD,USD,USD,,,,,,,,,,MoneyMarket,,USD Fixed Loan,,,,,,2021-03-16,2021-03-16,,,,,,USD,-333179.67,USD,-333179.67,m2,83667931.6000,83667931,83667931.4000/USD/KK,USD,USD,CURRENCY,USD,2021-03-16,USD,333179.67,USD,333179.67,,,,,,,,,,,,,,,,,,,,,,,,,,,,,,CURRENCY,USD,Loan,Fixed,2021-03-23,USD,-333179.67,1.19,142918632,s/t Fixed Advance Fix USD 1.19% 16.03.2021-23.03,2021-03-23,2021-03-16
