tkn,m2xmlReleaseNo,mvmtHdr.@mvmtTp,mvmtHdr.cmt,mvmtSrc.ctlr,mvmtSrc.ctlrMvmtRef,mvmtSrc.srcRecType,mvmtSrc.srcTransType,extSys.extSysID,extSys.extSysRef,hldCpt1.@amtScheme,hldCpt1.hldId.ptfl,hldCpt1.hldId.ctlrOwnr,hldCpt1.hldId.ctlrAcct,hldCpt1.hldId.ownrRefCcy,hldCpt1.hldId.ccy,hldCpt1.hldId.asst,hldCpt1.hldId.asstIDs.asstRef.@refType,hldCpt1.hldId.asstIDs.asstRef.#text,hldCpt1.hldId.asstDetail.type,hldCpt1.hldId.asstDetail.desc,hldCpt1.hldId.asstDetail.asstMnyMktDetails.mnyMktType,hldCpt1.hldId.asstDetail.asstMnyMktDetails.mnyMktTerm.@termType,hldCpt1.hldId.asstDetail.asstMnyMktDetails.mnyMktTerm.#text,hldCpt1.hldId.asstDetail.asstMnyMktDetails.mnyMktAmt.@ccy,hldCpt1.hldId.asstDetail.asstMnyMktDetails.mnyMktAmt.#text,hldCpt1.hldId.asstDetail.asstMnyMktDetails.intRate,hldCpt1.hldId.asstDetail.asstMnyMktDetails.mnyMktRef,hldCpt1.hldId.asstDetail.asstMnyMktDetails.mnyMktName,hldCpt1.hldId.asstDetail.asstMnyMktDetails.matDate,hldCpt1.hldId.asstDetail.asstMnyMktDetails.startDate,hldCpt1.effDt,hldCpt1.settleDt,hldCpt1.grAmt.@ccy,hldCpt1.grAmt.#text,hldCpt1.netAmt.@ccy,hldCpt1.netAmt.#text,hldCpt2.@amtScheme,hldCpt2.hldId.ptfl,hldCpt2.hldId.ctlrOwnr,hldCpt2.hldId.ctlrAcct,hldCpt2.hldId.ccy,hldCpt2.hldId.asst,hldCpt2.hldId.asstIDs.asstRef.@refType,hldCpt2.hldId.asstIDs.asstRef.#text,hldCpt2.effDt,hldCpt2.grAmt.@ccy,hldCpt2.grAmt.#text,hldCpt2.netAmt.@ccy,hldCpt2.netAmt.#text,hldCpt1.hldId.asstIDs.asstRef.0.@refType,hldCpt1.hldId.asstIDs.asstRef.0.#text,hldCpt1.hldId.asstIDs.asstRef.1.@refType,hldCpt1.hldId.asstIDs.asstRef.1.#text,hldCpt1.hldId.asstIDs.asstRef.2.@refType,hldCpt1.hldId.asstIDs.asstRef.2.#text,hldCpt1.hldId.asstDetail.isin,hldCpt1.hldId.asstDetail.cntry,hldCpt1.hldId.asstDetail.issueCcy,hldCpt1.hldId.asstDetail.issueDate,hldCpt1.hldId.asstDetail.latestPrc.@ccy,hldCpt1.hldId.asstDetail.latestPrc.#text,hldCpt1.hldId.asstDetail.latestPrcDate,hldCpt1.hldId.asstDetail.prcFactor,hldCpt1.hldId.asstDetail.asstBondDetails.matDate,hldCpt1.hldId.asstDetail.asstBondDetails.intRate,hldCpt1.hldId.asstDetail.asstBondDetails.intFreq,hldCpt1.hldId.asstDetail.asstBondDetails.intDate,hldCpt1.hldId.asstDetail.asstBondDetails.intCcy,hldCpt1.qty,hldCpt1.prc.@ccy,hldCpt1.prc.#text,hldCpt1.grTrdAmt.@ccy,hldCpt1.grTrdAmt.#text,hldCpt1.hldId.asstDetail.asstBondDetails.calcBasis,hldCpt1.hldId.asstDetail.asstBondDetails.rating,hldCpt2.settleDt,chrgGp.@amtScheme,chrgGp.chrgCpt.ctgy,chrgGp.chrgCpt.ctgyAmt.@ccy,chrgGp.chrgCpt.ctgyAmt.#text,chrgGp.chrgCpt.chrgDesc
,020,OPN,Raise loan,lghths-sg,683145324,Deposits & Loans Transaction,Raise Loan,SAR,681693053,m2,83663293.6000,83663293,83663293,USD,HKD,HKD,CURRENCY,HKD,MoneyMarket,HKD Fixed Loan,Loan,Fixed,2021-02-26,HKD,-1505860.89,1.41,142419194,s/t Fixed Advance Fix HKD 1.41% 26.01.2021-26.02,2021-02-26,2021-01-26,2021-01-25,2021-01-26,HKD,-1505860.89,HKD,-1505860.89,m2,83663293.6000,83663293,83663293.4005/HKD/KK,HKD,HKD,CURRENCY,HKD,2021-01-25,HKD,1505860.89,HKD,1505860.89,,,,,,,,,,,,,,,,,,,,,,,,,,,,,,,,
,020,BUY,"Bought 200,000 ISIN XS2222660768 @ 99.96 USD",lghths-sg,681693053,Security Transaction,Buy,SAR,681693053,m2,83663279.6000,83663279,83663279.6000,USD,USD,XS2222660768,,,Bond,10% BNP Paribas Alibaba Group Holding Ltd RegS STR 193.76  Callable Fixed Coupon Notes 02.08.2021 Repayment cash or physical,,,,,,,,,,,2021-01-18,2021-02-01,USD,199920,USD,199920,m2,83663279.6000,83663279,83663279.4000/USD/KK,USD,USD,CURRENCY,USD,2021-01-18,USD,-199920,USD,-199920,ISIN,XS2222660768,Valor,59267331,SARA,000142236259,XS2222660768,HK/Hong Kong,USD,2021-02-01,USD,99.35684013,2021-01-22,.01,2021-08-09,0.0,12,2021-03-08,USD,200000,USD,99.96,USD,197920,,,,,,,,
,020,COU,Interest,lghths-sg,683232781,Cash Transaction,Interest,SAR,683232781,m2,83663279.6000,83663279,83663279.6000,USD,USD,XS1753595328,,,Bond,5.45% Abja Investment Co Pte Ltd Notes 2018-2028 Reg-S,,,,,,,,,,,2021-01-25,2021-01-25,USD,8175,USD,8175,m2,83663279.6000,83663279,83663279.4000/USD/KK,USD,USD,CURRENCY,USD,2021-01-25,USD,8175,USD,8175,ISIN,XS1753595328,Valor,40014007,SARA,000133765006,XS1753595328,SG/Singapore,USD,2018-01-24,USD,105.185,2021-01-22,.01,2028-01-24,5.45,2,2018-07-24,USD,300000,,,,,30/360,B+,,,,,,
,020,CTF,Forex spot,lghths-sg,683115037,Cash Transaction,Forex Spot,SAR,683115037,m2,83663279.6000,83663279,83663279.4000/USD/KK,USD,USD,USD,CURRENCY,USD,,,,,,,,,,,,,2021-01-25,2021-01-25,USD,-67.72,USD,-67.72,m2,83663279.6000,83663279,83663279.4004/HKD/KK,HKD,HKD,CURRENCY,HKD,2021-01-25,HKD,524.61,HKD,524.61,,,,,,,,,,,,,,,,,,,,,,,,,,,2021-01-25,,,,,
,020,PMS,Payment,lghths-sg,683155535,Cash Transaction,Payment,SAR,683155535,m2,83676187.6000,83676187,83676187.4001/GBP/KK,USD,GBP,GBP,CURRENCY,GBP,,,,,,,,,,,,,2021-01-25,2021-01-27,GBP,-12000,GBP,-12043.89,,,,,,,,,,,,,,,,,,,,,,,,,,,,,,,,,,,,,,,,,m2,OTF,GBP,-43.89,Payment Charges
,020,DEP,Incoming Payment,lghths-sg,683123211,Cash Transaction,InPayment,SAR,683123211,m2,83663293.6000,83663293,83663293.4000/USD/KK,USD,USD,USD,CURRENCY,USD,,,,,,,,,,,,,2021-01-25,2021-01-25,USD,400000,USD,400000,,,,,,,,,,,,,,,,,,,,,,,,,,,,,,,,,,,,,,,,,,,,,
,020,COU,Interest,lghths-sg,683223522,Cash Transaction,Interest,SAR,683223522,m2,83663293.6000,83663293,83663293.6000,USD,USD,XS2050614796,,,Bond,5.95% Global Prime Capital Pte Ltd Notes 2020-2025,,,,,,,,,,,2021-01-25,2021-01-25,USD,7437.5,USD,7437.5,m2,83663293.6000,83663293,83663293.4000/USD/KK,USD,USD,CURRENCY,USD,2021-01-25,USD,7437.5,USD,7437.5,ISIN,XS2050614796,Valor,52120777,SARA,000139403481,XS2050614796,SG/Singapore,USD,2020-01-23,USD,102.875,2021-01-22,.01,2025-01-23,5.95,2,2020-07-23,USD,250000,,,,,30E/360,BB-,,,,,,
,020,COU,Interest,lghths-sg,683232761,Cash Transaction,Interest,SAR,683232761,m2,83663293.6000,83663293,83663293.6000,USD,USD,XS1753595328,,,Bond,5.45% Abja Investment Co Pte Ltd Notes 2018-2028 Reg-S,,,,,,,,,,,2021-01-25,2021-01-25,USD,13625,USD,13625,m2,83663293.6000,83663293,83663293.4000/USD/KK,USD,USD,CURRENCY,USD,2021-01-25,USD,13625,USD,13625,ISIN,XS1753595328,Valor,40014007,SARA,000133765006,XS1753595328,SG/Singapore,USD,2018-01-24,USD,105.185,2021-01-22,.01,2028-01-24,5.45,2,2018-07-24,USD,500000,,,,,30/360,B+,,,,,,
,020,COU,Interest,lghths-sg,683233833,Cash Transaction,Interest,SAR,683233833,m2,83663293.6000,83663293,83663293.6000,USD,USD,XS2016070190,,,Bond,5.5% China Oil and Gas Group Ltd Bonds 2019-2023,,,,,,,,,,,2021-01-25,2021-01-25,USD,5500,USD,5500,m2,83663293.6000,83663293,83663293.4000/USD/KK,USD,USD,CURRENCY,USD,2021-01-25,USD,5500,USD,5500,ISIN,XS2016070190,Valor,49093025,SARA,000138038641,XS2016070190,BM/Bermuda,USD,2019-07-25,USD,103.28,2021-01-22,.01,2023-01-25,5.5,2,2020-01-25,USD,200000,,,,,30/360,BB,,,,,,
