tkn,m2xmlReleaseNo,mvmtHdr.@mvmtTp,mvmtHdr.cmt,mvmtSrc.ctlr,mvmtSrc.ctlrMvmtRef,mvmtSrc.srcRecType,mvmtSrc.srcTransType,extSys.extSysID,extSys.extSysRef,hldCpt1.@amtScheme,hldCpt1.hldId.ptfl,hldCpt1.hldId.ctlrOwnr,hldCpt1.hldId.ctlrAcct,hldCpt1.hldId.ownrRefCcy,hldCpt1.hldId.ccy,hldCpt1.hldId.asst,hldCpt1.hldId.asstIDs.asstRef.@refType,hldCpt1.hldId.asstIDs.asstRef.#text,hldCpt1.hldId.asstDetail.type,hldCpt1.hldId.asstDetail.desc,hldCpt1.hldId.asstDetail.asstMnyMktDetails.mnyMktType,hldCpt1.hldId.asstDetail.asstMnyMktDetails.mnyMktTerm.@termType,hldCpt1.hldId.asstDetail.asstMnyMktDetails.mnyMktTerm.#text,hldCpt1.hldId.asstDetail.asstMnyMktDetails.mnyMktAmt.@ccy,hldCpt1.hldId.asstDetail.asstMnyMktDetails.mnyMktAmt.#text,hldCpt1.hldId.asstDetail.asstMnyMktDetails.intRate,hldCpt1.hldId.asstDetail.asstMnyMktDetails.mnyMktRef,hldCpt1.hldId.asstDetail.asstMnyMktDetails.mnyMktName,hldCpt1.hldId.asstDetail.asstMnyMktDetails.matDate,hldCpt1.hldId.asstDetail.asstMnyMktDetails.startDate,hldCpt1.effDt,hldCpt1.settleDt,hldCpt1.grAmt.@ccy,hldCpt1.grAmt.#text,hldCpt1.netAmt.@ccy,hldCpt1.netAmt.#text,hldCpt2.@amtScheme,hldCpt2.hldId.ptfl,hldCpt2.hldId.ctlrOwnr,hldCpt2.hldId.ctlrAcct,hldCpt2.hldId.ccy,hldCpt2.hldId.asst,hldCpt2.hldId.asstIDs.asstRef.@refType,hldCpt2.hldId.asstIDs.asstRef.#text,hldCpt2.effDt,hldCpt2.grAmt.@ccy,hldCpt2.grAmt.#text,hldCpt2.netAmt.@ccy,hldCpt2.netAmt.#text,chrgGp.@amtScheme,chrgGp.chrgCpt.ctgy,chrgGp.chrgCpt.ctgyAmt.@ccy,chrgGp.chrgCpt.ctgyAmt.#text,chrgGp.chrgCpt.chrgDesc,hldCpt1.hldId.asstIDs.asstRef.0.@refType,hldCpt1.hldId.asstIDs.asstRef.0.#text,hldCpt1.hldId.asstIDs.asstRef.1.@refType,hldCpt1.hldId.asstIDs.asstRef.1.#text,hldCpt1.hldId.asstIDs.asstRef.2.@refType,hldCpt1.hldId.asstIDs.asstRef.2.#text,hldCpt1.hldId.asstIDs.asstRef.3.@refType,hldCpt1.hldId.asstIDs.asstRef.3.#text,hldCpt1.hldId.asstDetail.isin,hldCpt1.hldId.asstDetail.cntry,hldCpt1.hldId.asstDetail.issueCcy,hldCpt1.hldId.asstDetail.issueDate,hldCpt1.hldId.asstDetail.latestPrc.@ccy,hldCpt1.hldId.asstDetail.latestPrc.#text,hldCpt1.hldId.asstDetail.latestPrcDate,hldCpt1.hldId.asstDetail.prcFactor,hldCpt1.qty,hldCpt1.prc.@ccy,hldCpt1.prc.#text,hldCpt1.grTrdAmt.@ccy,hldCpt1.grTrdAmt.#text,chrgGp.chrgCpt.0.ctgy,chrgGp.chrgCpt.0.ctgyAmt.@ccy,chrgGp.chrgCpt.0.ctgyAmt.#text,chrgGp.chrgCpt.0.chrgDesc,chrgGp.chrgCpt.1.ctgy,chrgGp.chrgCpt.1.ctgyAmt.@ccy,chrgGp.chrgCpt.1.ctgyAmt.#text,chrgGp.chrgCpt.1.chrgDesc,chrgGp.chrgCpt.2.ctgy,chrgGp.chrgCpt.2.ctgyAmt.@ccy,chrgGp.chrgCpt.2.ctgyAmt.#text,chrgGp.chrgCpt.2.chrgDesc,chrgGp.chrgCpt.3.ctgy,chrgGp.chrgCpt.3.ctgyAmt.@ccy,chrgGp.chrgCpt.3.ctgyAmt.#text,chrgGp.chrgCpt.3.chrgDesc,chrgGp.chrgCpt.4.ctgy,chrgGp.chrgCpt.4.ctgyAmt.@ccy,chrgGp.chrgCpt.4.ctgyAmt.#text,chrgGp.chrgCpt.4.chrgDesc,hldCpt1.hldId.asstDetail.asstBondDetails.matDate,hldCpt1.hldId.asstDetail.asstBondDetails.intRate,hldCpt1.hldId.asstDetail.asstBondDetails.calcBasis,hldCpt1.hldId.asstDetail.asstBondDetails.intFreq,hldCpt1.hldId.asstDetail.asstBondDetails.intDate,hldCpt1.hldId.asstDetail.asstBondDetails.intCcy,hldCpt1.hldId.asstDetail.asstBondDetails.rating
,020,CLS,Close Loan,lghths-sg,682233949,Deposits & Loans Transaction,Close Loan,SAR,682352156,m2,83667931.6000,83667931,83667931,USD,USD,USD,CURRENCY,USD,MoneyMarket,USD Fixed Loan,Loan,Fixed,2021-01-26,USD,0,1.2,142222529,s/t Fixed Advance Fix USD 1.2% 19.01.2021-26.01.,2021-01-26,2021-01-19,2021-01-22,2021-01-26,USD,332562.91,USD,332562.91,m2,83667931.6000,83667931,83667931.4000/USD/KK,USD,USD,CURRENCY,USD,2021-01-22,USD,-332640.51,USD,-332640.51,m2,CIP,USD,-77.6,Interest Paid,,,,,,,,,,,,,,,,,,,,,,,,,,,,,,,,,,,,,,,,,,,,,,,,
,020,OPN,Raise loan,lghths-sg,682233954,Deposits & Loans Transaction,Raise Loan,SAR,682352156,m2,83667931.6000,83667931,83667931,USD,USD,USD,CURRENCY,USD,MoneyMarket,USD Fixed Loan,Loan,Fixed,2021-02-02,USD,-332640.51,1.2,142282983,s/t Fixed Advance Fix USD 1.2% 26.01.2021-02.02.,2021-02-02,2021-01-26,2021-01-22,2021-01-26,USD,-332640.51,USD,-332640.51,m2,83667931.6000,83667931,83667931.4000/USD/KK,USD,USD,CURRENCY,USD,2021-01-22,USD,332640.51,USD,332640.51,,,,,,,,,,,,,,,,,,,,,,,,,,,,,,,,,,,,,,,,,,,,,,,,,,,,,
,020,CLS,Close Loan,lghths-sg,682233375,Deposits & Loans Transaction,Close Loan,SAR,682352156,m2,83676187.6000,83676187,83676187,USD,USD,USD,CURRENCY,USD,MoneyMarket,USD Fixed Loan,Loan,Fixed,2021-01-26,USD,0,1.07,142154169,s/t Fixed Advance Fix USD 1.07% 12.01.2021-26.01,2021-01-26,2021-01-12,2021-01-22,2021-01-26,USD,480184.1,USD,480184.1,m2,83676187.6000,83676187,83676187.4000/USD/KK,USD,USD,CURRENCY,USD,2021-01-22,USD,-480383.91,USD,-480383.91,m2,CIP,USD,-199.81,Interest Paid,,,,,,,,,,,,,,,,,,,,,,,,,,,,,,,,,,,,,,,,,,,,,,,,
,020,OPN,Raise loan,lghths-sg,682233383,Deposits & Loans Transaction,Raise Loan,SAR,682352156,m2,83676187.6000,83676187,83676187,USD,USD,USD,CURRENCY,USD,MoneyMarket,USD Fixed Loan,Loan,Fixed,2021-02-09,USD,-472383.91,1.06,142283491,s/t Fixed Advance Fix USD 1.06% 26.01.2021-09.02,2021-02-09,2021-01-26,2021-01-22,2021-01-26,USD,-472383.91,USD,-472383.91,m2,83676187.6000,83676187,83676187.4000/USD/KK,USD,USD,CURRENCY,USD,2021-01-22,USD,472383.91,USD,472383.91,,,,,,,,,,,,,,,,,,,,,,,,,,,,,,,,,,,,,,,,,,,,,,,,,,,,,
,020,BUY,"Bought 80,000 ISIN HK0688002218 @ 18.753 HKD",lghths-sg,682352156,Security Transaction,Buy,SAR,682352156,m2,83663293.6000,83663293,83663293.6000,USD,HKD,HK0688002218,,,Share,China Overseas Land & Investment Ltd,,,,,,,,,,,2021-01-22,2021-01-26,HKD,1500230,HKD,1505859.64,m2,83663293.6000,83663293,83663293.4005/HKD/KK,HKD,HKD,CURRENCY,HKD,2021-01-22,HKD,-1505859.64,HKD,-1505859.64,m2,,,,,ISIN,HK0688002218,Valor,420828,Bloomberg,688 HK,SARA,000000494357,HK0688002218,HK/Hong Kong,HKD,1992-08-07,HKD,18.68,2021-01-22,1,80000,HKD,18.752875,HKD,1500230,OTF,HKD,-1501,Stamp Duty (HK),FOR,HKD,-75.01,Foreign Charges Stex,EXE,HKD,-3750.58,Stex Commissions,OTF,HKD,-40.51,Levy,VAT,HKD,-262.54,VAT,,,,,,,
,020,COU,Interest,lghths-sg,682366710,Cash Transaction,Interest,SAR,682366710,m2,83663279.6000,83663279,83663279.6000,USD,USD,USF2893TAM83,,,Bond,5.625% Electricit� de France EDF Notes 2014-Perpetual Reg-S Subordinated,,,,,,,,,,,2021-01-22,2021-01-22,USD,8437.5,USD,8437.5,m2,83663279.6000,83663279,83663279.4000/USD/KK,USD,USD,CURRENCY,USD,2021-01-22,USD,8437.5,USD,8437.5,,,,,,ISIN,USF2893TAM83,Valor,23404521,SARA,000104422680,,,USF2893TAM83,FR/France,USD,2014-01-22,USD,107.50,2021-01-22,.01,300000,,,,,,,,,,,,,,,,,,,,,,,,,2022-06-20,5.625,30E/360,2,2014-07-22,USD,BB-
