tkn,m2xmlReleaseNo,mvmtHdr.@mvmtTp,mvmtHdr.cmt,mvmtSrc.ctlr,mvmtSrc.ctlrMvmtRef,posSrc.extSys,posSrc.ref,hldPos.hldId.ptfl,hldPos.hldId.ctlrOwnr,hldPos.hldId.ctlrAcct,hldPos.hldId.ownrRefCcy,hldPos.hldId.ccy,hldPos.hldId.asst,hldPos.hldId.asstIDs.asstRef.@refType,hldPos.hldId.asstIDs.asstRef.#text,hldPos.hldId.asstDetail.type,hldPos.hldId.asstDetail.desc,hldPos.hldId.asstDetail.issueCcy,hldPos.hldId.asstDetail.latestPrc.@ccy,hldPos.hldId.asstDetail.latestPrc.#text,hldPos.hldId.asstDetail.latestPrcDate,hldPos.hldId.asstDetail.prcFactor,hldPos.effDt,hldPos.posnQty,hldPos.settQty,hldPos.vrfyInd,hldPos.hldId.asstIDs.asstRef.0.@refType,hldPos.hldId.asstIDs.asstRef.0.#text,hldPos.hldId.asstIDs.asstRef.1.@refType,hldPos.hldId.asstIDs.asstRef.1.#text,hldPos.hldId.asstIDs.asstRef.2.@refType,hldPos.hldId.asstIDs.asstRef.2.#text,hldPos.hldId.asstDetail.isin,hldPos.hldId.asstDetail.cntry,hldPos.posAmt.@ccy,hldPos.posAmt.#text,hldPos.posAmtRefCcy.@ccy,hldPos.posAmtRefCcy.#text,hldPos.srcMktValAmt.@ccy,hldPos.srcMktValAmt.#text,hldPos.srcMktValAmtRefCcy.@ccy,hldPos.srcMktValAmtRefCcy.#text,hldPos.hldId.asstIDs.asstRef.3.@refType,hldPos.hldId.asstIDs.asstRef.3.#text,hldPos.hldId.asstDetail.issueCcyExchRt,hldPos.hldId.asstDetail.asstDerivDetails.contractSize,hldPos.hldId.asstDetail.asstDerivDetails.strike,hldPos.hldId.asstDetail.asstDerivDetails.expDate,hldPos.hldId.asstDetail.asstDerivDetails.underlyingAsstIDs.asstRef.@refType,hldPos.hldId.asstDetail.asstDerivDetails.underlyingAsstIDs.asstRef.#text,hldPos.hldId.asstDetail.asstDerivDetails.underlyingAsstDesc,hldPos.hldId.asstDetail.asstDerivDetails.underlyingAsstType,hldPos.hldId.asstDetail.issueDate,hldPos.hldId.asstDetail.asstBondDetails.matDate,hldPos.hldId.asstDetail.asstBondDetails.intRate,hldPos.hldId.asstDetail.asstBondDetails.calcBasis,hldPos.hldId.asstDetail.asstBondDetails.intFreq,hldPos.hldId.asstDetail.asstBondDetails.intDate,hldPos.hldId.asstDetail.asstBondDetails.intCcy,hldPos.hldId.asstDetail.asstBondDetails.rating,hldPos.accrAmt.@ccy,hldPos.accrAmt.#text,hldPos.addInfo.@infoType,hldPos.addInfo.#text,hldPos.accrAmtRefCcy.@ccy,hldPos.accrAmtRefCcy.#text,hldPos.hldId.asstDetail.asstMnyMktDetails.mnyMktType,hldPos.hldId.asstDetail.asstMnyMktDetails.mnyMktTerm.@termType,hldPos.hldId.asstDetail.asstMnyMktDetails.mnyMktTerm.#text,hldPos.hldId.asstDetail.asstMnyMktDetails.mnyMktAmt.@ccy,hldPos.hldId.asstDetail.asstMnyMktDetails.mnyMktAmt.#text,hldPos.hldId.asstDetail.asstMnyMktDetails.intRate,hldPos.hldId.asstDetail.asstMnyMktDetails.mnyMktRef,hldPos.hldId.asstDetail.asstMnyMktDetails.mnyMktName,hldPos.hldId.asstDetail.asstMnyMktDetails.matDate,hldPos.hldId.asstDetail.asstMnyMktDetails.startDate,hldPos.hldId.asstDetail.asstDerivDetails.putCallInd,hldPos.hldId.asstDetail.asstDerivDetails.longShortInd
,020,POS,"Stock Balance - May 27, 2021",lghths-sg,143556138,SAR,143556138,83663293.6000,83663293,83663293.6000,USD,USD,000143543452,SARA,000143543452,Hybrid,Stock Forward Accumulator  2x Leveraged on Facebook Inc -A- (FB UQ) Period: 25.MAY.21 - 24.MAY.22  252 Days Strike: USD 275.007  Knock-Out: USD 346.62,USD,USD,0.00,2021-05-24,1,2021-05-27,1512,1512,,,,,,,,,,,,,,,,,,,,,,,,,,,,,,,,,,,,,,,,,,,,,,,,,,,,,
,020,POS,"Stock Balance - May 27, 2021",lghths-sg,137826506,SAR,137826506,83667931.6000,83667931,83667931.6000,USD,EUR,IE00B84J9L26,,,Fund,PIMCO Funds Global Investors Series Plc- Income (EUR) -E- -Hedged- Capitalisation,EUR,EUR,13.87,2021-05-26,1,2021-05-27,11278.671,11278.671,,ISIN,IE00B84J9L26,Valor,19930049,SARA,000064235309,IE00B84J9L26,IE/Ireland,EUR,149402.29,USD,169131.76,EUR,156435.17,USD,190874.21,,,,,,,,,,,,,,,,,,,,,,,,,,,,,,,,,,,,
,020,POS,"Stock Balance - May 27, 2021",lghths-sg,140122049,SAR,140122049,83667931.6000,83667931,83667931.6000,USD,USD,US98980L1017,,,Share,Zoom Video Communications Inc -A-,USD,USD,326.43,2021-05-26,1,2021-05-27,43,43,,ISIN,US98980L1017,Valor,47101896,Bloomberg,ZM UW,US98980L1017,US/United States of America,USD,16630.97,,,USD,14036.49,,,SARA,000137372208,,,,,,,,,,,,,,,,,,,,,,,,,,,,,,,,,,
,020,POS,"Stock Balance - May 27, 2021",lghths-sg,140258096,SAR,140258096,83667931.6000,83667931,83667931.6000,USD,SGD,SG1V61937297,,,Share,Singapore Airlines Ltd,SGD,SGD,4.96,2021-05-27,1,2021-05-27,4000,4000,,ISIN,SG1V61937297,Valor,3106596,Bloomberg,SIA SP,SG1V61937297,SG/Singapore,SGD,19711.22,USD,13925.08,SGD,19840,USD,14983.3,SARA,000020750927,,,,,,,,,,,,,,,,,,,,,,,,,,,,,,,,,,
,020,POS,"Stock Balance - May 27, 2021",lghths-sg,140996076,SAR,140996076,83667931.6000,83667931,83667931.6000,USD,SGD,MYL7113OO003,,,Share,Top Glove Corporation Bhd,MYR,SGD,1.66,2021-05-27,1,2021-05-27,7800,7800,,ISIN,MYL7113OO003,Valor,1197605,Bloomberg,TOPG MK,MYL7113OO003,MY/Malaysia,SGD,19904.47,USD,14521.64,SGD,12948,USD,9778.41,SARA,000002537305,3.126206,,,,,,,,,,,,,,,,,,,,,,,,,,,,,,,,,
,020,POS,"Stock Balance - May 27, 2021",lghths-sg,141022909,SAR,141022909,83667931.6000,83667931,83667931.6000,USD,USD,US81141R1005,,,Share,Sea Ltd -ADR-,USD,USD,260.62,2021-05-26,1,2021-05-27,85,85,,ISIN,US81141R1005,Valor,38497535,SARA,000133148797,US81141R1005,KY/Cayman Islands,USD,16789,,,USD,22152.7,,,,,,,,,,,,,,,,,,,,,,,,,,,,,,,,,,,,,,
,020,POS,"Stock Balance - May 27, 2021",lghths-sg,141952076,SAR,141952076,83667931.6000,83667931,83667931.6000,USD,USD,US88160R1014,,,Share,Tesla Inc,USD,USD,630.85,2021-05-26,1,2021-05-27,28,28,,ISIN,US88160R1014,Valor,11448018,Bloomberg,TSLA UW,US88160R1014,US/United States of America,USD,16281.8,,,USD,17663.8,,,SARA,000026499970,,,,,,,,,,,,,,,,,,,,,,,,,,,,,,,,,,
,020,POS,"Stock Balance - May 27, 2021",lghths-sg,142190406,SAR,142190406,83667931.6000,83667931,83667931.6000,USD,USD,US62914V1061,,,Share,Nio Inc -ADR- -A-,USD,USD,38.91,2021-05-26,1,2021-05-27,312,312,,ISIN,US62914V1061,Valor,43286578,Bloomberg,NIO US,US62914V1061,KY/Cayman Islands,USD,19402,,,USD,12139.92,,,SARA,000135493931,,,,,,,,,,,,,,,,,,,,,,,,,,,,,,,,,,
,020,POS,"Stock Balance - May 27, 2021",lghths-sg,139402899,SAR,139402899,83676187.6000,83676187,83676187.6000,USD,GBP,GB0004082847,,,Share,Standard Chartered Plc,GBP,GBP,5.066,2021-05-27,1,2021-05-27,14049,14049,,ISIN,GB0004082847,Valor,1110646,SARA,000000422184,GB0004082847,GB/United Kingdom,GBP,176883.93,USD,229897.99,GBP,71172.23,USD,101003.08,,,,,,,,,,,,,,,,,,,,,,,,,,,,,,,,,,,,
,020,POS,"Stock Balance - May 27, 2021",lghths-sg,139402907,SAR,139402907,83676187.6000,83676187,83676187.6000,USD,USD,IE00BLNN3691,,,Share,Weatherford International Ltd,USD,USD,11.2175,2021-05-26,1,2021-05-27,24,24,,ISIN,IE00BLNN3691,Valor,24230735,SARA,000123618494,IE00BLNN3691,IE/Ireland,USD,453426.96,,,USD,269.22,,,,,,,,,,,,,,,,,,,,,,,,,,,,,,,,,,,,,,
,020,POS,"Stock Balance - May 27, 2021",lghths-sg,139402910,SAR,139402910,83676187.6000,83676187,83676187.6000,USD,USD,IE00BL3HR700,,,Warrant,Weatherford International Ltd Wt.13.12.2023,USD,USD,0.32,2021-05-26,1,2021-05-27,271,271,,ISIN,IE00BL3HR700,Valor,51640992,SARA,000139212204,IE00BL3HR700,IE/Ireland,,,,,USD,86.72,,,,,,1,99.96,2023-12-13,ISIN,IE00BLNN3691,Weatherford International Ltd,Share,,,,,,,,,,,,,,,,,,,,,,,,,,
,020,POS,"Stock Balance - May 27, 2021",lghths-sg,139402915,SAR,139402915,83676187.6000,83676187,83676187.6000,USD,USD,XS1556165477,,,Bond,5.25% China Water Affairs Group Ltd 2017-2022,USD,USD,101.345,2021-05-26,.01,2021-05-27,200000,200000,,ISIN,XS1556165477,Valor,35513710,SARA,000131042001,XS1556165477,BM/Bermuda,USD,204200,,,USD,202690,,,,,,,,,,,,,2017-02-07,2022-02-07,5.25,30E/360,2,2017-08-07,USD,BB+,USD,3208.33,,,,,,,,,,,,,,,,
,020,POS,"Stock Balance - May 27, 2021",lghths-sg,139402916,SAR,139402916,83676187.6000,83676187,83676187.6000,USD,USD,USG50027AE42,,,Bond,5.625% Jaguar Land Rover Plc Notes 2013-2023 Senior Reg-S,USD,USD,100.49,2021-05-27,.01,2021-05-27,200000,200000,,ISIN,USG50027AE42,Valor,20549467,SARA,000082521405,USG50027AE42,GB/United Kingdom,USD,211600,,,USD,200980,,,,,,,,,,,,,2013-01-28,2023-02-01,5.625,30E/360,2,2013-08-01,USD,B,USD,3625,,,,,,,,,,,,,,,,
,020,POS,"Stock Balance - May 27, 2021",lghths-sg,139412744,SAR,139412744,83676187.6000,83676187,83676187.6000,USD,HKD,GB0005405286,,,Share,HSBC Holdings Plc,GBP,HKD,48.95,2021-05-27,1,2021-05-27,38597,38597,,ISIN,GB0005405286,Valor,411161,Bloomberg,0005 HK,GB0005405286,GB/United Kingdom,HKD,2733628.67,USD,348655.36,HKD,1889323.15,USD,243501.83,SARA,000000415042,0.090818,,,,,,,,,,,,,,,,,,,,,,,,,,,,,,,,,
,020,POS,"Stock Balance - May 27, 2021",lghths-sg,139518647,SAR,139518647,83676187.6000,83676187,83676187.6000,USD,USD,CH0400441280,,,Bond,5% UBS Group AG Contingent Convertible Floating Rate Notes  2018-Perpetual Subordinated,USD,USD,101.965,2021-05-27,.01,2021-05-27,200000,200000,,ISIN,CH0400441280,Valor,40044128,SARA,000133807554,CH0400441280,CH/Switzerland,USD,199250,,,USD,203930,,,,,,,,,,,,,2018-01-31,4712-12-31,5.0,30/360,1,2019-01-31,USD,BB,USD,3250,,,,,,,,,,,,,,,,
,020,POS,"Stock Balance - May 27, 2021",lghths-sg,140817383,SAR,140817383,83676187.6000,83676187,83676187.6000,USD,USD,KYG7943S1140,,,Fund,SCUBE Investment Management SPC Fixed Income Tactical Opportunities Fund Series 2 -Cash Option-,USD,USD,1084.44,2021-03-31,1,2021-05-27,200,200,,ISIN,KYG7943S1140,Valor,55646201,SARA,000140636795,KYG7943S1140,KY/Cayman Islands,USD,201000,,,USD,216888,,,,,,,,,,,,,,,,,,,,,,,,,,,,,,,,,,,,,,
,020,POS,"Stock Balance - May 27, 2021",lghths-sg,142489528,SAR,142489528,83676187.6000,83676187,83676187.6000,USD,GBP,XS2268319089,,,Bond,8% UBS AG London Standard Chartered Plc STR 3.3447 HSBC Holdings Plc STR 2.8810 Callable Fixed Coupon Notes 15.02.2022 Repayment cash or physical,GBP,GBP,102.82,2021-05-26,.01,2021-05-27,200000,200000,,ISIN,XS2268319089,Valor,59420676,SARA,000142484926,XS2268319089,GB/United Kingdom,GBP,200000,USD,274629,GBP,205640,USD,291831.13,,,,,,,,,,,2021-02-15,2022-02-22,8.0,,2,2021-08-23,GBP,,,,,,,,,,,,,,,,,,,
,020,POS,"Stock Balance - May 27, 2021",lghths-sg,143465251,SAR,143465251,83676187.6000,83676187,83676187.6000,USD,USD,111250919,,,Fund,SCUBE Investment Management SPC- Cash Option Medium Duration Opportunities (USD) Segregated Portfolio **Anspruch/Claim/Ayant Droit**,USD,USD,100.0,2021-04-30,.01,2021-05-27,200000,200000,,Valor,111250919,SARA,000143416569,,,,KY/Cayman Islands,USD,202140,,,USD,200000,,,,,,,,,,,,,,,,,,,,,,,,,,,,,,,,,,,,,,
,020,POS,"Stock Balance - May 27, 2021",lghths-sg,140130807,SAR,140130807,83677193.6000,83677193,83677193.6000,USD,USD,CH0276345995,,,Share,Bank J.Safra Sarasin AG Dynamic Sustainable Technology Disruptors Reference Portfolio USD Tracker Cert.2017-Perpetual,USD,USD,2267.96190974,2021-05-27,1,2021-05-27,136,136,,ISIN,CH0276345995,Valor,27634599,SARA,000131339805,CH0276345995,CH/Switzerland,USD,195252.48,,,USD,308442.82,,,,,,,,,,,,,2017-03-02,,,,,,,,,,,,,,,,,,,,,,,,,
,020,POS,"Stock Balance - May 27, 2021",lghths-sg,140138978,SAR,140138978,83677193.6000,83677193,83677193.6000,USD,USD,US0231351067,,,Share,Amazon.com Inc,USD,USD,3230.11,2021-05-26,1,2021-05-27,39,39,,ISIN,US0231351067,Valor,645156,Bloomberg,AMZN US,US0231351067,US/United States of America,USD,92625,,,USD,125974.29,,,SARA,000000416730,,,,,,,,,,,,,,,,,,,,,,,,,,,,,,,,,,
,020,POS,"Stock Balance - May 27, 2021",lghths-sg,140138985,SAR,140138985,83677193.6000,83677193,83677193.6000,USD,USD,US30303M1027,,,Share,Facebook Inc -A-,USD,USD,332.75,2021-05-26,1,2021-05-27,62,62,,ISIN,US30303M1027,Valor,14917609,Bloomberg,FB US,US30303M1027,US/United States of America,USD,11112.88,,,USD,20630.5,,,SARA,000031299007,,,,,,,,,,,,,,,,,,,,,,,,,,,,,,,,,,
,020,POS,"Stock Balance - May 27, 2021",lghths-sg,140138988,SAR,140138988,83677193.6000,83677193,83677193.6000,USD,USD,US70450Y1038,,,Share,PayPal Holdings Inc,USD,USD,259.47,2021-05-26,1,2021-05-27,192,192,,ISIN,US70450Y1038,Valor,28467085,SARA,000125841357,US70450Y1038,US/United States of America,USD,21475.2,,,USD,49818.24,,,,,,,,,,,,,,,,,,,,,,,,,,,,,,,,,,,,,,
,020,POS,"Stock Balance - May 27, 2021",lghths-sg,140138999,SAR,140138999,83677193.6000,83677193,83677193.6000,USD,HKD,KYG875721634,,,Share,Tencent Holdings Ltd,HKD,HKD,605.5,2021-05-27,1,2021-05-27,300,300,,ISIN,KYG875721634,Valor,24014323,Bloomberg,700 HK,KYG875721634,KY/Cayman Islands,HKD,122880,USD,15853.34,HKD,181650,USD,23411.62,SARA,000119678126,,,,,,,,,,,,,,,,,,,,,,,,,,,,,,,,,,
,020,POS,"Stock Balance - May 27, 2021",lghths-sg,140139006,SAR,140139006,83677193.6000,83677193,83677193.6000,USD,USD,US6936561009,,,Share,PVH Corp,USD,USD,116.63,2021-05-26,1,2021-05-27,840,840,,ISIN,US6936561009,Valor,13341368,SARA,000029048907,US6936561009,US/United States of America,USD,37699.2,,,USD,97969.2,,,,,,,,,,,,,,,,,,,,,,,,,,,,,,,,,,,,,,
,020,POS,"Stock Balance - May 27, 2021",lghths-sg,140139009,SAR,140139009,83677193.6000,83677193,83677193.6000,USD,USD,US88160R1014,,,Share,Tesla Inc,USD,USD,630.85,2021-05-26,1,2021-05-27,4890,4890,,ISIN,US88160R1014,Valor,11448018,Bloomberg,TSLA UW,US88160R1014,US/United States of America,USD,737304.42,,,USD,3084856.5,,,SARA,000026499970,,,,,,,,,,,,,,,,,,,,,,,,,,,,,,,,,,
,020,POS,"Stock Balance - May 27, 2021",lghths-sg,140139010,SAR,140139010,83677193.6000,83677193,83677193.6000,USD,USD,LU1139789298,,,Fund,Ninety One Global Strategy Fund Sicav- All China Equity (USD) -IX- Capitalisation,USD,USD,36.57,2021-05-26,1,2021-05-27,1350,1350,,ISIN,LU1139789298,Valor,28286186,SARA,000129194049,LU1139789298,LU/Luxembourg,USD,36234,,,USD,49369.5,,,,,,,,,,,,,,,,,,,,,,,,,,,,,,,,,,,,,,
,020,POS,"Stock Balance - May 27, 2021",lghths-sg,140139016,SAR,140139016,83677193.6000,83677193,83677193.6000,USD,USD,LU1076353199,,,Fund,Ashmore Sicav- Emerging Markets Short Duration Fund (USD) -Z- Capitalisation,USD,USD,110.11,2021-05-26,1,2021-05-27,1460,1460,,ISIN,LU1076353199,Valor,32859655,SARA,000132418292,LU1076353199,LU/Luxembourg,USD,122683.8,,,USD,160760.6,,,,,,,,,,,,,,,,,,,,,,,,,,,,,,,,,,,,,,
,020,POS,"Stock Balance - May 27, 2021",lghths-sg,140139032,SAR,140139032,83677193.6000,83677193,83677193.6000,USD,USD,US57636Q1040,,,Share,Mastercard Inc -A-,USD,USD,362.0,2021-05-26,1,2021-05-27,1600,1600,,ISIN,US57636Q1040,Valor,2282206,Bloomberg,MA UN,US57636Q1040,US/United States of America,USD,415952,,,USD,579200,,,SARA,000005979694,,,,,,,,,,,,,,,,,,,,,,,,,,,,,,,,,,
,020,POS,"Stock Balance - May 27, 2021",lghths-sg,140139036,SAR,140139036,83677193.6000,83677193,83677193.6000,USD,USD,LU0599947602,,,Fund,DWS Concept Sicav-Kaldemorgen (USD) -LCH- Capitalisation,USD,USD,145.84,2021-05-27,1,2021-05-27,1660,1660,,ISIN,LU0599947602,Valor,18636996,SARA,000119902979,LU0599947602,LU/Luxembourg,USD,215169.2,,,USD,242094.4,,,,,,,,,,,,,,,,,,,,,,,,,,,,,,,,,,,,,,
,020,POS,"Stock Balance - May 27, 2021",lghths-sg,140139046,SAR,140139046,83677193.6000,83677193,83677193.6000,USD,USD,US92826C8394,,,Share,Visa Inc -A-,USD,USD,226.86,2021-05-26,1,2021-05-27,2000,2000,,ISIN,US92826C8394,Valor,3826452,Bloomberg,V UN,US92826C8394,US/United States of America,USD,339080,,,USD,453720,,,SARA,000021485316,,,,,,,,,,,,,,,,,,,,,,,,,,,,,,,,,,
,020,POS,"Stock Balance - May 27, 2021",lghths-sg,140139051,SAR,140139051,83677193.6000,83677193,83677193.6000,USD,USD,US4642887602,,,Fund,iShares U.S. Aerospace & Defense ETF,USD,USD,110.62,2021-05-26,1,2021-05-27,4000,4000,,ISIN,US4642887602,Valor,2552726,SARA,000028200389,US4642887602,US/United States of America,USD,315040,,,USD,442480,,,,,,,,,,,,,,,,,,,,,,,,,,,,,,,,,,,,,,
,020,POS,"Stock Balance - May 27, 2021",lghths-sg,140139062,SAR,140139062,83677193.6000,83677193,83677193.6000,USD,USD,US01609W1027,,,Share,Alibaba Group Holding Ltd -ADS- (8 Shs),USD,USD,212.74,2021-05-26,1,2021-05-27,2000,2000,,ISIN,US01609W1027,Valor,24409862,SARA,000123993236,US01609W1027,KY/Cayman Islands,USD,419000,,,USD,425480,,,,,,,,,,,,,,,,,,,,,,,,,,,,,,,,,,,,,,
,020,POS,"Stock Balance - May 27, 2021",lghths-sg,140139064,SAR,140139064,83677193.6000,83677193,83677193.6000,USD,USD,HK0000055555,,,Fund,JPMorgan ASEAN Fund -USD- Capitalisation,USD,USD,146.61,2021-05-25,1,2021-05-27,2025,2025,,ISIN,HK0000055555,Valor,10525833,Bloomberg,JFASEAI HK,HK0000055555,HK/Hong Kong,USD,214751.25,,,USD,296885.25,,,SARA,000025146326,,,,,,,,,,,,,,,,,,,,,,,,,,,,,,,,,,
,020,POS,"Stock Balance - May 27, 2021",lghths-sg,140139067,SAR,140139067,83677193.6000,83677193,83677193.6000,USD,USD,LU0792612383,,,Fund,Franklin Templeton Investment Funds Sicav-India (USD) -W- Capitalisation,USD,USD,25.91,2021-05-26,1,2021-05-27,2040,2040,,ISIN,LU0792612383,Valor,18819244,SARA,000064234678,LU0792612383,LU/Luxembourg,USD,30763.2,,,USD,52856.4,,,,,,,,,,,,,,,,,,,,,,,,,,,,,,,,,,,,,,
,020,POS,"Stock Balance - May 27, 2021",lghths-sg,140139073,SAR,140139073,83677193.6000,83677193,83677193.6000,USD,USD,LU0322253229,,,Fund,Xtrackers Sicav- S&P Global Infrastructure Swap UCITS ETF (USD) -1C- Capitalisation,CHF,USD,49.795,2021-05-27,1,2021-05-27,2130,2130,,ISIN,LU0322253229,Valor,3614442,SARA,000023160306,LU0322253229,LU/Luxembourg,USD,80695.05,,,USD,106063.35,,,,,0.8978,,,,,,,,2007-10-31,,,,,,,,,,,,,,,,,,,,,,,,,
,020,POS,"Stock Balance - May 27, 2021",lghths-sg,140139076,SAR,140139076,83677193.6000,83677193,83677193.6000,USD,USD,US26210C1045,,,Share,Dropbox Inc -A-,USD,USD,27.77,2021-05-26,1,2021-05-27,2296,2296,,ISIN,US26210C1045,Valor,40655183,Bloomberg,DBX UW,US26210C1045,US/United States of America,USD,44037.28,,,USD,63759.92,,,SARA,000134248881,,,,,,,,,,,,,,,,,,,,,,,,,,,,,,,,,,
,020,POS,"Stock Balance - May 27, 2021",lghths-sg,140139086,SAR,140139086,83677193.6000,83677193,83677193.6000,USD,USD,IE00B57X3V84,,,Fund,iShares II Plc-Dow Jones Global Sustainability Screened UCITS ETF (USD) Capitalisation,EUR,USD,58.185,2021-05-27,1,2021-05-27,3715,3715,,ISIN,IE00B57X3V84,Valor,12592831,SARA,000125565434,IE00B57X3V84,IE/Ireland,USD,146092.38,,,USD,216157.28,,,,,0.819572,,,,,,,,,,,,,,,,,,,,,,,,,,,,,,,,,
,020,POS,"Stock Balance - May 27, 2021",lghths-sg,140139092,SAR,140139092,83677193.6000,83677193,83677193.6000,USD,USD,IE00BKM4GZ66,,,Fund,iShares Plc- Core MSCI Emerging Markets IMI UCITS (USD) Capitalisation,USD,USD,37.87,2021-05-27,1,2021-05-27,3840,3840,,ISIN,IE00BKM4GZ66,Valor,24209517,SARA,000123910804,IE00BKM4GZ66,IE/Ireland,USD,92505.6,,,USD,145420.8,,,,,,,,,,,,,,,,,,,,,,,,,,,,,,,,,,,,,,
,020,POS,"Stock Balance - May 27, 2021",lghths-sg,140139111,SAR,140139111,83677193.6000,83677193,83677193.6000,USD,USD,US2546871060,,,Share,Walt Disney Company,USD,USD,179.04,2021-05-26,1,2021-05-27,4000,4000,,ISIN,US2546871060,Valor,984192,Bloomberg,DIS US,US2546871060,US/United States of America,USD,426520,,,USD,716160,,,SARA,000000421596,,,,,,,,,,,,,,,,,,,,,,,,,,,,,,,,,,
,020,POS,"Stock Balance - May 27, 2021",lghths-sg,140139114,SAR,140139114,83677193.6000,83677193,83677193.6000,USD,USD,IE00BM67HK77,,,Fund,Xtrackers (IE) Plc- MSCI World Health Care UCITS ETF (USD) -1C- Capitalisation,USD,USD,45.71,2021-05-27,1,2021-05-27,4900,4900,,ISIN,IE00BM67HK77,Valor,31660585,SARA,000127521739,IE00BM67HK77,IE/Ireland,USD,181790,,,USD,223979,,,,,,,,,,,,,,,,,,,,,,,,,,,,,,,,,,,,,,
,020,POS,"Stock Balance - May 27, 2021",lghths-sg,140139129,SAR,140139129,83677193.6000,83677193,83677193.6000,USD,USD,US9229087104,,,Fund,Vanguard 500 Index Fund (EUR) -Admiral- Distribution,USD,USD,387.37,2021-05-25,1,2021-05-27,5290,5290,,ISIN,US9229087104,Valor,1156931,SARA,000129754681,US9229087104,US/United States of America,USD,1404918.2,,,USD,2049187.3,,,,,,,,,,,,,,,,,,,,,,,,,,,,,,,,,,,,,,
,020,POS,"Stock Balance - May 27, 2021",lghths-sg,140139136,SAR,140139136,83677193.6000,83677193,83677193.6000,USD,USD,US5949181045,,,Share,Microsoft Corp,USD,USD,249.31,2021-05-26,1,2021-05-27,5858,5858,,ISIN,US5949181045,Valor,951692,Bloomberg,MSFT US,US5949181045,US/United States of America,USD,1046238.8,,,USD,1460457.98,,,SARA,000000420853,,,,,,,,,,,,,,,,,,,,,,,,,,,,,,,,,,
,020,POS,"Stock Balance - May 27, 2021",lghths-sg,140139137,SAR,140139137,83677193.6000,83677193,83677193.6000,USD,USD,LU0292454872,,,Fund,JPMorgan Funds Sicav- US Select Equity Plus (USD) -A- Capitalisation,USD,USD,35.16,2021-05-27,1,2021-05-27,6000,6000,,ISIN,LU0292454872,Valor,3031842,SARA,000023844172,LU0292454872,LU/Luxembourg,USD,138300,,,USD,210960,,,,,,,,,,,,,,,,,,,,,,,,,,,,,,,,,,,,,,
,020,POS,"Stock Balance - May 27, 2021",lghths-sg,140139140,SAR,140139140,83677193.6000,83677193,83677193.6000,USD,USD,IE00B1TXHL60,,,Fund,iShares II Plc- Listed Private Equity UCITS ETF (USD),USD,USD,29.435,2021-05-27,1,2021-05-27,6060,6060,,ISIN,IE00B1TXHL60,Valor,3007862,SARA,000025595322,IE00B1TXHL60,IE/Ireland,USD,103383.6,,,USD,178376.1,,,,,,,,,,,,,,,,,,,,,,,,,,,,,,,,,,,,,,
,020,POS,"Stock Balance - May 27, 2021",lghths-sg,140139148,SAR,140139148,83677193.6000,83677193,83677193.6000,USD,USD,LU1169991020,,,Fund,Janus Henderson Horizon Fund Sicav- Pan European Smaller Companies (USD) -A2- Capitalisation,USD,USD,60.8,2021-05-27,1,2021-05-27,6290,6290,,ISIN,LU1169991020,Valor,27210766,SARA,000129193698,LU1169991020,LU/Luxembourg,USD,201594.5,,,USD,382432,,,,,,,,,,,,,,,,,,,,,,,,,,,,,,,,,,,,,,
,020,POS,"Stock Balance - May 27, 2021",lghths-sg,140139155,SAR,140139155,83677193.6000,83677193,83677193.6000,USD,USD,IE00BYZK4552,,,Fund,iShares IV Plc- Automation & Robotics UCITS ETF,USD,USD,12.37,2021-05-27,1,2021-05-27,7650,7650,,ISIN,IE00BYZK4552,Valor,33305410,SARA,000130065573,IE00BYZK4552,IE/Ireland,USD,54544.5,,,USD,94630.5,,,,,,,,,,,,,,,,,,,,,,,,,,,,,,,,,,,,,,
,020,POS,"Stock Balance - May 27, 2021",lghths-sg,140139159,SAR,140139159,83677193.6000,83677193,83677193.6000,USD,USD,LU0943300680,,,Fund,Schroder International Selection Fund Sicav- Japanese Opportunities (USD) -A- hedged Capitalisation,USD,USD,20.785,2021-05-27,1,2021-05-27,8020,8020,,ISIN,LU0943300680,Valor,21607506,SARA,000101207542,LU0943300680,LU/Luxembourg,USD,117387.94,,,USD,166695.7,,,,,,,,,,,,,,,,,,,,,,,,,,,,,,,,,,,,,,
,020,POS,"Stock Balance - May 27, 2021",lghths-sg,140139168,SAR,140139168,83677193.6000,83677193,83677193.6000,USD,USD,IE00BM67HL84,,,Fund,Xtrackers (IE) Plc- MSCI World Financials UCITS ETF (USD) -1C- Capitalisation,USD,USD,24.9075,2021-05-27,1,2021-05-27,8250,8250,,ISIN,IE00BM67HL84,Valor,31660574,SARA,000127521738,IE00BM67HL84,IE/Ireland,USD,119026.88,,,USD,205486.88,,,,,,,,,,,,,,,,,,,,,,,,,,,,,,,,,,,,,,
,020,POS,"Stock Balance - May 27, 2021",lghths-sg,140139173,SAR,140139173,83677193.6000,83677193,83677193.6000,USD,USD,LU1184092051,,,Fund,Xtrackers Sicav-MSCI Europe UCITS ETF (USD) -2C- Capitalisation,USD,USD,12.841,2021-05-27,1,2021-05-27,9530,9530,,ISIN,LU1184092051,Valor,27165551,SARA,000133521479,LU1184092051,LU/Luxembourg,USD,89057.85,,,USD,122374.73,,,,,,,,,,,,,,,,,,,,,,,,,,,,,,,,,,,,,,
,020,POS,"Stock Balance - May 27, 2021",lghths-sg,140139178,SAR,140139178,83677193.6000,83677193,83677193.6000,USD,USD,LU0490618542,,,Fund,Xtrackers Sicav-S&P 500 Swap UCITS ETF (USD) -1C- Capitalisation,EUR,USD,79.57,2021-05-27,1,2021-05-27,9765,9765,,ISIN,LU0490618542,Valor,11138249,SARA,000028122252,LU0490618542,LU/Luxembourg,USD,521503.73,,,USD,777001.05,,,,,0.819572,,,,,,,,,,,,,,,,,,,,,,,,,,,,,,,,,
,020,POS,"Stock Balance - May 27, 2021",lghths-sg,140139183,SAR,140139183,83677193.6000,83677193,83677193.6000,USD,USD,LU0927735406,,,Fund,Xtrackers Sicav-MSCI Japan UCITS ETF (USD) -2D- Distribution,USD,USD,26.23,2021-05-27,1,2021-05-27,10680,10680,,ISIN,LU0927735406,Valor,21557276,SARA,000110737610,LU0927735406,LU/Luxembourg,USD,212291.7,,,USD,280136.4,,,,,,,,,,,,,,,,,,,,,,,,,,,,,,,,,,,,,,
,020,POS,"Stock Balance - May 27, 2021",lghths-sg,140139191,SAR,140139191,83677193.6000,83677193,83677193.6000,USD,EUR,IE00BG7PJ914,,,Fund,Barings Investment Funds Plc- Europe Select (EUR) -B- Unhedged Distribution,EUR,EUR,60.63,2021-05-27,1,2021-05-27,12000,12000,,ISIN,IE00BG7PJ914,Valor,45464924,SARA,000137710631,IE00BG7PJ914,IE/Ireland,EUR,495120,USD,537174.01,EUR,727560,USD,887731.61,,,,,,,,,,,,,,,,,,,,,,,,,,,,,,,,,,,,
,020,POS,"Stock Balance - May 27, 2021",lghths-sg,140139212,SAR,140139212,83677193.6000,83677193,83677193.6000,USD,USD,US33734X8469,,,Fund,First Trust NASDAQ Cybersecurity ETF,USD,USD,44.57,2021-05-26,1,2021-05-27,18000,18000,,ISIN,US33734X8469,Valor,28549941,SARA,000125850193,US33734X8469,US/United States of America,USD,512820,,,USD,802260,,,,,,,,,,,,,,,,,,,,,,,,,,,,,,,,,,,,,,
,020,POS,"Stock Balance - May 27, 2021",lghths-sg,140139216,SAR,140139216,83677193.6000,83677193,83677193.6000,USD,USD,US0846707026,,,Share,Berkshire Hathaway Inc -B-,USD,USD,289.3,2021-05-26,1,2021-05-27,18425,18425,,ISIN,US0846707026,Valor,10926529,Bloomberg,BRK/B US,US0846707026,US/United States of America,USD,3522860,,,USD,5330352.5,,,SARA,000025610650,,,,,,,,,,,,,,,,,,,,,,,,,,,,,,,,,,
,020,POS,"Stock Balance - May 27, 2021",lghths-sg,140139223,SAR,140139223,83677193.6000,83677193,83677193.6000,USD,HKD,KYG3777B1032,,,Share,Geely Automobile Holdings Ltd,HKD,HKD,19.72,2021-05-27,1,2021-05-27,19550,19550,,ISIN,KYG3777B1032,Valor,1812980,Bloomberg,175 HK,KYG3777B1032,KY/Cayman Islands,HKD,228735,USD,29510.21,HKD,385526,USD,49687.79,SARA,000024785919,,,,,,,,,,,,,,,,,,,,,,,,,,,,,,,,,,
,020,POS,"Stock Balance - May 27, 2021",lghths-sg,140139230,SAR,140139230,83677193.6000,83677193,83677193.6000,USD,EUR,LU0260085492,,,Fund,The Jupiter Global Fund Sicav- European Growth  (EUR) -L- Capitalisation,EUR,EUR,45.01,2021-05-27,1,2021-05-27,21198,21198,,ISIN,LU0260085492,Valor,2707263,SARA,000031523329,LU0260085492,LU/Luxembourg,EUR,774998.88,USD,840824.96,EUR,954121.98,USD,1164170.98,,,,,,,,,,,,,,,,,,,,,,,,,,,,,,,,,,,,
,020,POS,"Stock Balance - May 27, 2021",lghths-sg,140139244,SAR,140139244,83677193.6000,83677193,83677193.6000,USD,USD,IE00BYZK4669,,,Fund,iShares IV Plc- Ageing Population UCITS ETF,USD,USD,7.9375,2021-05-27,1,2021-05-27,24325,24325,,ISIN,IE00BYZK4669,Valor,33305420,SARA,000130065572,IE00BYZK4669,IE/Ireland,USD,119496.56,,,USD,193079.69,,,,,,,,,,,,,,,,,,,,,,,,,,,,,,,,,,,,,,
,020,POS,"Stock Balance - May 27, 2021",lghths-sg,140139248,SAR,140139248,83677193.6000,83677193,83677193.6000,USD,USD,US33738R6053,,,Fund,First Trust Dorsey Wright Focus 5 ETF,USD,USD,46.55,2021-05-26,1,2021-05-27,26823,26823,,ISIN,US33738R6053,Valor,23632392,SARA,000106789452,US33738R6053,US/United States of America,USD,777330.54,,,USD,1248610.65,,,,,,,,,,,,,,,,,,,,,,,,,,,,,,,,,,,,,,
,020,POS,"Stock Balance - May 27, 2021",lghths-sg,140139252,SAR,140139252,83677193.6000,83677193,83677193.6000,USD,USD,US0846491027,,,Fund,Berkshire Funds (USD) Distribution,USD,USD,39.16,2021-05-25,1,2021-05-27,27201.632,27201.632,,ISIN,US0846491027,Valor,839013,SARA,000138882563,US0846491027,US/United States of America,USD,774974.5,,,USD,1065215.91,,,,,,,,,,,,,,,,,,,,,,,,,,,,,,,,,,,,,,
,020,POS,"Stock Balance - May 27, 2021",lghths-sg,143543022,SAR,143543022,83663293.6000,83663293,83663293.6000,USD,GBP,000143541167,SARA,000143541167,Hybrid,Stock Forward Accumulator  2x Leveraged on Imperial Brands Plc (IMT LN) Period: 25.MAY.21 - 24.MAY.22  253 Days Strike: GBP 14.5747  Knock-Out: GBP 17.4279,GBP,GBP,0.00,2021-05-21,1,2021-05-27,27830,27830,,,,,,,,,,,,USD,0,,,,,,,,,,,,,,,,,,,,,,,,,,,,,,,,,,,,,,,,
,020,POS,"Stock Balance - May 27, 2021",lghths-sg,140158326,SAR,140158326,83677193.6000,83677193,83677193.6000,USD,USD,US36847Q1031,,,Share,Geely Automobile Holdings Ltd -ADR- (20 Shs),USD,USD,50.58,2021-05-26,1,2021-05-27,6240,6240,,ISIN,US36847Q1031,Valor,10712481,SARA,000131633808,US36847Q1031,KY/Cayman Islands,USD,187636.8,,,USD,315619.2,,,,,,,,,,,,,,,,,,,,,,,,,,,,,,,,,,,,,,
,020,POS,"Stock Balance - May 27, 2021",lghths-sg,140766940,SAR,140766940,83677193.6000,83677193,83677193.6000,USD,USD,US00214Q1040,,,Fund,ARK Innovation ETF,USD,USD,112.28,2021-05-26,1,2021-05-27,3090,3090,,ISIN,US00214Q1040,Valor,25949494,SARA,000132130108,US00214Q1040,US/United States of America,USD,257562.52,,,USD,346945.2,,,,,,,,,,,,,,,,,,,,,,,,,,,,,,,,,,,,,,
,020,POS,"Stock Balance - May 27, 2021",lghths-sg,140774543,SAR,140774543,83677193.6000,83677193,83677193.6000,USD,USD,US7429351254,,,Fund,Professionally Managed Portfolios Akre Focus Fund (USD) -Institutional- Distribution,USD,USD,61.43,2021-04-28,1,2021-05-27,9904.913,9904.913,,ISIN,US7429351254,Valor,10507151,SARA,000140770052,US7429351254,US/United States of America,USD,502675.01,,,USD,608458.81,,,,,,,,,,,,,,,,,,,,,,,,,,,,,,,,,,,,,,
,020,POS,"Stock Balance - May 27, 2021",lghths-sg,140973259,SAR,140973259,83677193.6000,83677193,83677193.6000,USD,USD,US1729674242,,,Share,Citigroup Inc,USD,USD,78.76,2021-05-26,1,2021-05-27,5000,5000,,ISIN,US1729674242,Valor,12915350,Bloomberg,C US,US1729674242,US/United States of America,USD,266076.37,,,USD,393800,,,SARA,000028584584,,,,,,,,,,,,,,,,,,,,,,,,,,,,,,,,,,
,020,POS,"Stock Balance - May 27, 2021",lghths-sg,140973283,SAR,140973283,83677193.6000,83677193,83677193.6000,USD,USD,US0605051046,,,Share,Bank of America Corp,USD,USD,42.55,2021-05-26,1,2021-05-27,10000,10000,,ISIN,US0605051046,Valor,748628,Bloomberg,BAC UN,US0605051046,US/United States of America,USD,268430.14,,,USD,425500,,,SARA,000000418117,,,,,,,,,,,,,,,,,,,,,,,,,,,,,,,,,,
,020,POS,"Cash Balance - May 27, 2021",lghths-sg,125369911,SAR,125369911,81042621.6000,81042621,81042621.4000/USD/KK,USD,USD,USD,CURRENCY,USD,Cash,,,,,,,2021-05-27,,,,,,,,,,,,USD,0,,,,,,,,,,,,,,,,,,,,,,,,,,,portfolioID,81042621.6000,,,,,,,,,,,,,,
,020,POS,"Cash Balance - May 27, 2021",lghths-sg,133980399,SAR,133980399,83663279.6000,83663279,83663279.4000/USD/KK,USD,USD,USD,CURRENCY,USD,Cash,,,,,,,2021-05-27,,,,,,,,,,,,USD,63142.69,,,,,,,,,,,,,,,,,,,,,,,,,,,portfolioID,83663279.6000,,,,,,,,,,,,,,
,020,POS,"Cash Balance - May 27, 2021",lghths-sg,134173977,SAR,134173977,83663279.6000,83663279,83663279.4001/GBP/KK,USD,GBP,GBP,CURRENCY,GBP,Cash,,,,,,,2021-05-27,,,,,,,,,,,,GBP,0,USD,0,,,,,,,,,,,,,,,,,,,,,,,,,portfolioID,83663279.6000,,,,,,,,,,,,,,
,020,POS,"Cash Balance - May 27, 2021",lghths-sg,134270852,SAR,134270852,83663279.6000,83663279,83663279.4002/SGD/KK,USD,SGD,SGD,CURRENCY,SGD,Cash,,,,,,,2021-05-27,,,,,,,,,,,,SGD,1711.75,USD,1292.72,,,,,,,,,,,,,,,,,,,,,,,,,portfolioID,83663279.6000,,,,,,,,,,,,,,
,020,POS,"Cash Balance - May 27, 2021",lghths-sg,140493349,SAR,140493349,83663279.6000,83663279,83663279.4003/EUR/KK,USD,EUR,EUR,CURRENCY,EUR,Cash,,,,,,,2021-05-27,,,,,,,,,,,,EUR,2050.98,USD,2502.5,,,,,,,,,,,,,,,,,,,,,,,EUR,-25.07,portfolioID,83663279.6000,USD,-30.59,,,,,,,,,,,,
,020,POS,"Cash Balance - May 27, 2021",lghths-sg,140953859,SAR,140953859,83663279.6000,83663279,83663279.4004/HKD/KK,USD,HKD,HKD,CURRENCY,HKD,Cash,,,,,,,2021-05-27,,,,,,,,,,,,HKD,62129.63,USD,8007.46,,,,,,,,,,,,,,,,,,,,,,,,,portfolioID,83663279.6000,,,,,,,,,,,,,,
,020,POS,"Cash Balance - May 27, 2021",lghths-sg,133980435,SAR,133980435,83663293.6000,83663293,83663293.4000/USD/KK,USD,USD,USD,CURRENCY,USD,Cash,,,,,,,2021-05-27,,,,,,,,,,,,USD,-6050.16,,,,,,,,,,,,,,,,,,,,,,,,,USD,-1.05,portfolioID,83663293.6000,,,,,,,,,,,,,,
,020,POS,"Cash Balance - May 27, 2021",lghths-sg,134321779,SAR,134321779,83663293.6000,83663293,83663293.4001/GBP/KK,USD,GBP,GBP,CURRENCY,GBP,Cash,,,,,,,2021-05-27,,,,,,,,,,,,GBP,3248.08,USD,4609.47,,,,,,,,,,,,,,,,,,,,,,,,,portfolioID,83663293.6000,,,,,,,,,,,,,,
,020,POS,"Cash Balance - May 27, 2021",lghths-sg,134427611,SAR,134427611,83663293.6000,83663293,83663293.4002/SGD/KK,USD,SGD,SGD,CURRENCY,SGD,Cash,,,,,,,2021-05-27,,,,,,,,,,,,SGD,0,USD,0,,,,,,,,,,,,,,,,,,,,,,,,,portfolioID,83663293.6000,,,,,,,,,,,,,,
,020,POS,"Cash Balance - May 27, 2021",lghths-sg,134655209,SAR,134655209,83663293.6000,83663293,83663293.4003/EUR/KK,USD,EUR,EUR,CURRENCY,EUR,Cash,,,,,,,2021-05-27,,,,,,,,,,,,EUR,0,USD,0,,,,,,,,,,,,,,,,,,,,,,,,,portfolioID,83663293.6000,,,,,,,,,,,,,,
,020,POS,"Cash Balance - May 27, 2021",lghths-sg,137675912,SAR,137675912,83663293.6000,83663293,83663293.4004/INR/KK,USD,INR,INR,CURRENCY,INR,Cash,,,,,,,2021-05-27,,,,,,,,,,,,INR,0,USD,0,,,,,,,,,,,,,,,,,,,,,,,,,portfolioID,83663293.6000,,,,,,,,,,,,,,
,020,POS,"Cash Balance - May 27, 2021",lghths-sg,140351749,SAR,140351749,83663293.6000,83663293,83663293.4005/HKD/KK,USD,HKD,HKD,CURRENCY,HKD,Cash,,,,,,,2021-05-27,,,,,,,,,,,,HKD,0,USD,0,,,,,,,,,,,,,,,,,,,,,,,,,portfolioID,83663293.6000,,,,,,,,,,,,,,
,020,POS,"Cash Balance - May 27, 2021",lghths-sg,141694029,SAR,141694029,83663293.6000,83663293,83663293.4006/CHF/KK,USD,CHF,CHF,CURRENCY,CHF,Cash,,,,,,,2021-05-27,,,,,,,,,,,,CHF,0,USD,0,,,,,,,,,,,,,,,,,,,,,,,,,portfolioID,83663293.6000,,,,,,,,,,,,,,
,020,POS,"Cash Balance - May 27, 2021",lghths-sg,134787523,SAR,134787523,83667931.6000,83667931,83667931.4000/USD/KK,USD,USD,USD,CURRENCY,USD,Cash,,,,,,,2021-05-27,,,,,,,,,,,,USD,0,,,,,,,,,,,,,,,,,,,,,,,,,,,portfolioID,83667931.6000,,,,,,,,,,,,,,
,020,POS,"Cash Balance - May 27, 2021",lghths-sg,135356352,SAR,135356352,83667931.6000,83667931,83667931.4001/GBP/KK,USD,GBP,GBP,CURRENCY,GBP,Cash,,,,,,,2021-05-27,,,,,,,,,,,,GBP,69316.84,USD,98370.02,,,,,,,,,,,,,,,,,,,,,,,,,portfolioID,83667931.6000,,,,,,,,,,,,,,
,020,POS,"Cash Balance - May 27, 2021",lghths-sg,135910790,SAR,135910790,83667931.6000,83667931,83667931.4002/EUR/KK,USD,EUR,EUR,CURRENCY,EUR,Cash,,,,,,,2021-05-27,,,,,,,,,,,,EUR,0,USD,0,,,,,,,,,,,,,,,,,,,,,,,,,portfolioID,83667931.6000,,,,,,,,,,,,,,
,020,POS,"Cash Balance - May 27, 2021",lghths-sg,140258097,SAR,140258097,83667931.6000,83667931,83667931.4003/SGD/KK,USD,SGD,SGD,CURRENCY,SGD,Cash,,,,,,,2021-05-27,,,,,,,,,,,,SGD,1280.45,USD,967,,,,,,,,,,,,,,,,,,,,,,,,,portfolioID,83667931.6000,,,,,,,,,,,,,,
,020,POS,"Cash Balance - May 27, 2021",lghths-sg,140996046,SAR,140996046,83667931.6000,83667931,83667931.4004/MYR/KK,USD,MYR,MYR,CURRENCY,MYR,Cash,,,,,,,2021-05-27,,,,,,,,,,,,MYR,0,USD,0,,,,,,,,,,,,,,,,,,,,,,,,,portfolioID,83667931.6000,,,,,,,,,,,,,,
,020,POS,"Cash Balance - May 27, 2021",lghths-sg,140996118,SAR,140996118,83667931.6000,83667931,83667931.4005/XAU/METALL,USD,XAU,XAU,CURRENCY,XAU,Cash,,,,,,,2021-05-27,,,,,,,,,,,,XAU,8,USD,15117.08,,,,,,,,,,,,,,,,,,,,,,,,,portfolioID,83667931.6000,,,,,,,,,,,,,,
,020,POS,"Cash Balance - May 27, 2021",lghths-sg,139090240,SAR,139090240,83676187.6000,83676187,83676187.4000/USD/KK,USD,USD,USD,CURRENCY,USD,Cash,,,,,,,2021-05-27,,,,,,,,,,,,USD,78962.28,,,,,,,,,,,,,,,,,,,,,,,,,USD,-23.97,portfolioID,83676187.6000,,,,,,,,,,,,,,
,020,POS,"Cash Balance - May 27, 2021",lghths-sg,139983859,SAR,139983859,83676187.6000,83676187,83676187.4001/GBP/KK,USD,GBP,GBP,CURRENCY,GBP,Cash,,,,,,,2021-05-27,,,,,,,,,,,,GBP,909.31,USD,1290.43,,,,,,,,,,,,,,,,,,,,,,,,,portfolioID,83676187.6000,,,,,,,,,,,,,,
,020,POS,"Cash Balance - May 27, 2021",lghths-sg,140065110,SAR,140065110,83677193.6000,83677193,83677193.4000/USD/KK,USD,USD,USD,CURRENCY,USD,Cash,,,,,,,2021-05-27,,,,,,,,,,,,USD,4487.15,,,,,,,,,,,,,,,,,,,,,,,,,,,portfolioID,83677193.6000,,,,,,,,,,,,,,
,020,POS,"Cash Balance - May 27, 2021",lghths-sg,140249746,SAR,140249746,83677193.6000,83677193,83677193.4001/EUR/KK,USD,EUR,EUR,CURRENCY,EUR,Cash,,,,,,,2021-05-27,,,,,,,,,,,,EUR,390.75,USD,476.77,,,,,,,,,,,,,,,,,,,,,,,EUR,-0.05,portfolioID,83677193.6000,USD,-0.06,,,,,,,,,,,,
,020,POS,"Cash Balance - May 27, 2021",lghths-sg,140257966,SAR,140257966,83677193.6000,83677193,83677193.4002/HKD/KK,USD,HKD,HKD,CURRENCY,HKD,Cash,,,,,,,2021-05-27,,,,,,,,,,,,HKD,11838.32,USD,1525.76,,,,,,,,,,,,,,,,,,,,,,,,,portfolioID,83677193.6000,,,,,,,,,,,,,,
,020,POS,"Loan Balance - May 27, 2021",lghths-sg,143543111,SAR,143543111,83663279.6000,83663279,83663279,USD,GBP,GBP,CURRENCY,GBP,MoneyMarket,GBP Fixed Loan,,,,,,2021-05-27,,,,,,,,,,,,GBP,-1770991.42,USD,-2513277.68,,,,,,,,,,,,,,,,,,,,,,,GBP,-43.46,portfolioID,83663279.6000,USD,-61.68,Loan,Fixed,2021-06-01,GBP,-1770991.42,0.89563,143543111,s/t Fixed Advance Fix GBP 0.89563% 26.05.2021-01,2021-06-01,2021-05-26,,
,020,POS,"Loan Balance - May 27, 2021",lghths-sg,143541556,SAR,143541556,83663293.6000,83663293,83663293,USD,GBP,GBP,CURRENCY,GBP,MoneyMarket,GBP Fixed Loan,,,,,,2021-05-27,,,,,,,,,,,,GBP,-216977.81,USD,-307921.02,,,,,,,,,,,,,,,,,,,,,,,GBP,-10.65,portfolioID,83663293.6000,USD,-15.11,Loan,Fixed,2021-06-01,GBP,-216977.81,0.89563,143541556,s/t Fixed Advance Fix GBP 0.89563% 25.05.2021-01,2021-06-01,2021-05-25,,
,020,POS,"Loan Balance - May 27, 2021",lghths-sg,143541565,SAR,143541565,83663293.6000,83663293,83663293,USD,HKD,HKD,CURRENCY,HKD,MoneyMarket,HKD Fixed Loan,,,,,,2021-05-27,,,,,,,,,,,,HKD,-1456940.34,USD,-187774.99,,,,,,,,,,,,,,,,,,,,,,,HKD,-109.37,portfolioID,83663293.6000,USD,-14.1,Loan,Fixed,2021-06-01,HKD,-1456940.34,1.37,143541565,s/t Fixed Advance Fix HKD 1.37% 25.05.2021-01.06,2021-06-01,2021-05-25,,
,020,POS,"Loan Balance - May 27, 2021",lghths-sg,143541583,SAR,143541583,83663293.6000,83663293,83663293,USD,EUR,EUR,CURRENCY,EUR,MoneyMarket,EUR Fixed Loan,,,,,,2021-05-27,,,,,,,,,,,,EUR,-278706.82,USD,-340063.85,,,,,,,,,,,,,,,,,,,,,,,EUR,-10.06,portfolioID,83663293.6000,USD,-12.27,Loan,Fixed,2021-06-01,EUR,-278706.82,0.65,143541583,s/t Fixed Advance Fix EUR 0.65% 25.05.2021-01.06,2021-06-01,2021-05-25,,
,020,POS,"Loan Balance - May 27, 2021",lghths-sg,143541598,SAR,143541598,83663293.6000,83663293,83663293,USD,USD,USD,CURRENCY,USD,MoneyMarket,USD Fixed Loan,,,,,,2021-05-27,,,,,,,,,,,,USD,-374387.21,,,,,,,,,,,,,,,,,,,,,,,,,USD,-19.09,portfolioID,83663293.6000,,,Loan,Fixed,2021-06-01,USD,-374387.21,0.91788,143541598,s/t Fixed Advance Fix USD 0.91788% 25.05.2021-01,2021-06-01,2021-05-25,,
,020,POS,"Loan Balance - May 27, 2021",lghths-sg,141444043,SAR,141444043,83667931.6000,83667931,83667931,USD,EUR,EUR,CURRENCY,EUR,MoneyMarket,EUR Fixed Loan,,,,,,2021-05-27,,,,,,,,,,,,EUR,-100050.8,USD,-122076.88,,,,,,,,,,,,,,,,,,,,,,,EUR,-562.79,portfolioID,83667931.6000,USD,-686.69,Loan,Fixed,2021-07-14,EUR,-100050.8,0.9,141444043,s/t Fixed Advance Fix EUR 0.9% 14.10.2020-14.07.,2021-07-14,2020-10-14,,
,020,POS,"Loan Balance - May 27, 2021",lghths-sg,143541607,SAR,143541607,83667931.6000,83667931,83667931,USD,USD,USD,CURRENCY,USD,MoneyMarket,USD Fixed Loan,,,,,,2021-05-27,,,,,,,,,,,,USD,-334133.24,,,,,,,,,,,,,,,,,,,,,,,,,USD,-21.68,portfolioID,83667931.6000,,,Loan,Fixed,2021-06-01,USD,-334133.24,1.16788,143541607,s/t Fixed Advance Fix USD 1.16788% 25.05.2021-01,2021-06-01,2021-05-25,,
,020,POS,"Loan Balance - May 27, 2021",lghths-sg,143468184,SAR,143468184,83676187.6000,83676187,83676187,USD,GBP,GBP,CURRENCY,GBP,MoneyMarket,GBP Fixed Loan,,,,,,2021-05-27,,,,,,,,,,,,GBP,-200499.16,USD,-284535.58,,,,,,,,,,,,,,,,,,,,,,,GBP,-54.93,portfolioID,83676187.6000,USD,-77.95,Loan,Fixed,2021-06-14,GBP,-200499.16,1.0,143468184,s/t Fixed Advance Fix GBP 1% 17.05.2021-14.06.20,2021-06-14,2021-05-17,,
,020,POS,"Loan Balance - May 27, 2021",lghths-sg,143480371,SAR,143480371,83677193.6000,83677193,83677193,USD,USD,USD,CURRENCY,USD,MoneyMarket,USD Fixed Loan,,,,,,2021-05-27,,,,,,,,,,,,USD,-719771.65,,,,,,,,,,,,,,,,,,,,,,,,,USD,-79.97,portfolioID,83677193.6000,,,Loan,Fixed,2021-06-17,USD,-719771.65,0.4,143480371,s/t Fixed Advance Fix USD 0.4% 17.05.2021-17.06.,2021-06-17,2021-05-17,,
,020,POS,"Stock Balance - May 27, 2021",lghths-sg,140150219,SAR,140150219,83677193.6000,83677193,83677193.6000,USD,USD,US88032Q1094,,,Share,Tencent Holdings Ltd -ADR-,USD,USD,78.42,2021-05-27,1,2021-05-27,6480,6480,,ISIN,US88032Q1094,Valor,4752662,SARA,000028344274,US88032Q1094,KY/Cayman Islands,USD,339228,,,USD,508161.6,,,,,,,,,,,,,,,,,,,,,,,,,,,,,,,,,,,,,,
,020,POS,"Stock Balance - May 27, 2021",lghths-sg,134428056,SAR,134428056,83663279.6000,83663279,83663279.6000,USD,USD,XS1556165477,,,Bond,5.25% China Water Affairs Group Ltd 2017-2022,USD,USD,101.345,2021-05-26,.01,2021-05-27,200000,200000,,ISIN,XS1556165477,Valor,35513710,SARA,000131042001,XS1556165477,BM/Bermuda,USD,202296,,,USD,202690,,,,,,,,,,,,,2017-02-07,2022-02-07,5.25,30E/360,2,2017-08-07,USD,BB+,USD,3208.33,,,,,,,,,,,,,,,,
,020,POS,"Stock Balance - May 27, 2021",lghths-sg,137220345,SAR,137220345,83663279.6000,83663279,83663279.6000,USD,USD,XS1958658509,,,Bond,6% Jubilant Pharma Ltd Bonds 2019-2024 RegS,USD,USD,105.24,2021-05-26,.01,2021-05-27,200000,200000,,ISIN,XS1958658509,Valor,46710638,SARA,000136837239,XS1958658509,SG/Singapore,USD,202400,,,USD,210480,,,,,,,,,,,,,2019-03-05,2024-03-05,6.0,30E/360,2,2019-09-05,USD,BB-,USD,2733.33,,,,,,,,,,,,,,,,
,020,POS,"Stock Balance - May 27, 2021",lghths-sg,138136578,SAR,138136578,83663279.6000,83663279,83663279.6000,USD,SGD,SG1AA5000001,,,Share,Frasers Hospitality Trust REIT,SGD,SGD,0.515,2021-05-27,1,2021-05-27,382500,382500,,ISIN,SG1AA5000001,Valor,24766830,Bloomberg,FHT SP,SG1AA5000001,SG/Singapore,SGD,270499.27,USD,190913.26,SGD,196987.5,USD,148766.26,SARA,000123695896,,,,,,,,,,,,,,,,,,,,,,,,,,,,,,,,,,
,020,POS,"Stock Balance - May 27, 2021",lghths-sg,138958001,SAR,138958001,83663279.6000,83663279,83663279.6000,USD,USD,XS1753595328,,,Bond,5.45% Abja Investment Co Pte Ltd Notes 2018-2028 Reg-S,USD,USD,106.28,2021-05-26,.01,2021-05-27,300000,300000,,ISIN,XS1753595328,Valor,40014007,SARA,000133765006,XS1753595328,SG/Singapore,USD,288975,,,USD,318840,,,,,,,,,,,,,2018-01-24,2028-01-24,5.45,30/360,2,2018-07-24,USD,BB-,USD,5586.25,,,,,,,,,,,,,,,,
,020,POS,"Stock Balance - May 27, 2021",lghths-sg,138958048,SAR,138958048,83663279.6000,83663279,83663279.6000,USD,USD,US62828M2A84,,,Bond,6.125% Muthoot Finance Ltd MT-Notes 2019-2022 Global RegS,USD,USD,104.21,2021-05-26,.01,2021-05-27,200000,200000,,ISIN,US62828M2A84,Valor,50738431,SARA,000138717209,US62828M2A84,IN/India,USD,204700,,,USD,208420,,,,,,,,,,,,,2019-10-31,2022-10-31,6.125,30E/360,2,2020-04-30,USD,BB,USD,918.75,,,,,,,,,,,,,,,,
,020,POS,"Stock Balance - May 27, 2021",lghths-sg,139394548,SAR,139394548,83663279.6000,83663279,83663279.6000,USD,USD,XS2090080172,,,Bond,5.9% Manappuram Finance Ltd Emt-Notes 2020-2023 Secured,USD,USD,103.125,2021-05-26,.01,2021-05-27,250000,250000,,ISIN,XS2090080172,Valor,51830341,SARA,000139292337,XS2090080172,IN/India,USD,254595,,,USD,257812.5,,,,,,,,,,,,,2020-01-13,2023-01-13,5.9,30/360,2,2020-07-13,USD,B+,USD,5490.28,,,,,,,,,,,,,,,,
,020,POS,"Stock Balance - May 27, 2021",lghths-sg,139630789,SAR,139630789,83663279.6000,83663279,83663279.6000,USD,USD,USG9328DAM23,,,Bond,6.375% Vedanta Resources Ltd Bonds 2017-2022 Global Reg-S,USD,USD,98.41,2021-05-27,.01,2021-05-27,200000,200000,,ISIN,USG9328DAM23,Valor,35497009,SARA,000131036083,USG9328DAM23,GB/United Kingdom,USD,197922,,,USD,196820,,,,,,,,,,,,,2017-01-30,2022-07-30,6.375,30E/360,2,2017-07-30,USD,CCC+,USD,4143.75,,,,,,,,,,,,,,,,
,020,POS,"Stock Balance - May 27, 2021",lghths-sg,140416493,SAR,140416493,83663279.6000,83663279,83663279.6000,USD,USD,KYG047761039,,,Fund,Aravali Cayman Spc Global Arbitrage Fund (USD) -B- Segregated Portfolio Non Voting Capitalisation,USD,USD,1610.669,2021-04-01,1,2021-05-27,99.572,99.572,,ISIN,KYG047761039,Valor,24384793,SARA,000127370797,KYG047761039,KY/Cayman Islands,USD,150802.5,,,USD,160377.53,,,,,,,,,,,,,,,,,,,,,,,,,,,,,,,,,,,,,,
,020,POS,"Stock Balance - May 27, 2021",lghths-sg,141129468,SAR,141129468,83663279.6000,83663279,83663279.6000,USD,SGD,SG2D63974620,,,Share,AIMS APAC REIT,SGD,SGD,1.41,2021-05-27,1,2021-05-27,83500,83500,,ISIN,SG2D63974620,Valor,13687016,Bloomberg,AAREIT SP,SG2D63974620,SG/Singapore,SGD,100510.92,USD,73935.69,SGD,117735,USD,88914.25,SARA,000029481966,,,,,,,,,,,,,,,,,,,,,,,,,,,,,,,,,,
,020,POS,"Stock Balance - May 27, 2021",lghths-sg,141787066,SAR,141787066,83663279.6000,83663279,83663279.6000,USD,HKD,HK0941009539,,,Share,China Mobile Ltd,HKD,HKD,49.8,2021-05-27,1,2021-05-27,54000,54000,,ISIN,HK0941009539,Valor,1099448,Bloomberg,941 HK,HK0941009539,HK/Hong Kong,HKD,2546920.93,USD,327523.71,HKD,2689200,USD,346592.44,SARA,000000422519,,,,,,,,,,,,,,,,,,,,,,,,,,,,,,,,,,
,020,POS,"Stock Balance - May 27, 2021",lghths-sg,142011178,SAR,142011178,83663279.6000,83663279,83663279.6000,USD,USD,USY7141GAA05,,,Bond,4.95% PT Chandra Asri Petrochemical Tbk Notes 2017-2024 RegS,USD,USD,102.485,2021-05-26,.01,2021-05-27,300000,300000,,ISIN,USY7141GAA05,Valor,38942960,SARA,000133207150,USY7141GAA05,ID/Indonesia,USD,303665.2,,,USD,307455,,,,,,,,,,,,,2017-11-08,2024-11-08,4.95,30E/360,2,2018-05-08,USD,BB-,USD,783.75,,,,,,,,,,,,,,,,
,020,POS,"Stock Balance - May 27, 2021",lghths-sg,142049130,SAR,142049130,83663279.6000,83663279,83663279.6000,USD,USD,IE00BKXBBV70,,,Fund,SphereInvest Global UCITS Icav- Credit Strategies Fund (USD) -F- Capitalisation,USD,USD,183.84891,2021-05-26,1,2021-05-27,1122.1069,1122.1069,,ISIN,IE00BKXBBV70,Valor,57922240,SARA,000141776627,IE00BKXBBV70,IE/Ireland,USD,200429.08,,,USD,206298.13,,,,,,,,,,,,,,,,,,,,,,,,,,,,,,,,,,,,,,
,020,POS,"Stock Balance - May 27, 2021",lghths-sg,142246399,SAR,142246399,83663279.6000,83663279,83663279.6000,USD,USD,XS2222660768,,,Share,10% BNP Paribas Alibaba Group Holding Ltd RegS STR 193.76  Callable Fixed Coupon Notes 02.08.2021 Repayment cash or physical,USD,USD,100.0894434,2021-05-26,.01,2021-05-27,200000,200000,,ISIN,XS2222660768,Valor,59267331,SARA,000142236259,XS2222660768,HK/Hong Kong,USD,199920,,,USD,200178.89,,,,,,,,,,,,,2021-02-01,,,,,,,,,,,,,,,,,,,,,,,,,
,020,POS,"Stock Balance - May 27, 2021",lghths-sg,142520517,SAR,142520517,83663279.6000,83663279,83663279.6000,USD,USD,US1104481072,,,Share,British American Tobacco Plc -ADR-,USD,USD,39.23,2021-05-26,1,2021-05-27,4000,4000,,ISIN,US1104481072,Valor,949872,SARA,000026925972,US1104481072,GB/United Kingdom,USD,149478.79,,,USD,156920,,,,,,,,,,,,,,,,,,,,,,,,,,,,,,,,,,,,,,
,020,POS,"Stock Balance - May 27, 2021",lghths-sg,142651277,SAR,142651277,83663279.6000,83663279,83663279.6000,USD,USD,XS2213954766,,,Bond,6.25% Powerlong Real Estate Holdings Ltd Bonds 2020-2024 Secured,USD,USD,104.425,2021-05-26,.01,2021-05-27,200000,200000,,ISIN,XS2213954766,Valor,56387933,SARA,000140909913,XS2213954766,KY/Cayman Islands,USD,208456.97,,,USD,208850,,,,,,,,,,,,,2020-08-10,2024-08-10,6.25,30/360,2,2021-02-10,USD,B+,USD,3715.28,,,,,,,,,,,,,,,,
,020,POS,"Stock Balance - May 27, 2021",lghths-sg,142666878,SAR,142666878,83663279.6000,83663279,83663279.6000,USD,USD,US02079K3059,,,Share,Alphabet Inc -A-,USD,USD,2362.68,2021-05-26,1,2021-05-27,200,200,,ISIN,US02079K3059,Valor,29798540,SARA,000126331383,US02079K3059,US/United States of America,USD,422126.18,,,USD,472536,,,,,,,,,,,,,,,,,,,,,,,,,,,,,,,,,,,,,,
,020,POS,"Stock Balance - May 27, 2021",lghths-sg,142702909,SAR,142702909,83663279.6000,83663279,83663279.6000,USD,USD,000142695806,SARA,000142695806,Hybrid,FX Accumulator on GBP/USD 2x Leveraged  Buy GBP / Sell USD at 1.3535 KO:1.45 Period: 22.FEB.21 - 24.FEB.22  12 Fixings One Guaranteed Period,USD,USD,2.2471E-4,2021-05-27,1,2021-05-27,750600,750600,,,,,,,,,,,,,,USD,168.66,,,,,,,,,,,,,,,,,,,,,,,,,,,,,,,,,,,,,,
,020,POS,"Stock Balance - May 27, 2021",lghths-sg,142770063,SAR,142770063,83663279.6000,83663279,83663279.6000,USD,USD,LU1514167219,,,Fund,Schroder International Selection  Fund Sicav-Global Credit Income (USD) -C- Distribution,USD,USD,105.7385,2021-05-27,1,2021-05-27,3762.26,3762.26,,ISIN,LU1514167219,Valor,34540233,SARA,000132419171,LU1514167219,LU/Luxembourg,USD,401737.47,,,USD,397815.73,,,,,,,,,,,,,,,,,,,,,,,,,,,,,,,,,,,,,,
,020,POS,"Stock Balance - May 27, 2021",lghths-sg,142983482,SAR,142983482,83663279.6000,83663279,83663279.6000,USD,USD,000142978144,SARA,000142978144,Option,British American Tobacco PLC Call 18.06.2021 45 (BTI US),USD,USD,0.03,2021-05-26,100,2021-05-27,-40,-40,,,,,,,,,US/United States of America,USD,-622,,,USD,-120,,,,,,100,45,2021-06-18,ISIN,US1104481072,British American Tobacco Plc -ADR-,Share,,,,,,,,,,,,,,,,,,,,,,,,,C,S
,020,POS,"Stock Balance - May 27, 2021",lghths-sg,143066702,SAR,143066702,83663279.6000,83663279,83663279.6000,USD,HKD,000143060631,SARA,000143060631,Option,China Mobile Ltd Call 29.06.2021 60 (941 HK) XHKF,HKD,HKD,0.09,2021-05-27,500,2021-05-27,-68,-68,,,,,,,,,HK/Hong Kong,HKD,-14936.29,USD,-6313.24,HKD,-3060,USD,-394.38,,,,500,60,2021-06-29,ISIN,HK0941009539,China Mobile Ltd,Share,,,,,,,,,,,,,,,,,,,,,,,,,C,S
,020,POS,"Stock Balance - May 27, 2021",lghths-sg,143067704,SAR,143067704,83663279.6000,83663279,83663279.6000,USD,USD,XS2272214458,,,Bond,4.85% Logan Group Co Ltd Notes 2020-2026,USD,USD,100.625,2021-05-26,.01,2021-05-27,200000,200000,,ISIN,XS2272214458,Valor,58823075,SARA,000141927463,XS2272214458,KY/Cayman Islands,USD,202999.63,,,USD,201250,,,,,,,,,,,,,2020-12-14,2026-12-14,4.85,30E/360,2,2021-06-14,USD,BB-,USD,4391.94,,,,,,,,,,,,,,,,
,020,POS,"Stock Balance - May 27, 2021",lghths-sg,143154134,SAR,143154134,83663279.6000,83663279,83663279.6000,USD,USD,CH1108195541,,,Bond,8% Vontobel Financial Products Ltd Facebook Inc -A- STR 262.4158 Microsoft Corp STR 216.3071 Autocallable Fixed Coupon Notes 27.10.2021 Repayment cash or physical,USD,USD,99.2,2021-05-26,.01,2021-05-27,250000,250000,,ISIN,CH1108195541,Valor,110819554,SARA,000143144744,CH1108195541,00939,USD,250000,,,USD,248000,,,,,,,,,,,,,2021-04-27,2021-10-29,0.2421,,12,2021-06-01,USD,,,,,,,,,,,,,,,,,,,
,020,POS,"Stock Balance - May 27, 2021",lghths-sg,143242706,SAR,143242706,83663279.6000,83663279,83663279.6000,USD,USD,QT1104883389,,,Fund,LC Multi Strategy Fund SG VCC-SF1 (USD) -E- Brevan Howard,USD,USD,100.0,2020-12-31,1,2021-05-27,1500,1500,,ISIN,QT1104883389,Valor,110488338,SARA,000142922383,QT1104883389,SG/Singapore,USD,150802.5,,,USD,150000,,,,,,,,,,,,,,,,,,,,,,,,,,,,,,,,,,,,,,
,020,POS,"Stock Balance - May 27, 2021",lghths-sg,143244063,SAR,143244063,83663279.6000,83663279,83663279.6000,USD,EUR,CH1108209755,,,Bond,8% Vontobel Financial Products Ltd BMW AG STR 75.8109 Orange SA STR 9.0825 Autocallable Fixed Coupon Notes 08.11.2021 Repayment cash or physical,EUR,EUR,99.1,2021-05-26,.01,2021-05-27,250000,250000,,ISIN,CH1108209755,Valor,110820975,SARA,000143242636,CH1108209755,00939,EUR,250000,USD,300564.25,EUR,247750,USD,302291.91,,,,,,,,,,,2021-05-07,2021-11-10,0.0,,12,2021-06-10,EUR,,,,,,,,,,,,,,,,,,,
,020,POS,"Stock Balance - May 27, 2021",lghths-sg,143374729,SAR,143374729,83663279.6000,83663279,83663279.6000,USD,USD,000143125565,SARA,000143125565,Option,Facebook Inc Put 16.07.2021 280 (FB US),USD,USD,1.83,2021-05-26,100,2021-05-27,-7,-7,,,,,,,,,US/United States of America,USD,-1886,,,USD,-1281,,,,,,100,280,2021-07-16,ISIN,US30303M1027,Facebook Inc -A-,Share,,,,,,,,,,,,,,,,,,,,,,,,,P,S
,020,POS,"Stock Balance - May 27, 2021",lghths-sg,143374763,SAR,143374763,83663279.6000,83663279,83663279.6000,USD,USD,000143370565,SARA,000143370565,Option,Altria Group Inc Put 18.06.2021 40 (MO US),USD,USD,0.06,2021-05-26,100,2021-05-27,-50,-50,,,,,,,,,US/United States of America,USD,-786,,,USD,-300,,,,,,100,40,2021-06-18,ISIN,US02209S1033,Altria Group Inc,Share,,,,,,,,,,,,,,,,,,,,,,,,,P,S
,020,POS,"Stock Balance - May 27, 2021",lghths-sg,143374836,SAR,143374836,83663279.6000,83663279,83663279.6000,USD,USD,XS2322976890,,,Share,9.9996% Morgan Stanley & Co International Plc Vipshop Holdings Ltd -ADR- (0.2 Shs) Etsy Inc Equity Linked Notes 17.11.2021 Repayment cash or physical,USD,USD,93.18,2021-05-26,.01,2021-05-27,200000,200000,,ISIN,XS2322976890,Valor,111442822,SARA,000143369163,XS2322976890,GB/United Kingdom,USD,200000,,,USD,186360,,,,,,,,,,,,,2021-05-17,,,,,,,,,,,,,,,,,,,,,,,,,
,020,POS,"Stock Balance - May 27, 2021",lghths-sg,143377501,SAR,143377501,83663279.6000,83663279,83663279.6000,USD,USD,000143370585,SARA,000143370585,Option,British American Tobacco PLC Put 18.06.2021 35 (BTI US),USD,USD,0.1,2021-05-26,100,2021-05-27,-1,-1,,,,,,,,,US/United States of America,USD,-40,,,USD,-10,,,,,,100,35,2021-06-18,ISIN,US1104481072,British American Tobacco Plc -ADR-,Share,,,,,,,,,,,,,,,,,,,,,,,,,P,S
,020,POS,"Stock Balance - May 27, 2021",lghths-sg,143477994,SAR,143477994,83663279.6000,83663279,83663279.6000,USD,USD,000143473842,SARA,000143473842,Option,British American Tobacco PLC Put 20.08.2021 35 (BTI US),USD,USD,0.5,2021-05-26,100,2021-05-27,-40,-40,,,,,,,,,US/United States of America,USD,-2226,,,USD,-2000,,,,,,100,35,2021-08-20,ISIN,US1104481072,British American Tobacco Plc -ADR-,Share,,,,,,,,,,,,,,,,,,,,,,,,,P,S
,020,POS,"Stock Balance - May 27, 2021",lghths-sg,143512908,SAR,143512908,83663279.6000,83663279,83663279.6000,USD,USD,000143507757,SARA,000143507757,Option,Alphabet Inc Call 16.07.2021 2600 (GOOGL US),USD,USD,12.5,2021-05-26,100,2021-05-27,-2,-2,,,,,,,,,US/United States of America,USD,-1086,,,USD,-2500,,,,,,100,2600,2021-07-16,ISIN,US02079K3059,Alphabet Inc -A-,Share,,,,,,,,,,,,,,,,,,,,,,,,,C,S
,020,POS,"Stock Balance - May 27, 2021",lghths-sg,143527047,SAR,143527047,83663279.6000,83663279,83663279.6000,USD,USD,000143507763,SARA,000143507763,Option,Alphabet Inc Call 16.07.2021 2600 (GOOG US),USD,USD,21.1,2021-05-26,100,2021-05-27,-1,-1,,,,,,,,,US/United States of America,USD,-1033,,,USD,-2110,,,,,,100,2600,2021-07-16,ISIN,US02079K1079,Alphabet Inc -C-,Share,,,,,,,,,,,,,,,,,,,,,,,,,C,S
,020,POS,"Stock Balance - May 27, 2021",lghths-sg,143538948,SAR,143538948,83663279.6000,83663279,83663279.6000,USD,HKD,000143533638,SARA,000143533638,Option,China Mobile Ltd Call 29.07.2021 55 (941 HK) XHKF,HKD,HKD,0.46,2021-05-27,500,2021-05-27,-40,-40,,,,,,,,,HK/Hong Kong,HKD,-8338.26,USD,-7105.39,HKD,-9200,USD,-1185.72,,,,500,55,2021-07-29,ISIN,HK0941009539,China Mobile Ltd,Share,,,,,,,,,,,,,,,,,,,,,,,,,C,S
,020,POS,"Stock Balance - May 27, 2021",lghths-sg,134237653,SAR,134237653,83663293.6000,83663293,83663293.6000,USD,GBP,XS1025866119,,,Bond,5% Jaguar Land Rover Automotive Plc Notes 2014-2022 Senior Reg-S,GBP,GBP,102.275,2021-05-26,.01,2021-05-27,300000,300000,,ISIN,XS1025866119,Valor,23581404,SARA,000106548682,XS1025866119,GB/United Kingdom,GBP,295890,USD,413881.62,GBP,306825,USD,435426.4,,,,,,,,,,,2014-01-31,2022-02-15,5.0,30/360,2,2014-08-15,GBP,B,GBP,4250,,,USD,6031.33,,,,,,,,,,,,
,020,POS,"Stock Balance - May 27, 2021",lghths-sg,134441083,SAR,134441083,83663293.6000,83663293,83663293.6000,USD,USD,USG5002FAM89,,,Bond,4.5% Jaguar Land Rover Automotive Plc Gtd.Notes 2017-2027 RegS,USD,USD,95.805,2021-05-27,.01,2021-05-27,200000,200000,,ISIN,USG5002FAM89,Valor,38586376,SARA,000133049915,USG5002FAM89,GB/United Kingdom,USD,192516.95,,,USD,191610,,,,,,,,,,,,,2017-10-10,2027-10-01,4.5,30E/360,2,2018-04-01,USD,B,USD,1400,,,,,,,,,,,,,,,,
,020,POS,"Stock Balance - May 27, 2021",lghths-sg,134575255,SAR,134575255,83663293.6000,83663293,83663293.6000,USD,USD,USG84228CQ91,,,Bond,7.5% Standard Chartered Plc Contingent Convertible  Floating Rate Notes 2016-Perpetual Reg-S Subordinated,USD,USD,104.625,2021-05-27,.01,2021-05-27,200000,200000,,ISIN,USG84228CQ91,Valor,33623693,SARA,000129796997,USG84228CQ91,GB/United Kingdom,USD,211500,,,USD,209250,,,,,,,,,,,,,2016-08-18,4712-12-31,7.5,30E/360,2,2017-04-02,USD,BB-,USD,2291.67,,,,,,,,,,,,,,,,
,020,POS,"Stock Balance - May 27, 2021",lghths-sg,134781098,SAR,134781098,83663293.6000,83663293,83663293.6000,USD,USD,KYG8135U1076,,,Fund,Silverdale Fund SPC (USD) -1A- SP Distribution,USD,USD,117.3262,2021-04-26,1,2021-05-27,3929,3929,,ISIN,KYG8135U1076,Valor,28213010,SARA,000131846096,KYG8135U1076,KY/Cayman Islands,USD,502675,,,USD,460974.64,,,,,,,,,,,,,,,,,,,,,,,,,,,,,,,,,,,,,,
,020,POS,"Stock Balance - May 27, 2021",lghths-sg,135200533,SAR,135200533,83663293.6000,83663293,83663293.6000,USD,USD,US30303M1027,,,Share,Facebook Inc -A-,USD,USD,332.75,2021-05-26,1,2021-05-27,24,24,,ISIN,US30303M1027,Valor,14917609,Bloomberg,FB US,US30303M1027,US/United States of America,USD,6050.16,,,USD,7986,,,SARA,000031299007,,,,,,,,,,,,,,,,,,,,,,,,,,,,,,,,,,
,020,POS,"Stock Balance - May 27, 2021",lghths-sg,135453748,SAR,135453748,83663293.6000,83663293,83663293.6000,USD,USD,XS1492713505,,,Bond,5.5% State Bank of India Contingent Convertible Floating Rate Notes 2016-Perpetual,USD,USD,101.155,2021-05-26,.01,2021-05-27,300000,300000,,ISIN,XS1492713505,Valor,33981821,SARA,000129991155,XS1492713505,00939,USD,303750,,,USD,303465,,,,,,,,,,,,,2016-09-22,2021-09-22,5.5,30/360,2,2017-03-22,USD,B,USD,2979.17,,,,,,,,,,,,,,,,
,020,POS,"Stock Balance - May 27, 2021",lghths-sg,138228040,SAR,138228040,83663293.6000,83663293,83663293.6000,USD,USD,XS2016070190,,,Bond,5.5% China Oil and Gas Group Ltd Bonds 2019-2023,USD,USD,102.815,2021-05-26,.01,2021-05-27,200000,200000,,ISIN,XS2016070190,Valor,49093025,SARA,000138038641,XS2016070190,BM/Bermuda,USD,202880,,,USD,205630,,,,,,,,,,,,,2019-07-25,2023-01-25,5.5,30/360,2,2020-01-25,USD,BB,USD,3727.78,,,,,,,,,,,,,,,,
,020,POS,"Stock Balance - May 27, 2021",lghths-sg,139165524,SAR,139165524,83663293.6000,83663293,83663293.6000,USD,USD,XS1753595328,,,Bond,5.45% Abja Investment Co Pte Ltd Notes 2018-2028 Reg-S,USD,USD,106.28,2021-05-26,.01,2021-05-27,300000,300000,,ISIN,XS1753595328,Valor,40014007,SARA,000133765006,XS1753595328,SG/Singapore,USD,290100,,,USD,318840,,,,,,,,,,,,,2018-01-24,2028-01-24,5.45,30/360,2,2018-07-24,USD,BB-,USD,5586.25,,,,,,,,,,,,,,,,
,020,POS,"Stock Balance - May 27, 2021",lghths-sg,139413184,SAR,139413184,83663293.6000,83663293,83663293.6000,USD,USD,XS2050614796,,,Bond,5.95% Global Prime Capital Pte Ltd Notes 2020-2025,USD,USD,104.32,2021-05-26,.01,2021-05-27,250000,250000,,ISIN,XS2050614796,Valor,52120777,SARA,000139403481,XS2050614796,SG/Singapore,USD,251375,,,USD,260800,,,,,,,,,,,,,2020-01-23,2025-01-23,5.95,30E/360,2,2020-07-23,USD,BB-,USD,5123.61,,,,,,,,,,,,,,,,
,020,POS,"Stock Balance - May 27, 2021",lghths-sg,139698558,SAR,139698558,83663293.6000,83663293,83663293.6000,USD,USD,XS2113454115,,,Bond,5.875% India Infoline Finance Ltd Emt-Notes 2020-2023,USD,USD,96.85,2021-05-26,.01,2021-05-27,250000,250000,,ISIN,XS2113454115,Valor,52582813,SARA,000139600480,XS2113454115,IN/India,USD,244350,,,USD,242125,,,,,,,,,,,,,2020-02-20,2023-04-20,5.875,30/360,2,2020-04-20,USD,BB-,USD,1509.55,,,,,,,,,,,,,,,,
,020,POS,"Stock Balance - May 27, 2021",lghths-sg,139786014,SAR,139786014,83663293.6000,83663293,83663293.6000,USD,GBP,GB00B03MLX29,,,Share,Royal Dutch Shell Plc -A-,EUR,GBP,13.516,2021-05-27,1,2021-05-27,12000,12000,,ISIN,GB00B03MLX29,Valor,1987674,SARA,000005058836,GB00B03MLX29,GB/United Kingdom,GBP,208440.68,USD,267184.88,GBP,162192,USD,230172.51,,,1.163084,,,,,,,,,,,,,,,,,,,,,,,,,,,,,,,,,
,020,POS,"Stock Balance - May 27, 2021",lghths-sg,140370383,SAR,140370383,83663293.6000,83663293,83663293.6000,USD,HKD,GB0005405286,,,Share,HSBC Holdings Plc,GBP,HKD,48.95,2021-05-27,1,2021-05-27,83342,83342,,ISIN,GB0005405286,Valor,411161,Bloomberg,0005 HK,GB0005405286,GB/United Kingdom,HKD,4271729.81,USD,545597.81,HKD,4079590.9,USD,525790.33,SARA,000000415042,0.090818,,,,,,,,,,,,,,,,,,,,,,,,,,,,,,,,,
,020,POS,"Stock Balance - May 27, 2021",lghths-sg,141383026,SAR,141383026,83663293.6000,83663293,83663293.6000,USD,USD,XS2090080172,,,Bond,5.9% Manappuram Finance Ltd Emt-Notes 2020-2023 Secured,USD,USD,103.125,2021-05-26,.01,2021-05-27,200000,200000,,ISIN,XS2090080172,Valor,51830341,SARA,000139292337,XS2090080172,IN/India,USD,199038.35,,,USD,206250,,,,,,,,,,,,,2020-01-13,2023-01-13,5.9,30/360,2,2020-07-13,USD,B+,USD,4392.22,,,,,,,,,,,,,,,,
,020,POS,"Stock Balance - May 27, 2021",lghths-sg,141704679,SAR,141704679,83663293.6000,83663293,83663293.6000,USD,HKD,000141697824,SARA,000141697824,Option,HSBC Holdings PLC Call 29.06.2021 50 (5 HK) XHKF,HKD,HKD,0.78,2021-05-27,400,2021-05-27,-208,-208,,,,,,,,,HK/Hong Kong,HKD,-44932.57,USD,-5795.58,HKD,-64896,USD,-8364,,,,400,50,2021-06-29,ISIN,GB0005405286,HSBC Holdings Plc,Share,,,,,,,,,,,,,,,,,,,,,,,,,C,S
,020,POS,"Stock Balance - May 27, 2021",lghths-sg,142145548,SAR,142145548,83663293.6000,83663293,83663293.6000,USD,GBP,GB00J8VJZN17,,,Option,Royal Dutch Shell Plc -A- Call Sep21 18 LIF,GBP,GBP,0.08,2021-05-26,1000,2021-05-27,-12,-12,,ISIN,GB00J8VJZN17,Valor,83384435,SARA,000142144417,GB00J8VJZN17,GB/United Kingdom,GBP,-4942.07,USD,-6718.88,GBP,-960,USD,-1362.37,,,,1000,18,2021-09-17,ISIN,GB00B03MLX29,Royal Dutch Shell Plc -A-,Share,,,,,,,,,,,,,,,,,,,,,,,,,C,S
,020,POS,"Stock Balance - May 27, 2021",lghths-sg,142282816,SAR,142282816,83663293.6000,83663293,83663293.6000,USD,HKD,HK0688002218,,,Share,China Overseas Land & Investment Ltd,HKD,HKD,18.82,2021-05-27,1,2021-05-27,80000,80000,,ISIN,HK0688002218,Valor,420828,Bloomberg,688 HK,HK0688002218,HK/Hong Kong,HKD,1505859.64,USD,194266.15,HKD,1505600,USD,194046.4,SARA,000000494357,,,,,,,,,1992-08-07,,,,,,,,,,,,,,,,,,,,,,,,,
,020,POS,"Stock Balance - May 27, 2021",lghths-sg,142421435,SAR,142421435,83663293.6000,83663293,83663293.6000,USD,USD,LU1226288253,,,Fund,UBS (LU) Key Selection Sicav- China Allocation Opportunity (USD) -P- 6% monthly Distribution,USD,USD,105.18,2021-05-26,1,2021-05-27,1771,1771,,ISIN,LU1226288253,Valor,27983955,SARA,000126337077,LU1226288253,LU/Luxembourg,USD,202742.67,,,USD,186273.78,,,,,,,,,,,,,,,,,,,,,,,,,,,,,,,,,,,,,,
,020,POS,"Stock Balance - May 27, 2021",lghths-sg,142502530,SAR,142502530,83663293.6000,83663293,83663293.6000,USD,USD,IE00B8K7V925,,,Fund,PIMCO Funds Global Investors Series Plc- Income (USD) -E- Distribution,USD,USD,11.13,2021-05-26,1,2021-05-27,35730.415,35730.415,,ISIN,IE00B8K7V925,Valor,19762784,SARA,000064235469,IE00B8K7V925,IE/Ireland,USD,401976,,,USD,397679.52,,,,,,,,,,,,,,,,,,,,,,,,,,,,,,,,,,,,,,
,020,POS,"Stock Balance - May 27, 2021",lghths-sg,142651243,SAR,142651243,83663293.6000,83663293,83663293.6000,USD,USD,XS2281321799,,,Bond,5.05% Fortune Star BVI Ltd Gtd.Notes 2021-2027,USD,USD,100.985,2021-05-26,.01,2021-05-27,200000,200000,,ISIN,XS2281321799,Valor,59563558,SARA,000142274177,XS2281321799,VG/British Virgin Islands,USD,202241.12,,,USD,201970,,,,,,,,,,,,,2021-01-27,2027-01-27,5.05,30E/360,2,2021-07-27,USD,BB,USD,3366.67,,,,,,,,,,,,,,,,
,020,POS,"Stock Balance - May 27, 2021",lghths-sg,142680876,SAR,142680876,83663293.6000,83663293,83663293.6000,USD,USD,XS2304008225,,,Share,8% JP Morgan Structured Products BV HDFC Bank Ltd -ADR- (3 Shs) STR 64.2168 Infosys Ltd -ADR- STR 13.9929 Fixed Coupon Notes 04.03.2022 Repayment cash or physical,USD,USD,96.6508,2021-05-26,.01,2021-05-27,300000,300000,,ISIN,XS2304008225,Valor,59476183,SARA,000142671426,XS2304008225,NL/Netherlands,USD,300000,,,USD,289952.4,,,,,,,,,,,,,2021-03-04,,,,,,,,,,,,,,,,,,,,,,,,,
,020,POS,"Stock Balance - May 27, 2021",lghths-sg,142680990,SAR,142680990,83663293.6000,83663293,83663293.6000,USD,USD,XS2304008068,,,Share,6% JP Morgan Structured Products BV HDFC Bank Ltd -ADR- (3 Shs) STR 59.535 Infosys Ltd -ADR- STR 12.9728 Fixed Coupon Notes 04.03.2022 Repayment cash or physical,USD,USD,96.7843,2021-05-26,.01,2021-05-27,200000,200000,,ISIN,XS2304008068,Valor,59476182,SARA,000142671407,XS2304008068,NL/Netherlands,USD,200000,,,USD,193568.6,,,,,,,,,,,,,2021-03-04,,,,,,,,,,,,,,,,,,,,,,,,,
,020,POS,"Stock Balance - May 27, 2021",lghths-sg,142681892,SAR,142681892,83663293.6000,83663293,83663293.6000,USD,GBP,GB0004544929,,,Share,Imperial Brands Plc,GBP,GBP,16.18,2021-05-27,1,2021-05-27,15406,15406,,ISIN,GB0004544929,Valor,517719,SARA,000000416171,GB0004544929,GB/United Kingdom,GBP,218480.68,USD,304706.76,GBP,249269.08,USD,353746.73,,,,,,,,,,,,,,,,,,,,,,,,,,,,,,,,,,,,
,020,POS,"Stock Balance - May 27, 2021",lghths-sg,142702357,SAR,142702357,83663293.6000,83663293,83663293.6000,USD,GBP,GB00H7W7M167,,,Option,Imperial Brands Plc Call Sep21 16 LIF,GBP,GBP,1.045,2021-05-26,1000,2021-05-27,-15,-15,,ISIN,GB00H7W7M167,Valor,71944318,SARA,000142698152,GB00H7W7M167,GB/United Kingdom,GBP,-3897.7,USD,-5462.09,GBP,-15675,USD,-22244.96,,,,1000,16,2021-09-17,ISIN,GB0004544929,Imperial Brands Plc,Share,,,,,,,,,,,,,,,,,,,,,,,,,C,S
,020,POS,"Stock Balance - May 27, 2021",lghths-sg,142867569,SAR,142867569,83663293.6000,83663293,83663293.6000,USD,HKD,000142864352,SARA,000142864352,Option,WH Group Ltd Put 29.06.2021 6.5 (288 HK) XHKF,HKD,HKD,0.16,2021-05-26,2500,2021-05-27,-48,-48,,,,,,,,,HK/Hong Kong,HKD,-35089,USD,-4520.57,HKD,-19200,USD,-2474.56,,,,2500,6.5,2021-06-29,ISIN,KYG960071028,WH Group Ltd -Unitary 144A / Reg-S-,Share,,,,,,,,,,,,,,,,,,,,,,,,,P,S
,020,POS,"Stock Balance - May 27, 2021",lghths-sg,142953456,SAR,142953456,83663293.6000,83663293,83663293.6000,USD,HKD,KYG960071028,,,Share,WH Group Ltd -Unitary 144A / Reg-S-,HKD,HKD,6.82,2021-05-27,1,2021-05-27,130000,130000,,ISIN,KYG960071028,Valor,24222514,Bloomberg,288 HK,KYG960071028,KY/Cayman Islands,HKD,921951.71,USD,118738.9,HKD,886600,USD,114267.76,SARA,000115614425,,,,,,,,,,,,,,,,,,,,,,,,,,,,,,,,,,
,020,POS,"Stock Balance - May 27, 2021",lghths-sg,142979984,SAR,142979984,83663293.6000,83663293,83663293.6000,USD,HKD,000142975690,SARA,000142975690,Option,WH Group Ltd Call 29.06.2021 8.25 (288 HK) XHKF,HKD,HKD,0.01,2021-05-26,2500,2021-05-27,-52,-52,,,,,,,,,HK/Hong Kong,HKD,-19138.03,USD,-2464.76,HKD,-1300,USD,-167.55,,,,2500,8.25,2021-06-29,ISIN,KYG960071028,WH Group Ltd -Unitary 144A / Reg-S-,Share,,,,,,,,,,,,,,,,,,,,,,,,,C,S
,020,POS,"Stock Balance - May 27, 2021",lghths-sg,143066706,SAR,143066706,83663293.6000,83663293,83663293.6000,USD,HKD,000143050891,SARA,000143050891,Option,China Overseas Land & Investment Ltd Call 29.06.2021 24 (688 HK) XHKF,HKD,HKD,0.01,2021-05-26,2000,2021-05-27,-40,-40,,,,,,,,,HK/Hong Kong,HKD,-20736.29,USD,-7059.31,HKD,-800,USD,-103.11,,,,2000,24,2021-06-29,ISIN,HK0688002218,China Overseas Land & Investment Ltd,Share,,,,,,,,,,,,,,,,,,,,,,,,,C,S
,020,POS,"Stock Balance - May 27, 2021",lghths-sg,143067709,SAR,143067709,83663293.6000,83663293,83663293.6000,USD,USD,XS2272214458,,,Bond,4.85% Logan Group Co Ltd Notes 2020-2026,USD,USD,100.625,2021-05-26,.01,2021-05-27,200000,200000,,ISIN,XS2272214458,Valor,58823075,SARA,000141927463,XS2272214458,KY/Cayman Islands,USD,202999.63,,,USD,201250,,,,,,,,,,,,,2020-12-14,2026-12-14,4.85,30E/360,2,2021-06-14,USD,BB-,USD,4391.94,,,,,,,,,,,,,,,,
,020,POS,"Stock Balance - May 27, 2021",lghths-sg,143206000,SAR,143206000,83663293.6000,83663293,83663293.6000,USD,USD,US01609W1027,,,Share,Alibaba Group Holding Ltd -ADS- (8 Shs),USD,USD,212.74,2021-05-26,1,2021-05-27,600,600,,ISIN,US01609W1027,Valor,24409862,SARA,000123993236,US01609W1027,KY/Cayman Islands,USD,140035.6,,,USD,127644,,,,,,,,,,,,,,,,,,,,,,,,,,,,,,,,,,,,,,
,020,POS,"Stock Balance - May 27, 2021",lghths-sg,143225155,SAR,143225155,83663293.6000,83663293,83663293.6000,USD,USD,000142822407,SARA,000142822407,Option,Alibaba Group Holding Ltd Call 18.06.2021 260 (BABA US),USD,USD,0.12,2021-05-26,100,2021-05-27,-6,-6,,,,,,,,,US/United States of America,USD,-1586,,,USD,-72,,,,,,100,260,2021-06-18,ISIN,US01609W1027,Alibaba Group Holding Ltd -ADS- (8 Shs),Share,,,,,,,,,,,,,,,,,,,,,,,,,C,S
,020,POS,"Stock Balance - May 27, 2021",lghths-sg,143239698,SAR,143239698,83663293.6000,83663293,83663293.6000,USD,USD,000142255392,SARA,000142255392,Option,Lumentum Holdings Inc Put 18.06.2021 80 (LITE US),USD,USD,2.25,2021-05-26,100,2021-05-27,-15,-15,,,,,,,,,US/United States of America,USD,-1586,,,USD,-3375,,,,,,100,80,2021-06-18,ISIN,US55024U1097,Lumentum Holdings Inc,Share,,,,,,,,,,,,,,,,,,,,,,,,,P,S
,020,POS,"Stock Balance - May 27, 2021",lghths-sg,143242630,SAR,143242630,83663293.6000,83663293,83663293.6000,USD,USD,QT1104883389,,,Fund,LC Multi Strategy Fund SG VCC-SF1 (USD) -E- Brevan Howard,USD,USD,100.0,2020-12-31,1,2021-05-27,1500,1500,,ISIN,QT1104883389,Valor,110488338,SARA,000142922383,QT1104883389,SG/Singapore,USD,150802.5,,,USD,150000,,,,,,,,,,,,,,,,,,,,,,,,,,,,,,,,,,,,,,
,020,POS,"Stock Balance - May 27, 2021",lghths-sg,143397842,SAR,143397842,83663293.6000,83663293,83663293.6000,USD,USD,XS2253734268,,,Bond,10% BNP Paribas Daqo New Energy Corp -ADR- (5 Shs) Otis Worldwide Corp Callable Fixed Coupon Notes 19.11.2021 Repayment cash or physical,USD,USD,98.01988049,2021-05-25,.01,2021-05-27,300000,300000,,ISIN,XS2253734268,Valor,110897270,SARA,000143388446,XS2253734268,HK/Hong Kong,USD,300000,,,USD,294059.64,,,,,,,,,,,,,2021-05-19,2021-11-29,10.0,,12,2021-06-28,USD,,,,,,,,,,,,,,,,,,,
,020,POS,"Stock Balance - May 27, 2021",lghths-sg,143463463,SAR,143463463,83663293.6000,83663293,83663293.6000,USD,USD,GB00BL5C3X11,,,Rights,Royal Dutch Shell Plc -A- -Rights 2021-,USD,USD,0.00,2021-05-10,1,2021-05-27,12000,12000,,ISIN,GB00BL5C3X11,Valor,111375538,SARA,000143437839,GB00BL5C3X11,GB/United Kingdom,,,,,,,,,,,,,,,,,,,,,,,,,,,,,,,,,,,,,,,,,,,,
,020,POS,"Stock Balance - May 27, 2021",lghths-sg,143473771,SAR,143473771,83663293.6000,83663293,83663293.6000,USD,EUR,SGXC37098255,,,Share,Cromwell European REIT Reg-S,EUR,EUR,2.31,2021-05-27,1,2021-05-27,118800,118800,,ISIN,SGXC37098255,Valor,111520314,SARA,000143433177,SGXC37098255,SG/Singapore,EUR,300900.82,USD,334942.33,EUR,274428,USD,334843.05,,,,,,,,,,,,,,,,,,,,,,,,,,,,,,,,,,,,
,020,POS,"Stock Balance - May 27, 2021",lghths-sg,143492438,SAR,143492438,83663293.6000,83663293,83663293.6000,USD,USD,000142624207,SARA,000142624207,Option,Microsoft Corp Put 16.07.2021 220 (MSFT US),USD,USD,1.33,2021-05-26,100,2021-05-27,-10,-10,,,,,,,,,US/United States of America,USD,-2366,,,USD,-1330,,,,,,100,220,2021-07-16,ISIN,US5949181045,Microsoft Corp,Share,,,,,,,,,,,,,,,,,,,,,,,,,P,S
,020,POS,"Stock Balance - May 27, 2021",lghths-sg,134149308,SAR,134149308,83663279.6000,83663279,83663279.6000,USD,USD,US02079K1079,,,Share,Alphabet Inc -C-,USD,USD,2402.51,2021-05-26,1,2021-05-27,100,100,,ISIN,US02079K1079,Valor,29798545,SARA,000126334673,US02079K1079,US/United States of America,USD,71569,,,USD,240251,,,,,,,,,,,,,,,,,,,,,,,,,,,,,,,,,,,,,,
,020,POS,"Stock Balance - May 27, 2021",lghths-sg,134149314,SAR,134149314,83663279.6000,83663279,83663279.6000,USD,USD,USY57657AA90,,,Bond,5.3% Marble II Pte Ltd Bond 2017-2022,USD,USD,100.405,2021-05-26,.01,2021-05-27,400000,400000,,ISIN,USY57657AA90,Valor,37153128,SARA,000132184737,USY57657AA90,SG/Singapore,USD,389880,,,USD,401620,,,,,,,,,,,,,2017-06-20,2022-06-20,5.3,30E/360,2,2017-12-20,USD,BB,USD,9245.56,,,,,,,,,,,,,,,,
,020,POS,"Stock Balance - May 27, 2021",lghths-sg,134149391,SAR,134149391,83663279.6000,83663279,83663279.6000,USD,USD,XS1492713505,,,Bond,5.5% State Bank of India Contingent Convertible Floating Rate Notes 2016-Perpetual,USD,USD,101.155,2021-05-26,.01,2021-05-27,600000,600000,,ISIN,XS1492713505,Valor,33981821,SARA,000129991155,XS1492713505,00939,USD,602226.95,,,USD,606930,,,,,,,,,,,,,2016-09-22,2021-09-22,5.5,30/360,2,2017-03-22,USD,B,USD,5958.33,,,,,,,,,,,,,,,,
,020,POS,"Stock Balance - May 27, 2021",lghths-sg,134149396,SAR,134149396,83663279.6000,83663279,83663279.6000,USD,USD,USF2893TAM83,,,Bond,5.625% Electricit� de France EDF Notes 2014-Perpetual Reg-S Subordinated,USD,USD,107.005,2021-05-27,.01,2021-05-27,300000,300000,,ISIN,USF2893TAM83,Valor,23404521,SARA,000104422680,USF2893TAM83,FR/France,USD,318600,,,USD,321015,,,,,,,,,,,,,2014-01-22,2046-06-17,5.625,30E/360,2,2014-07-22,USD,BB-,USD,5859.38,,,,,,,,,,,,,,,,
,020,POS,"Stock Balance - May 27, 2021",lghths-sg,134149419,SAR,134149419,83663279.6000,83663279,83663279.6000,USD,USD,XS1423722823,,,Bond,5.875% QBE Insurance Group Ltd Contingent Convertible Floating Rate Emt-Notes 2016-2046,USD,USD,110.59,2021-05-26,.01,2021-05-27,300000,300000,,ISIN,XS1423722823,Valor,32942221,SARA,000129445087,XS1423722823,AU/Australia,USD,313500,,,USD,331770,,,,,,,,,,,,,2016-06-17,2046-06-17,5.875,30/360,2,2016-12-17,USD,BBB-,USD,7833.33,,,,,,,,,,,,,,,,
,020,POS,"Stock Balance - May 27, 2021",lghths-sg,134237583,SAR,134237583,83663279.6000,83663279,83663279.6000,USD,GBP,XD0018087144,,,Fund,Synergy Multi-Strategy Fund Ltd (GBP) -B- Series 1 -In Liquidation-,GBP,GBP,0.00,2018-03-20,1,2021-05-27,265.256,265.256,,ISIN,XD0018087144,Valor,1808714,SARA,000134228704,XD0018087144,KY/Cayman Islands,,,USD,0,,,,,,,,,,,,,,,,,,,,,,,,,,,,,,,,,,,,,,,,
,020,POS,"Stock Balance - May 27, 2021",lghths-sg,134237591,SAR,134237591,83663279.6000,83663279,83663279.6000,USD,USD,KYG8646E2530,,,Fund,Synergy Fund Ltd (USD) -A- Series 7 -In Liquidation-,USD,USD,0.00,2018-03-20,1,2021-05-27,200,200,,ISIN,KYG8646E2530,Valor,1319516,SARA,000134228769,KYG8646E2530,KY/Cayman Islands,,,,,,,,,,,,,,,,,,,,,,,,,,,,,,,,,,,,,,,,,,,,
,020,POS,"Stock Balance - May 27, 2021",lghths-sg,134237585,SAR,134237585,83663279.6000,83663279,83663279.6000,USD,USD,XD0018852000,,,Fund,Synergy Fund Ltd -A- Series 8 -In Liquidation-,USD,USD,5.5805,2013-11-29,1,2021-05-27,200,200,,ISIN,XD0018852000,Valor,1885200,SARA,000100560433,XD0018852000,KY/Cayman Islands,USD,1116.1,,,USD,1116.1,,,,,,,,,,,,,,,,,,,,,,,,,,,,,,,,,,,,,,
,020,POS,"Stock Balance - May 27, 2021",lghths-sg,134237613,SAR,134237613,83663279.6000,83663279,83663279.6000,USD,USD,IE00BCV7N601,,,Fund,PIMCO Funds Global Investors Series Plc- Diversified Income Duration Hedged (USD) -E- Capitalisation,USD,USD,12.33,2021-05-26,1,2021-05-27,0.001,0.001,,ISIN,IE00BCV7N601,Valor,22073677,SARA,000101207493,IE00BCV7N601,IE/Ireland,USD,0.01,,,USD,0.01,,,,,,,,,,,,,,,,,,,,,,,,,,,,,,,,,,,,,,
