tkn,m2xmlReleaseNo,mvmtHdr.@mvmtTp,mvmtHdr.cmt,mvmtSrc.ctlr,mvmtSrc.ctlrMvmtRef,posSrc.extSys,posSrc.ref,hldPos.hldId.ptfl,hldPos.hldId.ctlrOwnr,hldPos.hldId.ctlrAcct,hldPos.hldId.ownrRefCcy,hldPos.hldId.ccy,hldPos.hldId.asst,hldPos.hldId.asstIDs.asstRef.0.@refType,hldPos.hldId.asstIDs.asstRef.0.#text,hldPos.hldId.asstIDs.asstRef.1.@refType,hldPos.hldId.asstIDs.asstRef.1.#text,hldPos.hldId.asstIDs.asstRef.2.@refType,hldPos.hldId.asstIDs.asstRef.2.#text,hldPos.hldId.asstDetail.isin,hldPos.hldId.asstDetail.type,hldPos.hldId.asstDetail.cntry,hldPos.hldId.asstDetail.desc,hldPos.hldId.asstDetail.issueCcy,hldPos.hldId.asstDetail.latestPrc.@ccy,hldPos.hldId.asstDetail.latestPrc.#text,hldPos.hldId.asstDetail.latestPrcDate,hldPos.hldId.asstDetail.prcFactor,hldPos.effDt,hldPos.posnQty,hldPos.settQty,hldPos.posAmtRefCcy.@ccy,hldPos.posAmtRefCcy.#text,hldPos.vrfyInd,hldPos.posAmt.@ccy,hldPos.posAmt.#text,hldPos.srcMktValAmt.@ccy,hldPos.srcMktValAmt.#text,hldPos.hldId.asstDetail.issueDate,hldPos.hldId.asstDetail.asstBondDetails.matDate,hldPos.hldId.asstDetail.asstBondDetails.intRate,hldPos.hldId.asstDetail.asstBondDetails.calcBasis,hldPos.hldId.asstDetail.asstBondDetails.intFreq,hldPos.hldId.asstDetail.asstBondDetails.intDate,hldPos.hldId.asstDetail.asstBondDetails.intCcy,hldPos.accrAmt.@ccy,hldPos.accrAmt.#text,hldPos.hldId.asstDetail.asstBondDetails.rating,hldPos.hldId.asstIDs.asstRef.3.@refType,hldPos.hldId.asstIDs.asstRef.3.#text,hldPos.srcMktValAmtRefCcy.@ccy,hldPos.srcMktValAmtRefCcy.#text,hldPos.hldId.asstIDs.asstRef.@refType,hldPos.hldId.asstIDs.asstRef.#text,hldPos.hldId.asstDetail.asstDerivDetails.contractSize,hldPos.hldId.asstDetail.asstDerivDetails.strike,hldPos.hldId.asstDetail.asstDerivDetails.expDate,hldPos.hldId.asstDetail.asstDerivDetails.putCallInd,hldPos.hldId.asstDetail.asstDerivDetails.underlyingAsstIDs.asstRef.@refType,hldPos.hldId.asstDetail.asstDerivDetails.underlyingAsstIDs.asstRef.#text,hldPos.hldId.asstDetail.asstDerivDetails.underlyingAsstDesc,hldPos.hldId.asstDetail.asstDerivDetails.underlyingAsstType,hldPos.hldId.asstDetail.asstDerivDetails.longShortInd,hldPos.hldId.asstDetail.issueCcyExchRt,hldPos.addInfo.@infoType,hldPos.addInfo.#text,hldPos.hldId.asstDetail.asstMnyMktDetails.mnyMktType,hldPos.hldId.asstDetail.asstMnyMktDetails.mnyMktTerm.@termType,hldPos.hldId.asstDetail.asstMnyMktDetails.mnyMktTerm.#text,hldPos.hldId.asstDetail.asstMnyMktDetails.mnyMktAmt.@ccy,hldPos.hldId.asstDetail.asstMnyMktDetails.mnyMktAmt.#text,hldPos.hldId.asstDetail.asstMnyMktDetails.intRate,hldPos.hldId.asstDetail.asstMnyMktDetails.mnyMktRef,hldPos.hldId.asstDetail.asstMnyMktDetails.mnyMktName,hldPos.hldId.asstDetail.asstMnyMktDetails.matDate,hldPos.hldId.asstDetail.asstMnyMktDetails.startDate,hldPos.accrAmtRefCcy.@ccy,hldPos.accrAmtRefCcy.#text
,020,POS,"Stock Balance - Jan 29, 2021",lghths-sg,134237583,SAR,134237583,83663279.6000,83663279,83663279.6000,USD,GBP,XD0018087144,ISIN,XD0018087144,Valor,1808714,SARA,000134228704,XD0018087144,Fund,KY/Cayman Islands,Synergy Multi-Strategy Fund Ltd (GBP) -B- Series 1 -In Liquidation-,GBP,GBP,0.00,2018-03-20,1,2021-01-29,265.256,265.256,USD,0,,,,,,,,,,,,,,,,,,,,,,,,,,,,,,,,,,,,,,,,,,,,,
,020,POS,"Stock Balance - Jan 29, 2021",lghths-sg,134237585,SAR,134237585,83663279.6000,83663279,83663279.6000,USD,USD,XD0018852000,ISIN,XD0018852000,Valor,1885200,SARA,000100560433,XD0018852000,Fund,KY/Cayman Islands,Synergy Fund Ltd -A- Series 8 -In Liquidation-,USD,USD,5.5805,2013-11-29,1,2021-01-29,200,200,,,,USD,1116.1,USD,1116.1,,,,,,,,,,,,,,,,,,,,,,,,,,,,,,,,,,,,,,,,
,020,POS,"Stock Balance - Jan 29, 2021",lghths-sg,134237591,SAR,134237591,83663279.6000,83663279,83663279.6000,USD,USD,KYG8646E2530,ISIN,KYG8646E2530,Valor,1319516,SARA,000134228769,KYG8646E2530,Fund,KY/Cayman Islands,Synergy Fund Ltd (USD) -A- Series 7 -In Liquidation-,USD,USD,0.00,2018-03-20,1,2021-01-29,200,200,,,,,,,,,,,,,,,,,,,,,,,,,,,,,,,,,,,,,,,,,,,,,,,
,020,POS,"Stock Balance - Jan 29, 2021",lghths-sg,134237613,SAR,134237613,83663279.6000,83663279,83663279.6000,USD,USD,IE00BCV7N601,ISIN,IE00BCV7N601,Valor,22073677,SARA,000101207493,IE00BCV7N601,Fund,IE/Ireland,PIMCO Funds Global Investors Series Plc- Diversified Income Duration Hedged (USD) -E- Capitalisation,USD,USD,12.14,2021-01-28,1,2021-01-29,0.001,0.001,,,,USD,0.01,USD,0.01,,,,,,,,,,,,,,,,,,,,,,,,,,,,,,,,,,,,,,,,
,020,POS,"Stock Balance - Jan 29, 2021",lghths-sg,134427962,SAR,134427962,83663279.6000,83663279,83663279.6000,USD,USD,XS1062931396,ISIN,XS1062931396,Valor,24364749,SARA,000117861202,XS1062931396,Bond,SG/Singapore,5.75% TML Holdings Pte Ltd Notes 2014-2021 Senior,USD,USD,100.63,2021-01-28,.01,2021-01-29,400000,400000,,,,USD,404900,USD,402520,2014-05-07,2021-05-07,5.75,30/360,2,2014-11-07,USD,USD,5238.89,,,,,,,,,,,,,,,,,,,,,,,,,,,,,,,
,020,POS,"Stock Balance - Jan 29, 2021",lghths-sg,134428030,SAR,134428030,83663279.6000,83663279,83663279.6000,USD,USD,XS1493722299,ISIN,XS1493722299,Valor,34159037,SARA,000130170573,XS1493722299,Bond,SG/Singapore,4.875% Jubilant Pharma Ltd Notes 2016-2021,USD,USD,100.67,2021-01-28,.01,2021-01-29,200000,200000,,,,USD,58940.83,USD,67113.33,2016-10-06,2021-10-06,4.875,30/360,2,2017-04-06,USD,USD,3060.42,BB-,,,,,,,,,,,,,,,,,,,,,,,,,,,,,,
,020,POS,"Stock Balance - Jan 29, 2021",lghths-sg,134428056,SAR,134428056,83663279.6000,83663279,83663279.6000,USD,USD,XS1556165477,ISIN,XS1556165477,Valor,35513710,SARA,000131042001,XS1556165477,Bond,BM/Bermuda,5.25% China Water Affairs Group Ltd 2017-2022,USD,USD,101.58,2021-01-28,.01,2021-01-29,200000,200000,,,,USD,202296,USD,203160,2017-02-07,2022-02-07,5.25,30E/360,2,2017-08-07,USD,USD,5016.67,BB+,,,,,,,,,,,,,,,,,,,,,,,,,,,,,,
,020,POS,"Stock Balance - Jan 29, 2021",lghths-sg,135511815,SAR,135511815,83663279.6000,83663279,83663279.6000,USD,USD,XS1791728790,ISIN,XS1791728790,Valor,41516072,SARA,000134464876,XS1791728790,Bond,SG/Singapore,7.25% Global Prime Capital Pte Ltd Gtd.Bonds 2018-2021,USD,USD,100.625,2021-01-28,.01,2021-01-29,200000,200000,,,,USD,200500,USD,201250,2018-04-26,2021-04-26,7.25,30E/360,2,2018-10-26,USD,USD,3745.83,BB-,,,,,,,,,,,,,,,,,,,,,,,,,,,,,,
,020,POS,"Stock Balance - Jan 29, 2021",lghths-sg,137220345,SAR,137220345,83663279.6000,83663279,83663279.6000,USD,USD,XS1958658509,ISIN,XS1958658509,Valor,46710638,SARA,000136837239,XS1958658509,Bond,SG/Singapore,6% Jubilant Pharma Ltd Bonds 2019-2024 RegS,USD,USD,105.7,2021-01-28,.01,2021-01-29,400000,400000,,,,USD,404800,USD,422800,2019-03-05,2024-03-05,6.0,30E/360,2,2019-09-05,USD,USD,9600,BB-,,,,,,,,,,,,,,,,,,,,,,,,,,,,,,
,020,POS,"Stock Balance - Jan 29, 2021",lghths-sg,137320270,SAR,137320270,83663279.6000,83663279,83663279.6000,USD,USD,XS1981202861,ISIN,XS1981202861,Valor,47429326,SARA,000137302060,XS1981202861,Bond,IN/India,5.95% JSW Steel Ltd Bonds 2019-2024 RegS,USD,USD,106.625,2021-01-28,.01,2021-01-29,200000,200000,,,,USD,201080,USD,213250,2019-04-18,2024-04-18,5.95,30/360,2,2019-10-18,USD,USD,3338.61,BB,,,,,,,,,,,,,,,,,,,,,,,,,,,,,,
,020,POS,"Stock Balance - Jan 29, 2021",lghths-sg,138136578,SAR,138136578,83663279.6000,83663279,83663279.6000,USD,SGD,SG1AA5000001,ISIN,SG1AA5000001,Valor,24766830,Bloomberg,FHT SP,SG1AA5000001,Share,SG/Singapore,Frasers Hospitality Trust REIT,SGD,SGD,0.505,2021-01-29,1,2021-01-29,382500,382500,USD,183496.73,,SGD,270499.27,SGD,193162.5,,,,,,,,,,,SARA,000123695896,USD,145548.38,,,,,,,,,,,,,,,,,,,,,,,,,,
,020,POS,"Stock Balance - Jan 29, 2021",lghths-sg,138265584,SAR,138265584,83663279.6000,83663279,83663279.6000,USD,USD,XS1954554652,ISIN,XS1954554652,Valor,46603196,SARA,000136779763,XS1954554652,Bond,KY/Cayman Islands,7.75% E-House (China) Enterprise Holdings Ltd Bonds 2019-2021,USD,USD,100.09,2021-01-28,.01,2021-01-29,400000,400000,,,,USD,405460,USD,400360,2019-02-28,2021-02-28,7.75,30/360,2,2019-08-28,USD,USD,13002.78,BB-,,,,,,,,,,,,,,,,,,,,,,,,,,,,,,
,020,POS,"Stock Balance - Jan 29, 2021",lghths-sg,138958001,SAR,138958001,83663279.6000,83663279,83663279.6000,USD,USD,XS1753595328,ISIN,XS1753595328,Valor,40014007,SARA,000133765006,XS1753595328,Bond,SG/Singapore,5.45% Abja Investment Co Pte Ltd Notes 2018-2028 Reg-S,USD,USD,104.64,2021-01-28,.01,2021-01-29,300000,300000,,,,USD,288975,USD,313920,2018-01-24,2028-01-24,5.45,30/360,2,2018-07-24,USD,USD,227.08,B+,,,,,,,,,,,,,,,,,,,,,,,,,,,,,,
,020,POS,"Stock Balance - Jan 29, 2021",lghths-sg,138958048,SAR,138958048,83663279.6000,83663279,83663279.6000,USD,USD,US62828M2A84,ISIN,US62828M2A84,Valor,50738431,SARA,000138717209,US62828M2A84,Bond,IN/India,6.125% Muthoot Finance Ltd MT-Notes 2019-2022 Global RegS,USD,USD,104.985,2021-01-28,.01,2021-01-29,200000,200000,,,,USD,204700,USD,209970,2019-10-31,2022-10-31,6.125,30E/360,2,2020-04-30,USD,USD,3028.47,BB,,,,,,,,,,,,,,,,,,,,,,,,,,,,,,
,020,POS,"Stock Balance - Jan 29, 2021",lghths-sg,139022551,SAR,139022551,83663279.6000,83663279,83663279.6000,USD,USD,XS0474660676,ISIN,XS0474660676,Valor,10851943,SARA,000124114043,XS0474660676,FRN,GB/United Kingdom,12% Lloyds Bank Plc Regd.Notes 2009-Perpetual Senior Reg-S,USD,USD,114.29,2021-01-28,.01,2021-01-29,200000,200000,,,,USD,243680,USD,228580,2009-12-16,2024-12-16,12.0,30E/360,2,2010-06-16,USD,USD,2866.67,BB+,,,,,,,,,,,,,,,,,,,,,,,,,,,,,,
,020,POS,"Stock Balance - Jan 29, 2021",lghths-sg,139394548,SAR,139394548,83663279.6000,83663279,83663279.6000,USD,USD,XS2090080172,ISIN,XS2090080172,Valor,51830341,SARA,000139292337,XS2090080172,Bond,IN/India,5.9% Manappuram Finance Ltd Emt-Notes 2020-2023 Secured,USD,USD,103.875,2021-01-28,.01,2021-01-29,250000,250000,,,,USD,254595,USD,259687.5,2020-01-13,2023-01-13,5.9,30/360,2,2020-07-13,USD,USD,655.56,B+,,,,,,,,,,,,,,,,,,,,,,,,,,,,,,
,020,POS,"Stock Balance - Jan 29, 2021",lghths-sg,139622407,SAR,139622407,83663279.6000,83663279,83663279.6000,USD,USD,XS2064158434,ISIN,XS2064158434,Valor,52518118,SARA,000139604029,XS2064158434,Bond,GB/United Kingdom,8% Credit Suisse International British American Tobacco Plc STR 34.9157 Altria Group Inc STR 36.0589 Callable Fixed Coupon Notes 01.03.2021 Repayment cash or physical,USD,USD,99.7282,2021-01-28,.01,2021-01-29,300000,300000,,,,USD,300000,USD,299184.6,2020-02-27,2021-03-08,8.0,,4,2020-06-03,USD,,,,,,,,,,,,,,,,,,,,,,,,,,,,,,,,,
,020,POS,"Stock Balance - Jan 29, 2021",lghths-sg,139630789,SAR,139630789,83663279.6000,83663279,83663279.6000,USD,USD,USG9328DAM23,ISIN,USG9328DAM23,Valor,35497009,SARA,000131036083,USG9328DAM23,Bond,GB/United Kingdom,6.375% Vedanta Resources Ltd Bonds 2017-2022 Global Reg-S,USD,USD,90.9,2021-01-29,.01,2021-01-29,200000,200000,,,,USD,197922,USD,181800,2017-01-30,2022-07-30,6.375,30E/360,2,2017-07-30,USD,USD,6339.58,CCC+,,,,,,,,,,,,,,,,,,,,,,,,,,,,,,
,020,POS,"Stock Balance - Jan 29, 2021",lghths-sg,140416493,SAR,140416493,83663279.6000,83663279,83663279.6000,USD,USD,KYG047761039,ISIN,KYG047761039,Valor,24384793,SARA,000127370797,KYG047761039,Fund,KY/Cayman Islands,Ariana Cayman Spc- Global Arbitrage Fund (USD) -B- Segregated Portfolio,USD,USD,1606.411,2020-12-01,1,2021-01-29,99.149,99.149,,,,USD,150802.5,USD,159274.04,,,,,,,,,,,,,,,,,,,,,,,,,,,,,,,,,,,,,,,,
,020,POS,"Stock Balance - Jan 29, 2021",lghths-sg,140954211,SAR,140954211,83663279.6000,83663279,83663279.6000,USD,USD,CH0559020273,ISIN,CH0559020273,Valor,55902027,SARA,000140939290,CH0559020273,Bond,00939,8% Vontobel Financial Products Ltd Facebook Inc -A- KI 171.6585 STR 190.3561 Microsoft Corp KI 139.75 STR 154.972 Autocallable Knock-In FCN 23.08.2021 Repayment cash or physical,USD,USD,99.9,2021-01-28,.01,2021-01-29,250000,250000,,,,USD,250000,USD,249750,2020-08-21,2021-08-25,0.44,,4,2020-11-25,USD,,,,,,,,,,,,,,,,,,,,,,,,,,,,,,,,,
,020,POS,"Stock Balance - Jan 29, 2021",lghths-sg,141129468,SAR,141129468,83663279.6000,83663279,83663279.6000,USD,SGD,SG2D63974620,ISIN,SG2D63974620,Valor,13687016,Bloomberg,AAREIT SP,SG2D63974620,Share,SG/Singapore,AIMS APAC REIT,SGD,SGD,1.29,2021-01-29,1,2021-01-29,83500,83500,USD,73935.69,,SGD,100510.92,SGD,107715,,,,,,,,,,,SARA,000029481966,USD,81163.5,,,,,,,,,,,,,,,,,,,,,,,,,,
,020,POS,"Stock Balance - Jan 29, 2021",lghths-sg,141597803,SAR,141597803,83663279.6000,83663279,83663279.6000,USD,USD,000141594283,,,,,,,,Option,US/United States of America,Alphabet Inc Call 19.02.2021 1900 (GOOG US),USD,USD,53.0,2021-01-28,100,2021-01-29,-2,-2,,,,USD,-7766,USD,-10600,,,,,,,,,,,,,,,SARA,000141594283,100,1900,2021-02-19,C,ISIN,US02079K1079,Alphabet Inc -C-,Share,S,,,,,,,,,,,,,,,
,020,POS,"Stock Balance - Jan 29, 2021",lghths-sg,141787066,SAR,141787066,83663279.6000,83663279,83663279.6000,USD,HKD,HK0941009539,ISIN,HK0941009539,Valor,1099448,SARA,000000422519,HK0941009539,Share,HK/Hong Kong,China Mobile Ltd,HKD,HKD,47.3,2021-01-29,1,2021-01-29,34000,34000,USD,199070.06,,HKD,1543168.93,HKD,1608200,,,,,,,,,,,,,USD,207401.88,,,,,,,,,,,,,,,,,,,,,,,,,,
,020,POS,"Stock Balance - Jan 29, 2021",lghths-sg,141833815,SAR,141833815,83663279.6000,83663279,83663279.6000,USD,HKD,000141823843,,,,,,,,Option,HK/Hong Kong,China Mobile Ltd Call 28.01.2021 55 (941 HK) XHKF,HKD,HKD,0.01,2021-01-27,500,2021-01-29,-33,-33,USD,-1339.96,,HKD,-10386.29,HKD,-165,,,,,,,,,,,,,USD,-21.28,SARA,000141823843,500,55,2021-01-28,C,ISIN,HK0941009539,China Mobile Ltd,Share,S,,,,,,,,,,,,,,,
,020,POS,"Stock Balance - Jan 29, 2021",lghths-sg,141962010,SAR,141962010,83663279.6000,83663279,83663279.6000,USD,USD,000141951826,,,,,,,,Hybrid,,FX Accumulator on GBP/USD 2x Leveraged  KO:1.376 Buy GBP / Sell USD at 1.275 Period: 10.DEC.20 - 14.DEC.21  12 Fixings,USD,USD,4.194E-5,2021-01-29,1,2021-01-29,915200,915200,,,,,,USD,38.38,,,,,,,,,,,,,,,SARA,000141951826,,,,,,,,,,,,,,,,,,,,,,,,
,020,POS,"Stock Balance - Jan 29, 2021",lghths-sg,142011178,SAR,142011178,83663279.6000,83663279,83663279.6000,USD,USD,USY7141GAA05,ISIN,USY7141GAA05,Valor,38942960,SARA,000133207150,USY7141GAA05,Bond,ID/Indonesia,4.95% PT Chandra Asri Petrochemical Tbk Notes 2017-2024 RegS,USD,USD,101.125,2021-01-28,.01,2021-01-29,300000,300000,,,,USD,303665.2,USD,303375,2017-11-08,2024-11-08,4.95,30E/360,2,2018-05-08,USD,USD,3341.25,BB-,,,,,,,,,,,,,,,,,,,,,,,,,,,,,,
,020,POS,"Stock Balance - Jan 29, 2021",lghths-sg,142024610,SAR,142024610,83663279.6000,83663279,83663279.6000,USD,USD,000142017024,,,,,,,,Option,US/United States of America,British American Tobacco PLC Put 19.03.2021 35 (BTI US),USD,USD,0.6,2021-01-28,100,2021-01-29,-50,-50,,,,USD,-3786,USD,-3000,,,,,,,,,,,,,,,SARA,000142017024,100,35,2021-03-19,P,ISIN,US1104481072,British American Tobacco Plc -ADR-,Share,S,,,,,,,,,,,,,,,
,020,POS,"Stock Balance - Jan 29, 2021",lghths-sg,142049130,SAR,142049130,83663279.6000,83663279,83663279.6000,USD,USD,IE00BKXBBV70,ISIN,IE00BKXBBV70,Valor,57922240,SARA,000141776627,IE00BKXBBV70,Fund,IE/Ireland,SphereInvest Global UCITS Icav- Credit Strategies Fund (USD) -F- Capitalisation,USD,USD,178.72286,2021-01-27,1,2021-01-29,1122.1069,1122.1069,,,,USD,200429.08,USD,200546.15,,,,,,,,,,,,,,,,,,,,,,,,,,,,,,,,,,,,,,,,
,020,POS,"Stock Balance - Jan 29, 2021",lghths-sg,142078961,SAR,142078961,83663279.6000,83663279,83663279.6000,USD,USD,000142075721,,,,,,,,Option,US/United States of America,Intel Corp Call 19.02.2021 52.5 (INTC US),USD,USD,4.25,2021-01-28,100,2021-01-29,-52,-52,,,,USD,-3582,USD,-22100,,,,,,,,,,,,,,,SARA,000142075721,100,52.5,2021-02-19,C,ISIN,US4581401001,Intel Corp,Share,S,,,,,,,,,,,,,,,
,020,POS,"Stock Balance - Jan 29, 2021",lghths-sg,142079063,SAR,142079063,83663279.6000,83663279,83663279.6000,USD,USD,US4581401001,ISIN,US4581401001,Valor,941595,Bloomberg,INTC UQ,US4581401001,Share,US/United States of America,Intel Corp,USD,USD,55.51,2021-01-28,1,2021-01-29,5200,5200,,,,USD,247104,USD,288652,,,,,,,,,,,SARA,000000419639,,,,,,,,,,,,,,,,,,,,,,,,,,,,
,020,POS,"Stock Balance - Jan 29, 2021",lghths-sg,142246399,SAR,142246399,83663279.6000,83663279,83663279.6000,USD,USD,XS2222660768,ISIN,XS2222660768,Valor,59267331,SARA,000142236259,XS2222660768,Bond,HK/Hong Kong,10% BNP Paribas Alibaba Group Holding Ltd RegS STR 193.76  Callable Fixed Coupon Notes 02.08.2021 Repayment cash or physical,USD,USD,99.52486327,2021-01-28,.01,2021-01-29,200000,200000,,,,USD,199920,USD,199049.73,2021-02-01,2021-08-09,10.0,,12,2021-03-08,USD,,,,,,,,,,,,,,,,,,,,,,,,,,,,,,,,,
,020,POS,"Stock Balance - Jan 29, 2021",lghths-sg,139412744,SAR,139412744,83676187.6000,83676187,83676187.6000,USD,HKD,GB0005405286,ISIN,GB0005405286,Valor,411161,SARA,000000415042,GB0005405286,Share,GB/United Kingdom,HSBC Holdings Plc,GBP,HKD,40.95,2021-01-29,1,2021-01-29,38597,38597,USD,351905.36,,HKD,2733628.67,HKD,1580547.15,,,,,,,,,,,,,USD,203835.63,,,,,,,,,,,,0.093919,,,,,,,,,,,,,,
,020,POS,"Stock Balance - Jan 29, 2021",lghths-sg,139416506,SAR,139416506,83676187.6000,83676187,83676187.6000,USD,USD,KYG7777A1067,ISIN,KYG7777A1067,Valor,25908072,SARA,000133713887,KYG7777A1067,Fund,KY/Cayman Islands,SageOne India Growth Fund (USD) -A-,USD,USD,166.246976,2020-12-31,1,2021-01-29,1442.130328,1442.130328,,,,USD,199958.72,USD,239749.81,,,,,,,,,,,,,,,,,,,,,,,,,,,,,,,,,,,,,,,,
,020,POS,"Stock Balance - Jan 29, 2021",lghths-sg,139518647,SAR,139518647,83676187.6000,83676187,83676187.6000,USD,USD,CH0400441280,ISIN,CH0400441280,Valor,40044128,SARA,000133807554,CH0400441280,Bond,CH/Switzerland,5% UBS Group AG Contingent Convertible Floating Rate Notes  2018-Perpetual Subordinated,USD,USD,100.825,2021-01-29,.01,2021-01-29,200000,200000,,,,USD,199250,USD,201650,2018-01-31,4712-12-31,5.0,30/360,1,2019-01-31,USD,USD,9972.22,BB,,,,,,,,,,,,,,,,,,,,,,,,,,,,,,
,020,POS,"Stock Balance - Jan 29, 2021",lghths-sg,140817383,SAR,140817383,83676187.6000,83676187,83676187.6000,USD,USD,KYG7943S1140,ISIN,KYG7943S1140,Valor,55646201,SARA,000140636795,KYG7943S1140,Fund,KY/Cayman Islands,SCUBE Investment Management SPC Fixed Income Tactical Opportunities Fund Series 2 -Cash Option-,USD,USD,1067.0686,2021-01-04,1,2021-01-29,200,200,,,,USD,201000,USD,213413.72,,,,,,,,,,,,,,,,,,,,,,,,,,,,,,,,,,,,,,,,
,020,POS,"Stock Balance - Jan 29, 2021",lghths-sg,140130807,SAR,140130807,83677193.6000,83677193,83677193.6000,USD,USD,CH0276345995,ISIN,CH0276345995,Valor,27634599,SARA,000131339805,CH0276345995,Share,CH/Switzerland,Bank J.Safra Sarasin AG Dynamic Sustainable Technology Disruptors Reference Portfolio USD Tracker Cert.2017-Perpetual,USD,USD,2197.24608033,2021-01-29,1,2021-01-29,136,136,,,,USD,195252.48,USD,298825.47,2017-03-02,,,,,,,,,,,,,,,,,,,,,,,,,,,,,,,,,,,,,,,
,020,POS,"Stock Balance - Jan 29, 2021",lghths-sg,140138978,SAR,140138978,83677193.6000,83677193,83677193.6000,USD,USD,US0231351067,ISIN,US0231351067,Valor,645156,Bloomberg,AMZN US,US0231351067,Share,US/United States of America,Amazon.com Inc,USD,USD,3206.2,2021-01-28,1,2021-01-29,39,39,,,,USD,92625,USD,125041.8,,,,,,,,,,,SARA,000000416730,,,,,,,,,,,,,,,,,,,,,,,,,,,,
,020,POS,"Stock Balance - Jan 29, 2021",lghths-sg,140138985,SAR,140138985,83677193.6000,83677193,83677193.6000,USD,USD,US30303M1027,ISIN,US30303M1027,Valor,14917609,Bloomberg,FB US,US30303M1027,Share,US/United States of America,Facebook Inc -A-,USD,USD,258.33,2021-01-28,1,2021-01-29,62,62,,,,USD,11112.88,USD,16016.46,,,,,,,,,,,SARA,000031299007,,,,,,,,,,,,,,,,,,,,,,,,,,,,
,020,POS,"Stock Balance - Jan 29, 2021",lghths-sg,140138988,SAR,140138988,83677193.6000,83677193,83677193.6000,USD,USD,US70450Y1038,ISIN,US70450Y1038,Valor,28467085,SARA,000125841357,US70450Y1038,Share,US/United States of America,PayPal Holdings Inc,USD,USD,234.31,2021-01-28,1,2021-01-29,192,192,,,,USD,21475.2,USD,44987.52,,,,,,,,,,,,,,,,,,,,,,,,,,,,,,,,,,,,,,,,
,020,POS,"Stock Balance - Jan 29, 2021",lghths-sg,140138999,SAR,140138999,83677193.6000,83677193,83677193.6000,USD,HKD,KYG875721634,ISIN,KYG875721634,Valor,24014323,SARA,000119678126,KYG875721634,Share,KY/Cayman Islands,Tencent Holdings Ltd,HKD,HKD,681.5,2021-01-29,1,2021-01-29,300,300,USD,15853.34,,HKD,122880,HKD,204450,,,,,,,,,,,,,USD,26366.94,,,,,,,,,,,,,,,,,,,,,,,,,,
,020,POS,"Stock Balance - Jan 29, 2021",lghths-sg,140139006,SAR,140139006,83677193.6000,83677193,83677193.6000,USD,USD,US6936561009,ISIN,US6936561009,Valor,13341368,SARA,000029048907,US6936561009,Share,US/United States of America,PVH Corp,USD,USD,85.26,2021-01-28,1,2021-01-29,840,840,,,,USD,37699.2,USD,71618.4,,,,,,,,,,,,,,,,,,,,,,,,,,,,,,,,,,,,,,,,
,020,POS,"Stock Balance - Jan 29, 2021",lghths-sg,140139009,SAR,140139009,83677193.6000,83677193,83677193.6000,USD,USD,US88160R1014,ISIN,US88160R1014,Valor,11448018,SARA,000026499970,US88160R1014,Share,US/United States of America,Tesla Inc,USD,USD,793.53,2021-01-28,1,2021-01-29,4890,4890,,,,USD,737304.42,USD,3880361.7,,,,,,,,,,,,,,,,,,,,,,,,,,,,,,,,,,,,,,,,
,020,POS,"Stock Balance - Jan 29, 2021",lghths-sg,140139010,SAR,140139010,83677193.6000,83677193,83677193.6000,USD,USD,LU1139789298,ISIN,LU1139789298,Valor,28286186,SARA,000129194049,LU1139789298,Fund,LU/Luxembourg,Ninety One Global Strategy Fund Sicav- All China Equity (USD) -IX- Capitalisation,USD,USD,38.18,2021-01-28,1,2021-01-29,1350,1350,,,,USD,36234,USD,51543,,,,,,,,,,,,,,,,,,,,,,,,,,,,,,,,,,,,,,,,
,020,POS,"Stock Balance - Jan 29, 2021",lghths-sg,140139016,SAR,140139016,83677193.6000,83677193,83677193.6000,USD,USD,LU1076353199,ISIN,LU1076353199,Valor,32859655,SARA,000132418292,LU1076353199,Fund,LU/Luxembourg,Ashmore Sicav- Emerging Markets Short Duration Fund (USD) -Z- Capitalisation,USD,USD,107.23,2021-01-28,1,2021-01-29,1460,1460,,,,USD,122683.8,USD,156555.8,,,,,,,,,,,,,,,,,,,,,,,,,,,,,,,,,,,,,,,,
,020,POS,"Stock Balance - Jan 29, 2021",lghths-sg,140139032,SAR,140139032,83677193.6000,83677193,83677193.6000,USD,USD,US57636Q1040,ISIN,US57636Q1040,Valor,2282206,Bloomberg,MA UN,US57636Q1040,Share,US/United States of America,Mastercard Inc -A-,USD,USD,316.29,2021-01-28,1,2021-01-29,1600,1600,,,,USD,415952,USD,506064,,,,,,,,,,,SARA,000005979694,,,,,,,,,,,,,,,,,,,,,,,,,,,,
,020,POS,"Stock Balance - Jan 29, 2021",lghths-sg,140139036,SAR,140139036,83677193.6000,83677193,83677193.6000,USD,USD,LU0599947602,ISIN,LU0599947602,Valor,18636996,SARA,000119902979,LU0599947602,Fund,LU/Luxembourg,DWS Concept Sicav-Kaldemorgen (USD) -LCH- Capitalisation,USD,USD,139.6,2021-01-29,1,2021-01-29,1660,1660,,,,USD,215169.2,USD,231736,,,,,,,,,,,,,,,,,,,,,,,,,,,,,,,,,,,,,,,,
,020,POS,"Stock Balance - Jan 29, 2021",lghths-sg,140139046,SAR,140139046,83677193.6000,83677193,83677193.6000,USD,USD,US92826C8394,ISIN,US92826C8394,Valor,3826452,Bloomberg,V UN,US92826C8394,Share,US/United States of America,Visa Inc -A-,USD,USD,193.25,2021-01-28,1,2021-01-29,2000,2000,,,,USD,339080,USD,386500,,,,,,,,,,,SARA,000021485316,,,,,,,,,,,,,,,,,,,,,,,,,,,,
,020,POS,"Stock Balance - Jan 29, 2021",lghths-sg,140139051,SAR,140139051,83677193.6000,83677193,83677193.6000,USD,USD,US4642887602,ISIN,US4642887602,Valor,2552726,SARA,000028200389,US4642887602,Fund,US/United States of America,iShares U.S. Aerospace & Defense ETF,USD,USD,89.1,2021-01-28,1,2021-01-29,4000,4000,,,,USD,315040,USD,356400,,,,,,,,,,,,,,,,,,,,,,,,,,,,,,,,,,,,,,,,
,020,POS,"Stock Balance - Jan 29, 2021",lghths-sg,140139062,SAR,140139062,83677193.6000,83677193,83677193.6000,USD,USD,US01609W1027,ISIN,US01609W1027,Valor,24409862,SARA,000123993236,US01609W1027,Share,KY/Cayman Islands,Alibaba Group Holding Ltd -ADS- (8 Shs),USD,USD,253.83,2021-01-28,1,2021-01-29,2000,2000,,,,USD,419000,USD,507660,,,,,,,,,,,,,,,,,,,,,,,,,,,,,,,,,,,,,,,,
,020,POS,"Stock Balance - Jan 29, 2021",lghths-sg,140139064,SAR,140139064,83677193.6000,83677193,83677193.6000,USD,USD,HK0000055555,ISIN,HK0000055555,Valor,10525833,Bloomberg,JFASEAI HK,HK0000055555,Fund,HK/Hong Kong,JPMorgan ASEAN Fund -USD- Capitalisation,USD,USD,144.17,2021-01-28,1,2021-01-29,2025,2025,,,,USD,214751.25,USD,291944.25,,,,,,,,,,,SARA,000025146326,,,,,,,,,,,,,,,,,,,,,,,,,,,,
,020,POS,"Stock Balance - Jan 29, 2021",lghths-sg,140139067,SAR,140139067,83677193.6000,83677193,83677193.6000,USD,USD,LU0792612383,ISIN,LU0792612383,Valor,18819244,SARA,000064234678,LU0792612383,Fund,LU/Luxembourg,Franklin Templeton Investment Funds Sicav-India (USD) -W- Capitalisation,USD,USD,23.49,2021-01-28,1,2021-01-29,2040,2040,,,,USD,30763.2,USD,47919.6,,,,,,,,,,,,,,,,,,,,,,,,,,,,,,,,,,,,,,,,
,020,POS,"Stock Balance - Jan 29, 2021",lghths-sg,140139073,SAR,140139073,83677193.6000,83677193,83677193.6000,USD,USD,LU0322253229,ISIN,LU0322253229,Valor,3614442,SARA,000023160306,LU0322253229,Fund,LU/Luxembourg,Xtrackers Sicav- S&P Global Infrastructure Swap UCITS ETF (USD) -1C- Capitalisation,CHF,USD,45.85,2021-01-29,1,2021-01-29,2130,2130,,,,USD,80695.05,USD,97660.5,2007-10-31,,,,,,,,,,,,,,,,,,,,,,,,,0.8896,,,,,,,,,,,,,,
,020,POS,"Stock Balance - Jan 29, 2021",lghths-sg,140139076,SAR,140139076,83677193.6000,83677193,83677193.6000,USD,USD,US26210C1045,ISIN,US26210C1045,Valor,40655183,SARA,000134248881,US26210C1045,Share,US/United States of America,Dropbox Inc -A-,USD,USD,22.63,2021-01-28,1,2021-01-29,2296,2296,,,,USD,44037.28,USD,51958.48,,,,,,,,,,,,,,,,,,,,,,,,,,,,,,,,,,,,,,,,
,020,POS,"Stock Balance - Jan 29, 2021",lghths-sg,140139086,SAR,140139086,83677193.6000,83677193,83677193.6000,USD,USD,IE00B57X3V84,ISIN,IE00B57X3V84,Valor,12592831,SARA,000125565434,IE00B57X3V84,Fund,IE/Ireland,iShares II Plc-Dow Jones Global Sustainability Screened UCITS ETF (USD) Capitalisation,EUR,USD,51.82,2021-01-29,1,2021-01-29,3715,3715,,,,USD,146092.38,USD,192511.3,,,,,,,,,,,,,,,,,,,,,,,,,,0.823132,,,,,,,,,,,,,,
,020,POS,"Stock Balance - Jan 29, 2021",lghths-sg,140139092,SAR,140139092,83677193.6000,83677193,83677193.6000,USD,USD,IE00BKM4GZ66,ISIN,IE00BKM4GZ66,Valor,24209517,SARA,000123910804,IE00BKM4GZ66,Fund,IE/Ireland,iShares Plc- Core MSCI Emerging Markets IMI UCITS (USD) Capitalisation,USD,USD,36.86,2021-01-29,1,2021-01-29,3840,3840,,,,USD,92505.6,USD,141542.4,,,,,,,,,,,,,,,,,,,,,,,,,,,,,,,,,,,,,,,,
,020,POS,"Stock Balance - Jan 29, 2021",lghths-sg,140139111,SAR,140139111,83677193.6000,83677193,83677193.6000,USD,USD,US2546871060,ISIN,US2546871060,Valor,984192,Bloomberg,DIS US,US2546871060,Share,US/United States of America,Walt Disney Company,USD,USD,168.17,2021-01-28,1,2021-01-29,4000,4000,,,,USD,426520,USD,672680,,,,,,,,,,,SARA,000000421596,,,,,,,,,,,,,,,,,,,,,,,,,,,,
,020,POS,"Stock Balance - Jan 29, 2021",lghths-sg,140139114,SAR,140139114,83677193.6000,83677193,83677193.6000,USD,USD,IE00BM67HK77,ISIN,IE00BM67HK77,Valor,31660585,SARA,000127521739,IE00BM67HK77,Fund,IE/Ireland,Xtrackers (IE) Plc- MSCI World Health Care UCITS ETF (USD) -1C- Capitalisation,USD,USD,43.51,2021-01-29,1,2021-01-29,4900,4900,,,,USD,181790,USD,213199,,,,,,,,,,,,,,,,,,,,,,,,,,,,,,,,,,,,,,,,
,020,POS,"Stock Balance - Jan 29, 2021",lghths-sg,140139129,SAR,140139129,83677193.6000,83677193,83677193.6000,USD,USD,US9229087104,ISIN,US9229087104,Valor,1156931,SARA,000129754681,US9229087104,Fund,US/United States of America,Vanguard 500 Index Fund (EUR) -Admiral- Distribution,USD,USD,349.78,2021-01-28,1,2021-01-29,5290,5290,,,,USD,1404918.2,USD,1850336.2,,,,,,,,,,,,,,,,,,,,,,,,,,,,,,,,,,,,,,,,
,020,POS,"Stock Balance - Jan 29, 2021",lghths-sg,140139136,SAR,140139136,83677193.6000,83677193,83677193.6000,USD,USD,US5949181045,ISIN,US5949181045,Valor,951692,Bloomberg,MSFT US,US5949181045,Share,US/United States of America,Microsoft Corp,USD,USD,231.96,2021-01-28,1,2021-01-29,5858,5858,,,,USD,1046238.8,USD,1358821.68,,,,,,,,,,,SARA,000000420853,,,,,,,,,,,,,,,,,,,,,,,,,,,,
,020,POS,"Stock Balance - Jan 29, 2021",lghths-sg,140139137,SAR,140139137,83677193.6000,83677193,83677193.6000,USD,USD,LU0292454872,ISIN,LU0292454872,Valor,3031842,SARA,000023844172,LU0292454872,Fund,LU/Luxembourg,JPMorgan Funds Sicav- US Select Equity Plus (USD) -A- Capitalisation,USD,USD,31.0,2021-01-29,1,2021-01-29,6000,6000,,,,USD,138300,USD,186000,,,,,,,,,,,,,,,,,,,,,,,,,,,,,,,,,,,,,,,,
,020,POS,"Stock Balance - Jan 29, 2021",lghths-sg,140139140,SAR,140139140,83677193.6000,83677193,83677193.6000,USD,USD,IE00B1TXHL60,ISIN,IE00B1TXHL60,Valor,3007862,SARA,000025595322,IE00B1TXHL60,Fund,IE/Ireland,iShares II Plc- Listed Private Equity UCITS ETF (USD),USD,USD,23.9575,2021-01-29,1,2021-01-29,6060,6060,,,,USD,103383.6,USD,145182.45,,,,,,,,,,,,,,,,,,,,,,,,,,,,,,,,,,,,,,,,
,020,POS,"Stock Balance - Jan 29, 2021",lghths-sg,140139148,SAR,140139148,83677193.6000,83677193,83677193.6000,USD,USD,LU1169991020,ISIN,LU1169991020,Valor,27210766,SARA,000129193698,LU1169991020,Fund,LU/Luxembourg,Janus Henderson Horizon Fund Sicav- Pan European Smaller Companies (USD) -A2- Capitalisation,USD,USD,51.09,2021-01-29,1,2021-01-29,6290,6290,,,,USD,201594.5,USD,321356.1,,,,,,,,,,,,,,,,,,,,,,,,,,,,,,,,,,,,,,,,
,020,POS,"Stock Balance - Jan 29, 2021",lghths-sg,140139155,SAR,140139155,83677193.6000,83677193,83677193.6000,USD,USD,IE00BYZK4552,ISIN,IE00BYZK4552,Valor,33305410,SARA,000130065573,IE00BYZK4552,Fund,IE/Ireland,iShares IV Plc- Automation & Robotics UCITS ETF,USD,USD,12.08,2021-01-29,1,2021-01-29,7650,7650,,,,USD,54544.5,USD,92412,,,,,,,,,,,,,,,,,,,,,,,,,,,,,,,,,,,,,,,,
,020,POS,"Stock Balance - Jan 29, 2021",lghths-sg,140139159,SAR,140139159,83677193.6000,83677193,83677193.6000,USD,USD,LU0943300680,ISIN,LU0943300680,Valor,21607506,SARA,000101207542,LU0943300680,Fund,LU/Luxembourg,Schroder International Selection Fund Sicav- Japanese Opportunities (USD) -A- hedged Capitalisation,USD,USD,19.2321,2021-01-29,1,2021-01-29,8020,8020,,,,USD,117387.94,USD,154241.44,,,,,,,,,,,,,,,,,,,,,,,,,,,,,,,,,,,,,,,,
,020,POS,"Stock Balance - Jan 29, 2021",lghths-sg,140139168,SAR,140139168,83677193.6000,83677193,83677193.6000,USD,USD,IE00BM67HL84,ISIN,IE00BM67HL84,Valor,31660574,SARA,000127521738,IE00BM67HL84,Fund,IE/Ireland,Xtrackers (IE) Plc- MSCI World Financials UCITS ETF (USD) -1C- Capitalisation,USD,USD,19.8025,2021-01-29,1,2021-01-29,8250,8250,,,,USD,119026.88,USD,163370.63,,,,,,,,,,,,,,,,,,,,,,,,,,,,,,,,,,,,,,,,
,020,POS,"Stock Balance - Jan 29, 2021",lghths-sg,140139173,SAR,140139173,83677193.6000,83677193,83677193.6000,USD,USD,LU1184092051,ISIN,LU1184092051,Valor,27165551,SARA,000133521479,LU1184092051,Fund,LU/Luxembourg,Xtrackers Sicav-MSCI Europe UCITS ETF (USD) -2C- Capitalisation,USD,USD,11.278,2021-01-29,1,2021-01-29,9530,9530,,,,USD,89057.85,USD,107479.34,,,,,,,,,,,,,,,,,,,,,,,,,,,,,,,,,,,,,,,,
,020,POS,"Stock Balance - Jan 29, 2021",lghths-sg,140139178,SAR,140139178,83677193.6000,83677193,83677193.6000,USD,USD,LU0490618542,ISIN,LU0490618542,Valor,11138249,SARA,000028122252,LU0490618542,Fund,LU/Luxembourg,Xtrackers Sicav-S&P 500 Swap UCITS ETF (USD) -1C- Capitalisation,EUR,USD,70.29,2021-01-29,1,2021-01-29,9765,9765,,,,USD,521503.73,USD,686381.85,,,,,,,,,,,,,,,,,,,,,,,,,,0.823132,,,,,,,,,,,,,,
,020,POS,"Stock Balance - Jan 29, 2021",lghths-sg,140139183,SAR,140139183,83677193.6000,83677193,83677193.6000,USD,USD,LU0927735406,ISIN,LU0927735406,Valor,21557276,SARA,000110737610,LU0927735406,Fund,LU/Luxembourg,Xtrackers Sicav-MSCI Japan UCITS ETF (USD) -2D- Distribution,USD,USD,25.065,2021-01-29,1,2021-01-29,10680,10680,,,,USD,212291.7,USD,267694.2,,,,,,,,,,,,,,,,,,,,,,,,,,,,,,,,,,,,,,,,
,020,POS,"Stock Balance - Jan 29, 2021",lghths-sg,140139191,SAR,140139191,83677193.6000,83677193,83677193.6000,USD,EUR,IE00BG7PJ914,ISIN,IE00BG7PJ914,Valor,45464924,SARA,000137710631,IE00BG7PJ914,Fund,IE/Ireland,Barings Investment Funds Plc- Europe Select (EUR) -B- Unhedged Distribution,EUR,EUR,54.06,2021-01-29,1,2021-01-29,12000,12000,USD,537174.01,,EUR,495120,EUR,648720,,,,,,,,,,,,,USD,788111.76,,,,,,,,,,,,,,,,,,,,,,,,,,
,020,POS,"Stock Balance - Jan 29, 2021",lghths-sg,140139212,SAR,140139212,83677193.6000,83677193,83677193.6000,USD,USD,US33734X8469,ISIN,US33734X8469,Valor,28549941,SARA,000125850193,US33734X8469,Fund,US/United States of America,First Trust NASDAQ Cybersecurity ETF,USD,USD,43.92,2021-01-28,1,2021-01-29,18000,18000,,,,USD,512820,USD,790560,,,,,,,,,,,,,,,,,,,,,,,,,,,,,,,,,,,,,,,,
,020,POS,"Stock Balance - Jan 29, 2021",lghths-sg,140139216,SAR,140139216,83677193.6000,83677193,83677193.6000,USD,USD,US0846707026,ISIN,US0846707026,Valor,10926529,Bloomberg,BRK/B US,US0846707026,Share,US/United States of America,Berkshire Hathaway Inc -B-,USD,USD,227.87,2021-01-28,1,2021-01-29,18425,18425,,,,USD,3522860,USD,4198504.75,,,,,,,,,,,SARA,000025610650,,,,,,,,,,,,,,,,,,,,,,,,,,,,
,020,POS,"Stock Balance - Jan 29, 2021",lghths-sg,140139223,SAR,140139223,83677193.6000,83677193,83677193.6000,USD,HKD,KYG3777B1032,ISIN,KYG3777B1032,Valor,1812980,Bloomberg,175 HK,KYG3777B1032,Share,KY/Cayman Islands,Geely Automobile Holdings Ltd,HKD,HKD,28.35,2021-01-29,1,2021-01-29,19550,19550,USD,29510.21,,HKD,228735,HKD,554242.5,,,,,,,,,,,SARA,000024785919,USD,71478.01,,,,,,,,,,,,,,,,,,,,,,,,,,
,020,POS,"Stock Balance - Jan 29, 2021",lghths-sg,140139230,SAR,140139230,83677193.6000,83677193,83677193.6000,USD,EUR,LU0260085492,ISIN,LU0260085492,Valor,2707263,SARA,000031523329,LU0260085492,Fund,LU/Luxembourg,The Jupiter Global Fund Sicav- European Growth  (EUR) -L- Capitalisation,EUR,EUR,41.63,2021-01-29,1,2021-01-29,21198,21198,USD,840824.96,,EUR,774998.88,EUR,882472.74,,,,,,,,,,,,,USD,1072091.42,,,,,,,,,,,,,,,,,,,,,,,,,,
,020,POS,"Stock Balance - Jan 29, 2021",lghths-sg,140139244,SAR,140139244,83677193.6000,83677193,83677193.6000,USD,USD,IE00BYZK4669,ISIN,IE00BYZK4669,Valor,33305420,SARA,000130065572,IE00BYZK4669,Fund,IE/Ireland,iShares IV Plc- Ageing Population UCITS ETF,USD,USD,7.1725,2021-01-29,1,2021-01-29,24325,24325,,,,USD,119496.56,USD,174471.06,,,,,,,,,,,,,,,,,,,,,,,,,,,,,,,,,,,,,,,,
,020,POS,"Stock Balance - Jan 29, 2021",lghths-sg,140139248,SAR,140139248,83677193.6000,83677193,83677193.6000,USD,USD,US33738R6053,ISIN,US33738R6053,Valor,23632392,SARA,000106789452,US33738R6053,Fund,US/United States of America,First Trust Dorsey Wright Focus 5 ETF,USD,USD,40.79,2021-01-28,1,2021-01-29,26823,26823,,,,USD,777330.54,USD,1094110.17,,,,,,,,,,,,,,,,,,,,,,,,,,,,,,,,,,,,,,,,
,020,POS,"Stock Balance - Jan 29, 2021",lghths-sg,140139252,SAR,140139252,83677193.6000,83677193,83677193.6000,USD,USD,US0846491027,ISIN,US0846491027,Valor,839013,SARA,000138882563,US0846491027,Fund,US/United States of America,Berkshire Funds (USD) Distribution,USD,USD,44.12,2021-01-28,1,2021-01-29,27201.632,27201.632,,,,USD,774974.5,USD,1200136,,,,,,,,,,,,,,,,,,,,,,,,,,,,,,,,,,,,,,,,
,020,POS,"Stock Balance - Jan 29, 2021",lghths-sg,140139260,SAR,140139260,83677193.6000,83677193,83677193.6000,USD,USD,KYG2886W1078,ISIN,KYG2886W1078,Valor,2715048,Bloomberg,DWSVIET KY,KYG2886W1078,Fund,KY/Cayman Islands,Vietnam Phoenix Fund Ltd -In Liquidation-,USD,USD,0.2391,2020-12-31,1,2021-01-29,129198,129198,,,,USD,30348.61,USD,30891.24,,,,,,,,,,,SARA,000020988245,,,,,,,,,,,,,,,,,,,,,,,,,,,,
,020,POS,"Stock Balance - Jan 29, 2021",lghths-sg,140139275,SAR,140139275,83677193.6000,83677193,83677193.6000,USD,USD,XS1739439203,ISIN,XS1739439203,Valor,38364948,SARA,000137679848,XS1739439203,Bond,GB/United Kingdom,Credit Suisse London Ashmore Sicav-EmMa Sh.Dur.Fd (EUR)-Retail-Cap 95% Protection with Participation 26.01.2021,USD,USD,94.5,2021-01-21,.01,2021-01-29,180000,180000,,,,USD,168228,USD,170100,2018-02-09,2021-02-09,0.0,,,2017-04-06,,,,,,,,,,,,,,,,,,,,,,,,,,,,,,,,,,
,020,POS,"Stock Balance - Jan 29, 2021",lghths-sg,140150219,SAR,140150219,83677193.6000,83677193,83677193.6000,USD,USD,US88032Q1094,ISIN,US88032Q1094,Valor,4752662,SARA,000028344274,US88032Q1094,Share,KY/Cayman Islands,Tencent Holdings Ltd -ADR-,USD,USD,89.31,2021-01-29,1,2021-01-29,6480,6480,,,,USD,339228,USD,578728.8,,,,,,,,,,,,,,,,,,,,,,,,,,,,,,,,,,,,,,,,
,020,POS,"Stock Balance - Jan 29, 2021",lghths-sg,140158326,SAR,140158326,83677193.6000,83677193,83677193.6000,USD,USD,US36847Q1031,ISIN,US36847Q1031,Valor,10712481,SARA,000131633808,US36847Q1031,Share,KY/Cayman Islands,Geely Automobile Holdings Ltd -ADR- (20 Shs),USD,USD,72.96,2021-01-28,1,2021-01-29,6240,6240,,,,USD,187636.8,USD,455270.4,,,,,,,,,,,,,,,,,,,,,,,,,,,,,,,,,,,,,,,,
,020,POS,"Stock Balance - Jan 29, 2021",lghths-sg,140766940,SAR,140766940,83677193.6000,83677193,83677193.6000,USD,USD,US00214Q1040,ISIN,US00214Q1040,Valor,25949494,SARA,000132130108,US00214Q1040,Fund,US/United States of America,ARK Innovation ETF,USD,USD,137.44,2021-01-28,1,2021-01-29,3090,3090,,,,USD,257562.52,USD,424689.6,,,,,,,,,,,,,,,,,,,,,,,,,,,,,,,,,,,,,,,,
,020,POS,"Stock Balance - Jan 29, 2021",lghths-sg,140774543,SAR,140774543,83677193.6000,83677193,83677193.6000,USD,USD,US7429351254,ISIN,US7429351254,Valor,10507151,SARA,000140770052,US7429351254,Fund,US/United States of America,Professionally Managed Portfolios Akre Focus Fund (USD) -Institutional- Distribution,USD,USD,53.29,2021-01-28,1,2021-01-29,9904.913,9904.913,,,,USD,502675.01,USD,527832.81,,,,,,,,,,,,,,,,,,,,,,,,,,,,,,,,,,,,,,,,
,020,POS,"Stock Balance - Jan 29, 2021",lghths-sg,140973259,SAR,140973259,83677193.6000,83677193,83677193.6000,USD,USD,US1729674242,ISIN,US1729674242,Valor,12915350,Bloomberg,C US,US1729674242,Share,US/United States of America,Citigroup Inc,USD,USD,57.99,2021-01-28,1,2021-01-29,5000,5000,,,,USD,266076.37,USD,289950,,,,,,,,,,,SARA,000028584584,,,,,,,,,,,,,,,,,,,,,,,,,,,,
,020,POS,"Stock Balance - Jan 29, 2021",lghths-sg,140973283,SAR,140973283,83677193.6000,83677193,83677193.6000,USD,USD,US0605051046,ISIN,US0605051046,Valor,748628,Bloomberg,BAC UN,US0605051046,Share,US/United States of America,Bank of America Corp,USD,USD,29.65,2021-01-28,1,2021-01-29,10000,10000,,,,USD,268430.14,USD,296500,,,,,,,,,,,SARA,000000418117,,,,,,,,,,,,,,,,,,,,,,,,,,,,
,020,POS,"Cash Balance - Jan 29, 2021",lghths-sg,125369911,SAR,125369911,81042621.6000,81042621,81042621.4000/USD/KK,USD,USD,USD,,,,,,,,Cash,,,,,,,,2021-01-29,,,,,,USD,0,,,,,,,,,,,,,,,,,CURRENCY,USD,,,,,,,,,,,portfolioID,81042621.6000,,,,,,,,,,,,
,020,POS,"Cash Balance - Jan 29, 2021",lghths-sg,133980399,SAR,133980399,83663279.6000,83663279,83663279.4000/USD/KK,USD,USD,USD,,,,,,,,Cash,,,,,,,,2021-01-29,,,,,,USD,416876.49,,,,,,,,,,,,,,,,,CURRENCY,USD,,,,,,,,,,,portfolioID,83663279.6000,,,,,,,,,,,,
,020,POS,"Cash Balance - Jan 29, 2021",lghths-sg,134173977,SAR,134173977,83663279.6000,83663279,83663279.4001/GBP/KK,USD,GBP,GBP,,,,,,,,Cash,,,,,,,,2021-01-29,,,USD,0,,GBP,0,,,,,,,,,,,,,,,,,CURRENCY,GBP,,,,,,,,,,,portfolioID,83663279.6000,,,,,,,,,,,,
,020,POS,"Cash Balance - Jan 29, 2021",lghths-sg,140953859,SAR,140953859,83663279.6000,83663279,83663279.4004/HKD/KK,USD,HKD,HKD,,,,,,,,Cash,,,,,,,,2021-01-29,,,USD,-0.06,,HKD,-0.47,,,,,,,,,,,,,,,,,CURRENCY,HKD,,,,,,,,,,,portfolioID,83663279.6000,,,,,,,,,,,,
,020,POS,"Cash Balance - Jan 29, 2021",lghths-sg,133980435,SAR,133980435,83663293.6000,83663293,83663293.4000/USD/KK,USD,USD,USD,,,,,,,,Cash,,,,,,,,2021-01-29,,,,,,USD,252344.12,,,,,,,,,,,,,,,,,CURRENCY,USD,,,,,,,,,,,portfolioID,83663293.6000,,,,,,,,,,,,
,020,POS,"Cash Balance - Jan 29, 2021",lghths-sg,134321779,SAR,134321779,83663293.6000,83663293,83663293.4001/GBP/KK,USD,GBP,GBP,,,,,,,,Cash,,,,,,,,2021-01-29,,,USD,0,,GBP,0,,,,,,,,,,,,,,,,,CURRENCY,GBP,,,,,,,,,,,portfolioID,83663293.6000,,,,,,,,,,,,
,020,POS,"Cash Balance - Jan 29, 2021",lghths-sg,134427611,SAR,134427611,83663293.6000,83663293,83663293.4002/SGD/KK,USD,SGD,SGD,,,,,,,,Cash,,,,,,,,2021-01-29,,,USD,0,,SGD,0,,,,,,,,,,,,,,,,,CURRENCY,SGD,,,,,,,,,,,portfolioID,83663293.6000,,,,,,,,,,,,
,020,POS,"Cash Balance - Jan 29, 2021",lghths-sg,134655209,SAR,134655209,83663293.6000,83663293,83663293.4003/EUR/KK,USD,EUR,EUR,,,,,,,,Cash,,,,,,,,2021-01-29,,,USD,0,,EUR,0,,,,,,,,,,,,,,,,,CURRENCY,EUR,,,,,,,,,,,portfolioID,83663293.6000,,,,,,,,,,,,
,020,POS,"Cash Balance - Jan 29, 2021",lghths-sg,137675912,SAR,137675912,83663293.6000,83663293,83663293.4004/INR/KK,USD,INR,INR,,,,,,,,Cash,,,,,,,,2021-01-29,,,USD,0,,INR,0,,,,,,,,,,,,,,,,,CURRENCY,INR,,,,,,,,,,,portfolioID,83663293.6000,,,,,,,,,,,,
,020,POS,"Cash Balance - Jan 29, 2021",lghths-sg,140351749,SAR,140351749,83663293.6000,83663293,83663293.4005/HKD/KK,USD,HKD,HKD,,,,,,,,Cash,,,,,,,,2021-01-29,,,USD,2040.38,,HKD,15821.14,,,,,,,,,,,,,,,,,CURRENCY,HKD,,,,,,,,,,,portfolioID,83663293.6000,,,,,,,,,,,,
,020,POS,"Cash Balance - Jan 29, 2021",lghths-sg,141694029,SAR,141694029,83663293.6000,83663293,83663293.4006/CHF/KK,USD,CHF,CHF,,,,,,,,Cash,,,,,,,,2021-01-29,,,USD,0,,CHF,0,,,,,,,,,,,,,,,,,CURRENCY,CHF,,,,,,,,,,,portfolioID,83663293.6000,,,,,,,,,,,,
,020,POS,"Cash Balance - Jan 29, 2021",lghths-sg,134787523,SAR,134787523,83667931.6000,83667931,83667931.4000/USD/KK,USD,USD,USD,,,,,,,,Cash,,,,,,,,2021-01-29,,,,,,USD,0,,,,,,,,,,,,,,,,,CURRENCY,USD,,,,,,,,,,,portfolioID,83667931.6000,,,,,,,,,,,,
,020,POS,"Cash Balance - Jan 29, 2021",lghths-sg,135356352,SAR,135356352,83667931.6000,83667931,83667931.4001/GBP/KK,USD,GBP,GBP,,,,,,,,Cash,,,,,,,,2021-01-29,,,USD,95182.07,,GBP,69316.84,,,,,,,,,,,,,,,,,CURRENCY,GBP,,,,,,,,,,,portfolioID,83667931.6000,,,,,,,,,,,,
,020,POS,"Cash Balance - Jan 29, 2021",lghths-sg,135910790,SAR,135910790,83667931.6000,83667931,83667931.4002/EUR/KK,USD,EUR,EUR,,,,,,,,Cash,,,,,,,,2021-01-29,,,USD,0,,EUR,0,,,,,,,,,,,,,,,,,CURRENCY,EUR,,,,,,,,,,,portfolioID,83667931.6000,,,,,,,,,,,,
,020,POS,"Cash Balance - Jan 29, 2021",lghths-sg,140258097,SAR,140258097,83667931.6000,83667931,83667931.4003/SGD/KK,USD,SGD,SGD,,,,,,,,Cash,,,,,,,,2021-01-29,,,USD,481.94,,SGD,639.6,,,,,,,,,,,,,,,,,CURRENCY,SGD,,,,,,,,,,,portfolioID,83667931.6000,,,,,,,,,,,,
,020,POS,"Cash Balance - Jan 29, 2021",lghths-sg,140996046,SAR,140996046,83667931.6000,83667931,83667931.4004/MYR/KK,USD,MYR,MYR,,,,,,,,Cash,,,,,,,,2021-01-29,,,USD,0,,MYR,0,,,,,,,,,,,,,,,,,CURRENCY,MYR,,,,,,,,,,,portfolioID,83667931.6000,,,,,,,,,,,,
,020,POS,"Cash Balance - Jan 29, 2021",lghths-sg,140996118,SAR,140996118,83667931.6000,83667931,83667931.4005/XAU/METALL,USD,XAU,XAU,,,,,,,,Cash,,,,,,,,2021-01-29,,,USD,14859.56,,XAU,8,,,,,,,,,,,,,,,,,CURRENCY,XAU,,,,,,,,,,,portfolioID,83667931.6000,,,,,,,,,,,,
,020,POS,"Cash Balance - Jan 29, 2021",lghths-sg,139090240,SAR,139090240,83676187.6000,83676187,83676187.4000/USD/KK,USD,USD,USD,,,,,,,,Cash,,,,,,,,2021-01-29,,,,,,USD,33423.87,,,,,,,,,,,,,,,,,CURRENCY,USD,,,,,,,,,,,portfolioID,83676187.6000,,,,,,,,,,,,
,020,POS,"Cash Balance - Jan 29, 2021",lghths-sg,139983859,SAR,139983859,83676187.6000,83676187,83676187.4001/GBP/KK,USD,GBP,GBP,,,,,,,,Cash,,,,,,,,2021-01-29,,,USD,-2.27,,GBP,-1.65,,,,,,,,,,,,,,,,,CURRENCY,GBP,,,,,,,,,,,portfolioID,83676187.6000,,,,,,,,,,,,
,020,POS,"Cash Balance - Jan 29, 2021",lghths-sg,140065110,SAR,140065110,83677193.6000,83677193,83677193.4000/USD/KK,USD,USD,USD,,,,,,,,Cash,,,,,,,,2021-01-29,,,,,,USD,271848.2,,,,,,,,,,,,,,,,,CURRENCY,USD,,,,,,,,,,,portfolioID,83677193.6000,,,,,,,,,,,,
,020,POS,"Cash Balance - Jan 29, 2021",lghths-sg,140249746,SAR,140249746,83677193.6000,83677193,83677193.4001/EUR/KK,USD,EUR,EUR,,,,,,,,Cash,,,,,,,,2021-01-29,,,USD,-0.69,,EUR,-0.57,,,,,,,,,,,,,,,,,CURRENCY,EUR,,,,,,,,,,,portfolioID,83677193.6000,,,,,,,,,,,,
,020,POS,"Cash Balance - Jan 29, 2021",lghths-sg,140257966,SAR,140257966,83677193.6000,83677193,83677193.4002/HKD/KK,USD,HKD,HKD,,,,,,,,Cash,,,,,,,,2021-01-29,,,USD,1526.73,,HKD,11838.32,,,,,,,,,,,,,,,,,CURRENCY,HKD,,,,,,,,,,,portfolioID,83677193.6000,,,,,,,,,,,,
,020,POS,"Loan Balance - Jan 29, 2021",lghths-sg,142447937,SAR,142447937,83663279.6000,83663279,83663279,USD,GBP,GBP,,,,,,,,MoneyMarket,,GBP Fixed Loan,,,,,,2021-01-29,,,USD,-2919111.08,,GBP,-2125857.85,,,,,,,,,,,,,,,,,CURRENCY,GBP,,,,,,,,,,,portfolioID,83663279.6000,Loan,Fixed,2021-02-26,GBP,-2125857.85,0.88,142447937,s/t Fixed Advance Fix GBP 0.88% 29.01.2021-26.02,2021-02-26,2021-01-29,,
,020,POS,"Loan Balance - Jan 29, 2021",lghths-sg,141849266,SAR,141849266,83663293.6000,83663293,83663293,USD,EUR,EUR,,,,,,,,MoneyMarket,,EUR Fixed Loan,,,,,,2021-01-29,,,USD,-354265.87,,EUR,-291607.57,,,,,,,,,,EUR,-305.38,,,,,,CURRENCY,EUR,,,,,,,,,,,portfolioID,83663293.6000,Loan,Fixed,2021-03-02,EUR,-291607.57,0.65,141849266,s/t Fixed Advance Fix EUR 0.65% 02.12.2020-02.03,2021-03-02,2020-12-02,USD,-371
,020,POS,"Loan Balance - Jan 29, 2021",lghths-sg,142142058,SAR,142142058,83663293.6000,83663293,83663293,USD,USD,USD,,,,,,,,MoneyMarket,,USD Fixed Loan,,,,,,2021-01-29,,,,,,USD,-884879.02,,,,,,,,,,USD,-438.02,,,,,,CURRENCY,USD,,,,,,,,,,,portfolioID,83663293.6000,Loan,Fixed,2021-02-11,USD,-884879.02,0.99,142142058,s/t Fixed Advance Fix USD 0.99% 11.01.2021-11.02,2021-02-11,2021-01-11,,
,020,POS,"Loan Balance - Jan 29, 2021",lghths-sg,142419194,SAR,142419194,83663293.6000,83663293,83663293,USD,HKD,HKD,,,,,,,,MoneyMarket,,HKD Fixed Loan,,,,,,2021-01-29,,,USD,-194203.7,,HKD,-1505860.89,,,,,,,,,,HKD,-174.51,,,,,,CURRENCY,HKD,,,,,,,,,,,portfolioID,83663293.6000,Loan,Fixed,2021-02-26,HKD,-1505860.89,1.41,142419194,s/t Fixed Advance Fix HKD 1.41% 26.01.2021-26.02,2021-02-26,2021-01-26,USD,-22.51
,020,POS,"Loan Balance - Jan 29, 2021",lghths-sg,141444043,SAR,141444043,83667931.6000,83667931,83667931,USD,EUR,EUR,,,,,,,,MoneyMarket,,EUR Fixed Loan,,,,,,2021-01-29,,,USD,-121548.92,,EUR,-100050.8,,,,,,,,,,EUR,-267.64,,,,,,CURRENCY,EUR,,,,,,,,,,,portfolioID,83667931.6000,Loan,Fixed,2021-07-14,EUR,-100050.8,0.9,141444043,s/t Fixed Advance Fix EUR 0.9% 14.10.2020-14.07.,2021-07-14,2020-10-14,USD,-325.15
,020,POS,"Loan Balance - Jan 29, 2021",lghths-sg,142472630,SAR,142472630,83667931.6000,83667931,83667931,USD,USD,USD,,,,,,,,MoneyMarket,,USD Fixed Loan,,,,,,2021-01-29,,,,,,USD,-332718.13,,,,,,,,,,,,,,,,,CURRENCY,USD,,,,,,,,,,,portfolioID,83667931.6000,Loan,Fixed,2021-02-09,USD,-332718.13,1.2,142472630,s/t Fixed Advance Fix USD 1.2% 02.02.2021-09.02.,2021-02-09,2021-02-02,,
,020,POS,"Loan Balance - Jan 29, 2021",lghths-sg,142283491,SAR,142283491,83676187.6000,83676187,83676187,USD,USD,USD,,,,,,,,MoneyMarket,,USD Fixed Loan,,,,,,2021-01-29,,,,,,USD,-472383.91,,,,,,,,,,USD,-41.73,,,,,,CURRENCY,USD,,,,,,,,,,,portfolioID,83676187.6000,Loan,Fixed,2021-02-09,USD,-472383.91,1.06,142283491,s/t Fixed Advance Fix USD 1.06% 26.01.2021-09.02,2021-02-09,2021-01-26,,
,020,POS,"Loan Balance - Jan 29, 2021",lghths-sg,142444144,SAR,142444144,83676187.6000,83676187,83676187,USD,USD,USD,,,,,,,,MoneyMarket,,USD Fixed Loan,,,,,,2021-01-29,,,,,,USD,-50000,,,,,,,,,,USD,-1.47,,,,,,CURRENCY,USD,,,,,,,,,,,portfolioID,83676187.6000,Loan,Fixed,2021-02-09,USD,-50000,1.06,142444144,s/t Fixed Advance Fix USD 1.06% 28.01.2021-09.02,2021-02-09,2021-01-28,,
,020,POS,"Loan Balance - Jan 29, 2021",lghths-sg,142142049,SAR,142142049,83663279.6000,83663279,83663279,USD,USD,USD,,,,,,,,MoneyMarket,,USD Fixed Loan,,,,,,2021-01-29,,,,,,USD,-344237.39,,,,,,,,,,USD,-170.4,,,,,,CURRENCY,USD,,,,,,,,,,,portfolioID,83663279.6000,Loan,Fixed,2021-02-11,USD,-344237.39,0.99,142142049,s/t Fixed Advance Fix USD 0.99% 11.01.2021-11.02,2021-02-11,2021-01-11,,
,020,POS,"Stock Balance - Jan 29, 2021",lghths-sg,139402916,SAR,139402916,83676187.6000,83676187,83676187.6000,USD,USD,USG50027AE42,ISIN,USG50027AE42,Valor,20549467,SARA,000082521405,USG50027AE42,Bond,GB/United Kingdom,5.625% Jaguar Land Rover Plc Notes 2013-2023 Senior Reg-S,USD,USD,100.125,2021-01-29,.01,2021-01-29,200000,200000,,,,USD,211600,USD,200250,2013-01-28,2023-02-01,5.625,30E/360,2,2013-08-01,USD,USD,5562.5,B,,,,,,,,,,,,,,,,,,,,,,,,,,,,,,
,020,POS,"Cash Balance - Jan 29, 2021",lghths-sg,140493349,SAR,140493349,83663279.6000,83663279,83663279.4003/EUR/KK,USD,EUR,EUR,,,,,,,,Cash,,,,,,,,2021-01-29,,,USD,36.93,,EUR,30.4,,,,,,,,,,,,,,,,,CURRENCY,EUR,,,,,,,,,,,portfolioID,83663279.6000,,,,,,,,,,,,
,020,POS,"Stock Balance - Jan 29, 2021",lghths-sg,142078886,SAR,142078886,83663279.6000,83663279,83663279.6000,USD,USD,US4581401001,ISIN,US4581401001,Valor,941595,Bloomberg,INTC UQ,US4581401001,Share,US/United States of America,Intel Corp,USD,USD,55.51,2021-01-28,1,2021-01-29,60,60,,,,USD,2851.2,USD,3330.6,,,,,,,,,,,SARA,000000419639,,,,,,,,,,,,,,,,,,,,,,,,,,,,
,020,POS,"Stock Balance - Jan 29, 2021",lghths-sg,134149308,SAR,134149308,83663279.6000,83663279,83663279.6000,USD,USD,US02079K1079,ISIN,US02079K1079,Valor,29798545,SARA,000126334673,US02079K1079,Share,US/United States of America,Alphabet Inc -C-,USD,USD,1835.74,2021-01-28,1,2021-01-29,300,300,,,,USD,214707,USD,550722,,,,,,,,,,,,,,,,,,,,,,,,,,,,,,,,,,,,,,,,
,020,POS,"Stock Balance - Jan 29, 2021",lghths-sg,134149314,SAR,134149314,83663279.6000,83663279,83663279.6000,USD,USD,USY57657AA90,ISIN,USY57657AA90,Valor,37153128,SARA,000132184737,USY57657AA90,Bond,SG/Singapore,5.3% Marble II Pte Ltd Bond 2017-2022,USD,USD,101.05,2021-01-28,.01,2021-01-29,400000,400000,,,,USD,389880,USD,404200,2017-06-20,2022-06-20,5.3,30E/360,2,2017-12-20,USD,USD,2296.67,BB,,,,,,,,,,,,,,,,,,,,,,,,,,,,,,
,020,POS,"Stock Balance - Jan 29, 2021",lghths-sg,134149391,SAR,134149391,83663279.6000,83663279,83663279.6000,USD,USD,XS1492713505,ISIN,XS1492713505,Valor,33981821,SARA,000129991155,XS1492713505,Bond,00939,5.5% State Bank of India Contingent Convertible Floating Rate Notes 2016-Perpetual,USD,USD,101.865,2021-01-28,.01,2021-01-29,400000,400000,,,,USD,399200,USD,407460,2016-09-22,2021-09-22,5.5,30/360,2,2017-03-22,USD,USD,7761.11,B,,,,,,,,,,,,,,,,,,,,,,,,,,,,,,
,020,POS,"Stock Balance - Jan 29, 2021",lghths-sg,134149396,SAR,134149396,83663279.6000,83663279,83663279.6000,USD,USD,USF2893TAM83,ISIN,USF2893TAM83,Valor,23404521,SARA,000104422680,USF2893TAM83,Bond,FR/France,5.625% Electricit� de France EDF Notes 2014-Perpetual Reg-S Subordinated,USD,USD,106.925,2021-01-29,.01,2021-01-29,300000,300000,,,,USD,318600,USD,320775,2014-01-22,2046-06-17,5.625,30E/360,2,2014-07-22,USD,USD,328.13,BB-,,,,,,,,,,,,,,,,,,,,,,,,,,,,,,
,020,POS,"Stock Balance - Jan 29, 2021",lghths-sg,134149419,SAR,134149419,83663279.6000,83663279,83663279.6000,USD,USD,XS1423722823,ISIN,XS1423722823,Valor,32942221,SARA,000129445087,XS1423722823,Bond,AU/Australia,5.875% QBE Insurance Group Ltd Contingent Convertible Floating Rate Emt-Notes 2016-2046,USD,USD,109.84,2021-01-28,.01,2021-01-29,300000,300000,,,,USD,313500,USD,329520,2016-06-17,2046-06-17,5.875,30/360,2,2016-12-17,USD,USD,2056.25,BBB-,,,,,,,,,,,,,,,,,,,,,,,,,,,,,,
,020,POS,"Stock Balance - Jan 29, 2021",lghths-sg,134237653,SAR,134237653,83663293.6000,83663293,83663293.6000,USD,GBP,XS1025866119,ISIN,XS1025866119,Valor,23581404,SARA,000106548682,XS1025866119,Bond,GB/United Kingdom,5% Jaguar Land Rover Automotive Plc Notes 2014-2022 Senior Reg-S,GBP,GBP,102.225,2021-01-28,.01,2021-01-29,300000,300000,USD,412331.62,,GBP,295890,GBP,306675,2014-01-31,2022-02-15,5.0,30/360,2,2014-08-15,GBP,GBP,6833.33,B,,,USD,421109.24,,,,,,,,,,,,,,,,,,,,,,,,,USD,9383.15
,020,POS,"Stock Balance - Jan 29, 2021",lghths-sg,134441083,SAR,134441083,83663293.6000,83663293,83663293.6000,USD,USD,USG5002FAM89,ISIN,USG5002FAM89,Valor,38586376,SARA,000133049915,USG5002FAM89,Bond,GB/United Kingdom,4.5% Jaguar Land Rover Automotive Plc Gtd.Notes 2017-2027 RegS,USD,USD,97.16,2021-01-29,.01,2021-01-29,200000,200000,,,,USD,187000,USD,194320,2017-10-10,2027-10-01,4.5,30E/360,2,2018-04-01,USD,USD,2950,B,,,,,,,,,,,,,,,,,,,,,,,,,,,,,,
,020,POS,"Stock Balance - Jan 29, 2021",lghths-sg,134441110,SAR,134441110,83663293.6000,83663293,83663293.6000,USD,USD,USU31433AA03,ISIN,USU31433AA03,Valor,12412477,SARA,000027939570,USU31433AA03,Bond,US/United States of America,5.75% Fresenius Medical Care US Finance Inc Notes 2011-2021 Senior Reg-S,USD,USD,100.16,2021-01-29,.01,2021-01-29,200000,200000,,,,USD,212500,USD,200320,2011-02-03,2021-02-15,5.75,30E/360,2,2011-08-15,USD,USD,5238.89,BBB-,,,,,,,,,,,,,,,,,,,,,,,,,,,,,,
,020,POS,"Stock Balance - Jan 29, 2021",lghths-sg,134575255,SAR,134575255,83663293.6000,83663293,83663293.6000,USD,USD,USG84228CQ91,ISIN,USG84228CQ91,Valor,33623693,SARA,000129796997,USG84228CQ91,Bond,GB/United Kingdom,7.5% Standard Chartered Plc Contingent Convertible  Floating Rate Notes 2016-Perpetual Reg-S Subordinated,USD,USD,104.825,2021-01-29,.01,2021-01-29,200000,200000,,,,USD,211500,USD,209650,2016-08-18,4712-12-31,7.5,30E/360,2,2017-04-02,USD,USD,4875,BB-,,,,,,,,,,,,,,,,,,,,,,,,,,,,,,
,020,POS,"Stock Balance - Jan 29, 2021",lghths-sg,134781098,SAR,134781098,83663293.6000,83663293,83663293.6000,USD,USD,KYG8135U1076,ISIN,KYG8135U1076,Valor,28213010,SARA,000131846096,KYG8135U1076,Fund,KY/Cayman Islands,Silverdale Fund SPC (USD) -1A- SP Distribution,USD,USD,118.4255,2021-01-22,1,2021-01-29,3929,3929,,,,USD,502675,USD,465293.79,,,,,,,,,,,,,,,,,,,,,,,,,,,,,,,,,,,,,,,,
,020,POS,"Stock Balance - Jan 29, 2021",lghths-sg,135453634,SAR,135453634,83663293.6000,83663293,83663293.6000,USD,USD,XS1076957700,ISIN,XS1076957700,Valor,24686478,SARA,000123591011,XS1076957700,Bond,CH/Switzerland,6.25% Credit Suisse Group AG Contingent Convertible Floating Rate Notes  2014-Perpetual Reg-S Subordinated,USD,USD,109.645,2021-01-29,.01,2021-01-29,300000,300000,,,,USD,301200,USD,328935,2014-06-18,2024-12-18,4.85,30/360,2,2015-06-18,USD,USD,2135.41,BB,,,,,,,,,,,,,,,,,,,,,,,,,,,,,,
,020,POS,"Stock Balance - Jan 29, 2021",lghths-sg,135453674,SAR,135453674,83663293.6000,83663293,83663293.6000,USD,USD,XS1791728790,ISIN,XS1791728790,Valor,41516072,SARA,000134464876,XS1791728790,Bond,SG/Singapore,7.25% Global Prime Capital Pte Ltd Gtd.Bonds 2018-2021,USD,USD,100.625,2021-01-28,.01,2021-01-29,200000,200000,,,,USD,200240,USD,201250,2018-04-26,2021-04-26,7.25,30E/360,2,2018-10-26,USD,USD,3745.83,BB-,,,,,,,,,,,,,,,,,,,,,,,,,,,,,,
,020,POS,"Stock Balance - Jan 29, 2021",lghths-sg,135453748,SAR,135453748,83663293.6000,83663293,83663293.6000,USD,USD,XS1492713505,ISIN,XS1492713505,Valor,33981821,SARA,000129991155,XS1492713505,Bond,00939,5.5% State Bank of India Contingent Convertible Floating Rate Notes 2016-Perpetual,USD,USD,101.865,2021-01-28,.01,2021-01-29,300000,300000,,,,USD,303750,USD,305595,2016-09-22,2021-09-22,5.5,30/360,2,2017-03-22,USD,USD,5820.83,B,,,,,,,,,,,,,,,,,,,,,,,,,,,,,,
,020,POS,"Stock Balance - Jan 29, 2021",lghths-sg,136767078,SAR,136767078,83663293.6000,83663293,83663293.6000,USD,USD,XS1772325210,ISIN,XS1772325210,Valor,40701618,SARA,000134087446,XS1772325210,Bond,KY/Cayman Islands,6.375% Logan Group Co Ltd Gtd.Bonds 2018-2021 Reg-S,USD,USD,100.51,2021-01-28,.01,2021-01-29,200000,200000,,,,USD,200000,USD,201020,2018-03-07,2021-03-07,6.375,30E/360,2,2018-09-07,USD,USD,5029.17,,,,,,,,,,,,,,,,,,,,,,,,,,,,,,,
,020,POS,"Stock Balance - Jan 29, 2021",lghths-sg,138109956,SAR,138109956,83663293.6000,83663293,83663293.6000,USD,EUR,SG1EA8000000,ISIN,SG1EA8000000,Valor,38279664,SARA,000133641831,SG1EA8000000,Share,SG/Singapore,Cromwell European REIT RegS,EUR,EUR,0.5,2021-01-29,1,2021-01-29,594000,594000,USD,334820.11,,EUR,300900.82,EUR,297000,,,,,,,,,,,,,USD,360816.98,,,,,,,,,,,,,,,,,,,,,,,,,,
,020,POS,"Stock Balance - Jan 29, 2021",lghths-sg,138228040,SAR,138228040,83663293.6000,83663293,83663293.6000,USD,USD,XS2016070190,ISIN,XS2016070190,Valor,49093025,SARA,000138038641,XS2016070190,Bond,BM/Bermuda,5.5% China Oil and Gas Group Ltd Bonds 2019-2023,USD,USD,103.375,2021-01-28,.01,2021-01-29,200000,200000,,,,USD,202880,USD,206750,2019-07-25,2023-01-25,5.5,30/360,2,2020-01-25,USD,USD,122.22,BB,,,,,,,,,,,,,,,,,,,,,,,,,,,,,,
,020,POS,"Stock Balance - Jan 29, 2021",lghths-sg,139165524,SAR,139165524,83663293.6000,83663293,83663293.6000,USD,USD,XS1753595328,ISIN,XS1753595328,Valor,40014007,SARA,000133765006,XS1753595328,Bond,SG/Singapore,5.45% Abja Investment Co Pte Ltd Notes 2018-2028 Reg-S,USD,USD,104.64,2021-01-28,.01,2021-01-29,500000,500000,,,,USD,483500,USD,523200,2018-01-24,2028-01-24,5.45,30/360,2,2018-07-24,USD,USD,378.47,B+,,,,,,,,,,,,,,,,,,,,,,,,,,,,,,
,020,POS,"Stock Balance - Jan 29, 2021",lghths-sg,139370404,SAR,139370404,83663293.6000,83663293,83663293.6000,USD,USD,XS2054331041,ISIN,XS2054331041,Valor,51993658,SARA,000139359916,XS2054331041,Bond,GB/United Kingdom,8% Credit Suisse International HDFC Bank Ltd -ADR- STR 51.3993 Infosys Ltd -ADR- STR 8.847 Callable Fixed Coupon Notes 29.01.2021 Repayment cash or physical,USD,USD,100.9952,2021-01-28,.01,2021-01-29,300000,300000,,,,USD,300000,USD,302985.6,2020-01-29,2021-02-05,8.0,,4,2020-05-06,USD,,,,,,,,,,,,,,,,,,,,,,,,,,,,,,,,,
,020,POS,"Stock Balance - Jan 29, 2021",lghths-sg,139413184,SAR,139413184,83663293.6000,83663293,83663293.6000,USD,USD,XS2050614796,ISIN,XS2050614796,Valor,52120777,SARA,000139403481,XS2050614796,Bond,SG/Singapore,5.95% Global Prime Capital Pte Ltd Notes 2020-2025,USD,USD,103.62,2021-01-28,.01,2021-01-29,250000,250000,,,,USD,251375,USD,259050,2020-01-23,2025-01-23,5.95,30E/360,2,2020-07-23,USD,USD,247.92,BB-,,,,,,,,,,,,,,,,,,,,,,,,,,,,,,
,020,POS,"Stock Balance - Jan 29, 2021",lghths-sg,139503396,SAR,139503396,83663293.6000,83663293,83663293.6000,USD,USD,XS2062211359,ISIN,XS2062211359,Valor,52268214,SARA,000139486293,XS2062211359,Bond,GB/United Kingdom,8% Credit Suisse International HDFC Bank Ltd -ADR- / Infosys Ltd -ADR- / ICICI Bank -ADR- Callable Fixed Coupon Notes 16.02.2021 Repayment cash or physical,USD,USD,100.95,2021-01-28,.01,2021-01-29,300000,300000,,,,USD,300000,USD,302850,2020-02-13,2021-02-23,8.0,,4,2020-05-20,USD,,,,,,,,,,,,,,,,,,,,,,,,,,,,,,,,,
,020,POS,"Stock Balance - Jan 29, 2021",lghths-sg,139698558,SAR,139698558,83663293.6000,83663293,83663293.6000,USD,USD,XS2113454115,ISIN,XS2113454115,Valor,52582813,SARA,000139600480,XS2113454115,Bond,IN/India,5.875% India Infoline Finance Ltd Emt-Notes 2020-2023,USD,USD,97.25,2021-01-28,.01,2021-01-29,250000,250000,,,,USD,244350,USD,243125,2020-02-20,2023-04-20,5.875,30/360,2,2020-04-20,USD,USD,4039.06,BB-,,,,,,,,,,,,,,,,,,,,,,,,,,,,,,
,020,POS,"Stock Balance - Jan 29, 2021",lghths-sg,139786014,SAR,139786014,83663293.6000,83663293,83663293.6000,USD,GBP,GB00B03MLX29,ISIN,GB00B03MLX29,Valor,1987674,SARA,000005058836,GB00B03MLX29,Share,GB/United Kingdom,Royal Dutch Shell Plc -A-,EUR,GBP,13.38,2021-01-29,1,2021-01-29,12000,12000,USD,267184.88,,GBP,208440.68,GBP,160560,,,,,,,,,,,,,USD,220472.16,,,,,,,,,,,,1.13028,,,,,,,,,,,,,,
,020,POS,"Stock Balance - Jan 29, 2021",lghths-sg,140370383,SAR,140370383,83663293.6000,83663293,83663293.6000,USD,HKD,GB0005405286,ISIN,GB0005405286,Valor,411161,SARA,000000415042,GB0005405286,Share,GB/United Kingdom,HSBC Holdings Plc,GBP,HKD,40.95,2021-01-29,1,2021-01-29,83342,83342,USD,549465.59,,HKD,4271729.81,HKD,3412854.9,,,,,,,,,,,,,USD,440139.62,,,,,,,,,,,,0.093919,,,,,,,,,,,,,,
,020,POS,"Stock Balance - Jan 29, 2021",lghths-sg,141383026,SAR,141383026,83663293.6000,83663293,83663293.6000,USD,USD,XS2090080172,ISIN,XS2090080172,Valor,51830341,SARA,000139292337,XS2090080172,Bond,IN/India,5.9% Manappuram Finance Ltd Emt-Notes 2020-2023 Secured,USD,USD,103.875,2021-01-28,.01,2021-01-29,200000,200000,,,,USD,199038.35,USD,207750,2020-01-13,2023-01-13,5.9,30/360,2,2020-07-13,USD,USD,524.44,B+,,,,,,,,,,,,,,,,,,,,,,,,,,,,,,
,020,POS,"Stock Balance - Jan 29, 2021",lghths-sg,141480930,SAR,141480930,83663293.6000,83663293,83663293.6000,USD,USD,XS0474660676,ISIN,XS0474660676,Valor,10851943,SARA,000124114043,XS0474660676,FRN,GB/United Kingdom,12% Lloyds Bank Plc Regd.Notes 2009-Perpetual Senior Reg-S,USD,USD,114.29,2021-01-28,.01,2021-01-29,200000,200000,,,,USD,226115.66,USD,228580,2009-12-16,2024-12-16,12.0,30E/360,2,2010-06-16,USD,USD,2866.67,BB+,,,,,,,,,,,,,,,,,,,,,,,,,,,,,,
,020,POS,"Stock Balance - Jan 29, 2021",lghths-sg,141704679,SAR,141704679,83663293.6000,83663293,83663293.6000,USD,HKD,000141697824,,,,,,,,Option,HK/Hong Kong,HSBC Holdings PLC Call 29.06.2021 50 (5 HK) XHKF,HKD,HKD,0.85,2021-01-28,400,2021-01-29,-208,-208,USD,-5795.58,,HKD,-44932.57,HKD,-70720,,,,,,,,,,,,,USD,-9120.42,SARA,000141697824,400,50,2021-06-29,C,ISIN,GB0005405286,HSBC Holdings Plc,Share,S,,,,,,,,,,,,,,,
,020,POS,"Stock Balance - Jan 29, 2021",lghths-sg,141990481,SAR,141990481,83663293.6000,83663293,83663293.6000,USD,USD,CH0581503536,ISIN,CH0581503536,Valor,58150353,SARA,000141980706,CH0581503536,Bond,00939,8% Vontobel Financial Products Ltd Bristol Myers Squibb Co STR 53.2538 Sanofi SA STR 68.6326 -Quanto USD- Autocallable Fixed Coupon Notes 28.06.2021 Repayment cash or physical,USD,USD,99.7,2021-01-28,.01,2021-01-29,300000,300000,,,,USD,300000,USD,299100,2020-12-28,2021-06-30,0.28,,12,2021-02-01,USD,,,,,,,,,,,,,,,,,,,,,,,,,,,,,,,,,
,020,POS,"Stock Balance - Jan 29, 2021",lghths-sg,142145548,SAR,142145548,83663293.6000,83663293,83663293.6000,USD,GBP,GB00J8VJZN17,ISIN,GB00J8VJZN17,Valor,83384435,SARA,000142144417,GB00J8VJZN17,Option,GB/United Kingdom,Royal Dutch Shell Plc -A- Call Sep21 18 LIF,GBP,GBP,0.25,2021-01-28,1000,2021-01-29,-12,-12,USD,-6718.88,,GBP,-4942.07,GBP,-3000,,,,,,,,,,,,,USD,-4119.44,,,1000,18,2021-09-17,C,ISIN,GB00B03MLX29,Royal Dutch Shell Plc -A-,Share,S,,,,,,,,,,,,,,,
,020,POS,"Stock Balance - Jan 29, 2021",lghths-sg,142243992,SAR,142243992,83663293.6000,83663293,83663293.6000,USD,USD,000142240743,,,,,,,,Option,US/United States of America,Microsoft Corp Put 16.04.2021 195 (MSFT US),USD,USD,2.18,2021-01-28,100,2021-01-29,-10,-10,,,,USD,-5166,USD,-2180,,,,,,,,,,,,,,,SARA,000142240743,100,195,2021-04-16,P,ISIN,US5949181045,Microsoft Corp,Share,S,,,,,,,,,,,,,,,
,020,POS,"Stock Balance - Jan 29, 2021",lghths-sg,142256509,SAR,142256509,83663293.6000,83663293,83663293.6000,USD,USD,000142250484,,,,,,,,Option,US/United States of America,Altria Group Inc Put 19.03.2021 37.5 (MO US),USD,USD,0.37,2021-01-28,100,2021-01-29,-50,-50,,,,USD,-2536,USD,-1850,,,,,,,,,,,,,,,SARA,000142250484,100,37.5,2021-03-19,P,ISIN,US02209S1033,Altria Group Inc,Share,S,,,,,,,,,,,,,,,
,020,POS,"Stock Balance - Jan 29, 2021",lghths-sg,142282816,SAR,142282816,83663293.6000,83663293,83663293.6000,USD,HKD,HK0688002218,ISIN,HK0688002218,Valor,420828,Bloomberg,688 HK,HK0688002218,Share,HK/Hong Kong,China Overseas Land & Investment Ltd,HKD,HKD,17.48,2021-01-29,1,2021-01-29,80000,80000,USD,194266.15,,HKD,1505859.64,HKD,1398400,1992-08-07,,,,,,,,,,SARA,000000494357,USD,180344.98,,,,,,,,,,,,,,,,,,,,,,,,,,
,020,POS,"Stock Balance - Jan 29, 2021",lghths-sg,142421435,SAR,142421435,83663293.6000,83663293,83663293.6000,USD,USD,LU1226288253,ISIN,LU1226288253,Valor,27983955,SARA,000126337077,LU1226288253,Fund,LU/Luxembourg,UBS (LU) Key Selection Sicav- China Allocation Opportunity (USD) -P- 6% monthly Distribution,USD,USD,111.31,2021-01-28,1,2021-01-29,1771,1771,,,,USD,202742.67,USD,197130.01,,,,,,,,,,,,,,,,,,,,,,,,,,,,,,,,,,,,,,,,
,020,POS,"Stock Balance - Jan 29, 2021",lghths-sg,142457373,SAR,142457373,83663293.6000,83663293,83663293.6000,USD,HKD,000142452044,,,,,,,,Option,HK/Hong Kong,China Overseas Land & Investment Ltd Call 30.03.2021 22 (688 HK) XHKF,HKD,HKD,0.1,2021-01-28,2000,2021-01-29,-40,-40,USD,-2040.64,,HKD,-15821.15,HKD,-8000,,,,,,,,,,,,,USD,-1031.72,SARA,000142452044,2000,22,2021-03-30,C,ISIN,HK0688002218,China Overseas Land & Investment Ltd,Share,S,,,,,,,,,,,,,,,
,020,POS,"Stock Balance - Jan 29, 2021",lghths-sg,137826506,SAR,137826506,83667931.6000,83667931,83667931.6000,USD,EUR,IE00B84J9L26,ISIN,IE00B84J9L26,Valor,19930049,SARA,000064235309,IE00B84J9L26,Fund,IE/Ireland,PIMCO Funds Global Investors Series Plc- Income (EUR) -E- -Hedged- Capitalisation,EUR,EUR,13.79,2021-01-28,1,2021-01-29,11278.671,11278.671,USD,169131.76,,EUR,149402.29,EUR,155532.87,,,,,,,,,,,,,USD,188952.53,,,,,,,,,,,,,,,,,,,,,,,,,,
,020,POS,"Stock Balance - Jan 29, 2021",lghths-sg,140122049,SAR,140122049,83667931.6000,83667931,83667931.6000,USD,USD,US98980L1017,ISIN,US98980L1017,Valor,47101896,Bloomberg,ZM UW,US98980L1017,Share,US/United States of America,Zoom Video Communications Inc -A-,USD,USD,372.07,2021-01-28,1,2021-01-29,43,43,,,,USD,16630.97,USD,15999.01,,,,,,,,,,,SARA,000137372208,,,,,,,,,,,,,,,,,,,,,,,,,,,,
,020,POS,"Stock Balance - Jan 29, 2021",lghths-sg,140258096,SAR,140258096,83667931.6000,83667931,83667931.6000,USD,SGD,SG1V61937297,ISIN,SG1V61937297,Valor,3106596,Bloomberg,SIA SP,SG1V61937297,Share,SG/Singapore,Singapore Airlines Ltd,SGD,SGD,4.11,2021-01-29,1,2021-01-29,4000,4000,USD,13925.08,,SGD,19711.22,SGD,16440,,,,,,,,,,,SARA,000020750927,USD,12387.58,,,,,,,,,,,,,,,,,,,,,,,,,,
,020,POS,"Stock Balance - Jan 29, 2021",lghths-sg,140996076,SAR,140996076,83667931.6000,83667931,83667931.6000,USD,SGD,MYL7113OO003,ISIN,MYL7113OO003,Valor,1197605,Bloomberg,TOPG MK,MYL7113OO003,Share,MY/Malaysia,Top Glove Corporation Bhd,MYR,SGD,2.18,2021-01-29,1,2021-01-29,7800,7800,USD,14521.64,,SGD,19904.47,SGD,17004,,,,,,,,,,,SARA,000002537305,USD,12812.55,,,,,,,,,,,,3.046116,,,,,,,,,,,,,,
,020,POS,"Stock Balance - Jan 29, 2021",lghths-sg,141022909,SAR,141022909,83667931.6000,83667931,83667931.6000,USD,USD,US81141R1005,ISIN,US81141R1005,Valor,38497535,SARA,000133148797,US81141R1005,Share,KY/Cayman Islands,Sea Ltd -ADR-,USD,USD,216.71,2021-01-28,1,2021-01-29,85,85,,,,USD,16789,USD,18420.35,,,,,,,,,,,,,,,,,,,,,,,,,,,,,,,,,,,,,,,,
,020,POS,"Stock Balance - Jan 29, 2021",lghths-sg,141952076,SAR,141952076,83667931.6000,83667931,83667931.6000,USD,USD,US88160R1014,ISIN,US88160R1014,Valor,11448018,SARA,000026499970,US88160R1014,Share,US/United States of America,Tesla Inc,USD,USD,793.53,2021-01-28,1,2021-01-29,28,28,,,,USD,16281.8,USD,22218.84,,,,,,,,,,,,,,,,,,,,,,,,,,,,,,,,,,,,,,,,
,020,POS,"Stock Balance - Jan 29, 2021",lghths-sg,142190406,SAR,142190406,83667931.6000,83667931,83667931.6000,USD,USD,US62914V1061,ISIN,US62914V1061,Valor,43286578,Bloomberg,NIO US,US62914V1061,Share,KY/Cayman Islands,Nio Inc -ADR- -A-,USD,USD,57.0,2021-01-28,1,2021-01-29,312,312,,,,USD,19402,USD,17784,,,,,,,,,,,SARA,000135493931,,,,,,,,,,,,,,,,,,,,,,,,,,,,
,020,POS,"Stock Balance - Jan 29, 2021",lghths-sg,139402899,SAR,139402899,83676187.6000,83676187,83676187.6000,USD,GBP,GB0004082847,ISIN,GB0004082847,Valor,1110646,SARA,000000422184,GB0004082847,Share,GB/United Kingdom,Standard Chartered Plc,GBP,GBP,4.44,2021-01-29,1,2021-01-29,14049,14049,USD,229897.99,,GBP,176883.93,GBP,62377.56,,,,,,,,,,,,,USD,85653.43,,,,,,,,,,,,,,,,,,,,,,,,,,
,020,POS,"Stock Balance - Jan 29, 2021",lghths-sg,139402907,SAR,139402907,83676187.6000,83676187,83676187.6000,USD,USD,IE00BLNN3691,ISIN,IE00BLNN3691,Valor,24230735,SARA,000123618494,IE00BLNN3691,Share,IE/Ireland,Weatherford International Ltd,USD,USD,6.8,2021-01-28,1,2021-01-29,24,24,,,,USD,453426.96,USD,163.2,,,,,,,,,,,,,,,,,,,,,,,,,,,,,,,,,,,,,,,,
,020,POS,"Stock Balance - Jan 29, 2021",lghths-sg,139402910,SAR,139402910,83676187.6000,83676187,83676187.6000,USD,USD,IE00BL3HR700,ISIN,IE00BL3HR700,Valor,51640992,SARA,000139212204,IE00BL3HR700,Warrant,IE/Ireland,Weatherford International Ltd Wt.13.12.2023,USD,USD,0.2449,2021-01-28,1,2021-01-29,271,271,,,,,,USD,66.37,,,,,,,,,,,,,,,,,1,99.96,2023-12-13,,ISIN,IE00BLNN3691,Weatherford International Ltd,Share,,,,,,,,,,,,,,,,
,020,POS,"Stock Balance - Jan 29, 2021",lghths-sg,139402912,SAR,139402912,83676187.6000,83676187,83676187.6000,USD,USD,XS1791728790,ISIN,XS1791728790,Valor,41516072,SARA,000134464876,XS1791728790,Bond,SG/Singapore,7.25% Global Prime Capital Pte Ltd Gtd.Bonds 2018-2021,USD,USD,100.625,2021-01-28,.01,2021-01-29,200000,200000,,,,USD,202500,USD,201250,2018-04-26,2021-04-26,7.25,30E/360,2,2018-10-26,USD,USD,3745.83,BB-,,,,,,,,,,,,,,,,,,,,,,,,,,,,,,
,020,POS,"Stock Balance - Jan 29, 2021",lghths-sg,139402914,SAR,139402914,83676187.6000,83676187,83676187.6000,USD,USD,XS1062931396,ISIN,XS1062931396,Valor,24364749,SARA,000117861202,XS1062931396,Bond,SG/Singapore,5.75% TML Holdings Pte Ltd Notes 2014-2021 Senior,USD,USD,100.63,2021-01-28,.01,2021-01-29,200000,200000,,,,USD,200000,USD,201260,2014-05-07,2021-05-07,5.75,30/360,2,2014-11-07,USD,USD,2619.44,,,,,,,,,,,,,,,,,,,,,,,,,,,,,,,
,020,POS,"Stock Balance - Jan 29, 2021",lghths-sg,139402915,SAR,139402915,83676187.6000,83676187,83676187.6000,USD,USD,XS1556165477,ISIN,XS1556165477,Valor,35513710,SARA,000131042001,XS1556165477,Bond,BM/Bermuda,5.25% China Water Affairs Group Ltd 2017-2022,USD,USD,101.58,2021-01-28,.01,2021-01-29,200000,200000,,,,USD,204200,USD,203160,2017-02-07,2022-02-07,5.25,30E/360,2,2017-08-07,USD,USD,5016.67,BB+,,,,,,,,,,,,,,,,,,,,,,,,,,,,,,
,020,POS,"Cash Balance - Jan 29, 2021",lghths-sg,134270852,SAR,134270852,83663279.6000,83663279,83663279.4002/SGD/KK,USD,SGD,SGD,,,,,,,,Cash,,,,,,,,2021-01-29,,,USD,0,,SGD,0,,,,,,,,,,,,,,,,,CURRENCY,SGD,,,,,,,,,,,portfolioID,83663279.6000,,,,,,,,,,,,
