tkn,m2xmlReleaseNo,mvmtHdr.@mvmtTp,mvmtHdr.cmt,mvmtSrc.ctlr,mvmtSrc.ctlrMvmtRef,posSrc.extSys,posSrc.ref,hldPos.hldId.ptfl,hldPos.hldId.ctlrOwnr,hldPos.hldId.ctlrAcct,hldPos.hldId.ownrRefCcy,hldPos.hldId.ccy,hldPos.hldId.asst,hldPos.hldId.asstIDs.asstRef.@refType,hldPos.hldId.asstIDs.asstRef.#text,hldPos.hldId.asstDetail.type,hldPos.hldId.asstDetail.cntry,hldPos.hldId.asstDetail.desc,hldPos.hldId.asstDetail.issueCcy,hldPos.hldId.asstDetail.latestPrc.@ccy,hldPos.hldId.asstDetail.latestPrc.#text,hldPos.hldId.asstDetail.latestPrcDate,hldPos.hldId.asstDetail.prcFactor,hldPos.hldId.asstDetail.asstDerivDetails.contractSize,hldPos.hldId.asstDetail.asstDerivDetails.strike,hldPos.hldId.asstDetail.asstDerivDetails.expDate,hldPos.hldId.asstDetail.asstDerivDetails.putCallInd,hldPos.hldId.asstDetail.asstDerivDetails.underlyingAsstIDs.asstRef.@refType,hldPos.hldId.asstDetail.asstDerivDetails.underlyingAsstIDs.asstRef.#text,hldPos.hldId.asstDetail.asstDerivDetails.underlyingAsstDesc,hldPos.hldId.asstDetail.asstDerivDetails.underlyingAsstType,hldPos.hldId.asstDetail.asstDerivDetails.longShortInd,hldPos.effDt,hldPos.posnQty,hldPos.settQty,hldPos.posAmt.@ccy,hldPos.posAmt.#text,hldPos.srcMktValAmt.@ccy,hldPos.srcMktValAmt.#text,hldPos.vrfyInd,hldPos.hldId.asstIDs.asstRef.0.@refType,hldPos.hldId.asstIDs.asstRef.0.#text,hldPos.hldId.asstIDs.asstRef.1.@refType,hldPos.hldId.asstIDs.asstRef.1.#text,hldPos.hldId.asstIDs.asstRef.2.@refType,hldPos.hldId.asstIDs.asstRef.2.#text,hldPos.hldId.asstDetail.isin,hldPos.hldId.asstDetail.issueDate,hldPos.hldId.asstDetail.asstBondDetails.matDate,hldPos.hldId.asstDetail.asstBondDetails.intRate,hldPos.hldId.asstDetail.asstBondDetails.calcBasis,hldPos.hldId.asstDetail.asstBondDetails.intFreq,hldPos.hldId.asstDetail.asstBondDetails.intDate,hldPos.hldId.asstDetail.asstBondDetails.intCcy,hldPos.hldId.asstDetail.asstBondDetails.rating,hldPos.accrAmt.@ccy,hldPos.accrAmt.#text,hldPos.posAmtRefCcy.@ccy,hldPos.posAmtRefCcy.#text,hldPos.srcMktValAmtRefCcy.@ccy,hldPos.srcMktValAmtRefCcy.#text,hldPos.accrAmtRefCcy.@ccy,hldPos.accrAmtRefCcy.#text,hldPos.hldId.asstDetail.issueCcyExchRt,hldPos.hldId.asstIDs.asstRef.3.@refType,hldPos.hldId.asstIDs.asstRef.3.#text,hldPos.addInfo.@infoType,hldPos.addInfo.#text,hldPos.hldId.asstDetail.asstMnyMktDetails.mnyMktType,hldPos.hldId.asstDetail.asstMnyMktDetails.mnyMktTerm.@termType,hldPos.hldId.asstDetail.asstMnyMktDetails.mnyMktTerm.#text,hldPos.hldId.asstDetail.asstMnyMktDetails.mnyMktAmt.@ccy,hldPos.hldId.asstDetail.asstMnyMktDetails.mnyMktAmt.#text,hldPos.hldId.asstDetail.asstMnyMktDetails.intRate,hldPos.hldId.asstDetail.asstMnyMktDetails.mnyMktRef,hldPos.hldId.asstDetail.asstMnyMktDetails.mnyMktName,hldPos.hldId.asstDetail.asstMnyMktDetails.matDate,hldPos.hldId.asstDetail.asstMnyMktDetails.startDate
,020,POS,"Stock Balance - May 4, 2021",lghths-sg,142983779,SAR,142983779,83663279.6000,83663279,83663279.6000,USD,USD,000142960890,SARA,000142960890,Option,US/United States of America,British American Tobacco PLC Put 21.05.2021 35 (BTI US),USD,USD,0.1,2021-05-03,100,100,35,2021-05-21,P,ISIN,US1104481072,British American Tobacco Plc -ADR-,Share,S,2021-05-04,-40,-40,USD,-1386,USD,-400,,,,,,,,,,,,,,,,,,,,,,,,,,,,,,,,,,,,,,,
,020,POS,"Stock Balance - May 4, 2021",lghths-sg,143067704,SAR,143067704,83663279.6000,83663279,83663279.6000,USD,USD,XS2272214458,,,Bond,KY/Cayman Islands,4.85% Logan Group Co Ltd Notes 2020-2026,USD,USD,100.625,2021-04-30,.01,,,,,,,,,,2021-05-04,200000,200000,USD,202999.63,USD,201250,,ISIN,XS2272214458,Valor,58823075,SARA,000141927463,XS2272214458,2020-12-14,2026-12-14,4.85,30E/360,2,2021-06-14,USD,BB-,USD,3772.22,,,,,,,,,,,,,,,,,,,,,
,020,POS,"Stock Balance - May 4, 2021",lghths-sg,143154134,SAR,143154134,83663279.6000,83663279,83663279.6000,USD,USD,CH1108195541,,,Bond,00939,8% Vontobel Financial Products Ltd Facebook Inc -A- STR 262.4158 Microsoft Corp STR 216.3071 Autocallable Fixed Coupon Notes 27.10.2021 Repayment cash or physical,USD,USD,98.8,2021-05-03,.01,,,,,,,,,,2021-05-04,250000,250000,USD,250000,USD,247000,,ISIN,CH1108195541,Valor,110819554,SARA,000143144744,CH1108195541,2021-04-27,2021-10-29,0.2421,,12,2021-06-01,USD,,,,,,,,,,,,,,,,,,,,,,,,
,020,POS,"Stock Balance - May 4, 2021",lghths-sg,143242706,SAR,143242706,83663279.6000,83663279,83663279.6000,USD,USD,QT1104883389,,,Fund,SG/Singapore,LC Multi Strategy Fund SG VCC-SF1 (USD) -E- Brevan Howard,USD,USD,100.0,2020-12-31,1,,,,,,,,,,2021-05-04,1500,1500,USD,150802.5,USD,150000,,ISIN,QT1104883389,Valor,110488338,SARA,000142922383,QT1104883389,,,,,,,,,,,,,,,,,,,,,,,,,,,,,,,
,020,POS,"Stock Balance - May 4, 2021",lghths-sg,143244063,SAR,143244063,83663279.6000,83663279,83663279.6000,USD,EUR,CH1108209755,,,Bond,00939,8% Vontobel Financial Products Ltd BMW AG STR 75.8109 Orange SA STR 9.0825 Autocallable Fixed Coupon Notes 08.11.2021 Repayment cash or physical,EUR,EUR,97.5,2021-05-03,.01,,,,,,,,,,2021-05-04,250000,250000,EUR,250000,EUR,243750,,ISIN,CH1108209755,Valor,110820975,SARA,000143242636,CH1108209755,2021-05-07,2021-11-10,0.0,,12,2021-06-10,EUR,,,,USD,300564.25,USD,293280.73,,,,,,,,,,,,,,,,,
,020,POS,"Stock Balance - May 4, 2021",lghths-sg,143374729,SAR,143374729,83663279.6000,83663279,83663279.6000,USD,USD,000143125565,SARA,000143125565,Option,US/United States of America,Facebook Inc Put 16.07.2021 280 (FB US),USD,USD,3.1,2021-05-03,100,100,280,2021-07-16,P,ISIN,US30303M1027,Facebook Inc -A-,Share,S,2021-05-04,-7,-7,USD,-1886,USD,-2170,,,,,,,,,,,,,,,,,,,,,,,,,,,,,,,,,,,,,,,
,020,POS,"Stock Balance - May 4, 2021",lghths-sg,143374763,SAR,143374763,83663279.6000,83663279,83663279.6000,USD,USD,000143370565,SARA,000143370565,Option,US/United States of America,Altria Group Inc Put 18.06.2021 40 (MO US),USD,USD,0.18,2021-05-03,100,100,40,2021-06-18,P,ISIN,US02209S1033,Altria Group Inc,Share,S,2021-05-04,-50,-50,USD,-786,USD,-900,,,,,,,,,,,,,,,,,,,,,,,,,,,,,,,,,,,,,,,
,020,POS,"Stock Balance - May 4, 2021",lghths-sg,143377501,SAR,143377501,83663279.6000,83663279,83663279.6000,USD,USD,000143370585,SARA,000143370585,Option,US/United States of America,British American Tobacco PLC Put 18.06.2021 35 (BTI US),USD,USD,0.35,2021-05-03,100,100,35,2021-06-18,P,ISIN,US1104481072,British American Tobacco Plc -ADR-,Share,S,2021-05-04,-1,-1,USD,-40,USD,-35,,,,,,,,,,,,,,,,,,,,,,,,,,,,,,,,,,,,,,,
,020,POS,"Stock Balance - May 4, 2021",lghths-sg,134237653,SAR,134237653,83663293.6000,83663293,83663293.6000,USD,GBP,XS1025866119,,,Bond,GB/United Kingdom,5% Jaguar Land Rover Automotive Plc Notes 2014-2022 Senior Reg-S,GBP,GBP,102.315,2021-04-30,.01,,,,,,,,,,2021-05-04,300000,300000,GBP,295890,GBP,306945,,ISIN,XS1025866119,Valor,23581404,SARA,000106548682,XS1025866119,2014-01-31,2022-02-15,5.0,30/360,2,2014-08-15,GBP,B,GBP,3291.67,USD,413948.29,USD,426167.66,USD,4570.21,,,,,,,,,,,,,,,
,020,POS,"Stock Balance - May 4, 2021",lghths-sg,134575255,SAR,134575255,83663293.6000,83663293,83663293.6000,USD,USD,USG84228CQ91,,,Bond,GB/United Kingdom,7.5% Standard Chartered Plc Contingent Convertible  Floating Rate Notes 2016-Perpetual Reg-S Subordinated,USD,USD,104.885,2021-05-04,.01,,,,,,,,,,2021-05-04,200000,200000,USD,211500,USD,209770,,ISIN,USG84228CQ91,Valor,33623693,SARA,000129796997,USG84228CQ91,2016-08-18,4712-12-31,7.5,30E/360,2,2017-04-02,USD,BB-,USD,1333.33,,,,,,,,,,,,,,,,,,,,,
,020,POS,"Stock Balance - May 4, 2021",lghths-sg,134781098,SAR,134781098,83663293.6000,83663293,83663293.6000,USD,USD,KYG8135U1076,,,Fund,KY/Cayman Islands,Silverdale Fund SPC (USD) -1A- SP Distribution,USD,USD,117.3262,2021-04-26,1,,,,,,,,,,2021-05-04,3929,3929,USD,502675,USD,460974.64,,ISIN,KYG8135U1076,Valor,28213010,SARA,000131846096,KYG8135U1076,,,,,,,,,,,,,,,,,,,,,,,,,,,,,,,
,020,POS,"Stock Balance - May 4, 2021",lghths-sg,135453748,SAR,135453748,83663293.6000,83663293,83663293.6000,USD,USD,XS1492713505,,,Bond,00939,5.5% State Bank of India Contingent Convertible Floating Rate Notes 2016-Perpetual,USD,USD,101.215,2021-04-30,.01,,,,,,,,,,2021-05-04,300000,300000,USD,303750,USD,303645,,ISIN,XS1492713505,Valor,33981821,SARA,000129991155,XS1492713505,2016-09-22,2021-09-22,5.5,30/360,2,2017-03-22,USD,B,USD,1925,,,,,,,,,,,,,,,,,,,,,
,020,POS,"Stock Balance - May 4, 2021",lghths-sg,138109956,SAR,138109956,83663293.6000,83663293,83663293.6000,USD,EUR,SG1EA8000000,,,Share,SG/Singapore,Cromwell European REIT RegS,EUR,EUR,0.495,2021-05-04,1,,,,,,,,,,2021-05-04,594000,594000,EUR,300900.82,EUR,294030,,ISIN,SG1EA8000000,Valor,38279664,SARA,000133641831,SG1EA8000000,,,,,,,,,,,USD,331917.33,USD,353777.78,,,,,,,,,,,,,,,,,
,020,POS,"Stock Balance - May 4, 2021",lghths-sg,138228040,SAR,138228040,83663293.6000,83663293,83663293.6000,USD,USD,XS2016070190,,,Bond,BM/Bermuda,5.5% China Oil and Gas Group Ltd Bonds 2019-2023,USD,USD,103.33,2021-05-03,.01,,,,,,,,,,2021-05-04,200000,200000,USD,202880,USD,206660,,ISIN,XS2016070190,Valor,49093025,SARA,000138038641,XS2016070190,2019-07-25,2023-01-25,5.5,30/360,2,2020-01-25,USD,BB,USD,3025,,,,,,,,,,,,,,,,,,,,,
,020,POS,"Stock Balance - May 4, 2021",lghths-sg,139165524,SAR,139165524,83663293.6000,83663293,83663293.6000,USD,USD,XS1753595328,,,Bond,SG/Singapore,5.45% Abja Investment Co Pte Ltd Notes 2018-2028 Reg-S,USD,USD,104.165,2021-04-30,.01,,,,,,,,,,2021-05-04,500000,500000,USD,483500,USD,520825,,ISIN,XS1753595328,Valor,40014007,SARA,000133765006,XS1753595328,2018-01-24,2028-01-24,5.45,30/360,2,2018-07-24,USD,BB-,USD,7569.44,,,,,,,,,,,,,,,,,,,,,
,020,POS,"Stock Balance - May 4, 2021",lghths-sg,139413184,SAR,139413184,83663293.6000,83663293,83663293.6000,USD,USD,XS2050614796,,,Bond,SG/Singapore,5.95% Global Prime Capital Pte Ltd Notes 2020-2025,USD,USD,104.43,2021-05-03,.01,,,,,,,,,,2021-05-04,250000,250000,USD,251375,USD,261075,,ISIN,XS2050614796,Valor,52120777,SARA,000139403481,XS2050614796,2020-01-23,2025-01-23,5.95,30E/360,2,2020-07-23,USD,BB-,USD,4173.26,,,,,,,,,,,,,,,,,,,,,
,020,POS,"Stock Balance - May 4, 2021",lghths-sg,139698558,SAR,139698558,83663293.6000,83663293,83663293.6000,USD,USD,XS2113454115,,,Bond,IN/India,5.875% India Infoline Finance Ltd Emt-Notes 2020-2023,USD,USD,95.705,2021-05-03,.01,,,,,,,,,,2021-05-04,250000,250000,USD,244350,USD,239262.5,,ISIN,XS2113454115,Valor,52582813,SARA,000139600480,XS2113454115,2020-02-20,2023-04-20,5.875,30/360,2,2020-04-20,USD,BB-,USD,571.18,,,,,,,,,,,,,,,,,,,,,
,020,POS,"Stock Balance - May 4, 2021",lghths-sg,139786014,SAR,139786014,83663293.6000,83663293,83663293.6000,USD,GBP,GB00B03MLX29,,,Share,GB/United Kingdom,Royal Dutch Shell Plc -A-,EUR,GBP,13.816,2021-05-04,1,,,,,,,,,,2021-05-04,12000,12000,GBP,208440.68,GBP,165792,,ISIN,GB00B03MLX29,Valor,1987674,SARA,000005058836,GB00B03MLX29,,,,,,,,,,,USD,267184.88,USD,230188.43,,,1.153934,,,,,,,,,,,,,,
,020,POS,"Stock Balance - May 4, 2021",lghths-sg,140370383,SAR,140370383,83663293.6000,83663293,83663293.6000,USD,HKD,GB0005405286,,,Share,GB/United Kingdom,HSBC Holdings Plc,GBP,HKD,48.15,2021-05-04,1,,,,,,,,,,2021-05-04,83342,83342,HKD,4271729.81,HKD,4012917.3,,ISIN,GB0005405286,Valor,411161,Bloomberg,0005 HK,GB0005405286,,,,,,,,,,,USD,546351.7,USD,516611.44,,,0.092722,SARA,000000415042,,,,,,,,,,,,
,020,POS,"Stock Balance - May 4, 2021",lghths-sg,141383026,SAR,141383026,83663293.6000,83663293,83663293.6000,USD,USD,XS2090080172,,,Bond,IN/India,5.9% Manappuram Finance Ltd Emt-Notes 2020-2023 Secured,USD,USD,102.75,2021-05-03,.01,,,,,,,,,,2021-05-04,200000,200000,USD,199038.35,USD,205500,,ISIN,XS2090080172,Valor,51830341,SARA,000139292337,XS2090080172,2020-01-13,2023-01-13,5.9,30/360,2,2020-07-13,USD,B+,USD,3638.33,,,,,,,,,,,,,,,,,,,,,
,020,POS,"Stock Balance - May 4, 2021",lghths-sg,141704679,SAR,141704679,83663293.6000,83663293,83663293.6000,USD,HKD,000141697824,SARA,000141697824,Option,HK/Hong Kong,HSBC Holdings PLC Call 29.06.2021 50 (5 HK) XHKF,HKD,HKD,0.93,2021-05-04,400,400,50,2021-06-29,C,ISIN,GB0005405286,HSBC Holdings Plc,Share,S,2021-05-04,-208,-208,HKD,-44932.57,HKD,-77376,,,,,,,,,,,,,,,,,,,USD,-5795.58,USD,-9961.16,,,,,,,,,,,,,,,,,
,020,POS,"Stock Balance - May 4, 2021",lghths-sg,142145548,SAR,142145548,83663293.6000,83663293,83663293.6000,USD,GBP,GB00J8VJZN17,,,Option,GB/United Kingdom,Royal Dutch Shell Plc -A- Call Sep21 18 LIF,GBP,GBP,0.08,2021-05-03,1000,1000,18,2021-09-17,C,ISIN,GB00B03MLX29,Royal Dutch Shell Plc -A-,Share,S,2021-05-04,-12,-12,GBP,-4942.07,GBP,-960,,ISIN,GB00J8VJZN17,Valor,83384435,SARA,000142144417,GB00J8VJZN17,,,,,,,,,,,USD,-6718.88,USD,-1332.88,,,,,,,,,,,,,,,,,
,020,POS,"Stock Balance - May 4, 2021",lghths-sg,142282816,SAR,142282816,83663293.6000,83663293,83663293.6000,USD,HKD,HK0688002218,,,Share,HK/Hong Kong,China Overseas Land & Investment Ltd,HKD,HKD,19.42,2021-05-04,1,,,,,,,,,,2021-05-04,80000,80000,HKD,1505859.64,HKD,1553600,,ISIN,HK0688002218,Valor,420828,Bloomberg,688 HK,HK0688002218,1992-08-07,,,,,,,,,,USD,194266.15,USD,200006,,,,SARA,000000494357,,,,,,,,,,,,
,020,POS,"Stock Balance - May 4, 2021",lghths-sg,142421435,SAR,142421435,83663293.6000,83663293,83663293.6000,USD,USD,LU1226288253,,,Fund,LU/Luxembourg,UBS (LU) Key Selection Sicav- China Allocation Opportunity (USD) -P- 6% monthly Distribution,USD,USD,104.71,2021-04-30,1,,,,,,,,,,2021-05-04,1771,1771,USD,202742.67,USD,185441.41,,ISIN,LU1226288253,Valor,27983955,SARA,000126337077,LU1226288253,,,,,,,,,,,,,,,,,,,,,,,,,,,,,,,
,020,POS,"Stock Balance - May 4, 2021",lghths-sg,142502530,SAR,142502530,83663293.6000,83663293,83663293.6000,USD,USD,IE00B8K7V925,,,Fund,IE/Ireland,PIMCO Funds Global Investors Series Plc- Income (USD) -E- Distribution,USD,USD,11.1,2021-05-03,1,,,,,,,,,,2021-05-04,35730.415,35730.415,USD,401976,USD,396607.61,,ISIN,IE00B8K7V925,Valor,19762784,SARA,000064235469,IE00B8K7V925,,,,,,,,,,,,,,,,,,,,,,,,,,,,,,,
,020,POS,"Stock Balance - May 4, 2021",lghths-sg,142651243,SAR,142651243,83663293.6000,83663293,83663293.6000,USD,USD,XS2281321799,,,Bond,VG/British Virgin Islands,5.05% Fortune Star BVI Ltd Gtd.Notes 2021-2027,USD,USD,100.035,2021-05-03,.01,,,,,,,,,,2021-05-04,200000,200000,USD,202241.12,USD,200070,,ISIN,XS2281321799,Valor,59563558,SARA,000142274177,XS2281321799,2021-01-27,2027-01-27,5.05,30E/360,2,2021-07-27,USD,BB,USD,2721.39,,,,,,,,,,,,,,,,,,,,,
,020,POS,"Stock Balance - May 4, 2021",lghths-sg,142680876,SAR,142680876,83663293.6000,83663293,83663293.6000,USD,USD,XS2304008225,,,Bond,NL/Netherlands,8% JP Morgan Structured Products BV HDFC Bank Ltd -ADR- (3 Shs) STR 64.2168 Infosys Ltd -ADR- STR 13.9929 Fixed Coupon Notes 04.03.2022 Repayment cash or physical,USD,USD,96.375,2021-05-03,.01,,,,,,,,,,2021-05-04,300000,300000,USD,300000,USD,289125,,ISIN,XS2304008225,Valor,59476183,SARA,000142671426,XS2304008225,2021-03-04,2022-03-08,8.0,,12,2021-04-07,USD,,,,,,,,,,,,,,,,,,,,,,,,
,020,POS,"Stock Balance - May 4, 2021",lghths-sg,142680990,SAR,142680990,83663293.6000,83663293,83663293.6000,USD,USD,XS2304008068,,,Bond,NL/Netherlands,6% JP Morgan Structured Products BV HDFC Bank Ltd -ADR- (3 Shs) STR 59.535 Infosys Ltd -ADR- STR 12.9728 Fixed Coupon Notes 04.03.2022 Repayment cash or physical,USD,USD,96.6783,2021-05-03,.01,,,,,,,,,,2021-05-04,200000,200000,USD,200000,USD,193356.6,,ISIN,XS2304008068,Valor,59476182,SARA,000142671407,XS2304008068,2021-03-04,2022-03-08,6.0,,12,2021-04-07,USD,,,,,,,,,,,,,,,,,,,,,,,,
,020,POS,"Stock Balance - May 4, 2021",lghths-sg,142681892,SAR,142681892,83663293.6000,83663293,83663293.6000,USD,GBP,GB0004544929,,,Share,GB/United Kingdom,Imperial Brands Plc,GBP,GBP,15.37,2021-05-04,1,,,,,,,,,,2021-05-04,15000,15000,GBP,213146.24,GBP,230550,,ISIN,GB0004544929,Valor,517719,SARA,000000416171,GB0004544929,,,,,,,,,,,USD,297128.88,USD,320099.54,,,,,,,,,,,,,,,,,
,020,POS,"Stock Balance - May 4, 2021",lghths-sg,142702357,SAR,142702357,83663293.6000,83663293,83663293.6000,USD,GBP,GB00H7W7M167,,,Option,GB/United Kingdom,Imperial Brands Plc Call Sep21 16 LIF,GBP,GBP,0.37,2021-05-03,1000,1000,16,2021-09-17,C,ISIN,GB0004544929,Imperial Brands Plc,Share,S,2021-05-04,-15,-15,GBP,-3897.7,GBP,-5550,,ISIN,GB00H7W7M167,Valor,71944318,SARA,000142698152,GB00H7W7M167,,,,,,,,,,,USD,-5462.09,USD,-7705.71,,,,,,,,,,,,,,,,,
,020,POS,"Stock Balance - May 4, 2021",lghths-sg,142867569,SAR,142867569,83663293.6000,83663293,83663293.6000,USD,HKD,000142864352,SARA,000142864352,Option,HK/Hong Kong,WH Group Ltd Put 29.06.2021 6.5 (288 HK) XHKF,HKD,HKD,0.26,2021-05-04,2500,2500,6.5,2021-06-29,P,ISIN,KYG960071028,WH Group Ltd -Unitary 144A / Reg-S-,Share,S,2021-05-04,-48,-48,HKD,-35089,HKD,-31200,,,,,,,,,,,,,,,,,,,USD,-4520.57,USD,-4016.6,,,,,,,,,,,,,,,,,
,020,POS,"Stock Balance - May 4, 2021",lghths-sg,142888673,SAR,142888673,83663293.6000,83663293,83663293.6000,USD,USD,000142876599,SARA,000142876599,Option,US/United States of America,Microsoft Corp Put 21.05.2021 205 (MSFT US),USD,USD,0.15,2021-05-03,100,100,205,2021-05-21,P,ISIN,US5949181045,Microsoft Corp,Share,S,2021-05-04,-5,-5,USD,-1536,USD,-75,,,,,,,,,,,,,,,,,,,,,,,,,,,,,,,,,,,,,,,
,020,POS,"Stock Balance - May 4, 2021",lghths-sg,142953456,SAR,142953456,83663293.6000,83663293,83663293.6000,USD,HKD,KYG960071028,,,Share,KY/Cayman Islands,WH Group Ltd -Unitary 144A / Reg-S-,HKD,HKD,6.75,2021-05-04,1,,,,,,,,,,2021-05-04,130000,130000,HKD,921951.71,HKD,877500,,ISIN,KYG960071028,Valor,24222514,Bloomberg,288 HK,KYG960071028,,,,,,,,,,,USD,118738.9,USD,112966.83,,,,SARA,000115614425,,,,,,,,,,,,
,020,POS,"Stock Balance - May 4, 2021",lghths-sg,142968807,SAR,142968807,83663293.6000,83663293,83663293.6000,USD,USD,XS2253807916,,,Bond,HK/Hong Kong,8% BNP Paribas BristolMyers Squibb Co / Sanofi SA Humana Inc Callable Fixed Coupon Notes 01.10.2021 Repayment cash or physical,USD,USD,100.65766137,2021-05-03,.01,,,,,,,,,,2021-05-04,300000,300000,USD,300000,USD,301972.98,,ISIN,XS2253807916,Valor,59742682,SARA,000142939496,XS2253807916,2021-04-01,2021-10-08,8.0,,12,2021-05-10,USD,,,,,,,,,,,,,,,,,,,,,,,,
,020,POS,"Stock Balance - May 4, 2021",lghths-sg,142979984,SAR,142979984,83663293.6000,83663293,83663293.6000,USD,HKD,000142975690,SARA,000142975690,Option,HK/Hong Kong,WH Group Ltd Call 29.06.2021 8.25 (288 HK) XHKF,HKD,HKD,0.02,2021-05-03,2500,2500,8.25,2021-06-29,C,ISIN,KYG960071028,WH Group Ltd -Unitary 144A / Reg-S-,Share,S,2021-05-04,-52,-52,HKD,-19138.03,HKD,-2600,,,,,,,,,,,,,,,,,,,USD,-2464.76,USD,-334.72,,,,,,,,,,,,,,,,,
,020,POS,"Stock Balance - May 4, 2021",lghths-sg,143066706,SAR,143066706,83663293.6000,83663293,83663293.6000,USD,HKD,000143050891,SARA,000143050891,Option,HK/Hong Kong,China Overseas Land & Investment Ltd Call 29.06.2021 24 (688 HK) XHKF,HKD,HKD,0.04,2021-05-04,2000,2000,24,2021-06-29,C,ISIN,HK0688002218,China Overseas Land & Investment Ltd,Share,S,2021-05-04,-40,-40,HKD,-20736.29,HKD,-3200,,,,,,,,,,,,,,,,,,,USD,-2667.37,USD,-411.96,,,,,,,,,,,,,,,,,
,020,POS,"Stock Balance - May 4, 2021",lghths-sg,143067183,SAR,143067183,83663293.6000,83663293,83663293.6000,USD,USD,000143062005,SARA,000143062005,Option,US/United States of America,Baidu Inc Put 21.05.2021 165 (BIDU US),USD,USD,0.3,2021-05-03,100,100,165,2021-05-21,P,ISIN,US0567521085,Baidu Inc -ADR- -A- (8 Shs),Share,S,2021-05-04,-10,-10,USD,-1596,USD,-300,,,,,,,,,,,,,,,,,,,,,,,,,,,,,,,,,,,,,,,
,020,POS,"Stock Balance - May 4, 2021",lghths-sg,143067709,SAR,143067709,83663293.6000,83663293,83663293.6000,USD,USD,XS2272214458,,,Bond,KY/Cayman Islands,4.85% Logan Group Co Ltd Notes 2020-2026,USD,USD,100.625,2021-04-30,.01,,,,,,,,,,2021-05-04,200000,200000,USD,202999.63,USD,201250,,ISIN,XS2272214458,Valor,58823075,SARA,000141927463,XS2272214458,2020-12-14,2026-12-14,4.85,30E/360,2,2021-06-14,USD,BB-,USD,3772.22,,,,,,,,,,,,,,,,,,,,,
,020,POS,"Stock Balance - May 4, 2021",lghths-sg,143137250,SAR,143137250,83663293.6000,83663293,83663293.6000,USD,GBP,111099171,,,Hybrid,,Stock Forward Accumulator  2x Leveraged on Imperial Brands Plc (IMB LN) Period: 12.APR.21 - 11.APR.22  254 Days Strike: GBP 13.6618  Knock-Out: GBP 16.3929,GBP,GBP,-0.265775509,2021-05-03,1,,,,,,,,,,2021-05-04,28304,28304,,,GBP,-7522.51,,Valor,111099171,SARA,000143132148,,,,,,,,,,,,,,USD,0,USD,-10444.38,,,,,,,,,,,,,,,,,
,020,POS,"Stock Balance - May 4, 2021",lghths-sg,143206000,SAR,143206000,83663293.6000,83663293,83663293.6000,USD,USD,US01609W1027,,,Share,KY/Cayman Islands,Alibaba Group Holding Ltd -ADS- (8 Shs),USD,USD,227.9,2021-05-03,1,,,,,,,,,,2021-05-04,600,600,USD,140035.6,USD,136740,,ISIN,US01609W1027,Valor,24409862,SARA,000123993236,US01609W1027,,,,,,,,,,,,,,,,,,,,,,,,,,,,,,,
,020,POS,"Stock Balance - May 4, 2021",lghths-sg,143225155,SAR,143225155,83663293.6000,83663293,83663293.6000,USD,USD,000142822407,SARA,000142822407,Option,US/United States of America,Alibaba Group Holding Ltd Call 18.06.2021 260 (BABA US),USD,USD,2.48,2021-05-03,100,100,260,2021-06-18,C,ISIN,US01609W1027,Alibaba Group Holding Ltd -ADS- (8 Shs),Share,S,2021-05-04,-6,-6,USD,-1586,USD,-1488,,,,,,,,,,,,,,,,,,,,,,,,,,,,,,,,,,,,,,,
,020,POS,"Stock Balance - May 4, 2021",lghths-sg,143239698,SAR,143239698,83663293.6000,83663293,83663293.6000,USD,USD,000142255392,SARA,000142255392,Option,US/United States of America,Lumentum Holdings Inc Put 18.06.2021 80 (LITE US),USD,USD,2.85,2021-05-03,100,100,80,2021-06-18,P,ISIN,US55024U1097,Lumentum Holdings Inc,Share,S,2021-05-04,-15,-15,USD,-1586,USD,-4275,,,,,,,,,,,,,,,,,,,,,,,,,,,,,,,,,,,,,,,
,020,POS,"Stock Balance - May 4, 2021",lghths-sg,143242630,SAR,143242630,83663293.6000,83663293,83663293.6000,USD,USD,QT1104883389,,,Fund,SG/Singapore,LC Multi Strategy Fund SG VCC-SF1 (USD) -E- Brevan Howard,USD,USD,100.0,2020-12-31,1,,,,,,,,,,2021-05-04,1500,1500,USD,150802.5,USD,150000,,ISIN,QT1104883389,Valor,110488338,SARA,000142922383,QT1104883389,,,,,,,,,,,,,,,,,,,,,,,,,,,,,,,
,020,POS,"Stock Balance - May 4, 2021",lghths-sg,137826506,SAR,137826506,83667931.6000,83667931,83667931.6000,USD,EUR,IE00B84J9L26,,,Fund,IE/Ireland,PIMCO Funds Global Investors Series Plc- Income (EUR) -E- -Hedged- Capitalisation,EUR,EUR,13.84,2021-05-03,1,,,,,,,,,,2021-05-04,11278.671,11278.671,EUR,149402.29,EUR,156096.81,,ISIN,IE00B84J9L26,Valor,19930049,SARA,000064235309,IE00B84J9L26,,,,,,,,,,,USD,169131.76,USD,187816.15,,,,,,,,,,,,,,,,,
,020,POS,"Stock Balance - May 4, 2021",lghths-sg,140122049,SAR,140122049,83667931.6000,83667931,83667931.6000,USD,USD,US98980L1017,,,Share,US/United States of America,Zoom Video Communications Inc -A-,USD,USD,304.85,2021-05-03,1,,,,,,,,,,2021-05-04,43,43,USD,16630.97,USD,13108.55,,ISIN,US98980L1017,Valor,47101896,Bloomberg,ZM UW,US98980L1017,,,,,,,,,,,,,,,,,,SARA,000137372208,,,,,,,,,,,,
,020,POS,"Stock Balance - May 4, 2021",lghths-sg,140258096,SAR,140258096,83667931.6000,83667931,83667931.6000,USD,SGD,SG1V61937297,,,Share,SG/Singapore,Singapore Airlines Ltd,SGD,SGD,4.97,2021-05-04,1,,,,,,,,,,2021-05-04,4000,4000,SGD,19711.22,SGD,19880,,ISIN,SG1V61937297,Valor,3106596,Bloomberg,SIA SP,SG1V61937297,,,,,,,,,,,USD,13925.08,USD,14874.49,,,,SARA,000020750927,,,,,,,,,,,,
,020,POS,"Stock Balance - May 4, 2021",lghths-sg,140996076,SAR,140996076,83667931.6000,83667931,83667931.6000,USD,SGD,MYL7113OO003,,,Share,MY/Malaysia,Top Glove Corporation Bhd,MYR,SGD,1.77,2021-05-04,1,,,,,,,,,,2021-05-04,7800,7800,SGD,19904.47,SGD,13806,,ISIN,MYL7113OO003,Valor,1197605,Bloomberg,TOPG MK,MYL7113OO003,,,,,,,,,,,USD,14521.64,USD,10329.84,,,3.084875,SARA,000002537305,,,,,,,,,,,,
,020,POS,"Stock Balance - May 4, 2021",lghths-sg,141022909,SAR,141022909,83667931.6000,83667931,83667931.6000,USD,USD,US81141R1005,,,Share,KY/Cayman Islands,Sea Ltd -ADR-,USD,USD,243.48,2021-05-03,1,,,,,,,,,,2021-05-04,85,85,USD,16789,USD,20695.8,,ISIN,US81141R1005,Valor,38497535,SARA,000133148797,US81141R1005,,,,,,,,,,,,,,,,,,,,,,,,,,,,,,,
,020,POS,"Stock Balance - May 4, 2021",lghths-sg,141952076,SAR,141952076,83667931.6000,83667931,83667931.6000,USD,USD,US88160R1014,,,Share,US/United States of America,Tesla Inc,USD,USD,673.6,2021-05-03,1,,,,,,,,,,2021-05-04,28,28,USD,16281.8,USD,18860.8,,ISIN,US88160R1014,Valor,11448018,SARA,000026499970,US88160R1014,,,,,,,,,,,,,,,,,,,,,,,,,,,,,,,
,020,POS,"Stock Balance - May 4, 2021",lghths-sg,142190406,SAR,142190406,83667931.6000,83667931,83667931.6000,USD,USD,US62914V1061,,,Share,KY/Cayman Islands,Nio Inc -ADR- -A-,USD,USD,37.93,2021-05-03,1,,,,,,,,,,2021-05-04,312,312,USD,19402,USD,11834.16,,ISIN,US62914V1061,Valor,43286578,Bloomberg,NIO US,US62914V1061,,,,,,,,,,,,,,,,,,SARA,000135493931,,,,,,,,,,,,
,020,POS,"Stock Balance - May 4, 2021",lghths-sg,139402899,SAR,139402899,83676187.6000,83676187,83676187.6000,USD,GBP,GB0004082847,,,Share,GB/United Kingdom,Standard Chartered Plc,GBP,GBP,5.05,2021-05-04,1,,,,,,,,,,2021-05-04,14049,14049,GBP,176883.93,GBP,70947.45,,ISIN,GB0004082847,Valor,1110646,SARA,000000422184,GB0004082847,,,,,,,,,,,USD,229897.99,USD,98504.65,,,,,,,,,,,,,,,,,
,020,POS,"Stock Balance - May 4, 2021",lghths-sg,139402907,SAR,139402907,83676187.6000,83676187,83676187.6000,USD,USD,IE00BLNN3691,,,Share,IE/Ireland,Weatherford International Ltd,USD,USD,10.5,2021-05-03,1,,,,,,,,,,2021-05-04,24,24,USD,453426.96,USD,252,,ISIN,IE00BLNN3691,Valor,24230735,SARA,000123618494,IE00BLNN3691,,,,,,,,,,,,,,,,,,,,,,,,,,,,,,,
,020,POS,"Stock Balance - May 4, 2021",lghths-sg,139402910,SAR,139402910,83676187.6000,83676187,83676187.6000,USD,USD,IE00BL3HR700,,,Warrant,IE/Ireland,Weatherford International Ltd Wt.13.12.2023,USD,USD,0.35,2021-05-03,1,1,99.96,2023-12-13,,ISIN,IE00BLNN3691,Weatherford International Ltd,Share,,2021-05-04,271,271,,,USD,94.85,,ISIN,IE00BL3HR700,Valor,51640992,SARA,000139212204,IE00BL3HR700,,,,,,,,,,,,,,,,,,,,,,,,,,,,,,,
,020,POS,"Stock Balance - May 4, 2021",lghths-sg,139402914,SAR,139402914,83676187.6000,83676187,83676187.6000,USD,USD,XS1062931396,,,Bond,SG/Singapore,5.75% TML Holdings Pte Ltd Notes 2014-2021 Senior,USD,USD,100.196,2021-05-03,.01,,,,,,,,,,2021-05-04,200000,200000,USD,200000,USD,200392,,ISIN,XS1062931396,Valor,24364749,SARA,000117861202,XS1062931396,2014-05-07,2021-05-07,5.75,30/360,2,2014-11-07,USD,,USD,5654.17,,,,,,,,,,,,,,,,,,,,,
,020,POS,"Stock Balance - May 4, 2021",lghths-sg,139402915,SAR,139402915,83676187.6000,83676187,83676187.6000,USD,USD,XS1556165477,,,Bond,BM/Bermuda,5.25% China Water Affairs Group Ltd 2017-2022,USD,USD,101.335,2021-05-03,.01,,,,,,,,,,2021-05-04,200000,200000,USD,204200,USD,202670,,ISIN,XS1556165477,Valor,35513710,SARA,000131042001,XS1556165477,2017-02-07,2022-02-07,5.25,30E/360,2,2017-08-07,USD,BB+,USD,2537.5,,,,,,,,,,,,,,,,,,,,,
,020,POS,"Stock Balance - May 4, 2021",lghths-sg,139402916,SAR,139402916,83676187.6000,83676187,83676187.6000,USD,USD,USG50027AE42,,,Bond,GB/United Kingdom,5.625% Jaguar Land Rover Plc Notes 2013-2023 Senior Reg-S,USD,USD,100.29,2021-05-04,.01,,,,,,,,,,2021-05-04,200000,200000,USD,211600,USD,200580,,ISIN,USG50027AE42,Valor,20549467,SARA,000082521405,USG50027AE42,2013-01-28,2023-02-01,5.625,30E/360,2,2013-08-01,USD,B,USD,2906.25,,,,,,,,,,,,,,,,,,,,,
,020,POS,"Stock Balance - May 4, 2021",lghths-sg,139412744,SAR,139412744,83676187.6000,83676187,83676187.6000,USD,HKD,GB0005405286,,,Share,GB/United Kingdom,HSBC Holdings Plc,GBP,HKD,48.15,2021-05-04,1,,,,,,,,,,2021-05-04,38597,38597,HKD,2733628.67,HKD,1858445.55,,ISIN,GB0005405286,Valor,411161,Bloomberg,0005 HK,GB0005405286,,,,,,,,,,,USD,349294.25,USD,239250.94,,,0.092722,SARA,000000415042,,,,,,,,,,,,
,020,POS,"Stock Balance - May 4, 2021",lghths-sg,139518647,SAR,139518647,83676187.6000,83676187,83676187.6000,USD,USD,CH0400441280,,,Bond,CH/Switzerland,5% UBS Group AG Contingent Convertible Floating Rate Notes  2018-Perpetual Subordinated,USD,USD,101.795,2021-05-04,.01,,,,,,,,,,2021-05-04,200000,200000,USD,199250,USD,203590,,ISIN,CH0400441280,Valor,40044128,SARA,000133807554,CH0400441280,2018-01-31,4712-12-31,5.0,30/360,1,2019-01-31,USD,BB,USD,2611.11,,,,,,,,,,,,,,,,,,,,,
,020,POS,"Stock Balance - May 4, 2021",lghths-sg,140817383,SAR,140817383,83676187.6000,83676187,83676187.6000,USD,USD,KYG7943S1140,,,Fund,KY/Cayman Islands,SCUBE Investment Management SPC Fixed Income Tactical Opportunities Fund Series 2 -Cash Option-,USD,USD,1084.44,2021-03-31,1,,,,,,,,,,2021-05-04,200,200,USD,201000,USD,216888,,ISIN,KYG7943S1140,Valor,55646201,SARA,000140636795,KYG7943S1140,,,,,,,,,,,,,,,,,,,,,,,,,,,,,,,
,020,POS,"Stock Balance - May 4, 2021",lghths-sg,142489528,SAR,142489528,83676187.6000,83676187,83676187.6000,USD,GBP,XS2268319089,,,Bond,GB/United Kingdom,8% UBS AG London Standard Chartered Plc STR 3.3447 HSBC Holdings Plc STR 2.8810 Callable Fixed Coupon Notes 15.02.2022 Repayment cash or physical,GBP,GBP,102.68,2021-05-03,.01,,,,,,,,,,2021-05-04,200000,200000,GBP,200000,GBP,205360,,ISIN,XS2268319089,Valor,59420676,SARA,000142484926,XS2268319089,2021-02-15,2022-02-22,8.0,,2,2021-08-23,GBP,,,,USD,274629,USD,285125.32,,,,,,,,,,,,,,,,,
,020,POS,"Stock Balance - May 4, 2021",lghths-sg,140130807,SAR,140130807,83677193.6000,83677193,83677193.6000,USD,USD,CH0276345995,,,Share,CH/Switzerland,Bank J.Safra Sarasin AG Dynamic Sustainable Technology Disruptors Reference Portfolio USD Tracker Cert.2017-Perpetual,USD,USD,2234.79952548,2021-05-04,1,,,,,,,,,,2021-05-04,136,136,USD,195252.48,USD,303932.74,,ISIN,CH0276345995,Valor,27634599,SARA,000131339805,CH0276345995,2017-03-02,,,,,,,,,,,,,,,,,,,,,,,,,,,,,,
,020,POS,"Stock Balance - May 4, 2021",lghths-sg,140138978,SAR,140138978,83677193.6000,83677193,83677193.6000,USD,USD,US0231351067,,,Share,US/United States of America,Amazon.com Inc,USD,USD,3311.87,2021-05-03,1,,,,,,,,,,2021-05-04,39,39,USD,92625,USD,129162.93,,ISIN,US0231351067,Valor,645156,Bloomberg,AMZN US,US0231351067,,,,,,,,,,,,,,,,,,SARA,000000416730,,,,,,,,,,,,
,020,POS,"Stock Balance - May 4, 2021",lghths-sg,140138985,SAR,140138985,83677193.6000,83677193,83677193.6000,USD,USD,US30303M1027,,,Share,US/United States of America,Facebook Inc -A-,USD,USD,318.36,2021-05-03,1,,,,,,,,,,2021-05-04,62,62,USD,11112.88,USD,19738.32,,ISIN,US30303M1027,Valor,14917609,Bloomberg,FB US,US30303M1027,,,,,,,,,,,,,,,,,,SARA,000031299007,,,,,,,,,,,,
,020,POS,"Stock Balance - May 4, 2021",lghths-sg,140138988,SAR,140138988,83677193.6000,83677193,83677193.6000,USD,USD,US70450Y1038,,,Share,US/United States of America,PayPal Holdings Inc,USD,USD,250.16,2021-05-03,1,,,,,,,,,,2021-05-04,192,192,USD,21475.2,USD,48030.72,,ISIN,US70450Y1038,Valor,28467085,SARA,000125841357,US70450Y1038,,,,,,,,,,,,,,,,,,,,,,,,,,,,,,,
,020,POS,"Stock Balance - May 4, 2021",lghths-sg,140138999,SAR,140138999,83677193.6000,83677193,83677193.6000,USD,HKD,KYG875721634,,,Share,KY/Cayman Islands,Tencent Holdings Ltd,HKD,HKD,622.0,2021-05-04,1,,,,,,,,,,2021-05-04,300,300,HKD,122880,HKD,186600,,ISIN,KYG875721634,Valor,24014323,Bloomberg,700 HK,KYG875721634,,,,,,,,,,,USD,15853.34,USD,24022.35,,,,SARA,000119678126,,,,,,,,,,,,
,020,POS,"Stock Balance - May 4, 2021",lghths-sg,140139006,SAR,140139006,83677193.6000,83677193,83677193.6000,USD,USD,US6936561009,,,Share,US/United States of America,PVH Corp,USD,USD,116.24,2021-05-03,1,,,,,,,,,,2021-05-04,840,840,USD,37699.2,USD,97641.6,,ISIN,US6936561009,Valor,13341368,SARA,000029048907,US6936561009,,,,,,,,,,,,,,,,,,,,,,,,,,,,,,,
,020,POS,"Stock Balance - May 4, 2021",lghths-sg,140139009,SAR,140139009,83677193.6000,83677193,83677193.6000,USD,USD,US88160R1014,,,Share,US/United States of America,Tesla Inc,USD,USD,673.6,2021-05-03,1,,,,,,,,,,2021-05-04,4890,4890,USD,737304.42,USD,3293904,,ISIN,US88160R1014,Valor,11448018,SARA,000026499970,US88160R1014,,,,,,,,,,,,,,,,,,,,,,,,,,,,,,,
,020,POS,"Stock Balance - May 4, 2021",lghths-sg,140139010,SAR,140139010,83677193.6000,83677193,83677193.6000,USD,USD,LU1139789298,,,Fund,LU/Luxembourg,Ninety One Global Strategy Fund Sicav- All China Equity (USD) -IX- Capitalisation,USD,USD,35.79,2021-04-30,1,,,,,,,,,,2021-05-04,1350,1350,USD,36234,USD,48316.5,,ISIN,LU1139789298,Valor,28286186,SARA,000129194049,LU1139789298,,,,,,,,,,,,,,,,,,,,,,,,,,,,,,,
,020,POS,"Stock Balance - May 4, 2021",lghths-sg,140139016,SAR,140139016,83677193.6000,83677193,83677193.6000,USD,USD,LU1076353199,,,Fund,LU/Luxembourg,Ashmore Sicav- Emerging Markets Short Duration Fund (USD) -Z- Capitalisation,USD,USD,108.75,2021-04-30,1,,,,,,,,,,2021-05-04,1460,1460,USD,122683.8,USD,158775,,ISIN,LU1076353199,Valor,32859655,SARA,000132418292,LU1076353199,,,,,,,,,,,,,,,,,,,,,,,,,,,,,,,
,020,POS,"Stock Balance - May 4, 2021",lghths-sg,140139032,SAR,140139032,83677193.6000,83677193,83677193.6000,USD,USD,US57636Q1040,,,Share,US/United States of America,Mastercard Inc -A-,USD,USD,375.91,2021-05-03,1,,,,,,,,,,2021-05-04,1600,1600,USD,415952,USD,601456,,ISIN,US57636Q1040,Valor,2282206,Bloomberg,MA UN,US57636Q1040,,,,,,,,,,,,,,,,,,SARA,000005979694,,,,,,,,,,,,
,020,POS,"Stock Balance - May 4, 2021",lghths-sg,140139036,SAR,140139036,83677193.6000,83677193,83677193.6000,USD,USD,LU0599947602,,,Fund,LU/Luxembourg,DWS Concept Sicav-Kaldemorgen (USD) -LCH- Capitalisation,USD,USD,145.3,2021-05-04,1,,,,,,,,,,2021-05-04,1660,1660,USD,215169.2,USD,241198,,ISIN,LU0599947602,Valor,18636996,SARA,000119902979,LU0599947602,,,,,,,,,,,,,,,,,,,,,,,,,,,,,,,
,020,POS,"Stock Balance - May 4, 2021",lghths-sg,140139046,SAR,140139046,83677193.6000,83677193,83677193.6000,USD,USD,US92826C8394,,,Share,US/United States of America,Visa Inc -A-,USD,USD,232.03,2021-05-03,1,,,,,,,,,,2021-05-04,2000,2000,USD,339080,USD,464060,,ISIN,US92826C8394,Valor,3826452,Bloomberg,V UN,US92826C8394,,,,,,,,,,,,,,,,,,SARA,000021485316,,,,,,,,,,,,
,020,POS,"Stock Balance - May 4, 2021",lghths-sg,140139051,SAR,140139051,83677193.6000,83677193,83677193.6000,USD,USD,US4642887602,,,Fund,US/United States of America,iShares U.S. Aerospace & Defense ETF,USD,USD,106.27,2021-05-03,1,,,,,,,,,,2021-05-04,4000,4000,USD,315040,USD,425080,,ISIN,US4642887602,Valor,2552726,SARA,000028200389,US4642887602,,,,,,,,,,,,,,,,,,,,,,,,,,,,,,,
,020,POS,"Stock Balance - May 4, 2021",lghths-sg,140139062,SAR,140139062,83677193.6000,83677193,83677193.6000,USD,USD,US01609W1027,,,Share,KY/Cayman Islands,Alibaba Group Holding Ltd -ADS- (8 Shs),USD,USD,227.9,2021-05-03,1,,,,,,,,,,2021-05-04,2000,2000,USD,419000,USD,455800,,ISIN,US01609W1027,Valor,24409862,SARA,000123993236,US01609W1027,,,,,,,,,,,,,,,,,,,,,,,,,,,,,,,
,020,POS,"Stock Balance - May 4, 2021",lghths-sg,140139064,SAR,140139064,83677193.6000,83677193,83677193.6000,USD,USD,HK0000055555,,,Fund,HK/Hong Kong,JPMorgan ASEAN Fund -USD- Capitalisation,USD,USD,147.55,2021-05-03,1,,,,,,,,,,2021-05-04,2025,2025,USD,214751.25,USD,298788.75,,ISIN,HK0000055555,Valor,10525833,Bloomberg,JFASEAI HK,HK0000055555,,,,,,,,,,,,,,,,,,SARA,000025146326,,,,,,,,,,,,
,020,POS,"Stock Balance - May 4, 2021",lghths-sg,140139067,SAR,140139067,83677193.6000,83677193,83677193.6000,USD,USD,LU0792612383,,,Fund,LU/Luxembourg,Franklin Templeton Investment Funds Sicav-India (USD) -W- Capitalisation,USD,USD,24.35,2021-05-03,1,,,,,,,,,,2021-05-04,2040,2040,USD,30763.2,USD,49674,,ISIN,LU0792612383,Valor,18819244,SARA,000064234678,LU0792612383,,,,,,,,,,,,,,,,,,,,,,,,,,,,,,,
,020,POS,"Stock Balance - May 4, 2021",lghths-sg,140139073,SAR,140139073,83677193.6000,83677193,83677193.6000,USD,USD,LU0322253229,,,Fund,LU/Luxembourg,Xtrackers Sicav- S&P Global Infrastructure Swap UCITS ETF (USD) -1C- Capitalisation,CHF,USD,49.695,2021-05-04,1,,,,,,,,,,2021-05-04,2130,2130,USD,80695.05,USD,105850.35,,ISIN,LU0322253229,Valor,3614442,SARA,000023160306,LU0322253229,2007-10-31,,,,,,,,,,,,,,,,0.91165,,,,,,,,,,,,,,
,020,POS,"Stock Balance - May 4, 2021",lghths-sg,140139076,SAR,140139076,83677193.6000,83677193,83677193.6000,USD,USD,US26210C1045,,,Share,US/United States of America,Dropbox Inc -A-,USD,USD,25.02,2021-05-03,1,,,,,,,,,,2021-05-04,2296,2296,USD,44037.28,USD,57445.92,,ISIN,US26210C1045,Valor,40655183,Bloomberg,DBX UW,US26210C1045,,,,,,,,,,,,,,,,,,SARA,000134248881,,,,,,,,,,,,
,020,POS,"Stock Balance - May 4, 2021",lghths-sg,140139086,SAR,140139086,83677193.6000,83677193,83677193.6000,USD,USD,IE00B57X3V84,,,Fund,IE/Ireland,iShares II Plc-Dow Jones Global Sustainability Screened UCITS ETF (USD) Capitalisation,EUR,USD,56.55,2021-05-04,1,,,,,,,,,,2021-05-04,3715,3715,USD,146092.38,USD,210083.25,,ISIN,IE00B57X3V84,Valor,12592831,SARA,000125565434,IE00B57X3V84,,,,,,,,,,,,,,,,,0.831115,,,,,,,,,,,,,,
,020,POS,"Stock Balance - May 4, 2021",lghths-sg,140139092,SAR,140139092,83677193.6000,83677193,83677193.6000,USD,USD,IE00BKM4GZ66,,,Fund,IE/Ireland,iShares Plc- Core MSCI Emerging Markets IMI UCITS (USD) Capitalisation,USD,USD,36.88,2021-05-04,1,,,,,,,,,,2021-05-04,3840,3840,USD,92505.6,USD,141619.2,,ISIN,IE00BKM4GZ66,Valor,24209517,SARA,000123910804,IE00BKM4GZ66,,,,,,,,,,,,,,,,,,,,,,,,,,,,,,,
,020,POS,"Stock Balance - May 4, 2021",lghths-sg,140139111,SAR,140139111,83677193.6000,83677193,83677193.6000,USD,USD,US2546871060,,,Share,US/United States of America,Walt Disney Company,USD,USD,184.25,2021-05-03,1,,,,,,,,,,2021-05-04,4000,4000,USD,426520,USD,737000,,ISIN,US2546871060,Valor,984192,Bloomberg,DIS US,US2546871060,,,,,,,,,,,,,,,,,,SARA,000000421596,,,,,,,,,,,,
,020,POS,"Stock Balance - May 4, 2021",lghths-sg,140139114,SAR,140139114,83677193.6000,83677193,83677193.6000,USD,USD,IE00BM67HK77,,,Fund,IE/Ireland,Xtrackers (IE) Plc- MSCI World Health Care UCITS ETF (USD) -1C- Capitalisation,USD,USD,44.96,2021-05-04,1,,,,,,,,,,2021-05-04,4900,4900,USD,181790,USD,220304,,ISIN,IE00BM67HK77,Valor,31660585,SARA,000127521739,IE00BM67HK77,,,,,,,,,,,,,,,,,,,,,,,,,,,,,,,
,020,POS,"Stock Balance - May 4, 2021",lghths-sg,140139129,SAR,140139129,83677193.6000,83677193,83677193.6000,USD,USD,US9229087104,,,Fund,US/United States of America,Vanguard 500 Index Fund (EUR) -Admiral- Distribution,USD,USD,386.25,2021-04-30,1,,,,,,,,,,2021-05-04,5290,5290,USD,1404918.2,USD,2043262.5,,ISIN,US9229087104,Valor,1156931,SARA,000129754681,US9229087104,,,,,,,,,,,,,,,,,,,,,,,,,,,,,,,
,020,POS,"Stock Balance - May 4, 2021",lghths-sg,140139136,SAR,140139136,83677193.6000,83677193,83677193.6000,USD,USD,US5949181045,,,Share,US/United States of America,Microsoft Corp,USD,USD,247.79,2021-05-03,1,,,,,,,,,,2021-05-04,5858,5858,USD,1046238.8,USD,1451553.82,,ISIN,US5949181045,Valor,951692,Bloomberg,MSFT US,US5949181045,,,,,,,,,,,,,,,,,,SARA,000000420853,,,,,,,,,,,,
,020,POS,"Stock Balance - May 4, 2021",lghths-sg,140139137,SAR,140139137,83677193.6000,83677193,83677193.6000,USD,USD,LU0292454872,,,Fund,LU/Luxembourg,JPMorgan Funds Sicav- US Select Equity Plus (USD) -A- Capitalisation,USD,USD,34.7,2021-05-04,1,,,,,,,,,,2021-05-04,6000,6000,USD,138300,USD,208200,,ISIN,LU0292454872,Valor,3031842,SARA,000023844172,LU0292454872,,,,,,,,,,,,,,,,,,,,,,,,,,,,,,,
,020,POS,"Stock Balance - May 4, 2021",lghths-sg,140139140,SAR,140139140,83677193.6000,83677193,83677193.6000,USD,USD,IE00B1TXHL60,,,Fund,IE/Ireland,iShares II Plc- Listed Private Equity UCITS ETF (USD),USD,USD,28.93,2021-05-04,1,,,,,,,,,,2021-05-04,6060,6060,USD,103383.6,USD,175315.8,,ISIN,IE00B1TXHL60,Valor,3007862,SARA,000025595322,IE00B1TXHL60,,,,,,,,,,,,,,,,,,,,,,,,,,,,,,,
,020,POS,"Stock Balance - May 4, 2021",lghths-sg,140139148,SAR,140139148,83677193.6000,83677193,83677193.6000,USD,USD,LU1169991020,,,Fund,LU/Luxembourg,Janus Henderson Horizon Fund Sicav- Pan European Smaller Companies (USD) -A2- Capitalisation,USD,USD,59.85,2021-05-04,1,,,,,,,,,,2021-05-04,6290,6290,USD,201594.5,USD,376456.5,,ISIN,LU1169991020,Valor,27210766,SARA,000129193698,LU1169991020,,,,,,,,,,,,,,,,,,,,,,,,,,,,,,,
,020,POS,"Stock Balance - May 4, 2021",lghths-sg,140139155,SAR,140139155,83677193.6000,83677193,83677193.6000,USD,USD,IE00BYZK4552,,,Fund,IE/Ireland,iShares IV Plc- Automation & Robotics UCITS ETF,USD,USD,11.985,2021-05-04,1,,,,,,,,,,2021-05-04,7650,7650,USD,54544.5,USD,91685.25,,ISIN,IE00BYZK4552,Valor,33305410,SARA,000130065573,IE00BYZK4552,,,,,,,,,,,,,,,,,,,,,,,,,,,,,,,
,020,POS,"Stock Balance - May 4, 2021",lghths-sg,140139159,SAR,140139159,83677193.6000,83677193,83677193.6000,USD,USD,LU0943300680,,,Fund,LU/Luxembourg,Schroder International Selection Fund Sicav- Japanese Opportunities (USD) -A- hedged Capitalisation,USD,USD,20.6803,2021-04-30,1,,,,,,,,,,2021-05-04,8020,8020,USD,117387.94,USD,165856.01,,ISIN,LU0943300680,Valor,21607506,SARA,000101207542,LU0943300680,,,,,,,,,,,,,,,,,,,,,,,,,,,,,,,
,020,POS,"Stock Balance - May 4, 2021",lghths-sg,140139168,SAR,140139168,83677193.6000,83677193,83677193.6000,USD,USD,IE00BM67HL84,,,Fund,IE/Ireland,Xtrackers (IE) Plc- MSCI World Financials UCITS ETF (USD) -1C- Capitalisation,USD,USD,23.8,2021-05-04,1,,,,,,,,,,2021-05-04,8250,8250,USD,119026.88,USD,196350,,ISIN,IE00BM67HL84,Valor,31660574,SARA,000127521738,IE00BM67HL84,,,,,,,,,,,,,,,,,,,,,,,,,,,,,,,
,020,POS,"Stock Balance - May 4, 2021",lghths-sg,140139173,SAR,140139173,83677193.6000,83677193,83677193.6000,USD,USD,LU1184092051,,,Fund,LU/Luxembourg,Xtrackers Sicav-MSCI Europe UCITS ETF (USD) -2C- Capitalisation,USD,USD,12.425,2021-05-04,1,,,,,,,,,,2021-05-04,9530,9530,USD,89057.85,USD,118410.25,,ISIN,LU1184092051,Valor,27165551,SARA,000133521479,LU1184092051,,,,,,,,,,,,,,,,,,,,,,,,,,,,,,,
,020,POS,"Stock Balance - May 4, 2021",lghths-sg,140139178,SAR,140139178,83677193.6000,83677193,83677193.6000,USD,USD,LU0490618542,,,Fund,LU/Luxembourg,Xtrackers Sicav-S&P 500 Swap UCITS ETF (USD) -1C- Capitalisation,EUR,USD,78.23,2021-05-04,1,,,,,,,,,,2021-05-04,9765,9765,USD,521503.73,USD,763915.95,,ISIN,LU0490618542,Valor,11138249,SARA,000028122252,LU0490618542,,,,,,,,,,,,,,,,,0.831115,,,,,,,,,,,,,,
,020,POS,"Stock Balance - May 4, 2021",lghths-sg,140139183,SAR,140139183,83677193.6000,83677193,83677193.6000,USD,USD,LU0927735406,,,Fund,LU/Luxembourg,Xtrackers Sicav-MSCI Japan UCITS ETF (USD) -2D- Distribution,USD,USD,25.74,2021-05-04,1,,,,,,,,,,2021-05-04,10680,10680,USD,212291.7,USD,274903.2,,ISIN,LU0927735406,Valor,21557276,SARA,000110737610,LU0927735406,,,,,,,,,,,,,,,,,,,,,,,,,,,,,,,
,020,POS,"Stock Balance - May 4, 2021",lghths-sg,140139191,SAR,140139191,83677193.6000,83677193,83677193.6000,USD,EUR,IE00BG7PJ914,,,Fund,IE/Ireland,Barings Investment Funds Plc- Europe Select (EUR) -B- Unhedged Distribution,EUR,EUR,59.76,2021-05-04,1,,,,,,,,,,2021-05-04,12000,12000,EUR,495120,EUR,717120,,ISIN,IE00BG7PJ914,Valor,45464924,SARA,000137710631,IE00BG7PJ914,,,,,,,,,,,USD,537174.01,USD,862840.94,,,,,,,,,,,,,,,,,
,020,POS,"Stock Balance - May 4, 2021",lghths-sg,140139212,SAR,140139212,83677193.6000,83677193,83677193.6000,USD,USD,US33734X8469,,,Fund,US/United States of America,First Trust NASDAQ Cybersecurity ETF,USD,USD,43.16,2021-05-03,1,,,,,,,,,,2021-05-04,18000,18000,USD,512820,USD,776880,,ISIN,US33734X8469,Valor,28549941,SARA,000125850193,US33734X8469,,,,,,,,,,,,,,,,,,,,,,,,,,,,,,,
,020,POS,"Stock Balance - May 4, 2021",lghths-sg,140139216,SAR,140139216,83677193.6000,83677193,83677193.6000,USD,USD,US0846707026,,,Share,US/United States of America,Berkshire Hathaway Inc -B-,USD,USD,280.26,2021-05-03,1,,,,,,,,,,2021-05-04,18425,18425,USD,3522860,USD,5163790.5,,ISIN,US0846707026,Valor,10926529,Bloomberg,BRK/B US,US0846707026,,,,,,,,,,,,,,,,,,SARA,000025610650,,,,,,,,,,,,
,020,POS,"Stock Balance - May 4, 2021",lghths-sg,140139223,SAR,140139223,83677193.6000,83677193,83677193.6000,USD,HKD,KYG3777B1032,,,Share,KY/Cayman Islands,Geely Automobile Holdings Ltd,HKD,HKD,20.05,2021-05-04,1,,,,,,,,,,2021-05-04,19550,19550,HKD,228735,HKD,391977.5,,ISIN,KYG3777B1032,Valor,1812980,Bloomberg,175 HK,KYG3777B1032,,,,,,,,,,,USD,29510.21,USD,50462.06,,,,SARA,000024785919,,,,,,,,,,,,
,020,POS,"Stock Balance - May 4, 2021",lghths-sg,140139230,SAR,140139230,83677193.6000,83677193,83677193.6000,USD,EUR,LU0260085492,,,Fund,LU/Luxembourg,The Jupiter Global Fund Sicav- European Growth  (EUR) -L- Capitalisation,EUR,EUR,44.24,2021-05-04,1,,,,,,,,,,2021-05-04,21198,21198,EUR,774998.88,EUR,937799.52,,ISIN,LU0260085492,Valor,2707263,SARA,000031523329,LU0260085492,,,,,,,,,,,USD,840824.96,USD,1128363.2,,,,,,,,,,,,,,,,,
,020,POS,"Stock Balance - May 4, 2021",lghths-sg,140139244,SAR,140139244,83677193.6000,83677193,83677193.6000,USD,USD,IE00BYZK4669,,,Fund,IE/Ireland,iShares IV Plc- Ageing Population UCITS ETF,USD,USD,7.7825,2021-05-04,1,,,,,,,,,,2021-05-04,24325,24325,USD,119496.56,USD,189309.31,,ISIN,IE00BYZK4669,Valor,33305420,SARA,000130065572,IE00BYZK4669,,,,,,,,,,,,,,,,,,,,,,,,,,,,,,,
,020,POS,"Stock Balance - May 4, 2021",lghths-sg,140139248,SAR,140139248,83677193.6000,83677193,83677193.6000,USD,USD,US33738R6053,,,Fund,US/United States of America,First Trust Dorsey Wright Focus 5 ETF,USD,USD,45.86,2021-05-03,1,,,,,,,,,,2021-05-04,26823,26823,USD,777330.54,USD,1230102.78,,ISIN,US33738R6053,Valor,23632392,SARA,000106789452,US33738R6053,,,,,,,,,,,,,,,,,,,,,,,,,,,,,,,
,020,POS,"Stock Balance - May 4, 2021",lghths-sg,140139252,SAR,140139252,83677193.6000,83677193,83677193.6000,USD,USD,US0846491027,,,Fund,US/United States of America,Berkshire Funds (USD) Distribution,USD,USD,41.6,2021-04-30,1,,,,,,,,,,2021-05-04,27201.632,27201.632,USD,774974.5,USD,1131587.89,,ISIN,US0846491027,Valor,839013,SARA,000138882563,US0846491027,,,,,,,,,,,,,,,,,,,,,,,,,,,,,,,
,020,POS,"Stock Balance - May 4, 2021",lghths-sg,140150219,SAR,140150219,83677193.6000,83677193,83677193.6000,USD,USD,US88032Q1094,,,Share,KY/Cayman Islands,Tencent Holdings Ltd -ADR-,USD,USD,78.7,2021-05-04,1,,,,,,,,,,2021-05-04,6480,6480,USD,339228,USD,509976,,ISIN,US88032Q1094,Valor,4752662,SARA,000028344274,US88032Q1094,,,,,,,,,,,,,,,,,,,,,,,,,,,,,,,
,020,POS,"Stock Balance - May 4, 2021",lghths-sg,140158326,SAR,140158326,83677193.6000,83677193,83677193.6000,USD,USD,US36847Q1031,,,Share,KY/Cayman Islands,Geely Automobile Holdings Ltd -ADR- (20 Shs),USD,USD,50.42,2021-05-03,1,,,,,,,,,,2021-05-04,6240,6240,USD,187636.8,USD,314620.8,,ISIN,US36847Q1031,Valor,10712481,SARA,000131633808,US36847Q1031,,,,,,,,,,,,,,,,,,,,,,,,,,,,,,,
,020,POS,"Stock Balance - May 4, 2021",lghths-sg,140766940,SAR,140766940,83677193.6000,83677193,83677193.6000,USD,USD,US00214Q1040,,,Fund,US/United States of America,ARK Innovation ETF,USD,USD,113.29,2021-05-03,1,,,,,,,,,,2021-05-04,3090,3090,USD,257562.52,USD,350066.1,,ISIN,US00214Q1040,Valor,25949494,SARA,000132130108,US00214Q1040,,,,,,,,,,,,,,,,,,,,,,,,,,,,,,,
,020,POS,"Stock Balance - May 4, 2021",lghths-sg,140774543,SAR,140774543,83677193.6000,83677193,83677193.6000,USD,USD,US7429351254,,,Fund,US/United States of America,Professionally Managed Portfolios Akre Focus Fund (USD) -Institutional- Distribution,USD,USD,61.43,2021-04-28,1,,,,,,,,,,2021-05-04,9904.913,9904.913,USD,502675.01,USD,608458.81,,ISIN,US7429351254,Valor,10507151,SARA,000140770052,US7429351254,,,,,,,,,,,,,,,,,,,,,,,,,,,,,,,
,020,POS,"Stock Balance - May 4, 2021",lghths-sg,140973259,SAR,140973259,83677193.6000,83677193,83677193.6000,USD,USD,US1729674242,,,Share,US/United States of America,Citigroup Inc,USD,USD,72.33,2021-05-03,1,,,,,,,,,,2021-05-04,5000,5000,USD,266076.37,USD,361650,,ISIN,US1729674242,Valor,12915350,Bloomberg,C US,US1729674242,,,,,,,,,,,,,,,,,,SARA,000028584584,,,,,,,,,,,,
,020,POS,"Stock Balance - May 4, 2021",lghths-sg,140416493,SAR,140416493,83663279.6000,83663279,83663279.6000,USD,USD,KYG047761039,,,Fund,KY/Cayman Islands,Aravali Cayman Spc Global Arbitrage Fund (USD) -B- Segregated Portfolio Non Voting Capitalisation,USD,USD,1610.669,2021-04-01,1,,,,,,,,,,2021-05-04,99.572,99.572,USD,150802.5,USD,160377.53,,ISIN,KYG047761039,Valor,24384793,SARA,000127370797,KYG047761039,,,,,,,,,,,,,,,,,,,,,,,,,,,,,,,
,020,POS,"Stock Balance - May 4, 2021",lghths-sg,141787066,SAR,141787066,83663279.6000,83663279,83663279.6000,USD,HKD,HK0941009539,,,Share,HK/Hong Kong,China Mobile Ltd,HKD,HKD,49.7,2021-05-04,1,,,,,,,,,,2021-05-04,34000,34000,HKD,1543168.93,HKD,1689800,,ISIN,HK0941009539,Valor,1099448,Bloomberg,941 HK,HK0941009539,,,,,,,,,,,USD,191810.06,USD,217540,,,,SARA,000000422519,,,,,,,,,,,,
,020,POS,"Stock Balance - May 4, 2021",lghths-sg,142011178,SAR,142011178,83663279.6000,83663279,83663279.6000,USD,USD,USY7141GAA05,,,Bond,ID/Indonesia,4.95% PT Chandra Asri Petrochemical Tbk Notes 2017-2024 RegS,USD,USD,102.625,2021-04-30,.01,,,,,,,,,,2021-05-04,300000,300000,USD,303665.2,USD,307875,,ISIN,USY7141GAA05,Valor,38942960,SARA,000133207150,USY7141GAA05,2017-11-08,2024-11-08,4.95,30E/360,2,2018-05-08,USD,BB-,USD,7260,,,,,,,,,,,,,,,,,,,,,
,020,POS,"Stock Balance - May 4, 2021",lghths-sg,142049130,SAR,142049130,83663279.6000,83663279,83663279.6000,USD,USD,IE00BKXBBV70,,,Fund,IE/Ireland,SphereInvest Global UCITS Icav- Credit Strategies Fund (USD) -F- Capitalisation,USD,USD,182.08263,2021-04-29,1,,,,,,,,,,2021-05-04,1122.1069,1122.1069,USD,200429.08,USD,204316.18,,ISIN,IE00BKXBBV70,Valor,57922240,SARA,000141776627,IE00BKXBBV70,,,,,,,,,,,,,,,,,,,,,,,,,,,,,,,
,020,POS,"Stock Balance - May 4, 2021",lghths-sg,142246399,SAR,142246399,83663279.6000,83663279,83663279.6000,USD,USD,XS2222660768,,,Bond,HK/Hong Kong,10% BNP Paribas Alibaba Group Holding Ltd RegS STR 193.76  Callable Fixed Coupon Notes 02.08.2021 Repayment cash or physical,USD,USD,101.01757974,2021-05-03,.01,,,,,,,,,,2021-05-04,200000,200000,USD,199920,USD,202035.16,,ISIN,XS2222660768,Valor,59267331,SARA,000142236259,XS2222660768,2021-02-01,2021-08-09,10.0,,12,2021-03-08,USD,,,,,,,,,,,,,,,,,,,,,,,,
,020,POS,"Stock Balance - May 4, 2021",lghths-sg,142520517,SAR,142520517,83663279.6000,83663279,83663279.6000,USD,USD,US1104481072,,,Share,GB/United Kingdom,British American Tobacco Plc -ADR-,USD,USD,37.8,2021-05-03,1,,,,,,,,,,2021-05-04,4000,4000,USD,149478.79,USD,151200,,ISIN,US1104481072,Valor,949872,SARA,000026925972,US1104481072,,,,,,,,,,,,,,,,,,,,,,,,,,,,,,,
,020,POS,"Stock Balance - May 4, 2021",lghths-sg,142550496,SAR,142550496,83663279.6000,83663279,83663279.6000,USD,USD,XS2291745334,,,Bond,CA/Canada,Royal Bank of Canada RBC British American Tobacco Plc -ADR-STR 34.1967 Reverse Convertible 19.05.2021 Repayment cash or physical,USD,USD,99.853125233,2021-05-03,.01,,,,,,,,,,2021-05-04,250000,250000,USD,245025,USD,249632.81,,ISIN,XS2291745334,Valor,58469055,SARA,000142549487,XS2291745334,2021-02-19,2021-05-21,0.0,,,2021-02-10,,,,,,,,,,,,,,,,,,,,,,,,,
,020,POS,"Stock Balance - May 4, 2021",lghths-sg,142651277,SAR,142651277,83663279.6000,83663279,83663279.6000,USD,USD,XS2213954766,,,Bond,KY/Cayman Islands,6.25% Powerlong Real Estate Holdings Ltd Bonds 2020-2024 Secured,USD,USD,104.735,2021-04-30,.01,,,,,,,,,,2021-05-04,200000,200000,USD,208456.97,USD,209470,,ISIN,XS2213954766,Valor,56387933,SARA,000140909913,XS2213954766,2020-08-10,2024-08-10,6.25,30/360,2,2021-02-10,USD,B+,USD,2916.67,,,,,,,,,,,,,,,,,,,,,
,020,POS,"Stock Balance - May 4, 2021",lghths-sg,142666878,SAR,142666878,83663279.6000,83663279,83663279.6000,USD,USD,US02079K3059,,,Share,US/United States of America,Alphabet Inc -A-,USD,USD,2306.83,2021-05-03,1,,,,,,,,,,2021-05-04,200,200,USD,422126.18,USD,461366,,ISIN,US02079K3059,Valor,29798540,SARA,000126331383,US02079K3059,,,,,,,,,,,,,,,,,,,,,,,,,,,,,,,
,020,POS,"Stock Balance - May 4, 2021",lghths-sg,142702909,SAR,142702909,83663279.6000,83663279,83663279.6000,USD,USD,000142695806,SARA,000142695806,Hybrid,,FX Accumulator on GBP/USD 2x Leveraged  Buy GBP / Sell USD at 1.3535 KO:1.45 Period: 22.FEB.21 - 24.FEB.22  12 Fixings One Guaranteed Period,USD,USD,-0.00480236,2021-05-04,1,,,,,,,,,,2021-05-04,834000,834000,,,USD,-4005.17,,,,,,,,,,,,,,,,,,,,,,,,,,,,,,,,,,,,,,,
,020,POS,"Stock Balance - May 4, 2021",lghths-sg,142770063,SAR,142770063,83663279.6000,83663279,83663279.6000,USD,USD,LU1514167219,,,Fund,LU/Luxembourg,Schroder International Selection  Fund Sicav-Global Credit Income (USD) -C- Distribution,USD,USD,106.0317,2021-05-04,1,,,,,,,,,,2021-05-04,3762.26,3762.26,USD,401737.47,USD,398918.82,,ISIN,LU1514167219,Valor,34540233,SARA,000132419171,LU1514167219,,,,,,,,,,,,,,,,,,,,,,,,,,,,,,,
,020,POS,"Stock Balance - May 4, 2021",lghths-sg,142983482,SAR,142983482,83663279.6000,83663279,83663279.6000,USD,USD,000142978144,SARA,000142978144,Option,US/United States of America,British American Tobacco PLC Call 18.06.2021 45 (BTI US),USD,USD,0.05,2021-05-03,100,100,45,2021-06-18,C,ISIN,US1104481072,British American Tobacco Plc -ADR-,Share,S,2021-05-04,-40,-40,USD,-622,USD,-200,,,,,,,,,,,,,,,,,,,,,,,,,,,,,,,,,,,,,,,
,020,POS,"Cash Balance - May 4, 2021",lghths-sg,125369911,SAR,125369911,81042621.6000,81042621,81042621.4000/USD/KK,USD,USD,USD,CURRENCY,USD,Cash,,,,,,,,,,,,,,,,,2021-05-04,,,USD,0,,,,,,,,,,,,,,,,,,,,,,,,,,,,,,portfolioID,81042621.6000,,,,,,,,,,
,020,POS,"Cash Balance - May 4, 2021",lghths-sg,133980399,SAR,133980399,83663279.6000,83663279,83663279.4000/USD/KK,USD,USD,USD,CURRENCY,USD,Cash,,,,,,,,,,,,,,,,,2021-05-04,,,USD,147546.49,,,,,,,,,,,,,,,,,,,,,,,,,,,,,,portfolioID,83663279.6000,,,,,,,,,,
,020,POS,"Cash Balance - May 4, 2021",lghths-sg,134173977,SAR,134173977,83663279.6000,83663279,83663279.4001/GBP/KK,USD,GBP,GBP,CURRENCY,GBP,Cash,,,,,,,,,,,,,,,,,2021-05-04,,,GBP,0,,,,,,,,,,,,,,,,,,,,,USD,0,,,,,,,,portfolioID,83663279.6000,,,,,,,,,,
,020,POS,"Cash Balance - May 4, 2021",lghths-sg,134270852,SAR,134270852,83663279.6000,83663279,83663279.4002/SGD/KK,USD,SGD,SGD,CURRENCY,SGD,Cash,,,,,,,,,,,,,,,,,2021-05-04,,,SGD,1711.75,,,,,,,,,,,,,,,,,,,,,USD,1280.76,,,,,,,,portfolioID,83663279.6000,,,,,,,,,,
,020,POS,"Cash Balance - May 4, 2021",lghths-sg,140493349,SAR,140493349,83663279.6000,83663279,83663279.4003/EUR/KK,USD,EUR,EUR,CURRENCY,EUR,Cash,,,,,,,,,,,,,,,,,2021-05-04,,,EUR,2050.98,,,,,,,,,,,,,,,,,,,EUR,-14,USD,2467.75,,,USD,-16.84,,,,portfolioID,83663279.6000,,,,,,,,,,
,020,POS,"Cash Balance - May 4, 2021",lghths-sg,140953859,SAR,140953859,83663279.6000,83663279,83663279.4004/HKD/KK,USD,HKD,HKD,CURRENCY,HKD,Cash,,,,,,,,,,,,,,,,,2021-05-04,,,HKD,14936.29,,,,,,,,,,,,,,,,,,,,,USD,1922.86,,,,,,,,portfolioID,83663279.6000,,,,,,,,,,
,020,POS,"Cash Balance - May 4, 2021",lghths-sg,133980435,SAR,133980435,83663293.6000,83663293,83663293.4000/USD/KK,USD,USD,USD,CURRENCY,USD,Cash,,,,,,,,,,,,,,,,,2021-05-04,,,USD,13794.03,,,,,,,,,,,,,,,,,,,,,,,,,,,,,,portfolioID,83663293.6000,,,,,,,,,,
,020,POS,"Cash Balance - May 4, 2021",lghths-sg,134321779,SAR,134321779,83663293.6000,83663293,83663293.4001/GBP/KK,USD,GBP,GBP,CURRENCY,GBP,Cash,,,,,,,,,,,,,,,,,2021-05-04,,,GBP,7973.62,,,,,,,,,,,,,,,,,,,,,USD,11070.71,,,,,,,,portfolioID,83663293.6000,,,,,,,,,,
,020,POS,"Cash Balance - May 4, 2021",lghths-sg,134427611,SAR,134427611,83663293.6000,83663293,83663293.4002/SGD/KK,USD,SGD,SGD,CURRENCY,SGD,Cash,,,,,,,,,,,,,,,,,2021-05-04,,,SGD,0,,,,,,,,,,,,,,,,,,,,,USD,0,,,,,,,,portfolioID,83663293.6000,,,,,,,,,,
,020,POS,"Cash Balance - May 4, 2021",lghths-sg,134655209,SAR,134655209,83663293.6000,83663293,83663293.4003/EUR/KK,USD,EUR,EUR,CURRENCY,EUR,Cash,,,,,,,,,,,,,,,,,2021-05-04,,,EUR,0,,,,,,,,,,,,,,,,,,,,,USD,0,,,,,,,,portfolioID,83663293.6000,,,,,,,,,,
,020,POS,"Cash Balance - May 4, 2021",lghths-sg,137675912,SAR,137675912,83663293.6000,83663293,83663293.4004/INR/KK,USD,INR,INR,CURRENCY,INR,Cash,,,,,,,,,,,,,,,,,2021-05-04,,,INR,0,,,,,,,,,,,,,,,,,,,,,USD,0,,,,,,,,portfolioID,83663293.6000,,,,,,,,,,
,020,POS,"Cash Balance - May 4, 2021",lghths-sg,140351749,SAR,140351749,83663293.6000,83663293,83663293.4005/HKD/KK,USD,HKD,HKD,CURRENCY,HKD,Cash,,,,,,,,,,,,,,,,,2021-05-04,,,HKD,0,,,,,,,,,,,,,,,,,,,,,USD,0,,,,,,,,portfolioID,83663293.6000,,,,,,,,,,
,020,POS,"Cash Balance - May 4, 2021",lghths-sg,141694029,SAR,141694029,83663293.6000,83663293,83663293.4006/CHF/KK,USD,CHF,CHF,CURRENCY,CHF,Cash,,,,,,,,,,,,,,,,,2021-05-04,,,CHF,0,,,,,,,,,,,,,,,,,,,,,USD,0,,,,,,,,portfolioID,83663293.6000,,,,,,,,,,
,020,POS,"Cash Balance - May 4, 2021",lghths-sg,134787523,SAR,134787523,83667931.6000,83667931,83667931.4000/USD/KK,USD,USD,USD,CURRENCY,USD,Cash,,,,,,,,,,,,,,,,,2021-05-04,,,USD,0,,,,,,,,,,,,,,,,,,,,,,,,,,,,,,portfolioID,83667931.6000,,,,,,,,,,
,020,POS,"Cash Balance - May 4, 2021",lghths-sg,135356352,SAR,135356352,83667931.6000,83667931,83667931.4001/GBP/KK,USD,GBP,GBP,CURRENCY,GBP,Cash,,,,,,,,,,,,,,,,,2021-05-04,,,GBP,69316.84,,,,,,,,,,,,,,,,,,,,,USD,96240.68,,,,,,,,portfolioID,83667931.6000,,,,,,,,,,
,020,POS,"Cash Balance - May 4, 2021",lghths-sg,135910790,SAR,135910790,83667931.6000,83667931,83667931.4002/EUR/KK,USD,EUR,EUR,CURRENCY,EUR,Cash,,,,,,,,,,,,,,,,,2021-05-04,,,EUR,0,,,,,,,,,,,,,,,,,,,,,USD,0,,,,,,,,portfolioID,83667931.6000,,,,,,,,,,
,020,POS,"Cash Balance - May 4, 2021",lghths-sg,140258097,SAR,140258097,83667931.6000,83667931,83667931.4003/SGD/KK,USD,SGD,SGD,CURRENCY,SGD,Cash,,,,,,,,,,,,,,,,,2021-05-04,,,SGD,1280.45,,,,,,,,,,,,,,,,,,,,,USD,958.05,,,,,,,,portfolioID,83667931.6000,,,,,,,,,,
,020,POS,"Cash Balance - May 4, 2021",lghths-sg,140996046,SAR,140996046,83667931.6000,83667931,83667931.4004/MYR/KK,USD,MYR,MYR,CURRENCY,MYR,Cash,,,,,,,,,,,,,,,,,2021-05-04,,,MYR,0,,,,,,,,,,,,,,,,,,,,,USD,0,,,,,,,,portfolioID,83667931.6000,,,,,,,,,,
,020,POS,"Cash Balance - May 4, 2021",lghths-sg,140996118,SAR,140996118,83667931.6000,83667931,83667931.4005/XAU/METALL,USD,XAU,XAU,CURRENCY,XAU,Cash,,,,,,,,,,,,,,,,,2021-05-04,,,XAU,8,,,,,,,,,,,,,,,,,,,,,USD,14349.72,,,,,,,,portfolioID,83667931.6000,,,,,,,,,,
,020,POS,"Cash Balance - May 4, 2021",lghths-sg,139090240,SAR,139090240,83676187.6000,83676187,83676187.4000/USD/KK,USD,USD,USD,CURRENCY,USD,Cash,,,,,,,,,,,,,,,,,2021-05-04,,,USD,372.21,,,,,,,,,,,,,,,,,,,,,,,,,,,,,,portfolioID,83676187.6000,,,,,,,,,,
,020,POS,"Cash Balance - May 4, 2021",lghths-sg,139983859,SAR,139983859,83676187.6000,83676187,83676187.4001/GBP/KK,USD,GBP,GBP,CURRENCY,GBP,Cash,,,,,,,,,,,,,,,,,2021-05-04,,,GBP,0,,,,,,,,,,,,,,,,,,,,,USD,0,,,,,,,,portfolioID,83676187.6000,,,,,,,,,,
,020,POS,"Cash Balance - May 4, 2021",lghths-sg,140065110,SAR,140065110,83677193.6000,83677193,83677193.4000/USD/KK,USD,USD,USD,CURRENCY,USD,Cash,,,,,,,,,,,,,,,,,2021-05-04,,,USD,474961.78,,,,,,,,,,,,,,,,,,,,,,,,,,,,,,portfolioID,83677193.6000,,,,,,,,,,
,020,POS,"Cash Balance - May 4, 2021",lghths-sg,140249746,SAR,140249746,83677193.6000,83677193,83677193.4001/EUR/KK,USD,EUR,EUR,CURRENCY,EUR,Cash,,,,,,,,,,,,,,,,,2021-05-04,,,EUR,-0.57,,,,,,,,,,,,,,,,,,,,,USD,-0.69,,,,,,,,portfolioID,83677193.6000,,,,,,,,,,
,020,POS,"Cash Balance - May 4, 2021",lghths-sg,140257966,SAR,140257966,83677193.6000,83677193,83677193.4002/HKD/KK,USD,HKD,HKD,CURRENCY,HKD,Cash,,,,,,,,,,,,,,,,,2021-05-04,,,HKD,11838.32,,,,,,,,,,,,,,,,,,,,,USD,1524.03,,,,,,,,portfolioID,83677193.6000,,,,,,,,,,
,020,POS,"Loan Balance - May 4, 2021",lghths-sg,143380397,SAR,143380397,83663293.6000,83663293,83663293,USD,EUR,EUR,CURRENCY,EUR,MoneyMarket,,EUR Fixed Loan,,,,,,,,,,,,,,,2021-05-04,,,EUR,-278601.17,,,,,,,,,,,,,,,,,,,,,USD,-335213.76,,,,,,,,portfolioID,83663293.6000,Loan,Fixed,2021-05-11,EUR,-278601.17,0.65,143380397,s/t Fixed Advance Fix EUR 0.65% 04.05.2021-11.05,2021-05-11,2021-05-04
,020,POS,"Loan Balance - May 4, 2021",lghths-sg,141444043,SAR,141444043,83667931.6000,83667931,83667931,USD,EUR,EUR,CURRENCY,EUR,MoneyMarket,,EUR Fixed Loan,,,,,,,,,,,,,,,2021-05-04,,,EUR,-100050.8,,,,,,,,,,,,,,,,,,,EUR,-505.26,USD,-120381.42,,,USD,-607.93,,,,portfolioID,83667931.6000,Loan,Fixed,2021-07-14,EUR,-100050.8,0.9,141444043,s/t Fixed Advance Fix EUR 0.9% 14.10.2020-14.07.,2021-07-14,2020-10-14
,020,POS,"Loan Balance - May 4, 2021",lghths-sg,143368868,SAR,143368868,83667931.6000,83667931,83667931,USD,USD,USD,CURRENCY,USD,MoneyMarket,,USD Fixed Loan,,,,,,,,,,,,,,,2021-05-04,,,USD,-333904.94,,,,,,,,,,,,,,,,,,,,,,,,,,,,,,portfolioID,83667931.6000,Loan,Fixed,2021-05-11,USD,-333904.94,1.17775,143368868,s/t Fixed Advance Fix USD 1.17775% 04.05.2021-11,2021-05-11,2021-05-04
,020,POS,"Loan Balance - May 4, 2021",lghths-sg,143160942,SAR,143160942,83676187.6000,83676187,83676187,USD,GBP,GBP,CURRENCY,GBP,MoneyMarket,,GBP Fixed Loan,,,,,,,,,,,,,,,2021-05-04,,,GBP,-200323.53,,,,,,,,,,,,,,,,,,,GBP,-104.28,USD,-278132.59,,,USD,-144.78,,,,portfolioID,83676187.6000,Loan,Fixed,2021-05-17,GBP,-200323.53,1.0,143160942,s/t Fixed Advance Fix GBP 1% 15.04.2021-17.05.20,2021-05-17,2021-04-15
,020,POS,"Loan Balance - May 4, 2021",lghths-sg,143376389,SAR,143376389,83676187.6000,83676187,83676187,USD,USD,USD,CURRENCY,USD,MoneyMarket,,USD Fixed Loan,,,,,,,,,,,,,,,2021-05-04,,,USD,-50000,,,,,,,,,,,,,,,,,,,,,,,,,,,,,,portfolioID,83676187.6000,Loan,Fixed,2021-05-11,USD,-50000,1.03,143376389,s/t Fixed Advance Fix USD 1.03% 04.05.2021-11.05,2021-05-11,2021-05-04
,020,POS,"Loan Balance - May 4, 2021",lghths-sg,143380271,SAR,143380271,83663279.6000,83663279,83663279,USD,GBP,GBP,CURRENCY,GBP,MoneyMarket,,GBP Fixed Loan,,,,,,,,,,,,,,,2021-05-04,,,GBP,-2088146.17,,,,,,,,,,,,,,,,,,,,,USD,-2899217.64,,,,,,,,portfolioID,83663279.6000,Loan,Fixed,2021-05-11,GBP,-2088146.17,0.89475,143380271,s/t Fixed Advance Fix GBP 0.89475% 04.05.2021-11,2021-05-11,2021-05-04
,020,POS,"Loan Balance - May 4, 2021",lghths-sg,143380344,SAR,143380344,83663293.6000,83663293,83663293,USD,USD,USD,CURRENCY,USD,MoneyMarket,,USD Fixed Loan,,,,,,,,,,,,,,,2021-05-04,,,USD,-415993.84,,,,,,,,,,,,,,,,,,,,,,,,,,,,,,portfolioID,83663293.6000,Loan,Fixed,2021-05-11,USD,-415993.84,0.93,143380344,s/t Fixed Advance Fix USD 0.93% 04.05.2021-11.05,2021-05-11,2021-05-04
,020,POS,"Loan Balance - May 4, 2021",lghths-sg,143380372,SAR,143380372,83663293.6000,83663293,83663293,USD,GBP,GBP,CURRENCY,GBP,MoneyMarket,,GBP Fixed Loan,,,,,,,,,,,,,,,2021-05-04,,,GBP,-216866.19,,,,,,,,,,,,,,,,,,,,,USD,-301100.7,,,,,,,,portfolioID,83663293.6000,Loan,Fixed,2021-05-11,GBP,-216866.19,0.89475,143380372,s/t Fixed Advance Fix GBP 0.89475% 04.05.2021-11,2021-05-11,2021-05-04
,020,POS,"Loan Balance - May 4, 2021",lghths-sg,143380382,SAR,143380382,83663293.6000,83663293,83663293,USD,HKD,HKD,CURRENCY,HKD,MoneyMarket,,HKD Fixed Loan,,,,,,,,,,,,,,,2021-05-04,,,HKD,-1455795.34,,,,,,,,,,,,,,,,,,,,,USD,-187414.91,,,,,,,,portfolioID,83663293.6000,Loan,Fixed,2021-05-11,HKD,-1455795.34,1.34,143380382,s/t Fixed Advance Fix HKD 1.34% 04.05.2021-11.05,2021-05-11,2021-05-04
,020,POS,"Stock Balance - May 4, 2021",lghths-sg,134149308,SAR,134149308,83663279.6000,83663279,83663279.6000,USD,USD,US02079K1079,,,Share,US/United States of America,Alphabet Inc -C-,USD,USD,2354.25,2021-05-03,1,,,,,,,,,,2021-05-04,100,100,USD,71569,USD,235425,,ISIN,US02079K1079,Valor,29798545,SARA,000126334673,US02079K1079,,,,,,,,,,,,,,,,,,,,,,,,,,,,,,,
,020,POS,"Stock Balance - May 4, 2021",lghths-sg,134149314,SAR,134149314,83663279.6000,83663279,83663279.6000,USD,USD,USY57657AA90,,,Bond,SG/Singapore,5.3% Marble II Pte Ltd Bond 2017-2022,USD,USD,100.385,2021-05-03,.01,,,,,,,,,,2021-05-04,400000,400000,USD,389880,USD,401540,,ISIN,USY57657AA90,Valor,37153128,SARA,000132184737,USY57657AA90,2017-06-20,2022-06-20,5.3,30E/360,2,2017-12-20,USD,BB,USD,7891.11,,,,,,,,,,,,,,,,,,,,,
,020,POS,"Stock Balance - May 4, 2021",lghths-sg,134149391,SAR,134149391,83663279.6000,83663279,83663279.6000,USD,USD,XS1492713505,,,Bond,00939,5.5% State Bank of India Contingent Convertible Floating Rate Notes 2016-Perpetual,USD,USD,101.215,2021-04-30,.01,,,,,,,,,,2021-05-04,400000,400000,USD,399200,USD,404860,,ISIN,XS1492713505,Valor,33981821,SARA,000129991155,XS1492713505,2016-09-22,2021-09-22,5.5,30/360,2,2017-03-22,USD,B,USD,2566.67,,,,,,,,,,,,,,,,,,,,,
,020,POS,"Stock Balance - May 4, 2021",lghths-sg,134237583,SAR,134237583,83663279.6000,83663279,83663279.6000,USD,GBP,XD0018087144,,,Fund,KY/Cayman Islands,Synergy Multi-Strategy Fund Ltd (GBP) -B- Series 1 -In Liquidation-,GBP,GBP,0.00,2018-03-20,1,,,,,,,,,,2021-05-04,265.256,265.256,,,,,,ISIN,XD0018087144,Valor,1808714,SARA,000134228704,XD0018087144,,,,,,,,,,,USD,0,,,,,,,,,,,,,,,,,,,
,020,POS,"Stock Balance - May 4, 2021",lghths-sg,140973283,SAR,140973283,83677193.6000,83677193,83677193.6000,USD,USD,US0605051046,,,Share,US/United States of America,Bank of America Corp,USD,USD,41.0,2021-05-03,1,,,,,,,,,,2021-05-04,10000,10000,USD,268430.14,USD,410000,,ISIN,US0605051046,Valor,748628,Bloomberg,BAC UN,US0605051046,,,,,,,,,,,,,,,,,,SARA,000000418117,,,,,,,,,,,,
,020,POS,"Stock Balance - May 4, 2021",lghths-sg,134149396,SAR,134149396,83663279.6000,83663279,83663279.6000,USD,USD,USF2893TAM83,,,Bond,FR/France,5.625% Electricit� de France EDF Notes 2014-Perpetual Reg-S Subordinated,USD,USD,107.735,2021-05-04,.01,,,,,,,,,,2021-05-04,300000,300000,USD,318600,USD,323205,,ISIN,USF2893TAM83,Valor,23404521,SARA,000104422680,USF2893TAM83,2014-01-22,2046-06-17,5.625,30E/360,2,2014-07-22,USD,BB-,USD,4781.25,,,,,,,,,,,,,,,,,,,,,
,020,POS,"Stock Balance - May 4, 2021",lghths-sg,134149419,SAR,134149419,83663279.6000,83663279,83663279.6000,USD,USD,XS1423722823,,,Bond,AU/Australia,5.875% QBE Insurance Group Ltd Contingent Convertible Floating Rate Emt-Notes 2016-2046,USD,USD,110.03,2021-04-30,.01,,,,,,,,,,2021-05-04,300000,300000,USD,313500,USD,330090,,ISIN,XS1423722823,Valor,32942221,SARA,000129445087,XS1423722823,2016-06-17,2046-06-17,5.875,30/360,2,2016-12-17,USD,BBB-,USD,6707.29,,,,,,,,,,,,,,,,,,,,,
,020,POS,"Stock Balance - May 4, 2021",lghths-sg,134237585,SAR,134237585,83663279.6000,83663279,83663279.6000,USD,USD,XD0018852000,,,Fund,KY/Cayman Islands,Synergy Fund Ltd -A- Series 8 -In Liquidation-,USD,USD,5.5805,2013-11-29,1,,,,,,,,,,2021-05-04,200,200,USD,1116.1,USD,1116.1,,ISIN,XD0018852000,Valor,1885200,SARA,000100560433,XD0018852000,,,,,,,,,,,,,,,,,,,,,,,,,,,,,,,
,020,POS,"Stock Balance - May 4, 2021",lghths-sg,134237591,SAR,134237591,83663279.6000,83663279,83663279.6000,USD,USD,KYG8646E2530,,,Fund,KY/Cayman Islands,Synergy Fund Ltd (USD) -A- Series 7 -In Liquidation-,USD,USD,0.00,2018-03-20,1,,,,,,,,,,2021-05-04,200,200,,,,,,ISIN,KYG8646E2530,Valor,1319516,SARA,000134228769,KYG8646E2530,,,,,,,,,,,,,,,,,,,,,,,,,,,,,,,
,020,POS,"Stock Balance - May 4, 2021",lghths-sg,134237613,SAR,134237613,83663279.6000,83663279,83663279.6000,USD,USD,IE00BCV7N601,,,Fund,IE/Ireland,PIMCO Funds Global Investors Series Plc- Diversified Income Duration Hedged (USD) -E- Capitalisation,USD,USD,12.32,2021-05-03,1,,,,,,,,,,2021-05-04,0.001,0.001,USD,0.01,USD,0.01,,ISIN,IE00BCV7N601,Valor,22073677,SARA,000101207493,IE00BCV7N601,,,,,,,,,,,,,,,,,,,,,,,,,,,,,,,
,020,POS,"Stock Balance - May 4, 2021",lghths-sg,134427962,SAR,134427962,83663279.6000,83663279,83663279.6000,USD,USD,XS1062931396,,,Bond,SG/Singapore,5.75% TML Holdings Pte Ltd Notes 2014-2021 Senior,USD,USD,100.196,2021-05-03,.01,,,,,,,,,,2021-05-04,400000,400000,USD,404900,USD,400784,,ISIN,XS1062931396,Valor,24364749,SARA,000117861202,XS1062931396,2014-05-07,2021-05-07,5.75,30/360,2,2014-11-07,USD,,USD,11308.33,,,,,,,,,,,,,,,,,,,,,
,020,POS,"Stock Balance - May 4, 2021",lghths-sg,134428056,SAR,134428056,83663279.6000,83663279,83663279.6000,USD,USD,XS1556165477,,,Bond,BM/Bermuda,5.25% China Water Affairs Group Ltd 2017-2022,USD,USD,101.335,2021-05-03,.01,,,,,,,,,,2021-05-04,200000,200000,USD,202296,USD,202670,,ISIN,XS1556165477,Valor,35513710,SARA,000131042001,XS1556165477,2017-02-07,2022-02-07,5.25,30E/360,2,2017-08-07,USD,BB+,USD,2537.5,,,,,,,,,,,,,,,,,,,,,
,020,POS,"Stock Balance - May 4, 2021",lghths-sg,137220345,SAR,137220345,83663279.6000,83663279,83663279.6000,USD,USD,XS1958658509,,,Bond,SG/Singapore,6% Jubilant Pharma Ltd Bonds 2019-2024 RegS,USD,USD,105.58,2021-05-03,.01,,,,,,,,,,2021-05-04,200000,200000,USD,202400,USD,211160,,ISIN,XS1958658509,Valor,46710638,SARA,000136837239,XS1958658509,2019-03-05,2024-03-05,6.0,30E/360,2,2019-09-05,USD,BB-,USD,1966.67,,,,,,,,,,,,,,,,,,,,,
,020,POS,"Stock Balance - May 4, 2021",lghths-sg,143066702,SAR,143066702,83663279.6000,83663279,83663279.6000,USD,HKD,000143060631,SARA,000143060631,Option,HK/Hong Kong,China Mobile Ltd Call 29.06.2021 60 (941 HK) XHKF,HKD,HKD,0.16,2021-05-03,500,500,60,2021-06-29,C,ISIN,HK0941009539,China Mobile Ltd,Share,S,2021-05-04,-68,-68,HKD,-14936.29,HKD,-5440,,,,,,,,,,,,,,,,,,,USD,-2450.19,USD,-700.33,,,,,,,,,,,,,,,,,
,020,POS,"Stock Balance - May 4, 2021",lghths-sg,137320270,SAR,137320270,83663279.6000,83663279,83663279.6000,USD,USD,XS1981202861,,,Bond,IN/India,5.95% JSW Steel Ltd Bonds 2019-2024 RegS,USD,USD,107.215,2021-05-03,.01,,,,,,,,,,2021-05-04,200000,200000,USD,201080,USD,214430,,ISIN,XS1981202861,Valor,47429326,SARA,000137302060,XS1981202861,2019-04-18,2024-04-18,5.95,30/360,2,2019-10-18,USD,BB,USD,528.89,,,,,,,,,,,,,,,,,,,,,
,020,POS,"Stock Balance - May 4, 2021",lghths-sg,138136578,SAR,138136578,83663279.6000,83663279,83663279.6000,USD,SGD,SG1AA5000001,,,Share,SG/Singapore,Frasers Hospitality Trust REIT,SGD,SGD,0.55,2021-05-04,1,,,,,,,,,,2021-05-04,382500,382500,SGD,270499.27,SGD,210375,,ISIN,SG1AA5000001,Valor,24766830,Bloomberg,FHT SP,SG1AA5000001,,,,,,,,,,,USD,191957.84,USD,157405.52,,,,SARA,000123695896,,,,,,,,,,,,
,020,POS,"Stock Balance - May 4, 2021",lghths-sg,138958001,SAR,138958001,83663279.6000,83663279,83663279.6000,USD,USD,XS1753595328,,,Bond,SG/Singapore,5.45% Abja Investment Co Pte Ltd Notes 2018-2028 Reg-S,USD,USD,104.165,2021-04-30,.01,,,,,,,,,,2021-05-04,300000,300000,USD,288975,USD,312495,,ISIN,XS1753595328,Valor,40014007,SARA,000133765006,XS1753595328,2018-01-24,2028-01-24,5.45,30/360,2,2018-07-24,USD,BB-,USD,4541.67,,,,,,,,,,,,,,,,,,,,,
,020,POS,"Stock Balance - May 4, 2021",lghths-sg,138958048,SAR,138958048,83663279.6000,83663279,83663279.6000,USD,USD,US62828M2A84,,,Bond,IN/India,6.125% Muthoot Finance Ltd MT-Notes 2019-2022 Global RegS,USD,USD,103.695,2021-05-03,.01,,,,,,,,,,2021-05-04,200000,200000,USD,204700,USD,207390,,ISIN,US62828M2A84,Valor,50738431,SARA,000138717209,US62828M2A84,2019-10-31,2022-10-31,6.125,30E/360,2,2020-04-30,USD,BB,USD,136.11,,,,,,,,,,,,,,,,,,,,,
,020,POS,"Stock Balance - May 4, 2021",lghths-sg,139394548,SAR,139394548,83663279.6000,83663279,83663279.6000,USD,USD,XS2090080172,,,Bond,IN/India,5.9% Manappuram Finance Ltd Emt-Notes 2020-2023 Secured,USD,USD,102.75,2021-05-03,.01,,,,,,,,,,2021-05-04,250000,250000,USD,254595,USD,256875,,ISIN,XS2090080172,Valor,51830341,SARA,000139292337,XS2090080172,2020-01-13,2023-01-13,5.9,30/360,2,2020-07-13,USD,B+,USD,4547.92,,,,,,,,,,,,,,,,,,,,,
,020,POS,"Stock Balance - May 4, 2021",lghths-sg,139630789,SAR,139630789,83663279.6000,83663279,83663279.6000,USD,USD,USG9328DAM23,,,Bond,GB/United Kingdom,6.375% Vedanta Resources Ltd Bonds 2017-2022 Global Reg-S,USD,USD,98.84,2021-05-04,.01,,,,,,,,,,2021-05-04,200000,200000,USD,197922,USD,197680,,ISIN,USG9328DAM23,Valor,35497009,SARA,000131036083,USG9328DAM23,2017-01-30,2022-07-30,6.375,30E/360,2,2017-07-30,USD,CCC+,USD,3329.17,,,,,,,,,,,,,,,,,,,,,
,020,POS,"Stock Balance - May 4, 2021",lghths-sg,141129468,SAR,141129468,83663279.6000,83663279,83663279.6000,USD,SGD,SG2D63974620,,,Share,SG/Singapore,AIMS APAC REIT,SGD,SGD,1.37,2021-05-04,1,,,,,,,,,,2021-05-04,83500,83500,SGD,100510.92,SGD,114395,,ISIN,SG2D63974620,Valor,13687016,Bloomberg,AAREIT SP,SG2D63974620,,,,,,,,,,,USD,73935.69,USD,85591.94,,,,SARA,000029481966,,,,,,,,,,,,
