tkn,m2xmlReleaseNo,mvmtHdr.@mvmtTp,mvmtHdr.cmt,mvmtSrc.ctlr,mvmtSrc.ctlrMvmtRef,posSrc.extSys,posSrc.ref,hldPos.hldId.ptfl,hldPos.hldId.ctlrOwnr,hldPos.hldId.ctlrAcct,hldPos.hldId.ownrRefCcy,hldPos.hldId.ccy,hldPos.hldId.asst,hldPos.hldId.asstIDs.asstRef.@refType,hldPos.hldId.asstIDs.asstRef.#text,hldPos.hldId.asstDetail.type,hldPos.effDt,hldPos.posAmt.@ccy,hldPos.posAmt.#text,hldPos.posAmtRefCcy.@ccy,hldPos.posAmtRefCcy.#text,hldPos.vrfyInd,hldPos.addInfo.@infoType,hldPos.addInfo.#text,hldPos.hldId.asstDetail.desc,hldPos.hldId.asstDetail.issueCcy,hldPos.hldId.asstDetail.latestPrc.@ccy,hldPos.hldId.asstDetail.latestPrc.#text,hldPos.hldId.asstDetail.latestPrcDate,hldPos.hldId.asstDetail.prcFactor,hldPos.posnQty,hldPos.settQty,hldPos.srcMktValAmt.@ccy,hldPos.srcMktValAmt.#text,hldPos.hldId.asstIDs.asstRef.0.@refType,hldPos.hldId.asstIDs.asstRef.0.#text,hldPos.hldId.asstIDs.asstRef.1.@refType,hldPos.hldId.asstIDs.asstRef.1.#text,hldPos.hldId.asstIDs.asstRef.2.@refType,hldPos.hldId.asstIDs.asstRef.2.#text,hldPos.hldId.asstDetail.isin,hldPos.hldId.asstDetail.cntry,hldPos.hldId.asstDetail.issueDate,hldPos.hldId.asstDetail.asstBondDetails.matDate,hldPos.hldId.asstDetail.asstBondDetails.intRate,hldPos.hldId.asstDetail.asstBondDetails.calcBasis,hldPos.hldId.asstDetail.asstBondDetails.intFreq,hldPos.hldId.asstDetail.asstBondDetails.intDate,hldPos.hldId.asstDetail.asstBondDetails.intCcy,hldPos.hldId.asstDetail.asstBondDetails.rating,hldPos.srcMktValAmtRefCcy.@ccy,hldPos.srcMktValAmtRefCcy.#text,hldPos.accrAmt.@ccy,hldPos.accrAmt.#text,hldPos.accrAmtRefCcy.@ccy,hldPos.accrAmtRefCcy.#text,hldPos.hldId.asstIDs.asstRef.3.@refType,hldPos.hldId.asstIDs.asstRef.3.#text,hldPos.hldId.asstDetail.issueCcyExchRt,hldPos.hldId.asstDetail.asstDerivDetails.contractSize,hldPos.hldId.asstDetail.asstDerivDetails.strike,hldPos.hldId.asstDetail.asstDerivDetails.expDate,hldPos.hldId.asstDetail.asstDerivDetails.putCallInd,hldPos.hldId.asstDetail.asstDerivDetails.underlyingAsstIDs.asstRef.@refType,hldPos.hldId.asstDetail.asstDerivDetails.underlyingAsstIDs.asstRef.#text,hldPos.hldId.asstDetail.asstDerivDetails.underlyingAsstDesc,hldPos.hldId.asstDetail.asstDerivDetails.underlyingAsstType,hldPos.hldId.asstDetail.asstDerivDetails.longShortInd,hldPos.hldId.asstDetail.asstMnyMktDetails.mnyMktType,hldPos.hldId.asstDetail.asstMnyMktDetails.mnyMktTerm.@termType,hldPos.hldId.asstDetail.asstMnyMktDetails.mnyMktTerm.#text,hldPos.hldId.asstDetail.asstMnyMktDetails.mnyMktAmt.@ccy,hldPos.hldId.asstDetail.asstMnyMktDetails.mnyMktAmt.#text,hldPos.hldId.asstDetail.asstMnyMktDetails.intRate,hldPos.hldId.asstDetail.asstMnyMktDetails.mnyMktRef,hldPos.hldId.asstDetail.asstMnyMktDetails.mnyMktName,hldPos.hldId.asstDetail.asstMnyMktDetails.matDate,hldPos.hldId.asstDetail.asstMnyMktDetails.startDate
,020,POS,"Cash Balance - Feb 10, 2021",lghths-sg,140493349,SAR,140493349,83663279.6000,83663279,83663279.4003/EUR/KK,USD,EUR,EUR,CURRENCY,EUR,Cash,2021-02-10,EUR,30.4,USD,36.88,,portfolioID,83663279.6000,,,,,,,,,,,,,,,,,,,,,,,,,,,,,,,,,,,,,,,,,,,,,,,,,,,,,,
,020,POS,"Cash Balance - Feb 10, 2021",lghths-sg,140953859,SAR,140953859,83663279.6000,83663279,83663279.4004/HKD/KK,USD,HKD,HKD,CURRENCY,HKD,Cash,2021-02-10,HKD,24316.41,USD,3136.7,,portfolioID,83663279.6000,,,,,,,,,,,,,,,,,,,,,,,,,,,,,,,,,,,,,,,,,,,,,,,,,,,,,,
,020,POS,"Cash Balance - Feb 10, 2021",lghths-sg,133980435,SAR,133980435,83663293.6000,83663293,83663293.4000/USD/KK,USD,USD,USD,CURRENCY,USD,Cash,2021-02-10,USD,-74371.83,,,,portfolioID,83663293.6000,,,,,,,,,,,,,,,,,,,,,,,,,,,,,,,,,,,,,,,,,,,,,,,,,,,,,,
,020,POS,"Cash Balance - Feb 10, 2021",lghths-sg,134321779,SAR,134321779,83663293.6000,83663293,83663293.4001/GBP/KK,USD,GBP,GBP,CURRENCY,GBP,Cash,2021-02-10,GBP,0,USD,0,,portfolioID,83663293.6000,,,,,,,,,,,,,,,,,,,,,,,,,,,,,,,,,,,,,,,,,,,,,,,,,,,,,,
,020,POS,"Cash Balance - Feb 10, 2021",lghths-sg,134427611,SAR,134427611,83663293.6000,83663293,83663293.4002/SGD/KK,USD,SGD,SGD,CURRENCY,SGD,Cash,2021-02-10,SGD,0,USD,0,,portfolioID,83663293.6000,,,,,,,,,,,,,,,,,,,,,,,,,,,,,,,,,,,,,,,,,,,,,,,,,,,,,,
,020,POS,"Cash Balance - Feb 10, 2021",lghths-sg,134655209,SAR,134655209,83663293.6000,83663293,83663293.4003/EUR/KK,USD,EUR,EUR,CURRENCY,EUR,Cash,2021-02-10,EUR,0,USD,0,,portfolioID,83663293.6000,,,,,,,,,,,,,,,,,,,,,,,,,,,,,,,,,,,,,,,,,,,,,,,,,,,,,,
,020,POS,"Cash Balance - Feb 10, 2021",lghths-sg,137675912,SAR,137675912,83663293.6000,83663293,83663293.4004/INR/KK,USD,INR,INR,CURRENCY,INR,Cash,2021-02-10,INR,0,USD,0,,portfolioID,83663293.6000,,,,,,,,,,,,,,,,,,,,,,,,,,,,,,,,,,,,,,,,,,,,,,,,,,,,,,
,020,POS,"Cash Balance - Feb 10, 2021",lghths-sg,140351749,SAR,140351749,83663293.6000,83663293,83663293.4005/HKD/KK,USD,HKD,HKD,CURRENCY,HKD,Cash,2021-02-10,HKD,15821.14,USD,2040.85,,portfolioID,83663293.6000,,,,,,,,,,,,,,,,,,,,,,,,,,,,,,,,,,,,,,,,,,,,,,,,,,,,,,
,020,POS,"Cash Balance - Feb 10, 2021",lghths-sg,141694029,SAR,141694029,83663293.6000,83663293,83663293.4006/CHF/KK,USD,CHF,CHF,CURRENCY,CHF,Cash,2021-02-10,CHF,0,USD,0,,portfolioID,83663293.6000,,,,,,,,,,,,,,,,,,,,,,,,,,,,,,,,,,,,,,,,,,,,,,,,,,,,,,
,020,POS,"Cash Balance - Feb 10, 2021",lghths-sg,134787523,SAR,134787523,83667931.6000,83667931,83667931.4000/USD/KK,USD,USD,USD,CURRENCY,USD,Cash,2021-02-10,USD,0,,,,portfolioID,83667931.6000,,,,,,,,,,,,,,,,,,,,,,,,,,,,,,,,,,,,,,,,,,,,,,,,,,,,,,
,020,POS,"Cash Balance - Feb 10, 2021",lghths-sg,135356352,SAR,135356352,83667931.6000,83667931,83667931.4001/GBP/KK,USD,GBP,GBP,CURRENCY,GBP,Cash,2021-02-10,GBP,69316.84,USD,95968.47,,portfolioID,83667931.6000,,,,,,,,,,,,,,,,,,,,,,,,,,,,,,,,,,,,,,,,,,,,,,,,,,,,,,
,020,POS,"Cash Balance - Feb 10, 2021",lghths-sg,135910790,SAR,135910790,83667931.6000,83667931,83667931.4002/EUR/KK,USD,EUR,EUR,CURRENCY,EUR,Cash,2021-02-10,EUR,0,USD,0,,portfolioID,83667931.6000,,,,,,,,,,,,,,,,,,,,,,,,,,,,,,,,,,,,,,,,,,,,,,,,,,,,,,
,020,POS,"Cash Balance - Feb 10, 2021",lghths-sg,140258097,SAR,140258097,83667931.6000,83667931,83667931.4003/SGD/KK,USD,SGD,SGD,CURRENCY,SGD,Cash,2021-02-10,SGD,639.6,USD,482.41,,portfolioID,83667931.6000,,,,,,,,,,,,,,,,,,,,,,,,,,,,,,,,,,,,,,,,,,,,,,,,,,,,,,
,020,POS,"Cash Balance - Feb 10, 2021",lghths-sg,140996046,SAR,140996046,83667931.6000,83667931,83667931.4004/MYR/KK,USD,MYR,MYR,CURRENCY,MYR,Cash,2021-02-10,MYR,0,USD,0,,portfolioID,83667931.6000,,,,,,,,,,,,,,,,,,,,,,,,,,,,,,,,,,,,,,,,,,,,,,,,,,,,,,
,020,POS,"Cash Balance - Feb 10, 2021",lghths-sg,140996118,SAR,140996118,83667931.6000,83667931,83667931.4005/XAU/METALL,USD,XAU,XAU,CURRENCY,XAU,Cash,2021-02-10,XAU,8,USD,14722.44,,portfolioID,83667931.6000,,,,,,,,,,,,,,,,,,,,,,,,,,,,,,,,,,,,,,,,,,,,,,,,,,,,,,
,020,POS,"Cash Balance - Feb 10, 2021",lghths-sg,139090240,SAR,139090240,83676187.6000,83676187,83676187.4000/USD/KK,USD,USD,USD,CURRENCY,USD,Cash,2021-02-10,USD,0,,,,portfolioID,83676187.6000,,,,,,,,,,,,,,,,,,,,,,,,,,,,,,,,,,,,,,,,,,,,,,,,,,,,,,
,020,POS,"Cash Balance - Feb 10, 2021",lghths-sg,139983859,SAR,139983859,83676187.6000,83676187,83676187.4001/GBP/KK,USD,GBP,GBP,CURRENCY,GBP,Cash,2021-02-10,GBP,-200001.65,USD,-276900.28,,portfolioID,83676187.6000,,,,,,,,,,,,,,,,,,,,,,,,,,,,,,,,,,,,,,,,,,,,,,,,,,,,,,
,020,POS,"Cash Balance - Feb 10, 2021",lghths-sg,140065110,SAR,140065110,83677193.6000,83677193,83677193.4000/USD/KK,USD,USD,USD,CURRENCY,USD,Cash,2021-02-10,USD,443341,,,,portfolioID,83677193.6000,,,,,,,,,,,,,,,,,,,,,,,,,,,,,,,,,,,,,,,,,,,,,,,,,,,,,,
,020,POS,"Cash Balance - Feb 10, 2021",lghths-sg,140249746,SAR,140249746,83677193.6000,83677193,83677193.4001/EUR/KK,USD,EUR,EUR,CURRENCY,EUR,Cash,2021-02-10,EUR,-0.57,USD,-0.69,,portfolioID,83677193.6000,,,,,,,,,,,,,,,,,,,,,,,,,,,,,,,,,,,,,,,,,,,,,,,,,,,,,,
,020,POS,"Cash Balance - Feb 10, 2021",lghths-sg,140257966,SAR,140257966,83677193.6000,83677193,83677193.4002/HKD/KK,USD,HKD,HKD,CURRENCY,HKD,Cash,2021-02-10,HKD,11838.32,USD,1527.08,,portfolioID,83677193.6000,,,,,,,,,,,,,,,,,,,,,,,,,,,,,,,,,,,,,,,,,,,,,,,,,,,,,,
,020,POS,"Stock Balance - Feb 10, 2021",lghths-sg,142573243,SAR,142573243,83663279.6000,83663279,83663279.6000,USD,USD,000142572924,SARA,000142572924,Hybrid,2021-02-10,,,,,,,,FX Accumulator on GBP/USD 2x Leveraged  KO:1.40 Buy GBP / Sell USD at 1.3261 Period: 10.FEB.21 - 14.FEB.22  12 Fixings,USD,USD,-0.00385256,2021-02-10,1,1000800,1000800,USD,-3855.64,,,,,,,,,,,,,,,,,,,,,,,,,,,,,,,,,,,,,,,,,,,,
,020,POS,"Stock Balance - Feb 10, 2021",lghths-sg,134237653,SAR,134237653,83663293.6000,83663293,83663293.6000,USD,GBP,XS1025866119,,,Bond,2021-02-10,GBP,295890,USD,409691.34,,,,5% Jaguar Land Rover Automotive Plc Notes 2014-2022 Senior Reg-S,GBP,GBP,102.885,2021-02-09,.01,300000,300000,GBP,308655,ISIN,XS1025866119,Valor,23581404,SARA,000106548682,XS1025866119,GB/United Kingdom,2014-01-31,2022-02-15,5.0,30/360,2,2014-08-15,GBP,B,USD,427329.76,GBP,7291.67,USD,10095.24,,,,,,,,,,,,,,,,,,,,,,
,020,POS,"Stock Balance - Feb 10, 2021",lghths-sg,134441110,SAR,134441110,83663293.6000,83663293,83663293.6000,USD,USD,USU31433AA03,,,Bond,2021-02-10,USD,212500,,,,,,5.75% Fresenius Medical Care US Finance Inc Notes 2011-2021 Senior Reg-S,USD,USD,100.045,2021-02-10,.01,200000,200000,USD,200090,ISIN,USU31433AA03,Valor,12412477,SARA,000027939570,USU31433AA03,US/United States of America,2011-02-03,2021-02-15,5.75,30E/360,2,2011-08-15,USD,BBB-,,,USD,5590.28,,,,,,,,,,,,,,,,,,,,,,,,
,020,POS,"Stock Balance - Feb 10, 2021",lghths-sg,134575255,SAR,134575255,83663293.6000,83663293,83663293.6000,USD,USD,USG84228CQ91,,,Bond,2021-02-10,USD,211500,,,,,,7.5% Standard Chartered Plc Contingent Convertible  Floating Rate Notes 2016-Perpetual Reg-S Subordinated,USD,USD,105.61,2021-02-10,.01,200000,200000,USD,211220,ISIN,USG84228CQ91,Valor,33623693,SARA,000129796997,USG84228CQ91,GB/United Kingdom,2016-08-18,4712-12-31,7.5,30E/360,2,2017-04-02,USD,BB-,,,USD,5333.33,,,,,,,,,,,,,,,,,,,,,,,,
,020,POS,"Stock Balance - Feb 10, 2021",lghths-sg,134781098,SAR,134781098,83663293.6000,83663293,83663293.6000,USD,USD,KYG8135U1076,,,Fund,2021-02-10,USD,502675,,,,,,Silverdale Fund SPC (USD) -1A- SP Distribution,USD,USD,119.5703,2021-02-05,1,3929,3929,USD,469791.71,ISIN,KYG8135U1076,Valor,28213010,SARA,000131846096,KYG8135U1076,KY/Cayman Islands,,,,,,,,,,,,,,,,,,,,,,,,,,,,,,,,,,,,
,020,POS,"Stock Balance - Feb 10, 2021",lghths-sg,135200533,SAR,135200533,83663293.6000,83663293,83663293.6000,USD,USD,US30303M1027,,,Share,2021-02-10,USD,210160.68,,,,,,Facebook Inc -A-,USD,USD,271.87,2021-02-09,1,800,800,USD,217496,ISIN,US30303M1027,Valor,14917609,Bloomberg,FB US,US30303M1027,US/United States of America,,,,,,,,,,,,,,,SARA,000031299007,,,,,,,,,,,,,,,,,,,,
,020,POS,"Stock Balance - Feb 10, 2021",lghths-sg,135453634,SAR,135453634,83663293.6000,83663293,83663293.6000,USD,USD,XS1076957700,,,Bond,2021-02-10,USD,301200,,,,,,6.25% Credit Suisse Group AG Contingent Convertible Floating Rate Notes  2014-Perpetual Reg-S Subordinated,USD,USD,110.995,2021-02-10,.01,300000,300000,USD,332985,ISIN,XS1076957700,Valor,24686478,SARA,000123591011,XS1076957700,CH/Switzerland,2014-06-18,2024-12-18,4.85,30/360,2,2015-06-18,USD,BB,,,USD,2708.34,,,,,,,,,,,,,,,,,,,,,,,,
,020,POS,"Stock Balance - Feb 10, 2021",lghths-sg,135453674,SAR,135453674,83663293.6000,83663293,83663293.6000,USD,USD,XS1791728790,,,Bond,2021-02-10,USD,200240,,,,,,7.25% Global Prime Capital Pte Ltd Gtd.Bonds 2018-2021,USD,USD,100.645,2021-02-09,.01,200000,200000,USD,201290,ISIN,XS1791728790,Valor,41516072,SARA,000134464876,XS1791728790,SG/Singapore,2018-04-26,2021-04-26,7.25,30E/360,2,2018-10-26,USD,BB-,,,USD,4188.89,,,,,,,,,,,,,,,,,,,,,,,,
,020,POS,"Stock Balance - Feb 10, 2021",lghths-sg,135453748,SAR,135453748,83663293.6000,83663293,83663293.6000,USD,USD,XS1492713505,,,Bond,2021-02-10,USD,303750,,,,,,5.5% State Bank of India Contingent Convertible Floating Rate Notes 2016-Perpetual,USD,USD,102.0,2021-02-09,.01,300000,300000,USD,306000,ISIN,XS1492713505,Valor,33981821,SARA,000129991155,XS1492713505,00939,2016-09-22,2021-09-22,5.5,30/360,2,2017-03-22,USD,B,,,USD,6325,,,,,,,,,,,,,,,,,,,,,,,,
,020,POS,"Stock Balance - Feb 10, 2021",lghths-sg,136767078,SAR,136767078,83663293.6000,83663293,83663293.6000,USD,USD,XS1772325210,,,Bond,2021-02-10,USD,200000,,,,,,6.375% Logan Group Co Ltd Gtd.Bonds 2018-2021 Reg-S,USD,USD,100.305,2021-02-09,.01,200000,200000,USD,200610,ISIN,XS1772325210,Valor,40701618,SARA,000134087446,XS1772325210,KY/Cayman Islands,2018-03-07,2021-03-07,6.375,30E/360,2,2018-09-07,USD,,,,USD,5418.75,,,,,,,,,,,,,,,,,,,,,,,,
,020,POS,"Stock Balance - Feb 10, 2021",lghths-sg,138109956,SAR,138109956,83663293.6000,83663293,83663293.6000,USD,EUR,SG1EA8000000,,,Share,2021-02-10,EUR,300900.82,USD,334484,,,,Cromwell European REIT RegS,EUR,EUR,0.49,2021-02-10,1,594000,594000,EUR,291060,ISIN,SG1EA8000000,Valor,38279664,SARA,000133641831,SG1EA8000000,SG/Singapore,,,,,,,,,USD,353070.33,,,,,,,,,,,,,,,,,,,,,,,,,,
,020,POS,"Stock Balance - Feb 10, 2021",lghths-sg,138228040,SAR,138228040,83663293.6000,83663293,83663293.6000,USD,USD,XS2016070190,,,Bond,2021-02-10,USD,202880,,,,,,5.5% China Oil and Gas Group Ltd Bonds 2019-2023,USD,USD,103.385,2021-02-09,.01,200000,200000,USD,206770,ISIN,XS2016070190,Valor,49093025,SARA,000138038641,XS2016070190,BM/Bermuda,2019-07-25,2023-01-25,5.5,30/360,2,2020-01-25,USD,BB,,,USD,458.33,,,,,,,,,,,,,,,,,,,,,,,,
,020,POS,"Stock Balance - Feb 10, 2021",lghths-sg,139165524,SAR,139165524,83663293.6000,83663293,83663293.6000,USD,USD,XS1753595328,,,Bond,2021-02-10,USD,483500,,,,,,5.45% Abja Investment Co Pte Ltd Notes 2018-2028 Reg-S,USD,USD,105.4,2021-02-09,.01,500000,500000,USD,527000,ISIN,XS1753595328,Valor,40014007,SARA,000133765006,XS1753595328,SG/Singapore,2018-01-24,2028-01-24,5.45,30/360,2,2018-07-24,USD,B+,,,USD,1211.11,,,,,,,,,,,,,,,,,,,,,,,,
,020,POS,"Stock Balance - Feb 10, 2021",lghths-sg,139413184,SAR,139413184,83663293.6000,83663293,83663293.6000,USD,USD,XS2050614796,,,Bond,2021-02-10,USD,251375,,,,,,5.95% Global Prime Capital Pte Ltd Notes 2020-2025,USD,USD,103.88,2021-02-09,.01,250000,250000,USD,259700,ISIN,XS2050614796,Valor,52120777,SARA,000139403481,XS2050614796,SG/Singapore,2020-01-23,2025-01-23,5.95,30E/360,2,2020-07-23,USD,BB-,,,USD,702.43,,,,,,,,,,,,,,,,,,,,,,,,
,020,POS,"Stock Balance - Feb 10, 2021",lghths-sg,139503396,SAR,139503396,83663293.6000,83663293,83663293.6000,USD,USD,XS2062211359,,,Bond,2021-02-10,USD,300000,,,,,,8% Credit Suisse International HDFC Bank Ltd -ADR- / Infosys Ltd -ADR- / ICICI Bank -ADR- Callable Fixed Coupon Notes 16.02.2021 Repayment cash or physical,USD,USD,100.9892,2021-02-09,.01,300000,300000,USD,302967.6,ISIN,XS2062211359,Valor,52268214,SARA,000139486293,XS2062211359,GB/United Kingdom,2020-02-13,2021-02-23,8.0,,4,2020-05-20,USD,,,,,,,,,,,,,,,,,,,,,,,,,,,,,
,020,POS,"Stock Balance - Feb 10, 2021",lghths-sg,139698558,SAR,139698558,83663293.6000,83663293,83663293.6000,USD,USD,XS2113454115,,,Bond,2021-02-10,USD,244350,,,,,,5.875% India Infoline Finance Ltd Emt-Notes 2020-2023,USD,USD,99.14,2021-02-09,.01,250000,250000,USD,247850,ISIN,XS2113454115,Valor,52582813,SARA,000139600480,XS2113454115,IN/India,2020-02-20,2023-04-20,5.875,30/360,2,2020-04-20,USD,BB-,,,USD,4487.85,,,,,,,,,,,,,,,,,,,,,,,,
,020,POS,"Stock Balance - Feb 10, 2021",lghths-sg,139786014,SAR,139786014,83663293.6000,83663293,83663293.6000,USD,GBP,GB00B03MLX29,,,Share,2021-02-10,GBP,208440.68,USD,267184.88,,,,Royal Dutch Shell Plc -A-,EUR,GBP,13.632,2021-02-10,1,12000,12000,GBP,163584,ISIN,GB00B03MLX29,Valor,1987674,SARA,000005058836,GB00B03MLX29,GB/United Kingdom,,,,,,,,,USD,226480.41,,,,,,,1.14133,,,,,,,,,,,,,,,,,,,
,020,POS,"Stock Balance - Feb 10, 2021",lghths-sg,140370383,SAR,140370383,83663293.6000,83663293,83663293.6000,USD,HKD,GB0005405286,,,Share,2021-02-10,HKD,4271729.81,USD,549105.03,,,,HSBC Holdings Plc,GBP,HKD,42.6,2021-02-10,1,83342,83342,HKD,3550369.2,ISIN,GB0005405286,Valor,411161,SARA,000000415042,GB0005405286,GB/United Kingdom,,,,,,,,,USD,457980.14,,,,,,,0.093171,,,,,,,,,,,,,,,,,,,
,020,POS,"Stock Balance - Feb 10, 2021",lghths-sg,141383026,SAR,141383026,83663293.6000,83663293,83663293.6000,USD,USD,XS2090080172,,,Bond,2021-02-10,USD,199038.35,,,,,,5.9% Manappuram Finance Ltd Emt-Notes 2020-2023 Secured,USD,USD,104.29,2021-02-09,.01,200000,200000,USD,208580,ISIN,XS2090080172,Valor,51830341,SARA,000139292337,XS2090080172,IN/India,2020-01-13,2023-01-13,5.9,30/360,2,2020-07-13,USD,B+,,,USD,885,,,,,,,,,,,,,,,,,,,,,,,,
,020,POS,"Stock Balance - Feb 10, 2021",lghths-sg,141704679,SAR,141704679,83663293.6000,83663293,83663293.6000,USD,HKD,000141697824,SARA,000141697824,Option,2021-02-10,HKD,-44932.57,USD,-5795.58,,,,HSBC Holdings PLC Call 29.06.2021 50 (5 HK) XHKF,HKD,HKD,1.02,2021-02-10,400,-208,-208,HKD,-84864,,,,,,,,HK/Hong Kong,,,,,,,,,USD,-10947.04,,,,,,,,400,50,2021-06-29,C,ISIN,GB0005405286,HSBC Holdings Plc,Share,S,,,,,,,,,,
,020,POS,"Stock Balance - Feb 10, 2021",lghths-sg,142145548,SAR,142145548,83663293.6000,83663293,83663293.6000,USD,GBP,GB00J8VJZN17,,,Option,2021-02-10,GBP,-4942.07,USD,-6718.88,,,,Royal Dutch Shell Plc -A- Call Sep21 18 LIF,GBP,GBP,0.27,2021-02-09,1000,-12,-12,GBP,-3240,ISIN,GB00J8VJZN17,Valor,83384435,SARA,000142144417,GB00J8VJZN17,GB/United Kingdom,,,,,,,,,USD,-4485.75,,,,,,,,1000,18,2021-09-17,C,ISIN,GB00B03MLX29,Royal Dutch Shell Plc -A-,Share,S,,,,,,,,,,
,020,POS,"Stock Balance - Feb 10, 2021",lghths-sg,142243992,SAR,142243992,83663293.6000,83663293,83663293.6000,USD,USD,000142240743,SARA,000142240743,Option,2021-02-10,USD,-5166,,,,,,Microsoft Corp Put 16.04.2021 195 (MSFT US),USD,USD,1.13,2021-02-09,100,-10,-10,USD,-1130,,,,,,,,US/United States of America,,,,,,,,,,,,,,,,,,100,195,2021-04-16,P,ISIN,US5949181045,Microsoft Corp,Share,S,,,,,,,,,,
,020,POS,"Stock Balance - Feb 10, 2021",lghths-sg,142256509,SAR,142256509,83663293.6000,83663293,83663293.6000,USD,USD,000142250484,SARA,000142250484,Option,2021-02-10,USD,-2536,,,,,,Altria Group Inc Put 19.03.2021 37.5 (MO US),USD,USD,0.18,2021-02-09,100,-50,-50,USD,-900,,,,,,,,US/United States of America,,,,,,,,,,,,,,,,,,100,37.5,2021-03-19,P,ISIN,US02209S1033,Altria Group Inc,Share,S,,,,,,,,,,
,020,POS,"Stock Balance - Feb 10, 2021",lghths-sg,142282816,SAR,142282816,83663293.6000,83663293,83663293.6000,USD,HKD,HK0688002218,,,Share,2021-02-10,HKD,1505859.64,USD,194266.15,,,,China Overseas Land & Investment Ltd,HKD,HKD,18.14,2021-02-10,1,80000,80000,HKD,1451200,ISIN,HK0688002218,Valor,420828,Bloomberg,688 HK,HK0688002218,HK/Hong Kong,1992-08-07,,,,,,,,USD,187197.65,,,,,SARA,000000494357,,,,,,,,,,,,,,,,,,,,
,020,POS,"Stock Balance - Feb 10, 2021",lghths-sg,142421435,SAR,142421435,83663293.6000,83663293,83663293.6000,USD,USD,LU1226288253,,,Fund,2021-02-10,USD,202742.67,,,,,,UBS (LU) Key Selection Sicav- China Allocation Opportunity (USD) -P- 6% monthly Distribution,USD,USD,116.23,2021-02-09,1,1771,1771,USD,205843.33,ISIN,LU1226288253,Valor,27983955,SARA,000126337077,LU1226288253,LU/Luxembourg,,,,,,,,,,,,,,,,,,,,,,,,,,,,,,,,,,,,
,020,POS,"Stock Balance - Feb 10, 2021",lghths-sg,142457373,SAR,142457373,83663293.6000,83663293,83663293.6000,USD,HKD,000142452044,SARA,000142452044,Option,2021-02-10,HKD,-15821.15,USD,-2040.64,,,,China Overseas Land & Investment Ltd Call 30.03.2021 22 (688 HK) XHKF,HKD,HKD,0.15,2021-02-10,2000,-40,-40,HKD,-12000,,,,,,,,HK/Hong Kong,,,,,,,,,USD,-1547.94,,,,,,,,2000,22,2021-03-30,C,ISIN,HK0688002218,China Overseas Land & Investment Ltd,Share,S,,,,,,,,,,
,020,POS,"Stock Balance - Feb 10, 2021",lghths-sg,142502530,SAR,142502530,83663293.6000,83663293,83663293.6000,USD,USD,IE00B8K7V925,,,Fund,2021-02-10,USD,200881,,,,,,PIMCO Funds Global Investors Series Plc- Income (USD) -E- Distribution,USD,USD,11.24,2021-02-09,1,17905.103,17905.103,USD,201253.36,ISIN,IE00B8K7V925,Valor,19762784,SARA,000064235469,IE00B8K7V925,IE/Ireland,,,,,,,,,,,,,,,,,,,,,,,,,,,,,,,,,,,,
,020,POS,"Stock Balance - Feb 10, 2021",lghths-sg,142503340,SAR,142503340,83663293.6000,83663293,83663293.6000,USD,USD,000142501731,SARA,000142501731,Option,2021-02-10,USD,-4666,,,,,,Facebook Inc Call 16.04.2021 300 (FB US),USD,USD,5.13,2021-02-09,100,-8,-8,USD,-4104,,,,,,,,US/United States of America,,,,,,,,,,,,,,,,,,100,300,2021-04-16,C,ISIN,US30303M1027,Facebook Inc -A-,Share,S,,,,,,,,,,
,020,POS,"Stock Balance - Feb 10, 2021",lghths-sg,142508284,SAR,142508284,83663293.6000,83663293,83663293.6000,USD,USD,CH0593007716,,,Bond,2021-02-10,USD,300000,,,,,,8% Vontobel Financial Products Ltd Bristol Myers Squibb Co STR 52.3845 Sanofi SA STR 65.0815 -Quanto USD- Autocallable Fixed Coupon Notes 16.08.2021 Repayment cash or physical,USD,USD,98.8,2021-02-09,.01,300000,300000,USD,296400,ISIN,CH0593007716,Valor,59300771,SARA,000142500899,CH0593007716,00939,2021-02-16,2021-08-18,0.0,,12,2021-03-18,USD,,,,,,,,,,,,,,,,,,,,,,,,,,,,,
,020,POS,"Stock Balance - Feb 10, 2021",lghths-sg,137826506,SAR,137826506,83667931.6000,83667931,83667931.6000,USD,EUR,IE00B84J9L26,,,Fund,2021-02-10,EUR,149402.29,USD,169131.76,,,,PIMCO Funds Global Investors Series Plc- Income (EUR) -E- -Hedged- Capitalisation,EUR,EUR,13.9,2021-02-09,1,11278.671,11278.671,EUR,156773.53,ISIN,IE00B84J9L26,Valor,19930049,SARA,000064235309,IE00B84J9L26,IE/Ireland,,,,,,,,,USD,190174.13,,,,,,,,,,,,,,,,,,,,,,,,,,
,020,POS,"Stock Balance - Feb 10, 2021",lghths-sg,140122049,SAR,140122049,83667931.6000,83667931,83667931.6000,USD,USD,US98980L1017,,,Share,2021-02-10,USD,16630.97,,,,,,Zoom Video Communications Inc -A-,USD,USD,431.0,2021-02-09,1,43,43,USD,18533,ISIN,US98980L1017,Valor,47101896,Bloomberg,ZM UW,US98980L1017,US/United States of America,,,,,,,,,,,,,,,SARA,000137372208,,,,,,,,,,,,,,,,,,,,
,020,POS,"Stock Balance - Feb 10, 2021",lghths-sg,140258096,SAR,140258096,83667931.6000,83667931,83667931.6000,USD,SGD,SG1V61937297,,,Share,2021-02-10,SGD,19711.22,USD,13925.08,,,,Singapore Airlines Ltd,SGD,SGD,4.37,2021-02-10,1,4000,4000,SGD,17480,ISIN,SG1V61937297,Valor,3106596,Bloomberg,SIA SP,SG1V61937297,SG/Singapore,,,,,,,,,USD,13184.18,,,,,SARA,000020750927,,,,,,,,,,,,,,,,,,,,
,020,POS,"Stock Balance - Feb 10, 2021",lghths-sg,140996076,SAR,140996076,83667931.6000,83667931,83667931.6000,USD,SGD,MYL7113OO003,,,Share,2021-02-10,SGD,19904.47,USD,14521.64,,,,Top Glove Corporation Bhd,MYR,SGD,2.03,2021-02-10,1,7800,7800,SGD,15834,ISIN,MYL7113OO003,Valor,1197605,Bloomberg,TOPG MK,MYL7113OO003,MY/Malaysia,,,,,,,,,USD,11942.7,,,,,SARA,000002537305,3.05015,,,,,,,,,,,,,,,,,,,
,020,POS,"Stock Balance - Feb 10, 2021",lghths-sg,141022909,SAR,141022909,83667931.6000,83667931,83667931.6000,USD,USD,US81141R1005,,,Share,2021-02-10,USD,16789,,,,,,Sea Ltd -ADR-,USD,USD,270.97,2021-02-09,1,85,85,USD,23032.45,ISIN,US81141R1005,Valor,38497535,SARA,000133148797,US81141R1005,KY/Cayman Islands,,,,,,,,,,,,,,,,,,,,,,,,,,,,,,,,,,,,
,020,POS,"Stock Balance - Feb 10, 2021",lghths-sg,141952076,SAR,141952076,83667931.6000,83667931,83667931.6000,USD,USD,US88160R1014,,,Share,2021-02-10,USD,16281.8,,,,,,Tesla Inc,USD,USD,804.82,2021-02-09,1,28,28,USD,22534.96,ISIN,US88160R1014,Valor,11448018,SARA,000026499970,US88160R1014,US/United States of America,,,,,,,,,,,,,,,,,,,,,,,,,,,,,,,,,,,,
,020,POS,"Stock Balance - Feb 10, 2021",lghths-sg,142190406,SAR,142190406,83667931.6000,83667931,83667931.6000,USD,USD,US62914V1061,,,Share,2021-02-10,USD,19402,,,,,,Nio Inc -ADR- -A-,USD,USD,61.26,2021-02-09,1,312,312,USD,19113.12,ISIN,US62914V1061,Valor,43286578,Bloomberg,NIO US,US62914V1061,KY/Cayman Islands,,,,,,,,,,,,,,,SARA,000135493931,,,,,,,,,,,,,,,,,,,,
,020,POS,"Stock Balance - Feb 10, 2021",lghths-sg,139402899,SAR,139402899,83676187.6000,83676187,83676187.6000,USD,GBP,GB0004082847,,,Share,2021-02-10,GBP,176883.93,USD,229897.99,,,,Standard Chartered Plc,GBP,GBP,4.633,2021-02-10,1,14049,14049,GBP,65089.02,ISIN,GB0004082847,Valor,1110646,SARA,000000422184,GB0004082847,GB/United Kingdom,,,,,,,,,USD,90115.09,,,,,,,,,,,,,,,,,,,,,,,,,,
,020,POS,"Stock Balance - Feb 10, 2021",lghths-sg,139402907,SAR,139402907,83676187.6000,83676187,83676187.6000,USD,USD,IE00BLNN3691,,,Share,2021-02-10,USD,453426.96,,,,,,Weatherford International Ltd,USD,USD,9.0,2021-02-09,1,24,24,USD,216,ISIN,IE00BLNN3691,Valor,24230735,SARA,000123618494,IE00BLNN3691,IE/Ireland,,,,,,,,,,,,,,,,,,,,,,,,,,,,,,,,,,,,
,020,POS,"Stock Balance - Feb 10, 2021",lghths-sg,139402910,SAR,139402910,83676187.6000,83676187,83676187.6000,USD,USD,IE00BL3HR700,,,Warrant,2021-02-10,,,,,,,,Weatherford International Ltd Wt.13.12.2023,USD,USD,0.18,2021-02-09,1,271,271,USD,48.78,ISIN,IE00BL3HR700,Valor,51640992,SARA,000139212204,IE00BL3HR700,IE/Ireland,,,,,,,,,,,,,,,,,,1,99.96,2023-12-13,,ISIN,IE00BLNN3691,Weatherford International Ltd,Share,,,,,,,,,,,
,020,POS,"Stock Balance - Feb 10, 2021",lghths-sg,139402912,SAR,139402912,83676187.6000,83676187,83676187.6000,USD,USD,XS1791728790,,,Bond,2021-02-10,USD,202500,,,,,,7.25% Global Prime Capital Pte Ltd Gtd.Bonds 2018-2021,USD,USD,100.645,2021-02-09,.01,200000,200000,USD,201290,ISIN,XS1791728790,Valor,41516072,SARA,000134464876,XS1791728790,SG/Singapore,2018-04-26,2021-04-26,7.25,30E/360,2,2018-10-26,USD,BB-,,,USD,4188.89,,,,,,,,,,,,,,,,,,,,,,,,
,020,POS,"Stock Balance - Feb 10, 2021",lghths-sg,139402914,SAR,139402914,83676187.6000,83676187,83676187.6000,USD,USD,XS1062931396,,,Bond,2021-02-10,USD,200000,,,,,,5.75% TML Holdings Pte Ltd Notes 2014-2021 Senior,USD,USD,100.705,2021-02-09,.01,200000,200000,USD,201410,ISIN,XS1062931396,Valor,24364749,SARA,000117861202,XS1062931396,SG/Singapore,2014-05-07,2021-05-07,5.75,30/360,2,2014-11-07,USD,,,,USD,2970.83,,,,,,,,,,,,,,,,,,,,,,,,
,020,POS,"Stock Balance - Feb 10, 2021",lghths-sg,139402915,SAR,139402915,83676187.6000,83676187,83676187.6000,USD,USD,XS1556165477,,,Bond,2021-02-10,USD,204200,,,,,,5.25% China Water Affairs Group Ltd 2017-2022,USD,USD,101.375,2021-02-09,.01,200000,200000,USD,202750,ISIN,XS1556165477,Valor,35513710,SARA,000131042001,XS1556165477,BM/Bermuda,2017-02-07,2022-02-07,5.25,30E/360,2,2017-08-07,USD,BB+,,,USD,87.5,,,,,,,,,,,,,,,,,,,,,,,,
,020,POS,"Stock Balance - Feb 10, 2021",lghths-sg,139402916,SAR,139402916,83676187.6000,83676187,83676187.6000,USD,USD,USG50027AE42,,,Bond,2021-02-10,USD,211600,,,,,,5.625% Jaguar Land Rover Plc Notes 2013-2023 Senior Reg-S,USD,USD,100.3,2021-02-10,.01,200000,200000,USD,200600,ISIN,USG50027AE42,Valor,20549467,SARA,000082521405,USG50027AE42,GB/United Kingdom,2013-01-28,2023-02-01,5.625,30E/360,2,2013-08-01,USD,B,,,USD,281.25,,,,,,,,,,,,,,,,,,,,,,,,
,020,POS,"Stock Balance - Feb 10, 2021",lghths-sg,139412744,SAR,139412744,83676187.6000,83676187,83676187.6000,USD,HKD,GB0005405286,,,Share,2021-02-10,HKD,2733628.67,USD,351905.36,,,,HSBC Holdings Plc,GBP,HKD,42.6,2021-02-10,1,38597,38597,HKD,1644232.2,ISIN,GB0005405286,Valor,411161,SARA,000000415042,GB0005405286,GB/United Kingdom,,,,,,,,,USD,212097.85,,,,,,,0.093171,,,,,,,,,,,,,,,,,,,
,020,POS,"Stock Balance - Feb 10, 2021",lghths-sg,139416506,SAR,139416506,83676187.6000,83676187,83676187.6000,USD,USD,KYG7777A1067,,,Fund,2021-02-10,USD,199958.72,,,,,,SageOne India Growth Fund (USD) -A-,USD,USD,166.246976,2020-12-31,1,1442.130328,1442.130328,USD,239749.81,ISIN,KYG7777A1067,Valor,25908072,SARA,000133713887,KYG7777A1067,KY/Cayman Islands,,,,,,,,,,,,,,,,,,,,,,,,,,,,,,,,,,,,
,020,POS,"Stock Balance - Feb 10, 2021",lghths-sg,139518647,SAR,139518647,83676187.6000,83676187,83676187.6000,USD,USD,CH0400441280,,,Bond,2021-02-10,USD,199250,,,,,,5% UBS Group AG Contingent Convertible Floating Rate Notes  2018-Perpetual Subordinated,USD,USD,101.32,2021-02-10,.01,200000,200000,USD,202640,ISIN,CH0400441280,Valor,40044128,SARA,000133807554,CH0400441280,CH/Switzerland,2018-01-31,4712-12-31,5.0,30/360,1,2019-01-31,USD,BB,,,USD,277.78,,,,,,,,,,,,,,,,,,,,,,,,
,020,POS,"Stock Balance - Feb 10, 2021",lghths-sg,140817383,SAR,140817383,83676187.6000,83676187,83676187.6000,USD,USD,KYG7943S1140,,,Fund,2021-02-10,USD,201000,,,,,,SCUBE Investment Management SPC Fixed Income Tactical Opportunities Fund Series 2 -Cash Option-,USD,USD,1067.0686,2021-01-04,1,200,200,USD,213413.72,ISIN,KYG7943S1140,Valor,55646201,SARA,000140636795,KYG7943S1140,KY/Cayman Islands,,,,,,,,,,,,,,,,,,,,,,,,,,,,,,,,,,,,
,020,POS,"Stock Balance - Feb 10, 2021",lghths-sg,142489528,SAR,142489528,83676187.6000,83676187,83676187.6000,USD,GBP,XS2268319089,,,Bond,2021-02-10,GBP,200000,USD,274629,,,,8% UBS AG London Standard Chartered Plc STR 3.3447 HSBC Holdings Plc STR 2.8810 Callable Fixed Coupon Notes 15.02.2022 Repayment cash or physical,GBP,GBP,98.58,2021-02-09,.01,200000,200000,GBP,197160,ISIN,XS2268319089,Valor,59420676,SARA,000142484926,XS2268319089,GB/United Kingdom,2021-02-15,2022-02-22,0.0,,2,2021-08-23,GBP,,USD,272966.05,,,,,,,,,,,,,,,,,,,,,,,,,,
,020,POS,"Stock Balance - Feb 10, 2021",lghths-sg,140130807,SAR,140130807,83677193.6000,83677193,83677193.6000,USD,USD,CH0276345995,,,Share,2021-02-10,USD,195252.48,,,,,,Bank J.Safra Sarasin AG Dynamic Sustainable Technology Disruptors Reference Portfolio USD Tracker Cert.2017-Perpetual,USD,USD,2341.55278575,2021-02-10,1,136,136,USD,318451.18,ISIN,CH0276345995,Valor,27634599,SARA,000131339805,CH0276345995,CH/Switzerland,2017-03-02,,,,,,,,,,,,,,,,,,,,,,,,,,,,,,,,,,,
,020,POS,"Stock Balance - Feb 10, 2021",lghths-sg,140138978,SAR,140138978,83677193.6000,83677193,83677193.6000,USD,USD,US0231351067,,,Share,2021-02-10,USD,92625,,,,,,Amazon.com Inc,USD,USD,3286.58,2021-02-09,1,39,39,USD,128176.62,ISIN,US0231351067,Valor,645156,Bloomberg,AMZN US,US0231351067,US/United States of America,,,,,,,,,,,,,,,SARA,000000416730,,,,,,,,,,,,,,,,,,,,
,020,POS,"Stock Balance - Feb 10, 2021",lghths-sg,140138985,SAR,140138985,83677193.6000,83677193,83677193.6000,USD,USD,US30303M1027,,,Share,2021-02-10,USD,11112.88,,,,,,Facebook Inc -A-,USD,USD,271.87,2021-02-09,1,62,62,USD,16855.94,ISIN,US30303M1027,Valor,14917609,Bloomberg,FB US,US30303M1027,US/United States of America,,,,,,,,,,,,,,,SARA,000031299007,,,,,,,,,,,,,,,,,,,,
,020,POS,"Stock Balance - Feb 10, 2021",lghths-sg,140138988,SAR,140138988,83677193.6000,83677193,83677193.6000,USD,USD,US70450Y1038,,,Share,2021-02-10,USD,21475.2,,,,,,PayPal Holdings Inc,USD,USD,283.18,2021-02-09,1,192,192,USD,54370.56,ISIN,US70450Y1038,Valor,28467085,SARA,000125841357,US70450Y1038,US/United States of America,,,,,,,,,,,,,,,,,,,,,,,,,,,,,,,,,,,,
,020,POS,"Stock Balance - Feb 10, 2021",lghths-sg,140138999,SAR,140138999,83677193.6000,83677193,83677193.6000,USD,HKD,KYG875721634,,,Share,2021-02-10,HKD,122880,USD,15853.34,,,,Tencent Holdings Ltd,HKD,HKD,761.0,2021-02-10,1,300,300,HKD,228300,ISIN,KYG875721634,Valor,24014323,SARA,000119678126,KYG875721634,KY/Cayman Islands,,,,,,,,,USD,29449.58,,,,,,,,,,,,,,,,,,,,,,,,,,
,020,POS,"Stock Balance - Feb 10, 2021",lghths-sg,140139006,SAR,140139006,83677193.6000,83677193,83677193.6000,USD,USD,US6936561009,,,Share,2021-02-10,USD,37699.2,,,,,,PVH Corp,USD,USD,95.86,2021-02-09,1,840,840,USD,80522.4,ISIN,US6936561009,Valor,13341368,SARA,000029048907,US6936561009,US/United States of America,,,,,,,,,,,,,,,,,,,,,,,,,,,,,,,,,,,,
,020,POS,"Stock Balance - Feb 10, 2021",lghths-sg,140139009,SAR,140139009,83677193.6000,83677193,83677193.6000,USD,USD,US88160R1014,,,Share,2021-02-10,USD,737304.42,,,,,,Tesla Inc,USD,USD,804.82,2021-02-09,1,4890,4890,USD,3935569.8,ISIN,US88160R1014,Valor,11448018,SARA,000026499970,US88160R1014,US/United States of America,,,,,,,,,,,,,,,,,,,,,,,,,,,,,,,,,,,,
,020,POS,"Stock Balance - Feb 10, 2021",lghths-sg,140139010,SAR,140139010,83677193.6000,83677193,83677193.6000,USD,USD,LU1139789298,,,Fund,2021-02-10,USD,36234,,,,,,Ninety One Global Strategy Fund Sicav- All China Equity (USD) -IX- Capitalisation,USD,USD,40.46,2021-02-09,1,1350,1350,USD,54621,ISIN,LU1139789298,Valor,28286186,SARA,000129194049,LU1139789298,LU/Luxembourg,,,,,,,,,,,,,,,,,,,,,,,,,,,,,,,,,,,,
,020,POS,"Stock Balance - Feb 10, 2021",lghths-sg,140139016,SAR,140139016,83677193.6000,83677193,83677193.6000,USD,USD,LU1076353199,,,Fund,2021-02-10,USD,122683.8,,,,,,Ashmore Sicav- Emerging Markets Short Duration Fund (USD) -Z- Capitalisation,USD,USD,107.76,2021-02-09,1,1460,1460,USD,157329.6,ISIN,LU1076353199,Valor,32859655,SARA,000132418292,LU1076353199,LU/Luxembourg,,,,,,,,,,,,,,,,,,,,,,,,,,,,,,,,,,,,
,020,POS,"Stock Balance - Feb 10, 2021",lghths-sg,140139032,SAR,140139032,83677193.6000,83677193,83677193.6000,USD,USD,US57636Q1040,,,Share,2021-02-10,USD,415952,,,,,,Mastercard Inc -A-,USD,USD,334.21,2021-02-09,1,1600,1600,USD,534736,ISIN,US57636Q1040,Valor,2282206,Bloomberg,MA UN,US57636Q1040,US/United States of America,,,,,,,,,,,,,,,SARA,000005979694,,,,,,,,,,,,,,,,,,,,
,020,POS,"Stock Balance - Feb 10, 2021",lghths-sg,140139036,SAR,140139036,83677193.6000,83677193,83677193.6000,USD,USD,LU0599947602,,,Fund,2021-02-10,USD,215169.2,,,,,,DWS Concept Sicav-Kaldemorgen (USD) -LCH- Capitalisation,USD,USD,142.07,2021-02-10,1,1660,1660,USD,235836.2,ISIN,LU0599947602,Valor,18636996,SARA,000119902979,LU0599947602,LU/Luxembourg,,,,,,,,,,,,,,,,,,,,,,,,,,,,,,,,,,,,
,020,POS,"Stock Balance - Feb 10, 2021",lghths-sg,140139046,SAR,140139046,83677193.6000,83677193,83677193.6000,USD,USD,US92826C8394,,,Share,2021-02-10,USD,339080,,,,,,Visa Inc -A-,USD,USD,206.44,2021-02-09,1,2000,2000,USD,412880,ISIN,US92826C8394,Valor,3826452,Bloomberg,V UN,US92826C8394,US/United States of America,,,,,,,,,,,,,,,SARA,000021485316,,,,,,,,,,,,,,,,,,,,
,020,POS,"Stock Balance - Feb 10, 2021",lghths-sg,140139051,SAR,140139051,83677193.6000,83677193,83677193.6000,USD,USD,US4642887602,,,Fund,2021-02-10,USD,315040,,,,,,iShares U.S. Aerospace & Defense ETF,USD,USD,97.56,2021-02-09,1,4000,4000,USD,390240,ISIN,US4642887602,Valor,2552726,SARA,000028200389,US4642887602,US/United States of America,,,,,,,,,,,,,,,,,,,,,,,,,,,,,,,,,,,,
,020,POS,"Stock Balance - Feb 10, 2021",lghths-sg,140139062,SAR,140139062,83677193.6000,83677193,83677193.6000,USD,USD,US01609W1027,,,Share,2021-02-10,USD,419000,,,,,,Alibaba Group Holding Ltd -ADS- (8 Shs),USD,USD,267.79,2021-02-09,1,2000,2000,USD,535580,ISIN,US01609W1027,Valor,24409862,SARA,000123993236,US01609W1027,KY/Cayman Islands,,,,,,,,,,,,,,,,,,,,,,,,,,,,,,,,,,,,
,020,POS,"Stock Balance - Feb 10, 2021",lghths-sg,140139064,SAR,140139064,83677193.6000,83677193,83677193.6000,USD,USD,HK0000055555,,,Fund,2021-02-10,USD,214751.25,,,,,,JPMorgan ASEAN Fund -USD- Capitalisation,USD,USD,148.93,2021-02-09,1,2025,2025,USD,301583.25,ISIN,HK0000055555,Valor,10525833,Bloomberg,JFASEAI HK,HK0000055555,HK/Hong Kong,,,,,,,,,,,,,,,SARA,000025146326,,,,,,,,,,,,,,,,,,,,
,020,POS,"Stock Balance - Feb 10, 2021",lghths-sg,140139067,SAR,140139067,83677193.6000,83677193,83677193.6000,USD,USD,LU0792612383,,,Fund,2021-02-10,USD,30763.2,,,,,,Franklin Templeton Investment Funds Sicav-India (USD) -W- Capitalisation,USD,USD,25.22,2021-02-09,1,2040,2040,USD,51448.8,ISIN,LU0792612383,Valor,18819244,SARA,000064234678,LU0792612383,LU/Luxembourg,,,,,,,,,,,,,,,,,,,,,,,,,,,,,,,,,,,,
,020,POS,"Stock Balance - Feb 10, 2021",lghths-sg,140139073,SAR,140139073,83677193.6000,83677193,83677193.6000,USD,USD,LU0322253229,,,Fund,2021-02-10,USD,80695.05,,,,,,Xtrackers Sicav- S&P Global Infrastructure Swap UCITS ETF (USD) -1C- Capitalisation,CHF,USD,47.19,2021-02-10,1,2130,2130,USD,100514.7,ISIN,LU0322253229,Valor,3614442,SARA,000023160306,LU0322253229,LU/Luxembourg,2007-10-31,,,,,,,,,,,,,,,,0.8904,,,,,,,,,,,,,,,,,,,
,020,POS,"Stock Balance - Feb 10, 2021",lghths-sg,140139076,SAR,140139076,83677193.6000,83677193,83677193.6000,USD,USD,US26210C1045,,,Share,2021-02-10,USD,44037.28,,,,,,Dropbox Inc -A-,USD,USD,23.91,2021-02-09,1,2296,2296,USD,54897.36,ISIN,US26210C1045,Valor,40655183,SARA,000134248881,US26210C1045,US/United States of America,,,,,,,,,,,,,,,,,,,,,,,,,,,,,,,,,,,,
,020,POS,"Stock Balance - Feb 10, 2021",lghths-sg,140139086,SAR,140139086,83677193.6000,83677193,83677193.6000,USD,USD,IE00B57X3V84,,,Fund,2021-02-10,USD,146092.38,,,,,,iShares II Plc-Dow Jones Global Sustainability Screened UCITS ETF (USD) Capitalisation,EUR,USD,53.84,2021-02-10,1,3715,3715,USD,200015.6,ISIN,IE00B57X3V84,Valor,12592831,SARA,000125565434,IE00B57X3V84,IE/Ireland,,,,,,,,,,,,,,,,,0.824368,,,,,,,,,,,,,,,,,,,
,020,POS,"Stock Balance - Feb 10, 2021",lghths-sg,140139092,SAR,140139092,83677193.6000,83677193,83677193.6000,USD,USD,IE00BKM4GZ66,,,Fund,2021-02-10,USD,92505.6,,,,,,iShares Plc- Core MSCI Emerging Markets IMI UCITS (USD) Capitalisation,USD,USD,39.35,2021-02-10,1,3840,3840,USD,151104,ISIN,IE00BKM4GZ66,Valor,24209517,SARA,000123910804,IE00BKM4GZ66,IE/Ireland,,,,,,,,,,,,,,,,,,,,,,,,,,,,,,,,,,,,
,020,POS,"Stock Balance - Feb 10, 2021",lghths-sg,140139111,SAR,140139111,83677193.6000,83677193,83677193.6000,USD,USD,US2546871060,,,Share,2021-02-10,USD,426520,,,,,,Walt Disney Company,USD,USD,189.63,2021-02-09,1,4000,4000,USD,758520,ISIN,US2546871060,Valor,984192,Bloomberg,DIS US,US2546871060,US/United States of America,,,,,,,,,,,,,,,SARA,000000421596,,,,,,,,,,,,,,,,,,,,
,020,POS,"Stock Balance - Feb 10, 2021",lghths-sg,140139114,SAR,140139114,83677193.6000,83677193,83677193.6000,USD,USD,IE00BM67HK77,,,Fund,2021-02-10,USD,181790,,,,,,Xtrackers (IE) Plc- MSCI World Health Care UCITS ETF (USD) -1C- Capitalisation,USD,USD,44.11,2021-02-10,1,4900,4900,USD,216139,ISIN,IE00BM67HK77,Valor,31660585,SARA,000127521739,IE00BM67HK77,IE/Ireland,,,,,,,,,,,,,,,,,,,,,,,,,,,,,,,,,,,,
,020,POS,"Stock Balance - Feb 10, 2021",lghths-sg,140139129,SAR,140139129,83677193.6000,83677193,83677193.6000,USD,USD,US9229087104,,,Fund,2021-02-10,USD,1404918.2,,,,,,Vanguard 500 Index Fund (EUR) -Admiral- Distribution,USD,USD,361.78,2021-02-08,1,5290,5290,USD,1913816.2,ISIN,US9229087104,Valor,1156931,SARA,000129754681,US9229087104,US/United States of America,,,,,,,,,,,,,,,,,,,,,,,,,,,,,,,,,,,,
,020,POS,"Stock Balance - Feb 10, 2021",lghths-sg,140139136,SAR,140139136,83677193.6000,83677193,83677193.6000,USD,USD,US5949181045,,,Share,2021-02-10,USD,1046238.8,,,,,,Microsoft Corp,USD,USD,242.82,2021-02-09,1,5858,5858,USD,1422439.56,ISIN,US5949181045,Valor,951692,Bloomberg,MSFT US,US5949181045,US/United States of America,,,,,,,,,,,,,,,SARA,000000420853,,,,,,,,,,,,,,,,,,,,
,020,POS,"Stock Balance - Feb 10, 2021",lghths-sg,140139137,SAR,140139137,83677193.6000,83677193,83677193.6000,USD,USD,LU0292454872,,,Fund,2021-02-10,USD,138300,,,,,,JPMorgan Funds Sicav- US Select Equity Plus (USD) -A- Capitalisation,USD,USD,32.52,2021-02-10,1,6000,6000,USD,195120,ISIN,LU0292454872,Valor,3031842,SARA,000023844172,LU0292454872,LU/Luxembourg,,,,,,,,,,,,,,,,,,,,,,,,,,,,,,,,,,,,
,020,POS,"Stock Balance - Feb 10, 2021",lghths-sg,140139140,SAR,140139140,83677193.6000,83677193,83677193.6000,USD,USD,IE00B1TXHL60,,,Fund,2021-02-10,USD,103383.6,,,,,,iShares II Plc- Listed Private Equity UCITS ETF (USD),USD,USD,25.795,2021-02-10,1,6060,6060,USD,156317.7,ISIN,IE00B1TXHL60,Valor,3007862,SARA,000025595322,IE00B1TXHL60,IE/Ireland,,,,,,,,,,,,,,,,,,,,,,,,,,,,,,,,,,,,
,020,POS,"Stock Balance - Feb 10, 2021",lghths-sg,140139148,SAR,140139148,83677193.6000,83677193,83677193.6000,USD,USD,LU1169991020,,,Fund,2021-02-10,USD,201594.5,,,,,,Janus Henderson Horizon Fund Sicav- Pan European Smaller Companies (USD) -A2- Capitalisation,USD,USD,54.0,2021-02-10,1,6290,6290,USD,339660,ISIN,LU1169991020,Valor,27210766,SARA,000129193698,LU1169991020,LU/Luxembourg,,,,,,,,,,,,,,,,,,,,,,,,,,,,,,,,,,,,
,020,POS,"Stock Balance - Feb 10, 2021",lghths-sg,140139155,SAR,140139155,83677193.6000,83677193,83677193.6000,USD,USD,IE00BYZK4552,,,Fund,2021-02-10,USD,54544.5,,,,,,iShares IV Plc- Automation & Robotics UCITS ETF,USD,USD,12.88,2021-02-10,1,7650,7650,USD,98532,ISIN,IE00BYZK4552,Valor,33305410,SARA,000130065573,IE00BYZK4552,IE/Ireland,,,,,,,,,,,,,,,,,,,,,,,,,,,,,,,,,,,,
,020,POS,"Stock Balance - Feb 10, 2021",lghths-sg,140139159,SAR,140139159,83677193.6000,83677193,83677193.6000,USD,USD,LU0943300680,,,Fund,2021-02-10,USD,117387.94,,,,,,Schroder International Selection Fund Sicav- Japanese Opportunities (USD) -A- hedged Capitalisation,USD,USD,20.1844,2021-02-10,1,8020,8020,USD,161878.89,ISIN,LU0943300680,Valor,21607506,SARA,000101207542,LU0943300680,LU/Luxembourg,,,,,,,,,,,,,,,,,,,,,,,,,,,,,,,,,,,,
,020,POS,"Stock Balance - Feb 10, 2021",lghths-sg,140139168,SAR,140139168,83677193.6000,83677193,83677193.6000,USD,USD,IE00BM67HL84,,,Fund,2021-02-10,USD,119026.88,,,,,,Xtrackers (IE) Plc- MSCI World Financials UCITS ETF (USD) -1C- Capitalisation,USD,USD,21.2075,2021-02-10,1,8250,8250,USD,174961.88,ISIN,IE00BM67HL84,Valor,31660574,SARA,000127521738,IE00BM67HL84,IE/Ireland,,,,,,,,,,,,,,,,,,,,,,,,,,,,,,,,,,,,
,020,POS,"Stock Balance - Feb 10, 2021",lghths-sg,140139173,SAR,140139173,83677193.6000,83677193,83677193.6000,USD,USD,LU1184092051,,,Fund,2021-02-10,USD,89057.85,,,,,,Xtrackers Sicav-MSCI Europe UCITS ETF (USD) -2C- Capitalisation,USD,USD,11.625,2021-02-10,1,9530,9530,USD,110786.25,ISIN,LU1184092051,Valor,27165551,SARA,000133521479,LU1184092051,LU/Luxembourg,,,,,,,,,,,,,,,,,,,,,,,,,,,,,,,,,,,,
,020,POS,"Stock Balance - Feb 10, 2021",lghths-sg,140139178,SAR,140139178,83677193.6000,83677193,83677193.6000,USD,USD,LU0490618542,,,Fund,2021-02-10,USD,521503.73,,,,,,Xtrackers Sicav-S&P 500 Swap UCITS ETF (USD) -1C- Capitalisation,EUR,USD,73.61,2021-02-10,1,9765,9765,USD,718801.65,ISIN,LU0490618542,Valor,11138249,SARA,000028122252,LU0490618542,LU/Luxembourg,,,,,,,,,,,,,,,,,0.824368,,,,,,,,,,,,,,,,,,,
,020,POS,"Stock Balance - Feb 10, 2021",lghths-sg,140139183,SAR,140139183,83677193.6000,83677193,83677193.6000,USD,USD,LU0927735406,,,Fund,2021-02-10,USD,212291.7,,,,,,Xtrackers Sicav-MSCI Japan UCITS ETF (USD) -2D- Distribution,USD,USD,26.41,2021-02-10,1,10680,10680,USD,282058.8,ISIN,LU0927735406,Valor,21557276,SARA,000110737610,LU0927735406,LU/Luxembourg,,,,,,,,,,,,,,,,,,,,,,,,,,,,,,,,,,,,
,020,POS,"Stock Balance - Feb 10, 2021",lghths-sg,140139191,SAR,140139191,83677193.6000,83677193,83677193.6000,USD,EUR,IE00BG7PJ914,,,Fund,2021-02-10,EUR,495120,USD,537174.01,,,,Barings Investment Funds Plc- Europe Select (EUR) -B- Unhedged Distribution,EUR,EUR,56.07,2021-02-10,1,12000,12000,EUR,672840,ISIN,IE00BG7PJ914,Valor,45464924,SARA,000137710631,IE00BG7PJ914,IE/Ireland,,,,,,,,,USD,816188.56,,,,,,,,,,,,,,,,,,,,,,,,,,
,020,POS,"Stock Balance - Feb 10, 2021",lghths-sg,140139212,SAR,140139212,83677193.6000,83677193,83677193.6000,USD,USD,US33734X8469,,,Fund,2021-02-10,USD,512820,,,,,,First Trust NASDAQ Cybersecurity ETF,USD,USD,45.93,2021-02-09,1,18000,18000,USD,826740,ISIN,US33734X8469,Valor,28549941,SARA,000125850193,US33734X8469,US/United States of America,,,,,,,,,,,,,,,,,,,,,,,,,,,,,,,,,,,,
,020,POS,"Stock Balance - Feb 10, 2021",lghths-sg,140139216,SAR,140139216,83677193.6000,83677193,83677193.6000,USD,USD,US0846707026,,,Share,2021-02-10,USD,3522860,,,,,,Berkshire Hathaway Inc -B-,USD,USD,239.92,2021-02-09,1,18425,18425,USD,4420526,ISIN,US0846707026,Valor,10926529,Bloomberg,BRK/B US,US0846707026,US/United States of America,,,,,,,,,,,,,,,SARA,000025610650,,,,,,,,,,,,,,,,,,,,
,020,POS,"Stock Balance - Feb 10, 2021",lghths-sg,140139223,SAR,140139223,83677193.6000,83677193,83677193.6000,USD,HKD,KYG3777B1032,,,Share,2021-02-10,HKD,228735,USD,29510.21,,,,Geely Automobile Holdings Ltd,HKD,HKD,29.95,2021-02-10,1,19550,19550,HKD,585522.5,ISIN,KYG3777B1032,Valor,1812980,Bloomberg,175 HK,KYG3777B1032,KY/Cayman Islands,,,,,,,,,USD,75529.52,,,,,SARA,000024785919,,,,,,,,,,,,,,,,,,,,
,020,POS,"Stock Balance - Feb 10, 2021",lghths-sg,140139230,SAR,140139230,83677193.6000,83677193,83677193.6000,USD,EUR,LU0260085492,,,Fund,2021-02-10,EUR,774998.88,USD,840824.96,,,,The Jupiter Global Fund Sicav- European Growth  (EUR) -L- Capitalisation,EUR,EUR,43.15,2021-02-10,1,21198,21198,EUR,914693.7,ISIN,LU0260085492,Valor,2707263,SARA,000031523329,LU0260085492,LU/Luxembourg,,,,,,,,,USD,1109569.19,,,,,,,,,,,,,,,,,,,,,,,,,,
,020,POS,"Stock Balance - Feb 10, 2021",lghths-sg,140139244,SAR,140139244,83677193.6000,83677193,83677193.6000,USD,USD,IE00BYZK4669,,,Fund,2021-02-10,USD,119496.56,,,,,,iShares IV Plc- Ageing Population UCITS ETF,USD,USD,7.59,2021-02-10,1,24325,24325,USD,184626.75,ISIN,IE00BYZK4669,Valor,33305420,SARA,000130065572,IE00BYZK4669,IE/Ireland,,,,,,,,,,,,,,,,,,,,,,,,,,,,,,,,,,,,
,020,POS,"Stock Balance - Feb 10, 2021",lghths-sg,140139248,SAR,140139248,83677193.6000,83677193,83677193.6000,USD,USD,US33738R6053,,,Fund,2021-02-10,USD,777330.54,,,,,,First Trust Dorsey Wright Focus 5 ETF,USD,USD,44.16,2021-02-09,1,26823,26823,USD,1184503.68,ISIN,US33738R6053,Valor,23632392,SARA,000106789452,US33738R6053,US/United States of America,,,,,,,,,,,,,,,,,,,,,,,,,,,,,,,,,,,,
,020,POS,"Stock Balance - Feb 10, 2021",lghths-sg,140139252,SAR,140139252,83677193.6000,83677193,83677193.6000,USD,USD,US0846491027,,,Fund,2021-02-10,USD,774974.5,,,,,,Berkshire Funds (USD) Distribution,USD,USD,47.87,2021-02-08,1,27201.632,27201.632,USD,1302142.12,ISIN,US0846491027,Valor,839013,SARA,000138882563,US0846491027,US/United States of America,,,,,,,,,,,,,,,,,,,,,,,,,,,,,,,,,,,,
,020,POS,"Stock Balance - Feb 10, 2021",lghths-sg,140139260,SAR,140139260,83677193.6000,83677193,83677193.6000,USD,USD,KYG2886W1078,,,Fund,2021-02-10,USD,30348.61,,,,,,Vietnam Phoenix Fund Ltd -In Liquidation-,USD,USD,0.2391,2020-12-31,1,129198,129198,USD,30891.24,ISIN,KYG2886W1078,Valor,2715048,Bloomberg,DWSVIET KY,KYG2886W1078,KY/Cayman Islands,,,,,,,,,,,,,,,SARA,000020988245,,,,,,,,,,,,,,,,,,,,
,020,POS,"Stock Balance - Feb 10, 2021",lghths-sg,140150219,SAR,140150219,83677193.6000,83677193,83677193.6000,USD,USD,US88032Q1094,,,Share,2021-02-10,USD,339228,,,,,,Tencent Holdings Ltd -ADR-,USD,USD,97.75,2021-02-10,1,6480,6480,USD,633420,ISIN,US88032Q1094,Valor,4752662,SARA,000028344274,US88032Q1094,KY/Cayman Islands,,,,,,,,,,,,,,,,,,,,,,,,,,,,,,,,,,,,
,020,POS,"Stock Balance - Feb 10, 2021",lghths-sg,140158326,SAR,140158326,83677193.6000,83677193,83677193.6000,USD,USD,US36847Q1031,,,Share,2021-02-10,USD,187636.8,,,,,,Geely Automobile Holdings Ltd -ADR- (20 Shs),USD,USD,76.6,2021-02-09,1,6240,6240,USD,477984,ISIN,US36847Q1031,Valor,10712481,SARA,000131633808,US36847Q1031,KY/Cayman Islands,,,,,,,,,,,,,,,,,,,,,,,,,,,,,,,,,,,,
,020,POS,"Stock Balance - Feb 10, 2021",lghths-sg,140766940,SAR,140766940,83677193.6000,83677193,83677193.6000,USD,USD,US00214Q1040,,,Fund,2021-02-10,USD,257562.52,,,,,,ARK Innovation ETF,USD,USD,153.1,2021-02-09,1,3090,3090,USD,473079,ISIN,US00214Q1040,Valor,25949494,SARA,000132130108,US00214Q1040,US/United States of America,,,,,,,,,,,,,,,,,,,,,,,,,,,,,,,,,,,,
,020,POS,"Stock Balance - Feb 10, 2021",lghths-sg,140774543,SAR,140774543,83677193.6000,83677193,83677193.6000,USD,USD,US7429351254,,,Fund,2021-02-10,USD,502675.01,,,,,,Professionally Managed Portfolios Akre Focus Fund (USD) -Institutional- Distribution,USD,USD,52.36,2021-01-29,1,9904.913,9904.913,USD,518621.24,ISIN,US7429351254,Valor,10507151,SARA,000140770052,US7429351254,US/United States of America,,,,,,,,,,,,,,,,,,,,,,,,,,,,,,,,,,,,
,020,POS,"Stock Balance - Feb 10, 2021",lghths-sg,140973259,SAR,140973259,83677193.6000,83677193,83677193.6000,USD,USD,US1729674242,,,Share,2021-02-10,USD,266076.37,,,,,,Citigroup Inc,USD,USD,63.62,2021-02-09,1,5000,5000,USD,318100,ISIN,US1729674242,Valor,12915350,Bloomberg,C US,US1729674242,US/United States of America,,,,,,,,,,,,,,,SARA,000028584584,,,,,,,,,,,,,,,,,,,,
,020,POS,"Stock Balance - Feb 10, 2021",lghths-sg,140973283,SAR,140973283,83677193.6000,83677193,83677193.6000,USD,USD,US0605051046,,,Share,2021-02-10,USD,268430.14,,,,,,Bank of America Corp,USD,USD,32.98,2021-02-09,1,10000,10000,USD,329800,ISIN,US0605051046,Valor,748628,Bloomberg,BAC UN,US0605051046,US/United States of America,,,,,,,,,,,,,,,SARA,000000418117,,,,,,,,,,,,,,,,,,,,
,020,POS,"Stock Balance - Feb 10, 2021",lghths-sg,142550447,SAR,142550447,83663279.6000,83663279,83663279.6000,USD,USD,000142528979,SARA,000142528979,Option,2021-02-10,USD,-1186,,,,,,British American Tobacco PLC Call 19.03.2021 40 (BTI US),USD,USD,0.56,2021-02-09,100,-40,-40,USD,-2240,,,,,,,,US/United States of America,,,,,,,,,,,,,,,,,,100,40,2021-03-19,C,ISIN,US1104481072,British American Tobacco Plc -ADR-,Share,S,,,,,,,,,,
,020,POS,"Cash Balance - Feb 10, 2021",lghths-sg,133980399,SAR,133980399,83663279.6000,83663279,83663279.4000/USD/KK,USD,USD,USD,CURRENCY,USD,Cash,2021-02-10,USD,492537.94,,,,portfolioID,83663279.6000,,,,,,,,,,,,,,,,,,,,,,,,,,,,,,,,,,,,,,,,,,,,,,,,,,,,,,
,020,POS,"Cash Balance - Feb 10, 2021",lghths-sg,134173977,SAR,134173977,83663279.6000,83663279,83663279.4001/GBP/KK,USD,GBP,GBP,CURRENCY,GBP,Cash,2021-02-10,GBP,0,USD,0,,portfolioID,83663279.6000,,,,,,,,,,,,,,,,,,,,,,,,,,,,,,,,,,,,,,,,,,,,,,,,,,,,,,
,020,POS,"Cash Balance - Feb 10, 2021",lghths-sg,134270852,SAR,134270852,83663279.6000,83663279,83663279.4002/SGD/KK,USD,SGD,SGD,CURRENCY,SGD,Cash,2021-02-10,SGD,0,USD,0,,portfolioID,83663279.6000,,,,,,,,,,,,,,,,,,,,,,,,,,,,,,,,,,,,,,,,,,,,,,,,,,,,,,
,020,POS,"Loan Balance - Feb 10, 2021",lghths-sg,142447937,SAR,142447937,83663279.6000,83663279,83663279,USD,GBP,GBP,CURRENCY,GBP,MoneyMarket,2021-02-10,GBP,-2125857.85,USD,-2943228.93,,portfolioID,83663279.6000,GBP Fixed Loan,,,,,,,,,,,,,,,,,,,,,,,,,,,,GBP,-615.04,USD,-851.52,,,,,,,,,,,,,Loan,Fixed,2021-02-26,GBP,-2125857.85,0.88,142447937,s/t Fixed Advance Fix GBP 0.88% 29.01.2021-26.02,2021-02-26,2021-01-29
,020,POS,"Loan Balance - Feb 10, 2021",lghths-sg,141849266,SAR,141849266,83663293.6000,83663293,83663293,USD,EUR,EUR,CURRENCY,EUR,MoneyMarket,2021-02-10,EUR,-291607.57,USD,-353734.56,,portfolioID,83663293.6000,EUR Fixed Loan,,,,,,,,,,,,,,,,,,,,,,,,,,,,EUR,-368.56,USD,-447.08,,,,,,,,,,,,,Loan,Fixed,2021-03-02,EUR,-291607.57,0.65,141849266,s/t Fixed Advance Fix EUR 0.65% 02.12.2020-02.03,2021-03-02,2020-12-02
,020,POS,"Loan Balance - Feb 10, 2021",lghths-sg,142419194,SAR,142419194,83663293.6000,83663293,83663293,USD,HKD,HKD,CURRENCY,HKD,MoneyMarket,2021-02-10,HKD,-1505860.89,USD,-194248.64,,portfolioID,83663293.6000,HKD Fixed Loan,,,,,,,,,,,,,,,,,,,,,,,,,,,,HKD,-872.57,USD,-112.56,,,,,,,,,,,,,Loan,Fixed,2021-02-26,HKD,-1505860.89,1.41,142419194,s/t Fixed Advance Fix HKD 1.41% 26.01.2021-26.02,2021-02-26,2021-01-26
,020,POS,"Loan Balance - Feb 10, 2021",lghths-sg,142561414,SAR,142561414,83663293.6000,83663293,83663293,USD,USD,USD,CURRENCY,USD,MoneyMarket,2021-02-10,USD,-234598.51,,,,portfolioID,83663293.6000,USD Fixed Loan,,,,,,,,,,,,,,,,,,,,,,,,,,,,,,,,,,,,,,,,,,,,Loan,Fixed,2021-03-11,USD,-234598.51,0.97,142561414,s/t Fixed Advance Fix USD 0.97% 11.02.2021-11.03,2021-03-11,2021-02-11
,020,POS,"Loan Balance - Feb 10, 2021",lghths-sg,141444043,SAR,141444043,83667931.6000,83667931,83667931,USD,EUR,EUR,CURRENCY,EUR,MoneyMarket,2021-02-10,EUR,-100050.8,USD,-121366.62,,portfolioID,83667931.6000,EUR Fixed Loan,,,,,,,,,,,,,,,,,,,,,,,,,,,,EUR,-297.65,USD,-361.06,,,,,,,,,,,,,Loan,Fixed,2021-07-14,EUR,-100050.8,0.9,141444043,s/t Fixed Advance Fix EUR 0.9% 14.10.2020-14.07.,2021-07-14,2020-10-14
,020,POS,"Loan Balance - Feb 10, 2021",lghths-sg,142561425,SAR,142561425,83667931.6000,83667931,83667931,USD,USD,USD,CURRENCY,USD,MoneyMarket,2021-02-10,USD,-332795.76,,,,portfolioID,83667931.6000,USD Fixed Loan,,,,,,,,,,,,,,,,,,,,,,,,,,,,USD,-11,,,,,,,,,,,,,,,Loan,Fixed,2021-02-16,USD,-332795.76,1.19,142561425,s/t Fixed Advance Fix USD 1.19% 09.02.2021-16.02,2021-02-16,2021-02-09
,020,POS,"Loan Balance - Feb 10, 2021",lghths-sg,142561432,SAR,142561432,83676187.6000,83676187,83676187,USD,USD,USD,CURRENCY,USD,MoneyMarket,2021-02-10,USD,-468297.44,,,,portfolioID,83676187.6000,USD Fixed Loan,,,,,,,,,,,,,,,,,,,,,,,,,,,,USD,-13.66,,,,,,,,,,,,,,,Loan,Fixed,2021-02-23,USD,-468297.44,1.05,142561432,s/t Fixed Advance Fix USD 1.05% 09.02.2021-23.02,2021-02-23,2021-02-09
,020,POS,"Stock Balance - Feb 10, 2021",lghths-sg,141129468,SAR,141129468,83663279.6000,83663279,83663279.6000,USD,SGD,SG2D63974620,,,Share,2021-02-10,SGD,100510.92,USD,73935.69,,,,AIMS APAC REIT,SGD,SGD,1.32,2021-02-10,1,83500,83500,SGD,110220,ISIN,SG2D63974620,Valor,13687016,Bloomberg,AAREIT SP,SG2D63974620,SG/Singapore,,,,,,,,,USD,83132.77,,,,,SARA,000029481966,,,,,,,,,,,,,,,,,,,,
,020,POS,"Stock Balance - Feb 10, 2021",lghths-sg,134149308,SAR,134149308,83663279.6000,83663279,83663279.6000,USD,USD,US02079K1079,,,Share,2021-02-10,USD,214707,,,,,,Alphabet Inc -C-,USD,USD,2095.38,2021-02-09,1,300,300,USD,628614,ISIN,US02079K1079,Valor,29798545,SARA,000126334673,US02079K1079,US/United States of America,,,,,,,,,,,,,,,,,,,,,,,,,,,,,,,,,,,,
,020,POS,"Stock Balance - Feb 10, 2021",lghths-sg,134149314,SAR,134149314,83663279.6000,83663279,83663279.6000,USD,USD,USY57657AA90,,,Bond,2021-02-10,USD,389880,,,,,,5.3% Marble II Pte Ltd Bond 2017-2022,USD,USD,101.05,2021-02-09,.01,400000,400000,USD,404200,ISIN,USY57657AA90,Valor,37153128,SARA,000132184737,USY57657AA90,SG/Singapore,2017-06-20,2022-06-20,5.3,30E/360,2,2017-12-20,USD,BB,,,USD,2944.44,,,,,,,,,,,,,,,,,,,,,,,,
,020,POS,"Stock Balance - Feb 10, 2021",lghths-sg,134149391,SAR,134149391,83663279.6000,83663279,83663279.6000,USD,USD,XS1492713505,,,Bond,2021-02-10,USD,399200,,,,,,5.5% State Bank of India Contingent Convertible Floating Rate Notes 2016-Perpetual,USD,USD,102.0,2021-02-09,.01,400000,400000,USD,408000,ISIN,XS1492713505,Valor,33981821,SARA,000129991155,XS1492713505,00939,2016-09-22,2021-09-22,5.5,30/360,2,2017-03-22,USD,B,,,USD,8433.33,,,,,,,,,,,,,,,,,,,,,,,,
,020,POS,"Stock Balance - Feb 10, 2021",lghths-sg,134149396,SAR,134149396,83663279.6000,83663279,83663279.6000,USD,USD,USF2893TAM83,,,Bond,2021-02-10,USD,318600,,,,,,5.625% Electricit� de France EDF Notes 2014-Perpetual Reg-S Subordinated,USD,USD,107.36,2021-02-10,.01,300000,300000,USD,322080,ISIN,USF2893TAM83,Valor,23404521,SARA,000104422680,USF2893TAM83,FR/France,2014-01-22,2046-06-17,5.625,30E/360,2,2014-07-22,USD,BB-,,,USD,843.75,,,,,,,,,,,,,,,,,,,,,,,,
,020,POS,"Stock Balance - Feb 10, 2021",lghths-sg,134149419,SAR,134149419,83663279.6000,83663279,83663279.6000,USD,USD,XS1423722823,,,Bond,2021-02-10,USD,313500,,,,,,5.875% QBE Insurance Group Ltd Contingent Convertible Floating Rate Emt-Notes 2016-2046,USD,USD,110.575,2021-02-09,.01,300000,300000,USD,331725,ISIN,XS1423722823,Valor,32942221,SARA,000129445087,XS1423722823,AU/Australia,2016-06-17,2046-06-17,5.875,30/360,2,2016-12-17,USD,BBB-,,,USD,2594.79,,,,,,,,,,,,,,,,,,,,,,,,
,020,POS,"Stock Balance - Feb 10, 2021",lghths-sg,134237583,SAR,134237583,83663279.6000,83663279,83663279.6000,USD,GBP,XD0018087144,,,Fund,2021-02-10,,,USD,0,,,,Synergy Multi-Strategy Fund Ltd (GBP) -B- Series 1 -In Liquidation-,GBP,GBP,0.00,2018-03-20,1,265.256,265.256,,,ISIN,XD0018087144,Valor,1808714,SARA,000134228704,XD0018087144,KY/Cayman Islands,,,,,,,,,,,,,,,,,,,,,,,,,,,,,,,,,,,,
,020,POS,"Stock Balance - Feb 10, 2021",lghths-sg,134237585,SAR,134237585,83663279.6000,83663279,83663279.6000,USD,USD,XD0018852000,,,Fund,2021-02-10,USD,1116.1,,,,,,Synergy Fund Ltd -A- Series 8 -In Liquidation-,USD,USD,5.5805,2013-11-29,1,200,200,USD,1116.1,ISIN,XD0018852000,Valor,1885200,SARA,000100560433,XD0018852000,KY/Cayman Islands,,,,,,,,,,,,,,,,,,,,,,,,,,,,,,,,,,,,
,020,POS,"Stock Balance - Feb 10, 2021",lghths-sg,134237591,SAR,134237591,83663279.6000,83663279,83663279.6000,USD,USD,KYG8646E2530,,,Fund,2021-02-10,,,,,,,,Synergy Fund Ltd (USD) -A- Series 7 -In Liquidation-,USD,USD,0.00,2018-03-20,1,200,200,,,ISIN,KYG8646E2530,Valor,1319516,SARA,000134228769,KYG8646E2530,KY/Cayman Islands,,,,,,,,,,,,,,,,,,,,,,,,,,,,,,,,,,,,
,020,POS,"Stock Balance - Feb 10, 2021",lghths-sg,134237613,SAR,134237613,83663279.6000,83663279,83663279.6000,USD,USD,IE00BCV7N601,,,Fund,2021-02-10,USD,0.01,,,,,,PIMCO Funds Global Investors Series Plc- Diversified Income Duration Hedged (USD) -E- Capitalisation,USD,USD,12.26,2021-02-09,1,0.001,0.001,USD,0.01,ISIN,IE00BCV7N601,Valor,22073677,SARA,000101207493,IE00BCV7N601,IE/Ireland,,,,,,,,,,,,,,,,,,,,,,,,,,,,,,,,,,,,
,020,POS,"Stock Balance - Feb 10, 2021",lghths-sg,134427962,SAR,134427962,83663279.6000,83663279,83663279.6000,USD,USD,XS1062931396,,,Bond,2021-02-10,USD,404900,,,,,,5.75% TML Holdings Pte Ltd Notes 2014-2021 Senior,USD,USD,100.705,2021-02-09,.01,400000,400000,USD,402820,ISIN,XS1062931396,Valor,24364749,SARA,000117861202,XS1062931396,SG/Singapore,2014-05-07,2021-05-07,5.75,30/360,2,2014-11-07,USD,,,,USD,5941.67,,,,,,,,,,,,,,,,,,,,,,,,
,020,POS,"Stock Balance - Feb 10, 2021",lghths-sg,134428030,SAR,134428030,83663279.6000,83663279,83663279.6000,USD,USD,XS1493722299,,,Bond,2021-02-10,USD,58940.83,,,,,,4.875% Jubilant Pharma Ltd Notes 2016-2021,USD,USD,100.905,2021-02-09,.01,200000,200000,USD,67270,ISIN,XS1493722299,Valor,34159037,SARA,000130170573,XS1493722299,SG/Singapore,2016-10-06,2021-10-06,4.875,30/360,2,2017-04-06,USD,BB-,,,USD,3358.33,,,,,,,,,,,,,,,,,,,,,,,,
,020,POS,"Stock Balance - Feb 10, 2021",lghths-sg,134428056,SAR,134428056,83663279.6000,83663279,83663279.6000,USD,USD,XS1556165477,,,Bond,2021-02-10,USD,202296,,,,,,5.25% China Water Affairs Group Ltd 2017-2022,USD,USD,101.375,2021-02-09,.01,200000,200000,USD,202750,ISIN,XS1556165477,Valor,35513710,SARA,000131042001,XS1556165477,BM/Bermuda,2017-02-07,2022-02-07,5.25,30E/360,2,2017-08-07,USD,BB+,,,USD,87.5,,,,,,,,,,,,,,,,,,,,,,,,
,020,POS,"Stock Balance - Feb 10, 2021",lghths-sg,135511815,SAR,135511815,83663279.6000,83663279,83663279.6000,USD,USD,XS1791728790,,,Bond,2021-02-10,USD,200500,,,,,,7.25% Global Prime Capital Pte Ltd Gtd.Bonds 2018-2021,USD,USD,100.645,2021-02-09,.01,200000,200000,USD,201290,ISIN,XS1791728790,Valor,41516072,SARA,000134464876,XS1791728790,SG/Singapore,2018-04-26,2021-04-26,7.25,30E/360,2,2018-10-26,USD,BB-,,,USD,4188.89,,,,,,,,,,,,,,,,,,,,,,,,
,020,POS,"Stock Balance - Feb 10, 2021",lghths-sg,137220345,SAR,137220345,83663279.6000,83663279,83663279.6000,USD,USD,XS1958658509,,,Bond,2021-02-10,USD,404800,,,,,,6% Jubilant Pharma Ltd Bonds 2019-2024 RegS,USD,USD,105.885,2021-02-09,.01,400000,400000,USD,423540,ISIN,XS1958658509,Valor,46710638,SARA,000136837239,XS1958658509,SG/Singapore,2019-03-05,2024-03-05,6.0,30E/360,2,2019-09-05,USD,BB-,,,USD,10333.33,,,,,,,,,,,,,,,,,,,,,,,,
,020,POS,"Stock Balance - Feb 10, 2021",lghths-sg,137320270,SAR,137320270,83663279.6000,83663279,83663279.6000,USD,USD,XS1981202861,,,Bond,2021-02-10,USD,201080,,,,,,5.95% JSW Steel Ltd Bonds 2019-2024 RegS,USD,USD,107.15,2021-02-09,.01,200000,200000,USD,214300,ISIN,XS1981202861,Valor,47429326,SARA,000137302060,XS1981202861,IN/India,2019-04-18,2024-04-18,5.95,30/360,2,2019-10-18,USD,BB,,,USD,3702.22,,,,,,,,,,,,,,,,,,,,,,,,
,020,POS,"Stock Balance - Feb 10, 2021",lghths-sg,138136578,SAR,138136578,83663279.6000,83663279,83663279.6000,USD,SGD,SG1AA5000001,,,Share,2021-02-10,SGD,270499.27,USD,182549.51,,,,Frasers Hospitality Trust REIT,SGD,SGD,0.5,2021-02-10,1,382500,382500,SGD,191250,ISIN,SG1AA5000001,Valor,24766830,Bloomberg,FHT SP,SG1AA5000001,SG/Singapore,,,,,,,,,USD,144249.15,,,,,SARA,000123695896,,,,,,,,,,,,,,,,,,,,
,020,POS,"Stock Balance - Feb 10, 2021",lghths-sg,138265584,SAR,138265584,83663279.6000,83663279,83663279.6000,USD,USD,XS1954554652,,,Bond,2021-02-10,USD,405460,,,,,,7.75% E-House (China) Enterprise Holdings Ltd Bonds 2019-2021,USD,USD,100.11,2021-02-09,.01,400000,400000,USD,400440,ISIN,XS1954554652,Valor,46603196,SARA,000136779763,XS1954554652,KY/Cayman Islands,2019-02-28,2021-02-28,7.75,30/360,2,2019-08-28,USD,BB-,,,USD,13950,,,,,,,,,,,,,,,,,,,,,,,,
,020,POS,"Stock Balance - Feb 10, 2021",lghths-sg,138958001,SAR,138958001,83663279.6000,83663279,83663279.6000,USD,USD,XS1753595328,,,Bond,2021-02-10,USD,288975,,,,,,5.45% Abja Investment Co Pte Ltd Notes 2018-2028 Reg-S,USD,USD,105.4,2021-02-09,.01,300000,300000,USD,316200,ISIN,XS1753595328,Valor,40014007,SARA,000133765006,XS1753595328,SG/Singapore,2018-01-24,2028-01-24,5.45,30/360,2,2018-07-24,USD,B+,,,USD,726.67,,,,,,,,,,,,,,,,,,,,,,,,
,020,POS,"Stock Balance - Feb 10, 2021",lghths-sg,138958048,SAR,138958048,83663279.6000,83663279,83663279.6000,USD,USD,US62828M2A84,,,Bond,2021-02-10,USD,204700,,,,,,6.125% Muthoot Finance Ltd MT-Notes 2019-2022 Global RegS,USD,USD,105.1,2021-02-09,.01,200000,200000,USD,210200,ISIN,US62828M2A84,Valor,50738431,SARA,000138717209,US62828M2A84,IN/India,2019-10-31,2022-10-31,6.125,30E/360,2,2020-04-30,USD,BB,,,USD,3402.78,,,,,,,,,,,,,,,,,,,,,,,,
,020,POS,"Stock Balance - Feb 10, 2021",lghths-sg,139394548,SAR,139394548,83663279.6000,83663279,83663279.6000,USD,USD,XS2090080172,,,Bond,2021-02-10,USD,254595,,,,,,5.9% Manappuram Finance Ltd Emt-Notes 2020-2023 Secured,USD,USD,104.29,2021-02-09,.01,250000,250000,USD,260725,ISIN,XS2090080172,Valor,51830341,SARA,000139292337,XS2090080172,IN/India,2020-01-13,2023-01-13,5.9,30/360,2,2020-07-13,USD,B+,,,USD,1106.25,,,,,,,,,,,,,,,,,,,,,,,,
,020,POS,"Stock Balance - Feb 10, 2021",lghths-sg,139622407,SAR,139622407,83663279.6000,83663279,83663279.6000,USD,USD,XS2064158434,,,Bond,2021-02-10,USD,300000,,,,,,8% Credit Suisse International British American Tobacco Plc STR 34.9157 Altria Group Inc STR 36.0589 Callable Fixed Coupon Notes 01.03.2021 Repayment cash or physical,USD,USD,100.5396,2021-02-09,.01,300000,300000,USD,301618.8,ISIN,XS2064158434,Valor,52518118,SARA,000139604029,XS2064158434,GB/United Kingdom,2020-02-27,2021-03-08,8.0,,4,2020-06-03,USD,,,,,,,,,,,,,,,,,,,,,,,,,,,,,
,020,POS,"Stock Balance - Feb 10, 2021",lghths-sg,139630789,SAR,139630789,83663279.6000,83663279,83663279.6000,USD,USD,USG9328DAM23,,,Bond,2021-02-10,USD,197922,,,,,,6.375% Vedanta Resources Ltd Bonds 2017-2022 Global Reg-S,USD,USD,95.03,2021-02-10,.01,200000,200000,USD,190060,ISIN,USG9328DAM23,Valor,35497009,SARA,000131036083,USG9328DAM23,GB/United Kingdom,2017-01-30,2022-07-30,6.375,30E/360,2,2017-07-30,USD,CCC+,,,USD,354.17,,,,,,,,,,,,,,,,,,,,,,,,
,020,POS,"Stock Balance - Feb 10, 2021",lghths-sg,140416493,SAR,140416493,83663279.6000,83663279,83663279.6000,USD,USD,KYG047761039,,,Fund,2021-02-10,USD,150802.5,,,,,,Ariana Cayman Spc- Global Arbitrage Fund (USD) -B- Segregated Portfolio,USD,USD,1586.899,2021-01-04,1,99.149,99.149,USD,157339.45,ISIN,KYG047761039,Valor,24384793,SARA,000127370797,KYG047761039,KY/Cayman Islands,,,,,,,,,,,,,,,,,,,,,,,,,,,,,,,,,,,,
,020,POS,"Stock Balance - Feb 10, 2021",lghths-sg,140954211,SAR,140954211,83663279.6000,83663279,83663279.6000,USD,USD,CH0559020273,,,Bond,2021-02-10,USD,250000,,,,,,8% Vontobel Financial Products Ltd Facebook Inc -A- KI 171.6585 STR 190.3561 Microsoft Corp KI 139.75 STR 154.972 Autocallable Knock-In FCN 23.08.2021 Repayment cash or physical,USD,USD,100.8,2021-02-09,.01,250000,250000,USD,252000,ISIN,CH0559020273,Valor,55902027,SARA,000140939290,CH0559020273,00939,2020-08-21,2021-08-25,0.44,,4,2020-11-25,USD,,,,,,,,,,,,,,,,,,,,,,,,,,,,,
,020,POS,"Stock Balance - Feb 10, 2021",lghths-sg,141597803,SAR,141597803,83663279.6000,83663279,83663279.6000,USD,USD,000141594283,SARA,000141594283,Option,2021-02-10,USD,-7766,,,,,,Alphabet Inc Call 19.02.2021 1900 (GOOG US),USD,USD,190.0,2021-02-09,100,-2,-2,USD,-38000,,,,,,,,US/United States of America,,,,,,,,,,,,,,,,,,100,1900,2021-02-19,C,ISIN,US02079K1079,Alphabet Inc -C-,Share,S,,,,,,,,,,
,020,POS,"Stock Balance - Feb 10, 2021",lghths-sg,141787066,SAR,141787066,83663279.6000,83663279,83663279.6000,USD,HKD,HK0941009539,,,Share,2021-02-10,HKD,1543168.93,USD,195275.06,,,,China Mobile Ltd,HKD,HKD,46.85,2021-02-10,1,34000,34000,HKD,1592900,ISIN,HK0941009539,Valor,1099448,SARA,000000422519,HK0941009539,HK/Hong Kong,,,,,,,,,USD,205476.25,,,,,,,,,,,,,,,,,,,,,,,,,,
,020,POS,"Stock Balance - Feb 10, 2021",lghths-sg,142011178,SAR,142011178,83663279.6000,83663279,83663279.6000,USD,USD,USY7141GAA05,,,Bond,2021-02-10,USD,303665.2,,,,,,4.95% PT Chandra Asri Petrochemical Tbk Notes 2017-2024 RegS,USD,USD,101.165,2021-02-09,.01,300000,300000,USD,303495,ISIN,USY7141GAA05,Valor,38942960,SARA,000133207150,USY7141GAA05,ID/Indonesia,2017-11-08,2024-11-08,4.95,30E/360,2,2018-05-08,USD,BB-,,,USD,3795,,,,,,,,,,,,,,,,,,,,,,,,
,020,POS,"Stock Balance - Feb 10, 2021",lghths-sg,142024610,SAR,142024610,83663279.6000,83663279,83663279.6000,USD,USD,000142017024,SARA,000142017024,Option,2021-02-10,USD,-3786,,,,,,British American Tobacco PLC Put 19.03.2021 35 (BTI US),USD,USD,0.32,2021-02-09,100,-50,-50,USD,-1600,,,,,,,,US/United States of America,,,,,,,,,,,,,,,,,,100,35,2021-03-19,P,ISIN,US1104481072,British American Tobacco Plc -ADR-,Share,S,,,,,,,,,,
,020,POS,"Stock Balance - Feb 10, 2021",lghths-sg,142049130,SAR,142049130,83663279.6000,83663279,83663279.6000,USD,USD,IE00BKXBBV70,,,Fund,2021-02-10,USD,200429.08,,,,,,SphereInvest Global UCITS Icav- Credit Strategies Fund (USD) -F- Capitalisation,USD,USD,179.56297,2021-02-05,1,1122.1069,1122.1069,USD,201488.85,ISIN,IE00BKXBBV70,Valor,57922240,SARA,000141776627,IE00BKXBBV70,IE/Ireland,,,,,,,,,,,,,,,,,,,,,,,,,,,,,,,,,,,,
,020,POS,"Stock Balance - Feb 10, 2021",lghths-sg,142078961,SAR,142078961,83663279.6000,83663279,83663279.6000,USD,USD,000142075721,SARA,000142075721,Option,2021-02-10,USD,-619.96,,,,,,Intel Corp Call 19.02.2021 52.5 (INTC US),USD,USD,6.4,2021-02-09,100,-9,-9,USD,-5760,,,,,,,,US/United States of America,,,,,,,,,,,,,,,,,,100,52.5,2021-02-19,C,ISIN,US4581401001,Intel Corp,Share,S,,,,,,,,,,
,020,POS,"Stock Balance - Feb 10, 2021",lghths-sg,142079063,SAR,142079063,83663279.6000,83663279,83663279.6000,USD,USD,US4581401001,,,Share,2021-02-10,USD,42768,,,,,,Intel Corp,USD,USD,58.86,2021-02-09,1,900,900,USD,52974,ISIN,US4581401001,Valor,941595,Bloomberg,INTC UQ,US4581401001,US/United States of America,,,,,,,,,,,,,,,SARA,000000419639,,,,,,,,,,,,,,,,,,,,
,020,POS,"Stock Balance - Feb 10, 2021",lghths-sg,142246399,SAR,142246399,83663279.6000,83663279,83663279.6000,USD,USD,XS2222660768,,,Bond,2021-02-10,USD,199920,,,,,,10% BNP Paribas Alibaba Group Holding Ltd RegS STR 193.76  Callable Fixed Coupon Notes 02.08.2021 Repayment cash or physical,USD,USD,100.44015664,2021-02-09,.01,200000,200000,USD,200880.31,ISIN,XS2222660768,Valor,59267331,SARA,000142236259,XS2222660768,HK/Hong Kong,2021-02-01,2021-08-09,10.0,,12,2021-03-08,USD,,,,,,,,,,,,,,,,,,,,,,,,,,,,,
,020,POS,"Stock Balance - Feb 10, 2021",lghths-sg,142496535,SAR,142496535,83663279.6000,83663279,83663279.6000,USD,HKD,000142491593,SARA,000142491593,Option,2021-02-10,HKD,-24316.88,USD,-3136.03,,,,China Mobile Ltd Call 30.03.2021 57.5 (941 HK) XHKF,HKD,HKD,0.3,2021-02-10,500,-68,-68,HKD,-10200,,,,,,,,HK/Hong Kong,,,,,,,,,USD,-1315.75,,,,,,,,500,57.5,2021-03-30,C,ISIN,HK0941009539,China Mobile Ltd,Share,S,,,,,,,,,,
,020,POS,"Stock Balance - Feb 10, 2021",lghths-sg,142497256,SAR,142497256,83663279.6000,83663279,83663279.6000,USD,USD,000142475921,SARA,000142475921,Hybrid,2021-02-10,,,,,,,,FX Accumulator on GBP/USD 2x Leveraged  KO:1.399 Buy GBP / Sell USD at 1.3171 Period: 29.JAN.21 - 02.FEB.22  12 Fixings,USD,USD,-0.00203861,2021-02-10,1,760800,760800,USD,-1550.97,,,,,,,,,,,,,,,,,,,,,,,,,,,,,,,,,,,,,,,,,,,,
,020,POS,"Stock Balance - Feb 10, 2021",lghths-sg,142520517,SAR,142520517,83663279.6000,83663279,83663279.6000,USD,USD,US1104481072,,,Share,2021-02-10,USD,149478.79,,,,,,British American Tobacco Plc -ADR-,USD,USD,37.77,2021-02-09,1,4000,4000,USD,151080,ISIN,US1104481072,Valor,949872,SARA,000026925972,US1104481072,GB/United Kingdom,,,,,,,,,,,,,,,,,,,,,,,,,,,,,,,,,,,,
,020,POS,"Stock Balance - Feb 10, 2021",lghths-sg,142520726,SAR,142520726,83663279.6000,83663279,83663279.6000,USD,USD,000142067525,SARA,000142067525,Option,2021-02-10,USD,-2186,,,,,,Lockheed Martin Corp Put 19.03.2021 300 (LMT US),USD,USD,1.15,2021-02-09,100,-8,-8,USD,-920,,,,,,,,US/United States of America,,,,,,,,,,,,,,,,,,100,300,2021-03-19,P,ISIN,US5398301094,Lockheed Martin Corp,Share,S,,,,,,,,,,
,020,POS,"Cash Balance - Feb 10, 2021",lghths-sg,125369911,SAR,125369911,81042621.6000,81042621,81042621.4000/USD/KK,USD,USD,USD,CURRENCY,USD,Cash,2021-02-10,USD,0,,,,portfolioID,81042621.6000,,,,,,,,,,,,,,,,,,,,,,,,,,,,,,,,,,,,,,,,,,,,,,,,,,,,,,
