tkn,m2xmlReleaseNo,mvmtHdr.@mvmtTp,mvmtHdr.cmt,mvmtSrc.ctlr,mvmtSrc.ctlrMvmtRef,posSrc.extSys,posSrc.ref,hldPos.hldId.ptfl,hldPos.hldId.ctlrOwnr,hldPos.hldId.ctlrAcct,hldPos.hldId.ownrRefCcy,hldPos.hldId.ccy,hldPos.hldId.asst,hldPos.hldId.asstIDs.asstRef.@refType,hldPos.hldId.asstIDs.asstRef.#text,hldPos.hldId.asstDetail.type,hldPos.effDt,hldPos.posAmt.@ccy,hldPos.posAmt.#text,hldPos.posAmtRefCcy.@ccy,hldPos.posAmtRefCcy.#text,hldPos.vrfyInd,hldPos.addInfo.@infoType,hldPos.addInfo.#text,hldPos.accrAmt.@ccy,hldPos.accrAmt.#text,hldPos.hldId.asstDetail.desc,hldPos.hldId.asstDetail.asstMnyMktDetails.mnyMktType,hldPos.hldId.asstDetail.asstMnyMktDetails.mnyMktTerm.@termType,hldPos.hldId.asstDetail.asstMnyMktDetails.mnyMktTerm.#text,hldPos.hldId.asstDetail.asstMnyMktDetails.mnyMktAmt.@ccy,hldPos.hldId.asstDetail.asstMnyMktDetails.mnyMktAmt.#text,hldPos.hldId.asstDetail.asstMnyMktDetails.intRate,hldPos.hldId.asstDetail.asstMnyMktDetails.mnyMktRef,hldPos.hldId.asstDetail.asstMnyMktDetails.mnyMktName,hldPos.hldId.asstDetail.asstMnyMktDetails.matDate,hldPos.hldId.asstDetail.asstMnyMktDetails.startDate,hldPos.hldId.asstIDs.asstRef.0.@refType,hldPos.hldId.asstIDs.asstRef.0.#text,hldPos.hldId.asstIDs.asstRef.1.@refType,hldPos.hldId.asstIDs.asstRef.1.#text,hldPos.hldId.asstIDs.asstRef.2.@refType,hldPos.hldId.asstIDs.asstRef.2.#text,hldPos.hldId.asstIDs.asstRef.3.@refType,hldPos.hldId.asstIDs.asstRef.3.#text,hldPos.hldId.asstDetail.isin,hldPos.hldId.asstDetail.cntry,hldPos.hldId.asstDetail.issueCcy,hldPos.hldId.asstDetail.issueCcyExchRt,hldPos.hldId.asstDetail.latestPrc.@ccy,hldPos.hldId.asstDetail.latestPrc.#text,hldPos.hldId.asstDetail.latestPrcDate,hldPos.hldId.asstDetail.prcFactor,hldPos.posnQty,hldPos.settQty,hldPos.srcMktValAmt.@ccy,hldPos.srcMktValAmt.#text,hldPos.srcMktValAmtRefCcy.@ccy,hldPos.srcMktValAmtRefCcy.#text,hldPos.hldId.asstDetail.issueDate,hldPos.hldId.asstDetail.asstBondDetails.matDate,hldPos.hldId.asstDetail.asstBondDetails.intRate,hldPos.hldId.asstDetail.asstBondDetails.calcBasis,hldPos.hldId.asstDetail.asstBondDetails.intFreq,hldPos.hldId.asstDetail.asstBondDetails.intDate,hldPos.hldId.asstDetail.asstBondDetails.intCcy,hldPos.hldId.asstDetail.asstBondDetails.rating,hldPos.hldId.asstDetail.asstDerivDetails.contractSize,hldPos.hldId.asstDetail.asstDerivDetails.strike,hldPos.hldId.asstDetail.asstDerivDetails.expDate,hldPos.hldId.asstDetail.asstDerivDetails.putCallInd,hldPos.hldId.asstDetail.asstDerivDetails.underlyingAsstIDs.asstRef.@refType,hldPos.hldId.asstDetail.asstDerivDetails.underlyingAsstIDs.asstRef.#text,hldPos.hldId.asstDetail.asstDerivDetails.underlyingAsstDesc,hldPos.hldId.asstDetail.asstDerivDetails.underlyingAsstType,hldPos.hldId.asstDetail.asstDerivDetails.longShortInd,hldPos.accrAmtRefCcy.@ccy,hldPos.accrAmtRefCcy.#text
,020,POS,"Cash Balance - May 18, 2021",lghths-sg,137675912,SAR,137675912,83663293.6000,83663293,83663293.4004/INR/KK,USD,INR,INR,CURRENCY,INR,Cash,2021-05-18,INR,0,USD,0,,portfolioID,83663293.6000,,,,,,,,,,,,,,,,,,,,,,,,,,,,,,,,,,,,,,,,,,,,,,,,,,,,,,
,020,POS,"Cash Balance - May 18, 2021",lghths-sg,140351749,SAR,140351749,83663293.6000,83663293,83663293.4005/HKD/KK,USD,HKD,HKD,CURRENCY,HKD,Cash,2021-05-18,HKD,0,USD,0,,portfolioID,83663293.6000,,,,,,,,,,,,,,,,,,,,,,,,,,,,,,,,,,,,,,,,,,,,,,,,,,,,,,
,020,POS,"Cash Balance - May 18, 2021",lghths-sg,141694029,SAR,141694029,83663293.6000,83663293,83663293.4006/CHF/KK,USD,CHF,CHF,CURRENCY,CHF,Cash,2021-05-18,CHF,0,USD,0,,portfolioID,83663293.6000,,,,,,,,,,,,,,,,,,,,,,,,,,,,,,,,,,,,,,,,,,,,,,,,,,,,,,
,020,POS,"Cash Balance - May 18, 2021",lghths-sg,134787523,SAR,134787523,83667931.6000,83667931,83667931.4000/USD/KK,USD,USD,USD,CURRENCY,USD,Cash,2021-05-18,USD,0,,,,portfolioID,83667931.6000,,,,,,,,,,,,,,,,,,,,,,,,,,,,,,,,,,,,,,,,,,,,,,,,,,,,,,
,020,POS,"Cash Balance - May 18, 2021",lghths-sg,135356352,SAR,135356352,83667931.6000,83667931,83667931.4001/GBP/KK,USD,GBP,GBP,CURRENCY,GBP,Cash,2021-05-18,GBP,69316.84,USD,98503.67,,portfolioID,83667931.6000,,,,,,,,,,,,,,,,,,,,,,,,,,,,,,,,,,,,,,,,,,,,,,,,,,,,,,
,020,POS,"Cash Balance - May 18, 2021",lghths-sg,135910790,SAR,135910790,83667931.6000,83667931,83667931.4002/EUR/KK,USD,EUR,EUR,CURRENCY,EUR,Cash,2021-05-18,EUR,0,USD,0,,portfolioID,83667931.6000,,,,,,,,,,,,,,,,,,,,,,,,,,,,,,,,,,,,,,,,,,,,,,,,,,,,,,
,020,POS,"Cash Balance - May 18, 2021",lghths-sg,140258097,SAR,140258097,83667931.6000,83667931,83667931.4003/SGD/KK,USD,SGD,SGD,CURRENCY,SGD,Cash,2021-05-18,SGD,1280.45,USD,962.95,,portfolioID,83667931.6000,,,,,,,,,,,,,,,,,,,,,,,,,,,,,,,,,,,,,,,,,,,,,,,,,,,,,,
,020,POS,"Cash Balance - May 18, 2021",lghths-sg,140996046,SAR,140996046,83667931.6000,83667931,83667931.4004/MYR/KK,USD,MYR,MYR,CURRENCY,MYR,Cash,2021-05-18,MYR,0,USD,0,,portfolioID,83667931.6000,,,,,,,,,,,,,,,,,,,,,,,,,,,,,,,,,,,,,,,,,,,,,,,,,,,,,,
,020,POS,"Cash Balance - May 18, 2021",lghths-sg,140996118,SAR,140996118,83667931.6000,83667931,83667931.4005/XAU/METALL,USD,XAU,XAU,CURRENCY,XAU,Cash,2021-05-18,XAU,8,USD,14937.16,,portfolioID,83667931.6000,,,,,,,,,,,,,,,,,,,,,,,,,,,,,,,,,,,,,,,,,,,,,,,,,,,,,,
,020,POS,"Cash Balance - May 18, 2021",lghths-sg,139090240,SAR,139090240,83676187.6000,83676187,83676187.4000/USD/KK,USD,USD,USD,CURRENCY,USD,Cash,2021-05-18,USD,-46027.8,,,,portfolioID,83676187.6000,USD,-7.99,,,,,,,,,,,,,,,,,,,,,,,,,,,,,,,,,,,,,,,,,,,,,,,,,,,,
,020,POS,"Cash Balance - May 18, 2021",lghths-sg,139983859,SAR,139983859,83676187.6000,83676187,83676187.4001/GBP/KK,USD,GBP,GBP,CURRENCY,GBP,Cash,2021-05-18,GBP,0,USD,0,,portfolioID,83676187.6000,,,,,,,,,,,,,,,,,,,,,,,,,,,,,,,,,,,,,,,,,,,,,,,,,,,,,,
,020,POS,"Cash Balance - May 18, 2021",lghths-sg,140065110,SAR,140065110,83677193.6000,83677193,83677193.4000/USD/KK,USD,USD,USD,CURRENCY,USD,Cash,2021-05-18,USD,0,,,,portfolioID,83677193.6000,,,,,,,,,,,,,,,,,,,,,,,,,,,,,,,,,,,,,,,,,,,,,,,,,,,,,,
,020,POS,"Cash Balance - May 18, 2021",lghths-sg,140249746,SAR,140249746,83677193.6000,83677193,83677193.4001/EUR/KK,USD,EUR,EUR,CURRENCY,EUR,Cash,2021-05-18,EUR,-0.57,USD,-0.7,,portfolioID,83677193.6000,,,,,,,,,,,,,,,,,,,,,,,,,,,,,,,,,,,,,,,,,,,,,,,,,,,,,,
,020,POS,"Cash Balance - May 18, 2021",lghths-sg,140257966,SAR,140257966,83677193.6000,83677193,83677193.4002/HKD/KK,USD,HKD,HKD,CURRENCY,HKD,Cash,2021-05-18,HKD,11838.32,USD,1524.47,,portfolioID,83677193.6000,,,,,,,,,,,,,,,,,,,,,,,,,,,,,,,,,,,,,,,,,,,,,,,,,,,,,,
,020,POS,"Loan Balance - May 18, 2021",lghths-sg,143489423,SAR,143489423,83663279.6000,83663279,83663279,USD,GBP,GBP,CURRENCY,GBP,MoneyMarket,2021-05-18,GBP,-1947388.44,USD,-2767363.61,,portfolioID,83663279.6000,,,GBP Fixed Loan,Loan,Fixed,2021-05-25,GBP,-1947388.44,0.894,143489423,s/t Fixed Advance Fix GBP 0.894% 18.05.2021-25.0,2021-05-25,2021-05-18,,,,,,,,,,,,,,,,,,,,,,,,,,,,,,,,,,,,,,,,,
,020,POS,"Loan Balance - May 18, 2021",lghths-sg,143489368,SAR,143489368,83663293.6000,83663293,83663293,USD,GBP,GBP,CURRENCY,GBP,MoneyMarket,2021-05-18,GBP,-216940.62,USD,-308286.51,,portfolioID,83663293.6000,,,GBP Fixed Loan,Loan,Fixed,2021-05-25,GBP,-216940.62,0.894,143489368,s/t Fixed Advance Fix GBP 0.894% 18.05.2021-25.0,2021-05-25,2021-05-18,,,,,,,,,,,,,,,,,,,,,,,,,,,,,,,,,,,,,,,,,
,020,POS,"Loan Balance - May 18, 2021",lghths-sg,143489371,SAR,143489371,83663293.6000,83663293,83663293,USD,HKD,HKD,CURRENCY,HKD,MoneyMarket,2021-05-18,HKD,-1456557.64,USD,-187566.48,,portfolioID,83663293.6000,,,HKD Fixed Loan,Loan,Fixed,2021-05-25,HKD,-1456557.64,1.37,143489371,s/t Fixed Advance Fix HKD 1.37% 18.05.2021-25.05,2021-05-25,2021-05-18,,,,,,,,,,,,,,,,,,,,,,,,,,,,,,,,,,,,,,,,,
,020,POS,"Loan Balance - May 18, 2021",lghths-sg,143489375,SAR,143489375,83663293.6000,83663293,83663293,USD,EUR,EUR,CURRENCY,EUR,MoneyMarket,2021-05-18,EUR,-278671.6,USD,-340493.5,,portfolioID,83663293.6000,,,EUR Fixed Loan,Loan,Fixed,2021-05-25,EUR,-278671.6,0.65,143489375,s/t Fixed Advance Fix EUR 0.65% 18.05.2021-25.05,2021-05-25,2021-05-18,,,,,,,,,,,,,,,,,,,,,,,,,,,,,,,,,,,,,,,,,
,020,POS,"Loan Balance - May 18, 2021",lghths-sg,143489407,SAR,143489407,83663293.6000,83663293,83663293,USD,USD,USD,CURRENCY,USD,MoneyMarket,2021-05-18,USD,-397346.22,,,,portfolioID,83663293.6000,,,USD Fixed Loan,Loan,Fixed,2021-05-25,USD,-397346.22,0.91625,143489407,s/t Fixed Advance Fix USD 0.91625% 18.05.2021-25,2021-05-25,2021-05-18,,,,,,,,,,,,,,,,,,,,,,,,,,,,,,,,,,,,,,,,,
,020,POS,"Stock Balance - May 18, 2021",lghths-sg,140370383,SAR,140370383,83663293.6000,83663293,83663293.6000,USD,HKD,GB0005405286,,,Share,2021-05-18,HKD,4271729.81,USD,545892.81,,,,,,HSBC Holdings Plc,,,,,,,,,,,ISIN,GB0005405286,Valor,411161,Bloomberg,0005 HK,SARA,000000415042,GB0005405286,GB/United Kingdom,GBP,0.090618,HKD,49.2,2021-05-18,1,83342,83342,HKD,4100426.4,USD,528027.54,,,,,,,,,,,,,,,,,,,
,020,POS,"Stock Balance - May 18, 2021",lghths-sg,141383026,SAR,141383026,83663293.6000,83663293,83663293.6000,USD,USD,XS2090080172,,,Bond,2021-05-18,USD,199038.35,,,,,,USD,4097.22,5.9% Manappuram Finance Ltd Emt-Notes 2020-2023 Secured,,,,,,,,,,,ISIN,XS2090080172,Valor,51830341,SARA,000139292337,,,XS2090080172,IN/India,USD,,USD,102.55,2021-05-17,.01,200000,200000,USD,205100,,,2020-01-13,2023-01-13,5.9,30/360,2,2020-07-13,USD,B+,,,,,,,,,,,
,020,POS,"Stock Balance - May 18, 2021",lghths-sg,141704679,SAR,141704679,83663293.6000,83663293,83663293.6000,USD,HKD,000141697824,SARA,000141697824,Option,2021-05-18,HKD,-44932.57,USD,-5795.58,,,,,,HSBC Holdings PLC Call 29.06.2021 50 (5 HK) XHKF,,,,,,,,,,,,,,,,,,,,HK/Hong Kong,HKD,,HKD,1.17,2021-05-18,400,-208,-208,HKD,-97344,USD,-12535.36,,,,,,,,,400,50,2021-06-29,C,ISIN,GB0005405286,HSBC Holdings Plc,Share,S,,
,020,POS,"Stock Balance - May 18, 2021",lghths-sg,142145548,SAR,142145548,83663293.6000,83663293,83663293.6000,USD,GBP,GB00J8VJZN17,,,Option,2021-05-18,GBP,-4942.07,USD,-6718.88,,,,,,Royal Dutch Shell Plc -A- Call Sep21 18 LIF,,,,,,,,,,,ISIN,GB00J8VJZN17,Valor,83384435,SARA,000142144417,,,GB00J8VJZN17,GB/United Kingdom,GBP,,GBP,0.14,2021-05-17,1000,-12,-12,GBP,-1680,USD,-2387.39,,,,,,,,,1000,18,2021-09-17,C,ISIN,GB00B03MLX29,Royal Dutch Shell Plc -A-,Share,S,,
,020,POS,"Stock Balance - May 18, 2021",lghths-sg,142282816,SAR,142282816,83663293.6000,83663293,83663293.6000,USD,HKD,HK0688002218,,,Share,2021-05-18,HKD,1505859.64,USD,194266.15,,,,,,China Overseas Land & Investment Ltd,,,,,,,,,,,ISIN,HK0688002218,Valor,420828,Bloomberg,688 HK,SARA,000000494357,HK0688002218,HK/Hong Kong,HKD,,HKD,18.88,2021-05-18,1,80000,80000,HKD,1510400,USD,194499.97,1992-08-07,,,,,,,,,,,,,,,,,,
,020,POS,"Stock Balance - May 18, 2021",lghths-sg,142421435,SAR,142421435,83663293.6000,83663293,83663293.6000,USD,USD,LU1226288253,,,Fund,2021-05-18,USD,202742.67,,,,,,,,UBS (LU) Key Selection Sicav- China Allocation Opportunity (USD) -P- 6% monthly Distribution,,,,,,,,,,,ISIN,LU1226288253,Valor,27983955,SARA,000126337077,,,LU1226288253,LU/Luxembourg,USD,,USD,103.24,2021-05-17,1,1771,1771,USD,182838.04,,,,,,,,,,,,,,,,,,,,,
,020,POS,"Stock Balance - May 18, 2021",lghths-sg,142502530,SAR,142502530,83663293.6000,83663293,83663293.6000,USD,USD,IE00B8K7V925,,,Fund,2021-05-18,USD,401976,,,,,,,,PIMCO Funds Global Investors Series Plc- Income (USD) -E- Distribution,,,,,,,,,,,ISIN,IE00B8K7V925,Valor,19762784,SARA,000064235469,,,IE00B8K7V925,IE/Ireland,USD,,USD,11.11,2021-05-17,1,35730.415,35730.415,USD,396964.91,,,,,,,,,,,,,,,,,,,,,
,020,POS,"Stock Balance - May 18, 2021",lghths-sg,142651243,SAR,142651243,83663293.6000,83663293,83663293.6000,USD,USD,XS2281321799,,,Bond,2021-05-18,USD,202241.12,,,,,,USD,3114.17,5.05% Fortune Star BVI Ltd Gtd.Notes 2021-2027,,,,,,,,,,,ISIN,XS2281321799,Valor,59563558,SARA,000142274177,,,XS2281321799,VG/British Virgin Islands,USD,,USD,100.32,2021-05-17,.01,200000,200000,USD,200640,,,2021-01-27,2027-01-27,5.05,30E/360,2,2021-07-27,USD,BB,,,,,,,,,,,
,020,POS,"Stock Balance - May 18, 2021",lghths-sg,142680876,SAR,142680876,83663293.6000,83663293,83663293.6000,USD,USD,XS2304008225,,,Bond,2021-05-18,USD,300000,,,,,,,,8% JP Morgan Structured Products BV HDFC Bank Ltd -ADR- (3 Shs) STR 64.2168 Infosys Ltd -ADR- STR 13.9929 Fixed Coupon Notes 04.03.2022 Repayment cash or physical,,,,,,,,,,,ISIN,XS2304008225,Valor,59476183,SARA,000142671426,,,XS2304008225,NL/Netherlands,USD,,USD,95.9573,2021-05-17,.01,300000,300000,USD,287871.9,,,2021-03-04,2022-03-08,8.0,,12,2021-04-07,USD,,,,,,,,,,,,
,020,POS,"Stock Balance - May 18, 2021",lghths-sg,142680990,SAR,142680990,83663293.6000,83663293,83663293.6000,USD,USD,XS2304008068,,,Bond,2021-05-18,USD,200000,,,,,,,,6% JP Morgan Structured Products BV HDFC Bank Ltd -ADR- (3 Shs) STR 59.535 Infosys Ltd -ADR- STR 12.9728 Fixed Coupon Notes 04.03.2022 Repayment cash or physical,,,,,,,,,,,ISIN,XS2304008068,Valor,59476182,SARA,000142671407,,,XS2304008068,NL/Netherlands,USD,,USD,96.3477,2021-05-17,.01,200000,200000,USD,192695.4,,,2021-03-04,2022-03-08,6.0,,12,2021-04-07,USD,,,,,,,,,,,,
,020,POS,"Stock Balance - May 18, 2021",lghths-sg,142681892,SAR,142681892,83663293.6000,83663293,83663293.6000,USD,GBP,GB0004544929,,,Share,2021-05-18,GBP,212905.26,USD,296819.83,,,,,,Imperial Brands Plc,,,,,,,,,,,ISIN,GB0004544929,Valor,517719,SARA,000000416171,,,GB0004544929,GB/United Kingdom,GBP,,GBP,16.14,2021-05-18,1,15000,15000,GBP,242100,USD,344039.59,,,,,,,,,,,,,,,,,,,
,020,POS,"Stock Balance - May 18, 2021",lghths-sg,142702357,SAR,142702357,83663293.6000,83663293,83663293.6000,USD,GBP,GB00H7W7M167,,,Option,2021-05-18,GBP,-3897.7,USD,-5462.09,,,,,,Imperial Brands Plc Call Sep21 16 LIF,,,,,,,,,,,ISIN,GB00H7W7M167,Valor,71944318,SARA,000142698152,,,GB00H7W7M167,GB/United Kingdom,GBP,,GBP,0.63,2021-05-17,1000,-15,-15,GBP,-9450,USD,-13429.05,,,,,,,,,1000,16,2021-09-17,C,ISIN,GB0004544929,Imperial Brands Plc,Share,S,,
,020,POS,"Stock Balance - May 18, 2021",lghths-sg,142867569,SAR,142867569,83663293.6000,83663293,83663293.6000,USD,HKD,000142864352,SARA,000142864352,Option,2021-05-18,HKD,-35089,USD,-4520.57,,,,,,WH Group Ltd Put 29.06.2021 6.5 (288 HK) XHKF,,,,,,,,,,,,,,,,,,,,HK/Hong Kong,HKD,,HKD,0.17,2021-05-17,2500,-48,-48,HKD,-20400,USD,-2626.99,,,,,,,,,2500,6.5,2021-06-29,P,ISIN,KYG960071028,WH Group Ltd -Unitary 144A / Reg-S-,Share,S,,
,020,POS,"Stock Balance - May 18, 2021",lghths-sg,142888673,SAR,142888673,83663293.6000,83663293,83663293.6000,USD,USD,000142876599,SARA,000142876599,Option,2021-05-18,USD,-1536,,,,,,,,Microsoft Corp Put 21.05.2021 205 (MSFT US),,,,,,,,,,,,,,,,,,,,US/United States of America,USD,,USD,0.03,2021-05-17,100,-5,-5,USD,-15,,,,,,,,,,,100,205,2021-05-21,P,ISIN,US5949181045,Microsoft Corp,Share,S,,
,020,POS,"Stock Balance - May 18, 2021",lghths-sg,142953456,SAR,142953456,83663293.6000,83663293,83663293.6000,USD,HKD,KYG960071028,,,Share,2021-05-18,HKD,921951.71,USD,118738.9,,,,,,WH Group Ltd -Unitary 144A / Reg-S-,,,,,,,,,,,ISIN,KYG960071028,Valor,24222514,Bloomberg,288 HK,SARA,000115614425,KYG960071028,KY/Cayman Islands,HKD,,HKD,6.8,2021-05-18,1,130000,130000,HKD,884000,USD,113836.05,,,,,,,,,,,,,,,,,,,
,020,POS,"Stock Balance - May 18, 2021",lghths-sg,142979984,SAR,142979984,83663293.6000,83663293,83663293.6000,USD,HKD,000142975690,SARA,000142975690,Option,2021-05-18,HKD,-19138.03,USD,-2464.76,,,,,,WH Group Ltd Call 29.06.2021 8.25 (288 HK) XHKF,,,,,,,,,,,,,,,,,,,,HK/Hong Kong,HKD,,HKD,0.01,2021-05-17,2500,-52,-52,HKD,-1300,USD,-167.41,,,,,,,,,2500,8.25,2021-06-29,C,ISIN,KYG960071028,WH Group Ltd -Unitary 144A / Reg-S-,Share,S,,
,020,POS,"Stock Balance - May 18, 2021",lghths-sg,143066706,SAR,143066706,83663293.6000,83663293,83663293.6000,USD,HKD,000143050891,SARA,000143050891,Option,2021-05-18,HKD,-20736.29,USD,-2667.37,,,,,,China Overseas Land & Investment Ltd Call 29.06.2021 24 (688 HK) XHKF,,,,,,,,,,,,,,,,,,,,HK/Hong Kong,HKD,,HKD,0.01,2021-05-17,2000,-40,-40,HKD,-800,USD,-103.02,,,,,,,,,2000,24,2021-06-29,C,ISIN,HK0688002218,China Overseas Land & Investment Ltd,Share,S,,
,020,POS,"Stock Balance - May 18, 2021",lghths-sg,143067183,SAR,143067183,83663293.6000,83663293,83663293.6000,USD,USD,000143062005,SARA,000143062005,Option,2021-05-18,USD,-1596,,,,,,,,Baidu Inc Put 21.05.2021 165 (BIDU US),,,,,,,,,,,,,,,,,,,,US/United States of America,USD,,USD,0.56,2021-05-17,100,-10,-10,USD,-560,,,,,,,,,,,100,165,2021-05-21,P,ISIN,US0567521085,Baidu Inc -ADR- -A- (8 Shs),Share,S,,
,020,POS,"Stock Balance - May 18, 2021",lghths-sg,143067709,SAR,143067709,83663293.6000,83663293,83663293.6000,USD,USD,XS2272214458,,,Bond,2021-05-18,USD,202999.63,,,,,,USD,4149.44,4.85% Logan Group Co Ltd Notes 2020-2026,,,,,,,,,,,ISIN,XS2272214458,Valor,58823075,SARA,000141927463,,,XS2272214458,KY/Cayman Islands,USD,,USD,100.06,2021-05-17,.01,200000,200000,USD,200120,,,2020-12-14,2026-12-14,4.85,30E/360,2,2021-06-14,USD,BB-,,,,,,,,,,,
,020,POS,"Stock Balance - May 18, 2021",lghths-sg,143137250,SAR,143137250,83663293.6000,83663293,83663293.6000,USD,GBP,111099171,,,Hybrid,2021-05-18,,,USD,0,,,,,,Stock Forward Accumulator  2x Leveraged on Imperial Brands Plc (IMB LN) Period: 12.APR.21 - 11.APR.22  254 Days Strike: GBP 13.6618  Knock-Out: GBP 16.3929,,,,,,,,,,,Valor,111099171,SARA,000143132148,,,,,,,GBP,,GBP,-0.085756053,2021-05-17,1,27260,27260,GBP,-2337.71,USD,-3322.04,,,,,,,,,,,,,,,,,,,
,020,POS,"Stock Balance - May 18, 2021",lghths-sg,143206000,SAR,143206000,83663293.6000,83663293,83663293.6000,USD,USD,US01609W1027,,,Share,2021-05-18,USD,140035.6,,,,,,,,Alibaba Group Holding Ltd -ADS- (8 Shs),,,,,,,,,,,ISIN,US01609W1027,Valor,24409862,SARA,000123993236,,,US01609W1027,KY/Cayman Islands,USD,,USD,213.72,2021-05-17,1,600,600,USD,128232,,,,,,,,,,,,,,,,,,,,,
,020,POS,"Stock Balance - May 18, 2021",lghths-sg,143225155,SAR,143225155,83663293.6000,83663293,83663293.6000,USD,USD,000142822407,SARA,000142822407,Option,2021-05-18,USD,-1586,,,,,,,,Alibaba Group Holding Ltd Call 18.06.2021 260 (BABA US),,,,,,,,,,,,,,,,,,,,US/United States of America,USD,,USD,0.33,2021-05-17,100,-6,-6,USD,-198,,,,,,,,,,,100,260,2021-06-18,C,ISIN,US01609W1027,Alibaba Group Holding Ltd -ADS- (8 Shs),Share,S,,
,020,POS,"Stock Balance - May 18, 2021",lghths-sg,143239698,SAR,143239698,83663293.6000,83663293,83663293.6000,USD,USD,000142255392,SARA,000142255392,Option,2021-05-18,USD,-1586,,,,,,,,Lumentum Holdings Inc Put 18.06.2021 80 (LITE US),,,,,,,,,,,,,,,,,,,,US/United States of America,USD,,USD,8.8,2021-05-17,100,-15,-15,USD,-13200,,,,,,,,,,,100,80,2021-06-18,P,ISIN,US55024U1097,Lumentum Holdings Inc,Share,S,,
,020,POS,"Stock Balance - May 18, 2021",lghths-sg,143242630,SAR,143242630,83663293.6000,83663293,83663293.6000,USD,USD,QT1104883389,,,Fund,2021-05-18,USD,150802.5,,,,,,,,LC Multi Strategy Fund SG VCC-SF1 (USD) -E- Brevan Howard,,,,,,,,,,,ISIN,QT1104883389,Valor,110488338,SARA,000142922383,,,QT1104883389,SG/Singapore,USD,,USD,100.0,2020-12-31,1,1500,1500,USD,150000,,,,,,,,,,,,,,,,,,,,,
,020,POS,"Stock Balance - May 18, 2021",lghths-sg,143448204,SAR,143448204,83663293.6000,83663293,83663293.6000,USD,USD,111612450,,,Hybrid,2021-05-18,,,,,,,,,,Stock Forward Accumulator  2x Leveraged on Facebook Inc -A- (FB UQ) Period: 11.MAY.21 - 11.MAY.22  253 Days Strike: USD 252.0901  Knock-Out: USD 318.7208,,,,,,,,,,,Valor,111612450,SARA,000143443326,,,,,,,USD,,USD,-0.560223979,2021-05-17,1,1518,1518,USD,-850.42,,,,,,,,,,,,,,,,,,,,,
,020,POS,"Stock Balance - May 18, 2021",lghths-sg,143463463,SAR,143463463,83663293.6000,83663293,83663293.6000,USD,USD,GB00BL5C3X11,,,Rights,2021-05-18,,,,,,,,,,Royal Dutch Shell Plc -Rights 2021-,,,,,,,,,,,ISIN,GB00BL5C3X11,Valor,111375538,SARA,000143437839,,,GB00BL5C3X11,GB/United Kingdom,USD,,USD,0.00,2021-05-10,1,12000,12000,,,,,,,,,,,,,,,,,,,,,,,
,020,POS,"Stock Balance - May 18, 2021",lghths-sg,143473771,SAR,143473771,83663293.6000,83663293,83663293.6000,USD,EUR,SGXC37098255,,,Share,2021-05-18,EUR,300900.82,USD,334942.33,,,,,,Cromwell European REIT Reg-S,,,,,,,,,,,ISIN,SGXC37098255,Valor,111520314,SARA,000143433177,,,SGXC37098255,SG/Singapore,EUR,,EUR,2.38,2021-05-18,1,118800,118800,EUR,282744,USD,345469.34,,,,,,,,,,,,,,,,,,,
,020,POS,"Stock Balance - May 18, 2021",lghths-sg,143492438,SAR,143492438,83663293.6000,83663293,83663293.6000,USD,USD,000142624207,SARA,000142624207,Option,2021-05-18,USD,-2366,,,,,,,,Microsoft Corp Put 16.07.2021 220 (MSFT US),,,,,,,,,,,,,,,,,,,,US/United States of America,USD,,USD,2.86,2021-05-17,100,-10,-10,USD,-2860,,,,,,,,,,,100,220,2021-07-16,P,ISIN,US5949181045,Microsoft Corp,Share,S,,
,020,POS,"Stock Balance - May 18, 2021",lghths-sg,137826506,SAR,137826506,83667931.6000,83667931,83667931.6000,USD,EUR,IE00B84J9L26,,,Fund,2021-05-18,EUR,149402.29,USD,169131.76,,,,,,PIMCO Funds Global Investors Series Plc- Income (EUR) -E- -Hedged- Capitalisation,,,,,,,,,,,ISIN,IE00B84J9L26,Valor,19930049,SARA,000064235309,,,IE00B84J9L26,IE/Ireland,EUR,,EUR,13.85,2021-05-17,1,11278.671,11278.671,EUR,156209.59,USD,190863.91,,,,,,,,,,,,,,,,,,,
,020,POS,"Stock Balance - May 18, 2021",lghths-sg,140122049,SAR,140122049,83667931.6000,83667931,83667931.6000,USD,USD,US98980L1017,,,Share,2021-05-18,USD,16630.97,,,,,,,,Zoom Video Communications Inc -A-,,,,,,,,,,,ISIN,US98980L1017,Valor,47101896,Bloomberg,ZM UW,SARA,000137372208,US98980L1017,US/United States of America,USD,,USD,312.86,2021-05-17,1,43,43,USD,13452.98,,,,,,,,,,,,,,,,,,,,,
,020,POS,"Stock Balance - May 18, 2021",lghths-sg,140258096,SAR,140258096,83667931.6000,83667931,83667931.6000,USD,SGD,SG1V61937297,,,Share,2021-05-18,SGD,19711.22,USD,13925.08,,,,,,Singapore Airlines Ltd,,,,,,,,,,,ISIN,SG1V61937297,Valor,3106596,Bloomberg,SIA SP,SARA,000020750927,SG1V61937297,SG/Singapore,SGD,,SGD,4.86,2021-05-18,1,4000,4000,SGD,19440,USD,14619.72,,,,,,,,,,,,,,,,,,,
,020,POS,"Stock Balance - May 18, 2021",lghths-sg,140996076,SAR,140996076,83667931.6000,83667931,83667931.6000,USD,SGD,MYL7113OO003,,,Share,2021-05-18,SGD,19904.47,USD,14521.64,,,,,,Top Glove Corporation Bhd,,,,,,,,,,,ISIN,MYL7113OO003,Valor,1197605,Bloomberg,TOPG MK,SARA,000002537305,MYL7113OO003,MY/Malaysia,MYR,3.103309,SGD,1.71,2021-05-18,1,7800,7800,SGD,13338,USD,10030.75,,,,,,,,,,,,,,,,,,,
,020,POS,"Stock Balance - May 18, 2021",lghths-sg,141022909,SAR,141022909,83667931.6000,83667931,83667931.6000,USD,USD,US81141R1005,,,Share,2021-05-18,USD,16789,,,,,,,,Sea Ltd -ADR-,,,,,,,,,,,ISIN,US81141R1005,Valor,38497535,SARA,000133148797,,,US81141R1005,KY/Cayman Islands,USD,,USD,228.0,2021-05-17,1,85,85,USD,19380,,,,,,,,,,,,,,,,,,,,,
,020,POS,"Cash Balance - May 18, 2021",lghths-sg,125369911,SAR,125369911,81042621.6000,81042621,81042621.4000/USD/KK,USD,USD,USD,CURRENCY,USD,Cash,2021-05-18,USD,0,,,,portfolioID,81042621.6000,,,,,,,,,,,,,,,,,,,,,,,,,,,,,,,,,,,,,,,,,,,,,,,,,,,,,,
,020,POS,"Stock Balance - May 18, 2021",lghths-sg,142190406,SAR,142190406,83667931.6000,83667931,83667931.6000,USD,USD,US62914V1061,,,Share,2021-05-18,USD,19402,,,,,,,,Nio Inc -ADR- -A-,,,,,,,,,,,ISIN,US62914V1061,Valor,43286578,Bloomberg,NIO US,SARA,000135493931,US62914V1061,KY/Cayman Islands,USD,,USD,34.19,2021-05-17,1,312,312,USD,10667.28,,,,,,,,,,,,,,,,,,,,,
,020,POS,"Stock Balance - May 18, 2021",lghths-sg,139402899,SAR,139402899,83676187.6000,83676187,83676187.6000,USD,GBP,GB0004082847,,,Share,2021-05-18,GBP,176883.93,USD,229897.99,,,,,,Standard Chartered Plc,,,,,,,,,,,ISIN,GB0004082847,Valor,1110646,SARA,000000422184,,,GB0004082847,GB/United Kingdom,GBP,,GBP,5.056,2021-05-18,1,14049,14049,GBP,71031.74,USD,100940.65,,,,,,,,,,,,,,,,,,,
,020,POS,"Stock Balance - May 18, 2021",lghths-sg,139402907,SAR,139402907,83676187.6000,83676187,83676187.6000,USD,USD,IE00BLNN3691,,,Share,2021-05-18,USD,453426.96,,,,,,,,Weatherford International Ltd,,,,,,,,,,,ISIN,IE00BLNN3691,Valor,24230735,SARA,000123618494,,,IE00BLNN3691,IE/Ireland,USD,,USD,11.4,2021-05-17,1,24,24,USD,273.6,,,,,,,,,,,,,,,,,,,,,
,020,POS,"Stock Balance - May 18, 2021",lghths-sg,139402910,SAR,139402910,83676187.6000,83676187,83676187.6000,USD,USD,IE00BL3HR700,,,Warrant,2021-05-18,,,,,,,,,,Weatherford International Ltd Wt.13.12.2023,,,,,,,,,,,ISIN,IE00BL3HR700,Valor,51640992,SARA,000139212204,,,IE00BL3HR700,IE/Ireland,USD,,USD,0.38,2021-05-17,1,271,271,USD,102.98,,,,,,,,,,,1,99.96,2023-12-13,,ISIN,IE00BLNN3691,Weatherford International Ltd,Share,,,
,020,POS,"Stock Balance - May 18, 2021",lghths-sg,139402915,SAR,139402915,83676187.6000,83676187,83676187.6000,USD,USD,XS1556165477,,,Bond,2021-05-18,USD,204200,,,,,,USD,2945.83,5.25% China Water Affairs Group Ltd 2017-2022,,,,,,,,,,,ISIN,XS1556165477,Valor,35513710,SARA,000131042001,,,XS1556165477,BM/Bermuda,USD,,USD,101.295,2021-05-17,.01,200000,200000,USD,202590,,,2017-02-07,2022-02-07,5.25,30E/360,2,2017-08-07,USD,BB+,,,,,,,,,,,
,020,POS,"Stock Balance - May 18, 2021",lghths-sg,139402916,SAR,139402916,83676187.6000,83676187,83676187.6000,USD,USD,USG50027AE42,,,Bond,2021-05-18,USD,211600,,,,,,USD,3343.75,5.625% Jaguar Land Rover Plc Notes 2013-2023 Senior Reg-S,,,,,,,,,,,ISIN,USG50027AE42,Valor,20549467,SARA,000082521405,,,USG50027AE42,GB/United Kingdom,USD,,USD,100.435,2021-05-18,.01,200000,200000,USD,200870,,,2013-01-28,2023-02-01,5.625,30E/360,2,2013-08-01,USD,B,,,,,,,,,,,
,020,POS,"Stock Balance - May 18, 2021",lghths-sg,139412744,SAR,139412744,83676187.6000,83676187,83676187.6000,USD,HKD,GB0005405286,,,Share,2021-05-18,HKD,2733628.67,USD,348905.36,,,,,,HSBC Holdings Plc,,,,,,,,,,,ISIN,GB0005405286,Valor,411161,Bloomberg,0005 HK,SARA,000000415042,GB0005405286,GB/United Kingdom,GBP,0.090618,HKD,49.2,2021-05-18,1,38597,38597,HKD,1898972.4,USD,244537.92,,,,,,,,,,,,,,,,,,,
,020,POS,"Stock Balance - May 18, 2021",lghths-sg,139518647,SAR,139518647,83676187.6000,83676187,83676187.6000,USD,USD,CH0400441280,,,Bond,2021-05-18,USD,199250,,,,,,USD,3000,5% UBS Group AG Contingent Convertible Floating Rate Notes  2018-Perpetual Subordinated,,,,,,,,,,,ISIN,CH0400441280,Valor,40044128,SARA,000133807554,,,CH0400441280,CH/Switzerland,USD,,USD,101.415,2021-05-18,.01,200000,200000,USD,202830,,,2018-01-31,4712-12-31,5.0,30/360,1,2019-01-31,USD,BB,,,,,,,,,,,
,020,POS,"Stock Balance - May 18, 2021",lghths-sg,140817383,SAR,140817383,83676187.6000,83676187,83676187.6000,USD,USD,KYG7943S1140,,,Fund,2021-05-18,USD,201000,,,,,,,,SCUBE Investment Management SPC Fixed Income Tactical Opportunities Fund Series 2 -Cash Option-,,,,,,,,,,,ISIN,KYG7943S1140,Valor,55646201,SARA,000140636795,,,KYG7943S1140,KY/Cayman Islands,USD,,USD,1084.44,2021-03-31,1,200,200,USD,216888,,,,,,,,,,,,,,,,,,,,,
,020,POS,"Stock Balance - May 18, 2021",lghths-sg,142489528,SAR,142489528,83676187.6000,83676187,83676187.6000,USD,GBP,XS2268319089,,,Bond,2021-05-18,GBP,200000,USD,274629,,,,,,8% UBS AG London Standard Chartered Plc STR 3.3447 HSBC Holdings Plc STR 2.8810 Callable Fixed Coupon Notes 15.02.2022 Repayment cash or physical,,,,,,,,,,,ISIN,XS2268319089,Valor,59420676,SARA,000142484926,,,XS2268319089,GB/United Kingdom,GBP,,GBP,102.56,2021-05-17,.01,200000,200000,GBP,205120,USD,291488.65,2021-02-15,2022-02-22,8.0,,2,2021-08-23,GBP,,,,,,,,,,,,
,020,POS,"Stock Balance - May 18, 2021",lghths-sg,143465251,SAR,143465251,83676187.6000,83676187,83676187.6000,USD,USD,111250919,,,Fund,2021-05-18,USD,202140,,,,,,,,SCUBE Investment Management SPC- Cash Option Medium Duration Opportunities (USD) Segregated Portfolio **Anspruch/Claim/Ayant Droit**,,,,,,,,,,,Valor,111250919,SARA,000143416569,,,,,,KY/Cayman Islands,USD,,USD,100.0,2021-04-30,.01,200000,200000,USD,200000,,,,,,,,,,,,,,,,,,,,,
,020,POS,"Stock Balance - May 18, 2021",lghths-sg,140130807,SAR,140130807,83677193.6000,83677193,83677193.6000,USD,USD,CH0276345995,,,Share,2021-05-18,USD,195252.48,,,,,,,,Bank J.Safra Sarasin AG Dynamic Sustainable Technology Disruptors Reference Portfolio USD Tracker Cert.2017-Perpetual,,,,,,,,,,,ISIN,CH0276345995,Valor,27634599,SARA,000131339805,,,CH0276345995,CH/Switzerland,USD,,USD,2164.92661203,2021-05-18,1,136,136,USD,294430.02,,,2017-03-02,,,,,,,,,,,,,,,,,,
,020,POS,"Stock Balance - May 18, 2021",lghths-sg,140138978,SAR,140138978,83677193.6000,83677193,83677193.6000,USD,USD,US0231351067,,,Share,2021-05-18,USD,92625,,,,,,,,Amazon.com Inc,,,,,,,,,,,ISIN,US0231351067,Valor,645156,Bloomberg,AMZN US,SARA,000000416730,US0231351067,US/United States of America,USD,,USD,3232.28,2021-05-17,1,39,39,USD,126058.92,,,,,,,,,,,,,,,,,,,,,
,020,POS,"Stock Balance - May 18, 2021",lghths-sg,140138985,SAR,140138985,83677193.6000,83677193,83677193.6000,USD,USD,US30303M1027,,,Share,2021-05-18,USD,11112.88,,,,,,,,Facebook Inc -A-,,,,,,,,,,,ISIN,US30303M1027,Valor,14917609,Bloomberg,FB US,SARA,000031299007,US30303M1027,US/United States of America,USD,,USD,309.96,2021-05-17,1,62,62,USD,19217.52,,,,,,,,,,,,,,,,,,,,,
,020,POS,"Stock Balance - May 18, 2021",lghths-sg,140138988,SAR,140138988,83677193.6000,83677193,83677193.6000,USD,USD,US70450Y1038,,,Share,2021-05-18,USD,21475.2,,,,,,,,PayPal Holdings Inc,,,,,,,,,,,ISIN,US70450Y1038,Valor,28467085,SARA,000125841357,,,US70450Y1038,US/United States of America,USD,,USD,243.21,2021-05-17,1,192,192,USD,46696.32,,,,,,,,,,,,,,,,,,,,,
,020,POS,"Stock Balance - May 18, 2021",lghths-sg,140138999,SAR,140138999,83677193.6000,83677193,83677193.6000,USD,HKD,KYG875721634,,,Share,2021-05-18,HKD,122880,USD,15853.34,,,,,,Tencent Holdings Ltd,,,,,,,,,,,ISIN,KYG875721634,Valor,24014323,Bloomberg,700 HK,SARA,000119678126,KYG875721634,KY/Cayman Islands,HKD,,HKD,607.5,2021-05-18,1,300,300,HKD,182250,USD,23469.03,,,,,,,,,,,,,,,,,,,
,020,POS,"Stock Balance - May 18, 2021",lghths-sg,140139006,SAR,140139006,83677193.6000,83677193,83677193.6000,USD,USD,US6936561009,,,Share,2021-05-18,USD,37699.2,,,,,,,,PVH Corp,,,,,,,,,,,ISIN,US6936561009,Valor,13341368,SARA,000029048907,,,US6936561009,US/United States of America,USD,,USD,116.67,2021-05-17,1,840,840,USD,98002.8,,,,,,,,,,,,,,,,,,,,,
,020,POS,"Stock Balance - May 18, 2021",lghths-sg,140139009,SAR,140139009,83677193.6000,83677193,83677193.6000,USD,USD,US88160R1014,,,Share,2021-05-18,USD,737304.42,,,,,,,,Tesla Inc,,,,,,,,,,,ISIN,US88160R1014,Valor,11448018,Bloomberg,TSLA UW,SARA,000026499970,US88160R1014,US/United States of America,USD,,USD,577.87,2021-05-17,1,4890,4890,USD,2825784.3,,,,,,,,,,,,,,,,,,,,,
,020,POS,"Stock Balance - May 18, 2021",lghths-sg,140139010,SAR,140139010,83677193.6000,83677193,83677193.6000,USD,USD,LU1139789298,,,Fund,2021-05-18,USD,36234,,,,,,,,Ninety One Global Strategy Fund Sicav- All China Equity (USD) -IX- Capitalisation,,,,,,,,,,,ISIN,LU1139789298,Valor,28286186,SARA,000129194049,,,LU1139789298,LU/Luxembourg,USD,,USD,35.01,2021-05-17,1,1350,1350,USD,47263.5,,,,,,,,,,,,,,,,,,,,,
,020,POS,"Stock Balance - May 18, 2021",lghths-sg,140139016,SAR,140139016,83677193.6000,83677193,83677193.6000,USD,USD,LU1076353199,,,Fund,2021-05-18,USD,122683.8,,,,,,,,Ashmore Sicav- Emerging Markets Short Duration Fund (USD) -Z- Capitalisation,,,,,,,,,,,ISIN,LU1076353199,Valor,32859655,SARA,000132418292,,,LU1076353199,LU/Luxembourg,USD,,USD,109.51,2021-05-17,1,1460,1460,USD,159884.6,,,,,,,,,,,,,,,,,,,,,
,020,POS,"Stock Balance - May 18, 2021",lghths-sg,140139032,SAR,140139032,83677193.6000,83677193,83677193.6000,USD,USD,US57636Q1040,,,Share,2021-05-18,USD,415952,,,,,,,,Mastercard Inc -A-,,,,,,,,,,,ISIN,US57636Q1040,Valor,2282206,Bloomberg,MA UN,SARA,000005979694,US57636Q1040,US/United States of America,USD,,USD,363.07,2021-05-17,1,1600,1600,USD,580912,,,,,,,,,,,,,,,,,,,,,
,020,POS,"Stock Balance - May 18, 2021",lghths-sg,140139036,SAR,140139036,83677193.6000,83677193,83677193.6000,USD,USD,LU0599947602,,,Fund,2021-05-18,USD,215169.2,,,,,,,,DWS Concept Sicav-Kaldemorgen (USD) -LCH- Capitalisation,,,,,,,,,,,ISIN,LU0599947602,Valor,18636996,SARA,000119902979,,,LU0599947602,LU/Luxembourg,USD,,USD,145.29,2021-05-18,1,1660,1660,USD,241181.4,,,,,,,,,,,,,,,,,,,,,
,020,POS,"Stock Balance - May 18, 2021",lghths-sg,140139046,SAR,140139046,83677193.6000,83677193,83677193.6000,USD,USD,US92826C8394,,,Share,2021-05-18,USD,339080,,,,,,,,Visa Inc -A-,,,,,,,,,,,ISIN,US92826C8394,Valor,3826452,Bloomberg,V UN,SARA,000021485316,US92826C8394,US/United States of America,USD,,USD,225.57,2021-05-17,1,2000,2000,USD,451140,,,,,,,,,,,,,,,,,,,,,
,020,POS,"Stock Balance - May 18, 2021",lghths-sg,140139051,SAR,140139051,83677193.6000,83677193,83677193.6000,USD,USD,US4642887602,,,Fund,2021-05-18,USD,315040,,,,,,,,iShares U.S. Aerospace & Defense ETF,,,,,,,,,,,ISIN,US4642887602,Valor,2552726,SARA,000028200389,,,US4642887602,US/United States of America,USD,,USD,104.72,2021-05-17,1,4000,4000,USD,418880,,,,,,,,,,,,,,,,,,,,,
,020,POS,"Stock Balance - May 18, 2021",lghths-sg,140139062,SAR,140139062,83677193.6000,83677193,83677193.6000,USD,USD,US01609W1027,,,Share,2021-05-18,USD,419000,,,,,,,,Alibaba Group Holding Ltd -ADS- (8 Shs),,,,,,,,,,,ISIN,US01609W1027,Valor,24409862,SARA,000123993236,,,US01609W1027,KY/Cayman Islands,USD,,USD,213.72,2021-05-17,1,2000,2000,USD,427440,,,,,,,,,,,,,,,,,,,,,
,020,POS,"Stock Balance - May 18, 2021",lghths-sg,140139064,SAR,140139064,83677193.6000,83677193,83677193.6000,USD,USD,HK0000055555,,,Fund,2021-05-18,USD,214751.25,,,,,,,,JPMorgan ASEAN Fund -USD- Capitalisation,,,,,,,,,,,ISIN,HK0000055555,Valor,10525833,Bloomberg,JFASEAI HK,SARA,000025146326,HK0000055555,HK/Hong Kong,USD,,USD,144.77,2021-05-17,1,2025,2025,USD,293159.25,,,,,,,,,,,,,,,,,,,,,
,020,POS,"Stock Balance - May 18, 2021",lghths-sg,140139067,SAR,140139067,83677193.6000,83677193,83677193.6000,USD,USD,LU0792612383,,,Fund,2021-05-18,USD,30763.2,,,,,,,,Franklin Templeton Investment Funds Sicav-India (USD) -W- Capitalisation,,,,,,,,,,,ISIN,LU0792612383,Valor,18819244,SARA,000064234678,,,LU0792612383,LU/Luxembourg,USD,,USD,25.07,2021-05-17,1,2040,2040,USD,51142.8,,,,,,,,,,,,,,,,,,,,,
,020,POS,"Stock Balance - May 18, 2021",lghths-sg,140139073,SAR,140139073,83677193.6000,83677193,83677193.6000,USD,USD,LU0322253229,,,Fund,2021-05-18,USD,80695.05,,,,,,,,Xtrackers Sicav- S&P Global Infrastructure Swap UCITS ETF (USD) -1C- Capitalisation,,,,,,,,,,,ISIN,LU0322253229,Valor,3614442,SARA,000023160306,,,LU0322253229,LU/Luxembourg,CHF,0.89725,USD,50.25,2021-05-18,1,2130,2130,USD,107032.5,,,2007-10-31,,,,,,,,,,,,,,,,,,
,020,POS,"Stock Balance - May 18, 2021",lghths-sg,140139076,SAR,140139076,83677193.6000,83677193,83677193.6000,USD,USD,US26210C1045,,,Share,2021-05-18,USD,44037.28,,,,,,,,Dropbox Inc -A-,,,,,,,,,,,ISIN,US26210C1045,Valor,40655183,Bloomberg,DBX UW,SARA,000134248881,US26210C1045,US/United States of America,USD,,USD,26.25,2021-05-17,1,2296,2296,USD,60270,,,,,,,,,,,,,,,,,,,,,
,020,POS,"Stock Balance - May 18, 2021",lghths-sg,140139086,SAR,140139086,83677193.6000,83677193,83677193.6000,USD,USD,IE00B57X3V84,,,Fund,2021-05-18,USD,146092.38,,,,,,,,iShares II Plc-Dow Jones Global Sustainability Screened UCITS ETF (USD) Capitalisation,,,,,,,,,,,ISIN,IE00B57X3V84,Valor,12592831,SARA,000125565434,,,IE00B57X3V84,IE/Ireland,EUR,0.818435,USD,57.825,2021-05-18,1,3715,3715,USD,214819.88,,,,,,,,,,,,,,,,,,,,,
,020,POS,"Stock Balance - May 18, 2021",lghths-sg,140139092,SAR,140139092,83677193.6000,83677193,83677193.6000,USD,USD,IE00BKM4GZ66,,,Fund,2021-05-18,USD,92505.6,,,,,,,,iShares Plc- Core MSCI Emerging Markets IMI UCITS (USD) Capitalisation,,,,,,,,,,,ISIN,IE00BKM4GZ66,Valor,24209517,SARA,000123910804,,,IE00BKM4GZ66,IE/Ireland,USD,,USD,37.23,2021-05-18,1,3840,3840,USD,142963.2,,,,,,,,,,,,,,,,,,,,,
,020,POS,"Stock Balance - May 18, 2021",lghths-sg,140139111,SAR,140139111,83677193.6000,83677193,83677193.6000,USD,USD,US2546871060,,,Share,2021-05-18,USD,426520,,,,,,,,Walt Disney Company,,,,,,,,,,,ISIN,US2546871060,Valor,984192,Bloomberg,DIS US,SARA,000000421596,US2546871060,US/United States of America,USD,,USD,169.68,2021-05-17,1,4000,4000,USD,678720,,,,,,,,,,,,,,,,,,,,,
,020,POS,"Stock Balance - May 18, 2021",lghths-sg,140139114,SAR,140139114,83677193.6000,83677193,83677193.6000,USD,USD,IE00BM67HK77,,,Fund,2021-05-18,USD,181790,,,,,,,,Xtrackers (IE) Plc- MSCI World Health Care UCITS ETF (USD) -1C- Capitalisation,,,,,,,,,,,ISIN,IE00BM67HK77,Valor,31660585,SARA,000127521739,,,IE00BM67HK77,IE/Ireland,USD,,USD,45.47,2021-05-18,1,4900,4900,USD,222803,,,,,,,,,,,,,,,,,,,,,
,020,POS,"Stock Balance - May 18, 2021",lghths-sg,140139129,SAR,140139129,83677193.6000,83677193,83677193.6000,USD,USD,US9229087104,,,Fund,2021-05-18,USD,1404918.2,,,,,,,,Vanguard 500 Index Fund (EUR) -Admiral- Distribution,,,,,,,,,,,ISIN,US9229087104,Valor,1156931,SARA,000129754681,,,US9229087104,US/United States of America,USD,,USD,385.86,2021-05-14,1,5290,5290,USD,2041199.4,,,,,,,,,,,,,,,,,,,,,
,020,POS,"Stock Balance - May 18, 2021",lghths-sg,140139136,SAR,140139136,83677193.6000,83677193,83677193.6000,USD,USD,US5949181045,,,Share,2021-05-18,USD,1046238.8,,,,,,,,Microsoft Corp,,,,,,,,,,,ISIN,US5949181045,Valor,951692,Bloomberg,MSFT US,SARA,000000420853,US5949181045,US/United States of America,USD,,USD,243.08,2021-05-17,1,5858,5858,USD,1423962.64,,,,,,,,,,,,,,,,,,,,,
,020,POS,"Stock Balance - May 18, 2021",lghths-sg,140139137,SAR,140139137,83677193.6000,83677193,83677193.6000,USD,USD,LU0292454872,,,Fund,2021-05-18,USD,138300,,,,,,,,JPMorgan Funds Sicav- US Select Equity Plus (USD) -A- Capitalisation,,,,,,,,,,,ISIN,LU0292454872,Valor,3031842,SARA,000023844172,,,LU0292454872,LU/Luxembourg,USD,,USD,34.82,2021-05-18,1,6000,6000,USD,208920,,,,,,,,,,,,,,,,,,,,,
,020,POS,"Stock Balance - May 18, 2021",lghths-sg,140139140,SAR,140139140,83677193.6000,83677193,83677193.6000,USD,USD,IE00B1TXHL60,,,Fund,2021-05-18,USD,103383.6,,,,,,,,iShares II Plc- Listed Private Equity UCITS ETF (USD),,,,,,,,,,,ISIN,IE00B1TXHL60,Valor,3007862,SARA,000025595322,,,IE00B1TXHL60,IE/Ireland,USD,,USD,29.09,2021-05-18,1,6060,6060,USD,176285.4,,,,,,,,,,,,,,,,,,,,,
,020,POS,"Stock Balance - May 18, 2021",lghths-sg,140139148,SAR,140139148,83677193.6000,83677193,83677193.6000,USD,USD,LU1169991020,,,Fund,2021-05-18,USD,201594.5,,,,,,,,Janus Henderson Horizon Fund Sicav- Pan European Smaller Companies (USD) -A2- Capitalisation,,,,,,,,,,,ISIN,LU1169991020,Valor,27210766,SARA,000129193698,,,LU1169991020,LU/Luxembourg,USD,,USD,59.89,2021-05-18,1,6290,6290,USD,376708.1,,,,,,,,,,,,,,,,,,,,,
,020,POS,"Stock Balance - May 18, 2021",lghths-sg,140139155,SAR,140139155,83677193.6000,83677193,83677193.6000,USD,USD,IE00BYZK4552,,,Fund,2021-05-18,USD,54544.5,,,,,,,,iShares IV Plc- Automation & Robotics UCITS ETF,,,,,,,,,,,ISIN,IE00BYZK4552,Valor,33305410,SARA,000130065573,,,IE00BYZK4552,IE/Ireland,USD,,USD,11.865,2021-05-18,1,7650,7650,USD,90767.25,,,,,,,,,,,,,,,,,,,,,
,020,POS,"Stock Balance - May 18, 2021",lghths-sg,140139159,SAR,140139159,83677193.6000,83677193,83677193.6000,USD,USD,LU0943300680,,,Fund,2021-05-18,USD,117387.94,,,,,,,,Schroder International Selection Fund Sicav- Japanese Opportunities (USD) -A- hedged Capitalisation,,,,,,,,,,,ISIN,LU0943300680,Valor,21607506,SARA,000101207542,,,LU0943300680,LU/Luxembourg,USD,,USD,20.611,2021-05-18,1,8020,8020,USD,165300.22,,,,,,,,,,,,,,,,,,,,,
,020,POS,"Stock Balance - May 18, 2021",lghths-sg,140139168,SAR,140139168,83677193.6000,83677193,83677193.6000,USD,USD,IE00BM67HL84,,,Fund,2021-05-18,USD,119026.88,,,,,,,,Xtrackers (IE) Plc- MSCI World Financials UCITS ETF (USD) -1C- Capitalisation,,,,,,,,,,,ISIN,IE00BM67HL84,Valor,31660574,SARA,000127521738,,,IE00BM67HL84,IE/Ireland,USD,,USD,24.885,2021-05-18,1,8250,8250,USD,205301.25,,,,,,,,,,,,,,,,,,,,,
,020,POS,"Stock Balance - May 18, 2021",lghths-sg,140139173,SAR,140139173,83677193.6000,83677193,83677193.6000,USD,USD,LU1184092051,,,Fund,2021-05-18,USD,89057.85,,,,,,,,Xtrackers Sicav-MSCI Europe UCITS ETF (USD) -2C- Capitalisation,,,,,,,,,,,ISIN,LU1184092051,Valor,27165551,SARA,000133521479,,,LU1184092051,LU/Luxembourg,USD,,USD,12.746,2021-05-18,1,9530,9530,USD,121469.38,,,,,,,,,,,,,,,,,,,,,
,020,POS,"Stock Balance - May 18, 2021",lghths-sg,140139178,SAR,140139178,83677193.6000,83677193,83677193.6000,USD,USD,LU0490618542,,,Fund,2021-05-18,USD,521503.73,,,,,,,,Xtrackers Sicav-S&P 500 Swap UCITS ETF (USD) -1C- Capitalisation,,,,,,,,,,,ISIN,LU0490618542,Valor,11138249,SARA,000028122252,,,LU0490618542,LU/Luxembourg,EUR,0.818435,USD,78.66,2021-05-18,1,9765,9765,USD,768114.9,,,,,,,,,,,,,,,,,,,,,
,020,POS,"Stock Balance - May 18, 2021",lghths-sg,140139183,SAR,140139183,83677193.6000,83677193,83677193.6000,USD,USD,LU0927735406,,,Fund,2021-05-18,USD,212291.7,,,,,,,,Xtrackers Sicav-MSCI Japan UCITS ETF (USD) -2D- Distribution,,,,,,,,,,,ISIN,LU0927735406,Valor,21557276,SARA,000110737610,,,LU0927735406,LU/Luxembourg,USD,,USD,25.815,2021-05-18,1,10680,10680,USD,275704.2,,,,,,,,,,,,,,,,,,,,,
,020,POS,"Stock Balance - May 18, 2021",lghths-sg,140139191,SAR,140139191,83677193.6000,83677193,83677193.6000,USD,EUR,IE00BG7PJ914,,,Fund,2021-05-18,EUR,495120,USD,537174.01,,,,,,Barings Investment Funds Plc- Europe Select (EUR) -B- Unhedged Distribution,,,,,,,,,,,ISIN,IE00BG7PJ914,Valor,45464924,SARA,000137710631,,,IE00BG7PJ914,IE/Ireland,EUR,,EUR,60.15,2021-05-18,1,12000,12000,EUR,721800,USD,881927.72,,,,,,,,,,,,,,,,,,,
,020,POS,"Stock Balance - May 18, 2021",lghths-sg,140139212,SAR,140139212,83677193.6000,83677193,83677193.6000,USD,USD,US33734X8469,,,Fund,2021-05-18,USD,512820,,,,,,,,First Trust NASDAQ Cybersecurity ETF,,,,,,,,,,,ISIN,US33734X8469,Valor,28549941,SARA,000125850193,,,US33734X8469,US/United States of America,USD,,USD,42.79,2021-05-17,1,18000,18000,USD,770220,,,,,,,,,,,,,,,,,,,,,
,020,POS,"Stock Balance - May 18, 2021",lghths-sg,140139216,SAR,140139216,83677193.6000,83677193,83677193.6000,USD,USD,US0846707026,,,Share,2021-05-18,USD,3522860,,,,,,,,Berkshire Hathaway Inc -B-,,,,,,,,,,,ISIN,US0846707026,Valor,10926529,Bloomberg,BRK/B US,SARA,000025610650,US0846707026,US/United States of America,USD,,USD,287.59,2021-05-17,1,18425,18425,USD,5298845.75,,,,,,,,,,,,,,,,,,,,,
,020,POS,"Stock Balance - May 18, 2021",lghths-sg,140139223,SAR,140139223,83677193.6000,83677193,83677193.6000,USD,HKD,KYG3777B1032,,,Share,2021-05-18,HKD,228735,USD,29510.21,,,,,,Geely Automobile Holdings Ltd,,,,,,,,,,,ISIN,KYG3777B1032,Valor,1812980,Bloomberg,175 HK,SARA,000024785919,KYG3777B1032,KY/Cayman Islands,HKD,,HKD,18.3,2021-05-18,1,19550,19550,HKD,357765,USD,46070.76,,,,,,,,,,,,,,,,,,,
,020,POS,"Stock Balance - May 18, 2021",lghths-sg,140139230,SAR,140139230,83677193.6000,83677193,83677193.6000,USD,EUR,LU0260085492,,,Fund,2021-05-18,EUR,774998.88,USD,840824.96,,,,,,The Jupiter Global Fund Sicav- European Growth  (EUR) -L- Capitalisation,,,,,,,,,,,ISIN,LU0260085492,Valor,2707263,SARA,000031523329,,,LU0260085492,LU/Luxembourg,EUR,,EUR,44.27,2021-05-18,1,21198,21198,EUR,938435.46,USD,1146622.67,,,,,,,,,,,,,,,,,,,
,020,POS,"Stock Balance - May 18, 2021",lghths-sg,140139244,SAR,140139244,83677193.6000,83677193,83677193.6000,USD,USD,IE00BYZK4669,,,Fund,2021-05-18,USD,119496.56,,,,,,,,iShares IV Plc- Ageing Population UCITS ETF,,,,,,,,,,,ISIN,IE00BYZK4669,Valor,33305420,SARA,000130065572,,,IE00BYZK4669,IE/Ireland,USD,,USD,7.875,2021-05-18,1,24325,24325,USD,191559.38,,,,,,,,,,,,,,,,,,,,,
,020,POS,"Stock Balance - May 18, 2021",lghths-sg,140139248,SAR,140139248,83677193.6000,83677193,83677193.6000,USD,USD,US33738R6053,,,Fund,2021-05-18,USD,777330.54,,,,,,,,First Trust Dorsey Wright Focus 5 ETF,,,,,,,,,,,ISIN,US33738R6053,Valor,23632392,SARA,000106789452,,,US33738R6053,US/United States of America,USD,,USD,45.11,2021-05-17,1,26823,26823,USD,1209985.53,,,,,,,,,,,,,,,,,,,,,
,020,POS,"Stock Balance - May 18, 2021",lghths-sg,140139252,SAR,140139252,83677193.6000,83677193,83677193.6000,USD,USD,US0846491027,,,Fund,2021-05-18,USD,774974.5,,,,,,,,Berkshire Funds (USD) Distribution,,,,,,,,,,,ISIN,US0846491027,Valor,839013,SARA,000138882563,,,US0846491027,US/United States of America,USD,,USD,36.64,2021-05-14,1,27201.632,27201.632,USD,996667.8,,,,,,,,,,,,,,,,,,,,,
,020,POS,"Stock Balance - May 18, 2021",lghths-sg,140150219,SAR,140150219,83677193.6000,83677193,83677193.6000,USD,USD,US88032Q1094,,,Share,2021-05-18,USD,339228,,,,,,,,Tencent Holdings Ltd -ADR-,,,,,,,,,,,ISIN,US88032Q1094,Valor,4752662,SARA,000028344274,,,US88032Q1094,KY/Cayman Islands,USD,,USD,79.05,2021-05-18,1,6480,6480,USD,512244,,,,,,,,,,,,,,,,,,,,,
,020,POS,"Stock Balance - May 18, 2021",lghths-sg,140158326,SAR,140158326,83677193.6000,83677193,83677193.6000,USD,USD,US36847Q1031,,,Share,2021-05-18,USD,187636.8,,,,,,,,Geely Automobile Holdings Ltd -ADR- (20 Shs),,,,,,,,,,,ISIN,US36847Q1031,Valor,10712481,SARA,000131633808,,,US36847Q1031,KY/Cayman Islands,USD,,USD,47.73,2021-05-17,1,6240,6240,USD,297835.2,,,,,,,,,,,,,,,,,,,,,
,020,POS,"Stock Balance - May 18, 2021",lghths-sg,140766940,SAR,140766940,83677193.6000,83677193,83677193.6000,USD,USD,US00214Q1040,,,Fund,2021-05-18,USD,257562.52,,,,,,,,ARK Innovation ETF,,,,,,,,,,,ISIN,US00214Q1040,Valor,25949494,SARA,000132130108,,,US00214Q1040,US/United States of America,USD,,USD,104.79,2021-05-17,1,3090,3090,USD,323801.1,,,,,,,,,,,,,,,,,,,,,
,020,POS,"Stock Balance - May 18, 2021",lghths-sg,140774543,SAR,140774543,83677193.6000,83677193,83677193.6000,USD,USD,US7429351254,,,Fund,2021-05-18,USD,502675.01,,,,,,,,Professionally Managed Portfolios Akre Focus Fund (USD) -Institutional- Distribution,,,,,,,,,,,ISIN,US7429351254,Valor,10507151,SARA,000140770052,,,US7429351254,US/United States of America,USD,,USD,61.43,2021-04-28,1,9904.913,9904.913,USD,608458.81,,,,,,,,,,,,,,,,,,,,,
,020,POS,"Stock Balance - May 18, 2021",lghths-sg,140973259,SAR,140973259,83677193.6000,83677193,83677193.6000,USD,USD,US1729674242,,,Share,2021-05-18,USD,266076.37,,,,,,,,Citigroup Inc,,,,,,,,,,,ISIN,US1729674242,Valor,12915350,Bloomberg,C US,SARA,000028584584,US1729674242,US/United States of America,USD,,USD,76.62,2021-05-17,1,5000,5000,USD,383100,,,,,,,,,,,,,,,,,,,,,
,020,POS,"Stock Balance - May 18, 2021",lghths-sg,140973283,SAR,140973283,83677193.6000,83677193,83677193.6000,USD,USD,US0605051046,,,Share,2021-05-18,USD,268430.14,,,,,,,,Bank of America Corp,,,,,,,,,,,ISIN,US0605051046,Valor,748628,Bloomberg,BAC UN,SARA,000000418117,US0605051046,US/United States of America,USD,,USD,42.16,2021-05-17,1,10000,10000,USD,421600,,,,,,,,,,,,,,,,,,,,,
,020,POS,"Stock Balance - May 18, 2021",lghths-sg,141952076,SAR,141952076,83667931.6000,83667931,83667931.6000,USD,USD,US88160R1014,,,Share,2021-05-18,USD,16281.8,,,,,,,,Tesla Inc,,,,,,,,,,,ISIN,US88160R1014,Valor,11448018,Bloomberg,TSLA UW,SARA,000026499970,US88160R1014,US/United States of America,USD,,USD,577.87,2021-05-17,1,28,28,USD,16180.36,,,,,,,,,,,,,,,,,,,,,
,020,POS,"Cash Balance - May 18, 2021",lghths-sg,133980399,SAR,133980399,83663279.6000,83663279,83663279.4000/USD/KK,USD,USD,USD,CURRENCY,USD,Cash,2021-05-18,USD,47616.28,,,,portfolioID,83663279.6000,,,,,,,,,,,,,,,,,,,,,,,,,,,,,,,,,,,,,,,,,,,,,,,,,,,,,,
,020,POS,"Cash Balance - May 18, 2021",lghths-sg,134173977,SAR,134173977,83663279.6000,83663279,83663279.4001/GBP/KK,USD,GBP,GBP,CURRENCY,GBP,Cash,2021-05-18,GBP,0,USD,0,,portfolioID,83663279.6000,,,,,,,,,,,,,,,,,,,,,,,,,,,,,,,,,,,,,,,,,,,,,,,,,,,,,,
,020,POS,"Cash Balance - May 18, 2021",lghths-sg,134270852,SAR,134270852,83663279.6000,83663279,83663279.4002/SGD/KK,USD,SGD,SGD,CURRENCY,SGD,Cash,2021-05-18,SGD,1711.75,USD,1287.31,,portfolioID,83663279.6000,,,,,,,,,,,,,,,,,,,,,,,,,,,,,,,,,,,,,,,,,,,,,,,,,,,,,,
,020,POS,"Cash Balance - May 18, 2021",lghths-sg,140493349,SAR,140493349,83663279.6000,83663279,83663279.4003/EUR/KK,USD,EUR,EUR,CURRENCY,EUR,Cash,2021-05-18,EUR,2050.98,USD,2505.98,,portfolioID,83663279.6000,EUR,-24.81,,,,,,,,,,,,,,,,,,,,,,,,,,,,,,,,,,,,,,,,,,,,,,,,,,,USD,-30.31
,020,POS,"Cash Balance - May 18, 2021",lghths-sg,140953859,SAR,140953859,83663279.6000,83663279,83663279.4004/HKD/KK,USD,HKD,HKD,CURRENCY,HKD,Cash,2021-05-18,HKD,0,USD,0,,portfolioID,83663279.6000,,,,,,,,,,,,,,,,,,,,,,,,,,,,,,,,,,,,,,,,,,,,,,,,,,,,,,
,020,POS,"Cash Balance - May 18, 2021",lghths-sg,133980435,SAR,133980435,83663293.6000,83663293,83663293.4000/USD/KK,USD,USD,USD,CURRENCY,USD,Cash,2021-05-18,USD,303286.92,,,,portfolioID,83663293.6000,,,,,,,,,,,,,,,,,,,,,,,,,,,,,,,,,,,,,,,,,,,,,,,,,,,,,,
,020,POS,"Cash Balance - May 18, 2021",lghths-sg,134321779,SAR,134321779,83663293.6000,83663293,83663293.4001/GBP/KK,USD,GBP,GBP,CURRENCY,GBP,Cash,2021-05-18,GBP,8823.5,USD,12538.76,,portfolioID,83663293.6000,,,,,,,,,,,,,,,,,,,,,,,,,,,,,,,,,,,,,,,,,,,,,,,,,,,,,,
,020,POS,"Cash Balance - May 18, 2021",lghths-sg,134427611,SAR,134427611,83663293.6000,83663293,83663293.4002/SGD/KK,USD,SGD,SGD,CURRENCY,SGD,Cash,2021-05-18,SGD,0,USD,0,,portfolioID,83663293.6000,,,,,,,,,,,,,,,,,,,,,,,,,,,,,,,,,,,,,,,,,,,,,,,,,,,,,,
,020,POS,"Cash Balance - May 18, 2021",lghths-sg,134655209,SAR,134655209,83663293.6000,83663293,83663293.4003/EUR/KK,USD,EUR,EUR,CURRENCY,EUR,Cash,2021-05-18,EUR,0,USD,0,,portfolioID,83663293.6000,,,,,,,,,,,,,,,,,,,,,,,,,,,,,,,,,,,,,,,,,,,,,,,,,,,,,,
,020,POS,"Loan Balance - May 18, 2021",lghths-sg,141444043,SAR,141444043,83667931.6000,83667931,83667931,USD,EUR,EUR,CURRENCY,EUR,MoneyMarket,2021-05-18,EUR,-100050.8,USD,-122246.57,,portfolioID,83667931.6000,EUR,-540.27,EUR Fixed Loan,Loan,Fixed,2021-07-14,EUR,-100050.8,0.9,141444043,s/t Fixed Advance Fix EUR 0.9% 14.10.2020-14.07.,2021-07-14,2020-10-14,,,,,,,,,,,,,,,,,,,,,,,,,,,,,,,,,,,,,,,,USD,-660.13
,020,POS,"Loan Balance - May 18, 2021",lghths-sg,143489448,SAR,143489448,83667931.6000,83667931,83667931,USD,USD,USD,CURRENCY,USD,MoneyMarket,2021-05-18,USD,-334057.49,,,,portfolioID,83667931.6000,,,USD Fixed Loan,Loan,Fixed,2021-05-25,USD,-334057.49,1.16625,143489448,s/t Fixed Advance Fix USD 1.16625% 18.05.2021-25,2021-05-25,2021-05-18,,,,,,,,,,,,,,,,,,,,,,,,,,,,,,,,,,,,,,,,,
,020,POS,"Loan Balance - May 18, 2021",lghths-sg,143468184,SAR,143468184,83676187.6000,83676187,83676187,USD,GBP,GBP,CURRENCY,GBP,MoneyMarket,2021-05-18,GBP,-200499.16,USD,-284922.14,,portfolioID,83676187.6000,GBP,-5.49,GBP Fixed Loan,Loan,Fixed,2021-06-14,GBP,-200499.16,1.0,143468184,s/t Fixed Advance Fix GBP 1% 17.05.2021-14.06.20,2021-06-14,2021-05-17,,,,,,,,,,,,,,,,,,,,,,,,,,,,,,,,,,,,,,,,USD,-7.8
,020,POS,"Loan Balance - May 18, 2021",lghths-sg,143480371,SAR,143480371,83677193.6000,83677193,83677193,USD,USD,USD,CURRENCY,USD,MoneyMarket,2021-05-18,USD,-719771.65,,,,portfolioID,83677193.6000,USD,-8,USD Fixed Loan,Loan,Fixed,2021-06-17,USD,-719771.65,0.4,143480371,s/t Fixed Advance Fix USD 0.4% 17.05.2021-17.06.,2021-06-17,2021-05-17,,,,,,,,,,,,,,,,,,,,,,,,,,,,,,,,,,,,,,,,,
,020,POS,"Stock Balance - May 18, 2021",lghths-sg,134149308,SAR,134149308,83663279.6000,83663279,83663279.6000,USD,USD,US02079K1079,,,Share,2021-05-18,USD,71569,,,,,,,,Alphabet Inc -C-,,,,,,,,,,,ISIN,US02079K1079,Valor,29798545,SARA,000126334673,,,US02079K1079,US/United States of America,USD,,USD,2303.43,2021-05-17,1,100,100,USD,230343,,,,,,,,,,,,,,,,,,,,,
,020,POS,"Stock Balance - May 18, 2021",lghths-sg,134149314,SAR,134149314,83663279.6000,83663279,83663279.6000,USD,USD,USY57657AA90,,,Bond,2021-05-18,USD,389880,,,,,,USD,8715.56,5.3% Marble II Pte Ltd Bond 2017-2022,,,,,,,,,,,ISIN,USY57657AA90,Valor,37153128,SARA,000132184737,,,USY57657AA90,SG/Singapore,USD,,USD,100.195,2021-05-17,.01,400000,400000,USD,400780,,,2017-06-20,2022-06-20,5.3,30E/360,2,2017-12-20,USD,BB,,,,,,,,,,,
,020,POS,"Stock Balance - May 18, 2021",lghths-sg,134149391,SAR,134149391,83663279.6000,83663279,83663279.6000,USD,USD,XS1492713505,,,Bond,2021-05-18,USD,399200,,,,,,USD,3422.22,5.5% State Bank of India Contingent Convertible Floating Rate Notes 2016-Perpetual,,,,,,,,,,,ISIN,XS1492713505,Valor,33981821,SARA,000129991155,,,XS1492713505,00939,USD,,USD,101.21,2021-05-17,.01,400000,400000,USD,404840,,,2016-09-22,2021-09-22,5.5,30/360,2,2017-03-22,USD,B,,,,,,,,,,,
,020,POS,"Stock Balance - May 18, 2021",lghths-sg,134149396,SAR,134149396,83663279.6000,83663279,83663279.6000,USD,USD,USF2893TAM83,,,Bond,2021-05-18,USD,318600,,,,,,USD,5437.5,5.625% Electricit� de France EDF Notes 2014-Perpetual Reg-S Subordinated,,,,,,,,,,,ISIN,USF2893TAM83,Valor,23404521,SARA,000104422680,,,USF2893TAM83,FR/France,USD,,USD,107.375,2021-05-18,.01,300000,300000,USD,322125,,,2014-01-22,2046-06-17,5.625,30E/360,2,2014-07-22,USD,BB-,,,,,,,,,,,
,020,POS,"Stock Balance - May 18, 2021",lghths-sg,134149419,SAR,134149419,83663279.6000,83663279,83663279.6000,USD,USD,XS1423722823,,,Bond,2021-05-18,USD,313500,,,,,,USD,7392.71,5.875% QBE Insurance Group Ltd Contingent Convertible Floating Rate Emt-Notes 2016-2046,,,,,,,,,,,ISIN,XS1423722823,Valor,32942221,SARA,000129445087,,,XS1423722823,AU/Australia,USD,,USD,110.09,2021-05-17,.01,300000,300000,USD,330270,,,2016-06-17,2046-06-17,5.875,30/360,2,2016-12-17,USD,BBB-,,,,,,,,,,,
,020,POS,"Stock Balance - May 18, 2021",lghths-sg,134237583,SAR,134237583,83663279.6000,83663279,83663279.6000,USD,GBP,XD0018087144,,,Fund,2021-05-18,,,USD,0,,,,,,Synergy Multi-Strategy Fund Ltd (GBP) -B- Series 1 -In Liquidation-,,,,,,,,,,,ISIN,XD0018087144,Valor,1808714,SARA,000134228704,,,XD0018087144,KY/Cayman Islands,GBP,,GBP,0.00,2018-03-20,1,265.256,265.256,,,,,,,,,,,,,,,,,,,,,,,
,020,POS,"Stock Balance - May 18, 2021",lghths-sg,134237585,SAR,134237585,83663279.6000,83663279,83663279.6000,USD,USD,XD0018852000,,,Fund,2021-05-18,USD,1116.1,,,,,,,,Synergy Fund Ltd -A- Series 8 -In Liquidation-,,,,,,,,,,,ISIN,XD0018852000,Valor,1885200,SARA,000100560433,,,XD0018852000,KY/Cayman Islands,USD,,USD,5.5805,2013-11-29,1,200,200,USD,1116.1,,,,,,,,,,,,,,,,,,,,,
,020,POS,"Stock Balance - May 18, 2021",lghths-sg,134237591,SAR,134237591,83663279.6000,83663279,83663279.6000,USD,USD,KYG8646E2530,,,Fund,2021-05-18,,,,,,,,,,Synergy Fund Ltd (USD) -A- Series 7 -In Liquidation-,,,,,,,,,,,ISIN,KYG8646E2530,Valor,1319516,SARA,000134228769,,,KYG8646E2530,KY/Cayman Islands,USD,,USD,0.00,2018-03-20,1,200,200,,,,,,,,,,,,,,,,,,,,,,,
,020,POS,"Stock Balance - May 18, 2021",lghths-sg,134237613,SAR,134237613,83663279.6000,83663279,83663279.6000,USD,USD,IE00BCV7N601,,,Fund,2021-05-18,USD,0.01,,,,,,,,PIMCO Funds Global Investors Series Plc- Diversified Income Duration Hedged (USD) -E- Capitalisation,,,,,,,,,,,ISIN,IE00BCV7N601,Valor,22073677,SARA,000101207493,,,IE00BCV7N601,IE/Ireland,USD,,USD,12.33,2021-05-17,1,0.001,0.001,USD,0.01,,,,,,,,,,,,,,,,,,,,,
,020,POS,"Stock Balance - May 18, 2021",lghths-sg,134428056,SAR,134428056,83663279.6000,83663279,83663279.6000,USD,USD,XS1556165477,,,Bond,2021-05-18,USD,202296,,,,,,USD,2945.83,5.25% China Water Affairs Group Ltd 2017-2022,,,,,,,,,,,ISIN,XS1556165477,Valor,35513710,SARA,000131042001,,,XS1556165477,BM/Bermuda,USD,,USD,101.295,2021-05-17,.01,200000,200000,USD,202590,,,2017-02-07,2022-02-07,5.25,30E/360,2,2017-08-07,USD,BB+,,,,,,,,,,,
,020,POS,"Stock Balance - May 18, 2021",lghths-sg,137220345,SAR,137220345,83663279.6000,83663279,83663279.6000,USD,USD,XS1958658509,,,Bond,2021-05-18,USD,202400,,,,,,USD,2433.33,6% Jubilant Pharma Ltd Bonds 2019-2024 RegS,,,,,,,,,,,ISIN,XS1958658509,Valor,46710638,SARA,000136837239,,,XS1958658509,SG/Singapore,USD,,USD,105.115,2021-05-17,.01,200000,200000,USD,210230,,,2019-03-05,2024-03-05,6.0,30E/360,2,2019-09-05,USD,BB-,,,,,,,,,,,
,020,POS,"Stock Balance - May 18, 2021",lghths-sg,137320270,SAR,137320270,83663279.6000,83663279,83663279.6000,USD,USD,XS1981202861,,,Bond,2021-05-18,USD,201080,,,,,,USD,991.67,5.95% JSW Steel Ltd Bonds 2019-2024 RegS,,,,,,,,,,,ISIN,XS1981202861,Valor,47429326,SARA,000137302060,,,XS1981202861,IN/India,USD,,USD,107.415,2021-05-17,.01,200000,200000,USD,214830,,,2019-04-18,2024-04-18,5.95,30/360,2,2019-10-18,USD,BB,,,,,,,,,,,
,020,POS,"Stock Balance - May 18, 2021",lghths-sg,138136578,SAR,138136578,83663279.6000,83663279,83663279.6000,USD,SGD,SG1AA5000001,,,Share,2021-05-18,SGD,270499.27,USD,191322.01,,,,,,Frasers Hospitality Trust REIT,,,,,,,,,,,ISIN,SG1AA5000001,Valor,24766830,Bloomberg,FHT SP,SARA,000123695896,SG1AA5000001,SG/Singapore,SGD,,SGD,0.52,2021-05-18,1,382500,382500,SGD,198900,USD,149581.38,,,,,,,,,,,,,,,,,,,
,020,POS,"Stock Balance - May 18, 2021",lghths-sg,138958001,SAR,138958001,83663279.6000,83663279,83663279.6000,USD,USD,XS1753595328,,,Bond,2021-05-18,USD,288975,,,,,,USD,5177.5,5.45% Abja Investment Co Pte Ltd Notes 2018-2028 Reg-S,,,,,,,,,,,ISIN,XS1753595328,Valor,40014007,SARA,000133765006,,,XS1753595328,SG/Singapore,USD,,USD,105.05,2021-05-17,.01,300000,300000,USD,315150,,,2018-01-24,2028-01-24,5.45,30/360,2,2018-07-24,USD,BB-,,,,,,,,,,,
,020,POS,"Stock Balance - May 18, 2021",lghths-sg,138958048,SAR,138958048,83663279.6000,83663279,83663279.6000,USD,USD,US62828M2A84,,,Bond,2021-05-18,USD,204700,,,,,,USD,612.5,6.125% Muthoot Finance Ltd MT-Notes 2019-2022 Global RegS,,,,,,,,,,,ISIN,US62828M2A84,Valor,50738431,SARA,000138717209,,,US62828M2A84,IN/India,USD,,USD,103.53,2021-05-17,.01,200000,200000,USD,207060,,,2019-10-31,2022-10-31,6.125,30E/360,2,2020-04-30,USD,BB,,,,,,,,,,,
,020,POS,"Stock Balance - May 18, 2021",lghths-sg,139394548,SAR,139394548,83663279.6000,83663279,83663279.6000,USD,USD,XS2090080172,,,Bond,2021-05-18,USD,254595,,,,,,USD,5121.53,5.9% Manappuram Finance Ltd Emt-Notes 2020-2023 Secured,,,,,,,,,,,ISIN,XS2090080172,Valor,51830341,SARA,000139292337,,,XS2090080172,IN/India,USD,,USD,102.55,2021-05-17,.01,250000,250000,USD,256375,,,2020-01-13,2023-01-13,5.9,30/360,2,2020-07-13,USD,B+,,,,,,,,,,,
,020,POS,"Stock Balance - May 18, 2021",lghths-sg,139630789,SAR,139630789,83663279.6000,83663279,83663279.6000,USD,USD,USG9328DAM23,,,Bond,2021-05-18,USD,197922,,,,,,USD,3825,6.375% Vedanta Resources Ltd Bonds 2017-2022 Global Reg-S,,,,,,,,,,,ISIN,USG9328DAM23,Valor,35497009,SARA,000131036083,,,USG9328DAM23,GB/United Kingdom,USD,,USD,98.45,2021-05-18,.01,200000,200000,USD,196900,,,2017-01-30,2022-07-30,6.375,30E/360,2,2017-07-30,USD,CCC+,,,,,,,,,,,
,020,POS,"Stock Balance - May 18, 2021",lghths-sg,140416493,SAR,140416493,83663279.6000,83663279,83663279.6000,USD,USD,KYG047761039,,,Fund,2021-05-18,USD,150802.5,,,,,,,,Aravali Cayman Spc Global Arbitrage Fund (USD) -B- Segregated Portfolio Non Voting Capitalisation,,,,,,,,,,,ISIN,KYG047761039,Valor,24384793,SARA,000127370797,,,KYG047761039,KY/Cayman Islands,USD,,USD,1610.669,2021-04-01,1,99.572,99.572,USD,160377.53,,,,,,,,,,,,,,,,,,,,,
,020,POS,"Stock Balance - May 18, 2021",lghths-sg,141129468,SAR,141129468,83663279.6000,83663279,83663279.6000,USD,SGD,SG2D63974620,,,Share,2021-05-18,SGD,100510.92,USD,73935.69,,,,,,AIMS APAC REIT,,,,,,,,,,,ISIN,SG2D63974620,Valor,13687016,Bloomberg,AAREIT SP,SARA,000029481966,SG2D63974620,SG/Singapore,SGD,,SGD,1.42,2021-05-18,1,83500,83500,SGD,118570,USD,89169.75,,,,,,,,,,,,,,,,,,,
,020,POS,"Stock Balance - May 18, 2021",lghths-sg,141787066,SAR,141787066,83663279.6000,83663279,83663279.6000,USD,HKD,HK0941009539,,,Share,2021-05-18,HKD,2546920.93,USD,327894.96,,,,,,China Mobile Ltd,,,,,,,,,,,ISIN,HK0941009539,Valor,1099448,Bloomberg,941 HK,SARA,000000422519,HK0941009539,HK/Hong Kong,HKD,,HKD,50.1,2021-05-18,1,54000,54000,HKD,2705400,USD,348384.67,,,,,,,,,,,,,,,,,,,
,020,POS,"Stock Balance - May 18, 2021",lghths-sg,142011178,SAR,142011178,83663279.6000,83663279,83663279.6000,USD,USD,USY7141GAA05,,,Bond,2021-05-18,USD,303665.2,,,,,,USD,412.5,4.95% PT Chandra Asri Petrochemical Tbk Notes 2017-2024 RegS,,,,,,,,,,,ISIN,USY7141GAA05,Valor,38942960,SARA,000133207150,,,USY7141GAA05,ID/Indonesia,USD,,USD,102.615,2021-05-17,.01,300000,300000,USD,307845,,,2017-11-08,2024-11-08,4.95,30E/360,2,2018-05-08,USD,BB-,,,,,,,,,,,
,020,POS,"Stock Balance - May 18, 2021",lghths-sg,142049130,SAR,142049130,83663279.6000,83663279,83663279.6000,USD,USD,IE00BKXBBV70,,,Fund,2021-05-18,USD,200429.08,,,,,,,,SphereInvest Global UCITS Icav- Credit Strategies Fund (USD) -F- Capitalisation,,,,,,,,,,,ISIN,IE00BKXBBV70,Valor,57922240,SARA,000141776627,,,IE00BKXBBV70,IE/Ireland,USD,,USD,183.33729,2021-05-13,1,1122.1069,1122.1069,USD,205724.04,,,,,,,,,,,,,,,,,,,,,
,020,POS,"Stock Balance - May 18, 2021",lghths-sg,142246399,SAR,142246399,83663279.6000,83663279,83663279.6000,USD,USD,XS2222660768,,,Bond,2021-05-18,USD,199920,,,,,,,,10% BNP Paribas Alibaba Group Holding Ltd RegS STR 193.76  Callable Fixed Coupon Notes 02.08.2021 Repayment cash or physical,,,,,,,,,,,ISIN,XS2222660768,Valor,59267331,SARA,000142236259,,,XS2222660768,HK/Hong Kong,USD,,USD,99.01601479,2021-05-17,.01,200000,200000,USD,198032.03,,,2021-02-01,2021-08-09,10.0,,12,2021-03-08,USD,,,,,,,,,,,,
,020,POS,"Stock Balance - May 18, 2021",lghths-sg,142520517,SAR,142520517,83663279.6000,83663279,83663279.6000,USD,USD,US1104481072,,,Share,2021-05-18,USD,149478.79,,,,,,,,British American Tobacco Plc -ADR-,,,,,,,,,,,ISIN,US1104481072,Valor,949872,SARA,000026925972,,,US1104481072,GB/United Kingdom,USD,,USD,39.97,2021-05-17,1,4000,4000,USD,159880,,,,,,,,,,,,,,,,,,,,,
,020,POS,"Stock Balance - May 18, 2021",lghths-sg,142550496,SAR,142550496,83663279.6000,83663279,83663279.6000,USD,USD,XS2291745334,,,Bond,2021-05-18,USD,245025,,,,,,,,Royal Bank of Canada RBC British American Tobacco Plc -ADR-STR 34.1967 Reverse Convertible 19.05.2021 Repayment cash or physical,,,,,,,,,,,ISIN,XS2291745334,Valor,58469055,SARA,000142549487,,,XS2291745334,CA/Canada,USD,,USD,99.997898569,2021-05-17,.01,250000,250000,USD,249994.75,,,2021-02-19,2021-05-21,0.0,,,2021-02-10,,,,,,,,,,,,,
,020,POS,"Stock Balance - May 18, 2021",lghths-sg,142651277,SAR,142651277,83663279.6000,83663279,83663279.6000,USD,USD,XS2213954766,,,Bond,2021-05-18,USD,208456.97,,,,,,USD,3402.78,6.25% Powerlong Real Estate Holdings Ltd Bonds 2020-2024 Secured,,,,,,,,,,,ISIN,XS2213954766,Valor,56387933,SARA,000140909913,,,XS2213954766,KY/Cayman Islands,USD,,USD,104.39,2021-05-17,.01,200000,200000,USD,208780,,,2020-08-10,2024-08-10,6.25,30/360,2,2021-02-10,USD,B+,,,,,,,,,,,
,020,POS,"Stock Balance - May 18, 2021",lghths-sg,142666878,SAR,142666878,83663279.6000,83663279,83663279.6000,USD,USD,US02079K3059,,,Share,2021-05-18,USD,422126.18,,,,,,,,Alphabet Inc -A-,,,,,,,,,,,ISIN,US02079K3059,Valor,29798540,SARA,000126331383,,,US02079K3059,US/United States of America,USD,,USD,2262.47,2021-05-17,1,200,200,USD,452494,,,,,,,,,,,,,,,,,,,,,
,020,POS,"Stock Balance - May 18, 2021",lghths-sg,142702909,SAR,142702909,83663279.6000,83663279,83663279.6000,USD,USD,000142695806,SARA,000142695806,Hybrid,2021-05-18,,,,,,,,,,FX Accumulator on GBP/USD 2x Leveraged  Buy GBP / Sell USD at 1.3535 KO:1.45 Period: 22.FEB.21 - 24.FEB.22  12 Fixings One Guaranteed Period,,,,,,,,,,,,,,,,,,,,,USD,,USD,0.00243945,2021-05-18,1,834000,834000,USD,2034.49,,,,,,,,,,,,,,,,,,,,,
,020,POS,"Stock Balance - May 18, 2021",lghths-sg,142770063,SAR,142770063,83663279.6000,83663279,83663279.6000,USD,USD,LU1514167219,,,Fund,2021-05-18,USD,401737.47,,,,,,,,Schroder International Selection  Fund Sicav-Global Credit Income (USD) -C- Distribution,,,,,,,,,,,ISIN,LU1514167219,Valor,34540233,SARA,000132419171,,,LU1514167219,LU/Luxembourg,USD,,USD,105.9646,2021-05-18,1,3762.26,3762.26,USD,398666.38,,,,,,,,,,,,,,,,,,,,,
,020,POS,"Stock Balance - May 18, 2021",lghths-sg,142983482,SAR,142983482,83663279.6000,83663279,83663279.6000,USD,USD,000142978144,SARA,000142978144,Option,2021-05-18,USD,-622,,,,,,,,British American Tobacco PLC Call 18.06.2021 45 (BTI US),,,,,,,,,,,,,,,,,,,,US/United States of America,USD,,USD,0.05,2021-05-17,100,-40,-40,USD,-200,,,,,,,,,,,100,45,2021-06-18,C,ISIN,US1104481072,British American Tobacco Plc -ADR-,Share,S,,
,020,POS,"Stock Balance - May 18, 2021",lghths-sg,142983779,SAR,142983779,83663279.6000,83663279,83663279.6000,USD,USD,000142960890,SARA,000142960890,Option,2021-05-18,USD,-1386,,,,,,,,British American Tobacco PLC Put 21.05.2021 35 (BTI US),,,,,,,,,,,,,,,,,,,,US/United States of America,USD,,USD,0.05,2021-05-17,100,-40,-40,USD,-200,,,,,,,,,,,100,35,2021-05-21,P,ISIN,US1104481072,British American Tobacco Plc -ADR-,Share,S,,
,020,POS,"Stock Balance - May 18, 2021",lghths-sg,143066702,SAR,143066702,83663279.6000,83663279,83663279.6000,USD,HKD,000143060631,SARA,000143060631,Option,2021-05-18,HKD,-14936.29,USD,-6070.74,,,,,,China Mobile Ltd Call 29.06.2021 60 (941 HK) XHKF,,,,,,,,,,,,,,,,,,,,HK/Hong Kong,HKD,,HKD,0.14,2021-05-18,500,-68,-68,HKD,-4760,USD,-612.96,,,,,,,,,500,60,2021-06-29,C,ISIN,HK0941009539,China Mobile Ltd,Share,S,,
,020,POS,"Stock Balance - May 18, 2021",lghths-sg,143067704,SAR,143067704,83663279.6000,83663279,83663279.6000,USD,USD,XS2272214458,,,Bond,2021-05-18,USD,202999.63,,,,,,USD,4149.44,4.85% Logan Group Co Ltd Notes 2020-2026,,,,,,,,,,,ISIN,XS2272214458,Valor,58823075,SARA,000141927463,,,XS2272214458,KY/Cayman Islands,USD,,USD,100.06,2021-05-17,.01,200000,200000,USD,200120,,,2020-12-14,2026-12-14,4.85,30E/360,2,2021-06-14,USD,BB-,,,,,,,,,,,
,020,POS,"Stock Balance - May 18, 2021",lghths-sg,143154134,SAR,143154134,83663279.6000,83663279,83663279.6000,USD,USD,CH1108195541,,,Bond,2021-05-18,USD,250000,,,,,,,,8% Vontobel Financial Products Ltd Facebook Inc -A- STR 262.4158 Microsoft Corp STR 216.3071 Autocallable Fixed Coupon Notes 27.10.2021 Repayment cash or physical,,,,,,,,,,,ISIN,CH1108195541,Valor,110819554,SARA,000143144744,,,CH1108195541,00939,USD,,USD,98.2,2021-05-17,.01,250000,250000,USD,245500,,,2021-04-27,2021-10-29,0.2421,,12,2021-06-01,USD,,,,,,,,,,,,
,020,POS,"Stock Balance - May 18, 2021",lghths-sg,143242706,SAR,143242706,83663279.6000,83663279,83663279.6000,USD,USD,QT1104883389,,,Fund,2021-05-18,USD,150802.5,,,,,,,,LC Multi Strategy Fund SG VCC-SF1 (USD) -E- Brevan Howard,,,,,,,,,,,ISIN,QT1104883389,Valor,110488338,SARA,000142922383,,,QT1104883389,SG/Singapore,USD,,USD,100.0,2020-12-31,1,1500,1500,USD,150000,,,,,,,,,,,,,,,,,,,,,
,020,POS,"Stock Balance - May 18, 2021",lghths-sg,143244063,SAR,143244063,83663279.6000,83663279,83663279.6000,USD,EUR,CH1108209755,,,Bond,2021-05-18,EUR,250000,USD,300564.25,,,,,,8% Vontobel Financial Products Ltd BMW AG STR 75.8109 Orange SA STR 9.0825 Autocallable Fixed Coupon Notes 08.11.2021 Repayment cash or physical,,,,,,,,,,,ISIN,CH1108209755,Valor,110820975,SARA,000143242636,,,CH1108209755,00939,EUR,,EUR,98.8,2021-05-17,.01,250000,250000,EUR,247000,USD,301795.72,2021-05-07,2021-11-10,0.0,,12,2021-06-10,EUR,,,,,,,,,,,,
,020,POS,"Stock Balance - May 18, 2021",lghths-sg,143374729,SAR,143374729,83663279.6000,83663279,83663279.6000,USD,USD,000143125565,SARA,000143125565,Option,2021-05-18,USD,-1886,,,,,,,,Facebook Inc Put 16.07.2021 280 (FB US),,,,,,,,,,,,,,,,,,,,US/United States of America,USD,,USD,4.18,2021-05-17,100,-7,-7,USD,-2926,,,,,,,,,,,100,280,2021-07-16,P,ISIN,US30303M1027,Facebook Inc -A-,Share,S,,
,020,POS,"Stock Balance - May 18, 2021",lghths-sg,143374763,SAR,143374763,83663279.6000,83663279,83663279.6000,USD,USD,000143370565,SARA,000143370565,Option,2021-05-18,USD,-786,,,,,,,,Altria Group Inc Put 18.06.2021 40 (MO US),,,,,,,,,,,,,,,,,,,,US/United States of America,USD,,USD,0.07,2021-05-17,100,-50,-50,USD,-350,,,,,,,,,,,100,40,2021-06-18,P,ISIN,US02209S1033,Altria Group Inc,Share,S,,
,020,POS,"Stock Balance - May 18, 2021",lghths-sg,143374836,SAR,143374836,83663279.6000,83663279,83663279.6000,USD,USD,XS2322976890,,,Bond,2021-05-18,USD,200000,,,,,,,,9.9996% Morgan Stanley & Co International Plc Vipshop Holdings Ltd -ADR- (0.2 Shs) Etsy Inc Equity Linked Notes 17.11.2021 Repayment cash or physical,,,,,,,,,,,ISIN,XS2322976890,Valor,111442822,SARA,000143369163,,,XS2322976890,GB/United Kingdom,USD,,USD,93.77,2021-05-17,.01,200000,200000,USD,187540,,,2021-05-17,2021-11-24,9.9996,,12,2021-06-24,USD,,,,,,,,,,,,
,020,POS,"Stock Balance - May 18, 2021",lghths-sg,143377501,SAR,143377501,83663279.6000,83663279,83663279.6000,USD,USD,000143370585,SARA,000143370585,Option,2021-05-18,USD,-40,,,,,,,,British American Tobacco PLC Put 18.06.2021 35 (BTI US),,,,,,,,,,,,,,,,,,,,US/United States of America,USD,,USD,0.1,2021-05-17,100,-1,-1,USD,-10,,,,,,,,,,,100,35,2021-06-18,P,ISIN,US1104481072,British American Tobacco Plc -ADR-,Share,S,,
,020,POS,"Stock Balance - May 18, 2021",lghths-sg,143477994,SAR,143477994,83663279.6000,83663279,83663279.6000,USD,USD,000143473842,SARA,000143473842,Option,2021-05-18,USD,-2226,,,,,,,,British American Tobacco PLC Put 20.08.2021 35 (BTI US),,,,,,,,,,,,,,,,,,,,US/United States of America,USD,,USD,0.65,2021-05-17,100,-40,-40,USD,-2600,,,,,,,,,,,100,35,2021-08-20,P,ISIN,US1104481072,British American Tobacco Plc -ADR-,Share,S,,
,020,POS,"Stock Balance - May 18, 2021",lghths-sg,134237653,SAR,134237653,83663293.6000,83663293,83663293.6000,USD,GBP,XS1025866119,,,Bond,2021-05-18,GBP,295890,USD,413364.95,,,,GBP,3875,5% Jaguar Land Rover Automotive Plc Notes 2014-2022 Senior Reg-S,,,,,,,,,,,ISIN,XS1025866119,Valor,23581404,SARA,000106548682,,,XS1025866119,GB/United Kingdom,GBP,,GBP,102.245,2021-05-17,.01,300000,300000,GBP,306735,USD,435890.07,2014-01-31,2022-02-15,5.0,30/360,2,2014-08-15,GBP,B,,,,,,,,,,USD,5506.62
,020,POS,"Stock Balance - May 18, 2021",lghths-sg,134575255,SAR,134575255,83663293.6000,83663293,83663293.6000,USD,USD,USG84228CQ91,,,Bond,2021-05-18,USD,211500,,,,,,USD,1916.67,7.5% Standard Chartered Plc Contingent Convertible  Floating Rate Notes 2016-Perpetual Reg-S Subordinated,,,,,,,,,,,ISIN,USG84228CQ91,Valor,33623693,SARA,000129796997,,,USG84228CQ91,GB/United Kingdom,USD,,USD,104.5,2021-05-18,.01,200000,200000,USD,209000,,,2016-08-18,4712-12-31,7.5,30E/360,2,2017-04-02,USD,BB-,,,,,,,,,,,
,020,POS,"Stock Balance - May 18, 2021",lghths-sg,134781098,SAR,134781098,83663293.6000,83663293,83663293.6000,USD,USD,KYG8135U1076,,,Fund,2021-05-18,USD,502675,,,,,,,,Silverdale Fund SPC (USD) -1A- SP Distribution,,,,,,,,,,,ISIN,KYG8135U1076,Valor,28213010,SARA,000131846096,,,KYG8135U1076,KY/Cayman Islands,USD,,USD,117.3262,2021-04-26,1,3929,3929,USD,460974.64,,,,,,,,,,,,,,,,,,,,,
,020,POS,"Stock Balance - May 18, 2021",lghths-sg,135453748,SAR,135453748,83663293.6000,83663293,83663293.6000,USD,USD,XS1492713505,,,Bond,2021-05-18,USD,303750,,,,,,USD,2566.67,5.5% State Bank of India Contingent Convertible Floating Rate Notes 2016-Perpetual,,,,,,,,,,,ISIN,XS1492713505,Valor,33981821,SARA,000129991155,,,XS1492713505,00939,USD,,USD,101.21,2021-05-17,.01,300000,300000,USD,303630,,,2016-09-22,2021-09-22,5.5,30/360,2,2017-03-22,USD,B,,,,,,,,,,,
,020,POS,"Stock Balance - May 18, 2021",lghths-sg,138228040,SAR,138228040,83663293.6000,83663293,83663293.6000,USD,USD,XS2016070190,,,Bond,2021-05-18,USD,202880,,,,,,USD,3452.78,5.5% China Oil and Gas Group Ltd Bonds 2019-2023,,,,,,,,,,,ISIN,XS2016070190,Valor,49093025,SARA,000138038641,,,XS2016070190,BM/Bermuda,USD,,USD,102.875,2021-05-17,.01,200000,200000,USD,205750,,,2019-07-25,2023-01-25,5.5,30/360,2,2020-01-25,USD,BB,,,,,,,,,,,
,020,POS,"Stock Balance - May 18, 2021",lghths-sg,139165524,SAR,139165524,83663293.6000,83663293,83663293.6000,USD,USD,XS1753595328,,,Bond,2021-05-18,USD,483500,,,,,,USD,8629.17,5.45% Abja Investment Co Pte Ltd Notes 2018-2028 Reg-S,,,,,,,,,,,ISIN,XS1753595328,Valor,40014007,SARA,000133765006,,,XS1753595328,SG/Singapore,USD,,USD,105.05,2021-05-17,.01,500000,500000,USD,525250,,,2018-01-24,2028-01-24,5.45,30/360,2,2018-07-24,USD,BB-,,,,,,,,,,,
,020,POS,"Stock Balance - May 18, 2021",lghths-sg,139413184,SAR,139413184,83663293.6000,83663293,83663293.6000,USD,USD,XS2050614796,,,Bond,2021-05-18,USD,251375,,,,,,USD,4751.74,5.95% Global Prime Capital Pte Ltd Notes 2020-2025,,,,,,,,,,,ISIN,XS2050614796,Valor,52120777,SARA,000139403481,,,XS2050614796,SG/Singapore,USD,,USD,104.365,2021-05-17,.01,250000,250000,USD,260912.5,,,2020-01-23,2025-01-23,5.95,30E/360,2,2020-07-23,USD,BB-,,,,,,,,,,,
,020,POS,"Stock Balance - May 18, 2021",lghths-sg,139698558,SAR,139698558,83663293.6000,83663293,83663293.6000,USD,USD,XS2113454115,,,Bond,2021-05-18,USD,244350,,,,,,USD,1142.36,5.875% India Infoline Finance Ltd Emt-Notes 2020-2023,,,,,,,,,,,ISIN,XS2113454115,Valor,52582813,SARA,000139600480,,,XS2113454115,IN/India,USD,,USD,96.33,2021-05-17,.01,250000,250000,USD,240825,,,2020-02-20,2023-04-20,5.875,30/360,2,2020-04-20,USD,BB-,,,,,,,,,,,
,020,POS,"Stock Balance - May 18, 2021",lghths-sg,139786014,SAR,139786014,83663293.6000,83663293,83663293.6000,USD,GBP,GB00B03MLX29,,,Share,2021-05-18,GBP,208440.68,USD,267184.88,,,,,,Royal Dutch Shell Plc -A-,,,,,,,,,,,ISIN,GB00B03MLX29,Valor,1987674,SARA,000005058836,,,GB00B03MLX29,GB/United Kingdom,EUR,1.163048,GBP,14.202,2021-05-18,1,12000,12000,GBP,170424,USD,242183.41,,,,,,,,,,,,,,,,,,,
