tkn,m2xmlReleaseNo,mvmtHdr.@mvmtTp,mvmtHdr.cmt,mvmtSrc.ctlr,mvmtSrc.ctlrMvmtRef,posSrc.extSys,posSrc.ref,hldPos.hldId.ptfl,hldPos.hldId.ctlrOwnr,hldPos.hldId.ctlrAcct,hldPos.hldId.ownrRefCcy,hldPos.hldId.ccy,hldPos.hldId.asst,hldPos.hldId.asstIDs.asstRef.0.@refType,hldPos.hldId.asstIDs.asstRef.0.#text,hldPos.hldId.asstIDs.asstRef.1.@refType,hldPos.hldId.asstIDs.asstRef.1.#text,hldPos.hldId.asstIDs.asstRef.2.@refType,hldPos.hldId.asstIDs.asstRef.2.#text,hldPos.hldId.asstDetail.isin,hldPos.hldId.asstDetail.type,hldPos.hldId.asstDetail.cntry,hldPos.hldId.asstDetail.desc,hldPos.hldId.asstDetail.issueCcy,hldPos.hldId.asstDetail.latestPrc.@ccy,hldPos.hldId.asstDetail.latestPrc.#text,hldPos.hldId.asstDetail.latestPrcDate,hldPos.hldId.asstDetail.prcFactor,hldPos.effDt,hldPos.posnQty,hldPos.settQty,hldPos.posAmt.@ccy,hldPos.posAmt.#text,hldPos.srcMktValAmt.@ccy,hldPos.srcMktValAmt.#text,hldPos.vrfyInd,hldPos.hldId.asstIDs.asstRef.3.@refType,hldPos.hldId.asstIDs.asstRef.3.#text,hldPos.posAmtRefCcy.@ccy,hldPos.posAmtRefCcy.#text,hldPos.srcMktValAmtRefCcy.@ccy,hldPos.srcMktValAmtRefCcy.#text,hldPos.hldId.asstDetail.issueDate,hldPos.hldId.asstDetail.asstBondDetails.matDate,hldPos.hldId.asstDetail.asstBondDetails.intRate,hldPos.hldId.asstDetail.asstBondDetails.calcBasis,hldPos.hldId.asstDetail.asstBondDetails.intFreq,hldPos.hldId.asstDetail.asstBondDetails.intDate,hldPos.hldId.asstDetail.asstBondDetails.intCcy,hldPos.hldId.asstDetail.asstBondDetails.rating,hldPos.accrAmt.@ccy,hldPos.accrAmt.#text,hldPos.hldId.asstIDs.asstRef.@refType,hldPos.hldId.asstIDs.asstRef.#text,hldPos.hldId.asstDetail.asstDerivDetails.contractSize,hldPos.hldId.asstDetail.asstDerivDetails.strike,hldPos.hldId.asstDetail.asstDerivDetails.expDate,hldPos.hldId.asstDetail.asstDerivDetails.putCallInd,hldPos.hldId.asstDetail.asstDerivDetails.underlyingAsstIDs.asstRef.@refType,hldPos.hldId.asstDetail.asstDerivDetails.underlyingAsstIDs.asstRef.#text,hldPos.hldId.asstDetail.asstDerivDetails.underlyingAsstDesc,hldPos.hldId.asstDetail.asstDerivDetails.underlyingAsstType,hldPos.hldId.asstDetail.asstDerivDetails.longShortInd,hldPos.accrAmtRefCcy.@ccy,hldPos.accrAmtRefCcy.#text,hldPos.hldId.asstDetail.issueCcyExchRt,hldPos.addInfo.@infoType,hldPos.addInfo.#text,hldPos.hldId.asstDetail.asstMnyMktDetails.mnyMktType,hldPos.hldId.asstDetail.asstMnyMktDetails.mnyMktTerm.@termType,hldPos.hldId.asstDetail.asstMnyMktDetails.mnyMktTerm.#text,hldPos.hldId.asstDetail.asstMnyMktDetails.mnyMktAmt.@ccy,hldPos.hldId.asstDetail.asstMnyMktDetails.mnyMktAmt.#text,hldPos.hldId.asstDetail.asstMnyMktDetails.intRate,hldPos.hldId.asstDetail.asstMnyMktDetails.mnyMktRef,hldPos.hldId.asstDetail.asstMnyMktDetails.mnyMktName,hldPos.hldId.asstDetail.asstMnyMktDetails.matDate,hldPos.hldId.asstDetail.asstMnyMktDetails.startDate
,020,POS,"Stock Balance - Mar 15, 2021",lghths-sg,140416493,SAR,140416493,83663279.6000,83663279,83663279.6000,USD,USD,KYG047761039,ISIN,KYG047761039,Valor,24384793,SARA,000127370797,KYG047761039,Fund,KY/Cayman Islands,Aravali Cayman Spc Global Arbitrage Fund (USD) -B- Segregated Portfolio Non Voting Capitalisation,USD,USD,1626.093,2021-02-01,1,2021-03-15,99.149,99.149,USD,150802.5,USD,161225.49,,,,,,,,,,,,,,,,,,,,,,,,,,,,,,,,,,,,,,,,,,,
,020,POS,"Stock Balance - Mar 15, 2021",lghths-sg,141129468,SAR,141129468,83663279.6000,83663279,83663279.6000,USD,SGD,SG2D63974620,ISIN,SG2D63974620,Valor,13687016,Bloomberg,AAREIT SP,SG2D63974620,Share,SG/Singapore,AIMS APAC REIT,SGD,SGD,1.3,2021-03-15,1,2021-03-15,83500,83500,SGD,100510.92,SGD,108550,,SARA,000029481966,USD,73935.69,USD,80634.14,,,,,,,,,,,,,,,,,,,,,,,,,,,,,,,,,,,,
,020,POS,"Stock Balance - Mar 15, 2021",lghths-sg,141787066,SAR,141787066,83663279.6000,83663279,83663279.6000,USD,HKD,HK0941009539,ISIN,HK0941009539,Valor,1099448,SARA,000000422519,HK0941009539,Share,HK/Hong Kong,China Mobile Ltd,HKD,HKD,52.05,2021-03-15,1,2021-03-15,34000,34000,HKD,1543168.93,HKD,1769700,,,,USD,193831.31,USD,227889.49,,,,,,,,,,,,,,,,,,,,,,,,,,,,,,,,,,,,
,020,POS,"Stock Balance - Mar 15, 2021",lghths-sg,142011178,SAR,142011178,83663279.6000,83663279,83663279.6000,USD,USD,USY7141GAA05,ISIN,USY7141GAA05,Valor,38942960,SARA,000133207150,USY7141GAA05,Bond,ID/Indonesia,4.95% PT Chandra Asri Petrochemical Tbk Notes 2017-2024 RegS,USD,USD,101.81,2021-03-12,.01,2021-03-15,300000,300000,USD,303665.2,USD,305430,,,,,,,,2017-11-08,2024-11-08,4.95,30E/360,2,2018-05-08,USD,BB-,USD,5238.75,,,,,,,,,,,,,,,,,,,,,,,,,,
,020,POS,"Stock Balance - Mar 15, 2021",lghths-sg,142049130,SAR,142049130,83663279.6000,83663279,83663279.6000,USD,USD,IE00BKXBBV70,ISIN,IE00BKXBBV70,Valor,57922240,SARA,000141776627,IE00BKXBBV70,Fund,IE/Ireland,SphereInvest Global UCITS Icav- Credit Strategies Fund (USD) -F- Capitalisation,USD,USD,180.54885,2021-03-10,1,2021-03-15,1122.1069,1122.1069,USD,200429.08,USD,202595.11,,,,,,,,,,,,,,,,,,,,,,,,,,,,,,,,,,,,,,,,,,,
,020,POS,"Stock Balance - Mar 15, 2021",lghths-sg,142246399,SAR,142246399,83663279.6000,83663279,83663279.6000,USD,USD,XS2222660768,ISIN,XS2222660768,Valor,59267331,SARA,000142236259,XS2222660768,Bond,HK/Hong Kong,10% BNP Paribas Alibaba Group Holding Ltd RegS STR 193.76  Callable Fixed Coupon Notes 02.08.2021 Repayment cash or physical,USD,USD,99.14311408,2021-03-12,.01,2021-03-15,200000,200000,USD,199920,USD,198286.23,,,,,,,,2021-02-01,2021-08-09,10.0,,12,2021-03-08,USD,,,,,,,,,,,,,,,,,,,,,,,,,,,,,
,020,POS,"Stock Balance - Mar 15, 2021",lghths-sg,142496535,SAR,142496535,83663279.6000,83663279,83663279.6000,USD,HKD,000142491593,,,,,,,,Option,HK/Hong Kong,China Mobile Ltd Call 30.03.2021 57.5 (941 HK) XHKF,HKD,HKD,0.51,2021-03-15,500,2021-03-15,-68,-68,HKD,-24316.88,HKD,-17340,,,,USD,-3136.03,USD,-2232.92,,,,,,,,,,,SARA,000142491593,500,57.5,2021-03-30,C,ISIN,HK0941009539,China Mobile Ltd,Share,S,,,,,,,,,,,,,,,
,020,POS,"Stock Balance - Mar 15, 2021",lghths-sg,142520517,SAR,142520517,83663279.6000,83663279,83663279.6000,USD,USD,US1104481072,ISIN,US1104481072,Valor,949872,SARA,000026925972,US1104481072,Share,GB/United Kingdom,British American Tobacco Plc -ADR-,USD,USD,37.61,2021-03-12,1,2021-03-15,4000,4000,USD,149478.79,USD,150440,,,,,,,,,,,,,,,,,,,,,,,,,,,,,,,,,,,,,,,,,,,
,020,POS,"Stock Balance - Mar 15, 2021",lghths-sg,142520726,SAR,142520726,83663279.6000,83663279,83663279.6000,USD,USD,000142067525,,,,,,,,Option,US/United States of America,Lockheed Martin Corp Put 19.03.2021 300 (LMT US),USD,USD,0.12,2021-03-12,100,2021-03-15,-8,-8,USD,-2186,USD,-96,,,,,,,,,,,,,,,,,,SARA,000142067525,100,300,2021-03-19,P,ISIN,US5398301094,Lockheed Martin Corp,Share,S,,,,,,,,,,,,,,,
,020,POS,"Stock Balance - Mar 15, 2021",lghths-sg,142550447,SAR,142550447,83663279.6000,83663279,83663279.6000,USD,USD,000142528979,,,,,,,,Option,US/United States of America,British American Tobacco PLC Call 19.03.2021 40 (BTI US),USD,USD,0.05,2021-03-12,100,2021-03-15,-40,-40,USD,-1186,USD,-200,,,,,,,,,,,,,,,,,,SARA,000142528979,100,40,2021-03-19,C,ISIN,US1104481072,British American Tobacco Plc -ADR-,Share,S,,,,,,,,,,,,,,,
,020,POS,"Stock Balance - Mar 15, 2021",lghths-sg,142550496,SAR,142550496,83663279.6000,83663279,83663279.6000,USD,USD,XS2291745334,ISIN,XS2291745334,Valor,58469055,SARA,000142549487,XS2291745334,Bond,CA/Canada,Royal Bank of Canada RBC British American Tobacco Plc -ADR-STR 34.1967 Reverse Convertible 19.05.2021 Repayment cash or physical,USD,USD,98.097009028,2021-03-12,.01,2021-03-15,250000,250000,USD,245025,USD,245242.52,,,,,,,,2021-02-19,2021-05-21,0.0,,,2021-02-10,,,,,,,,,,,,,,,,,,,,,,,,,,,,,,
,020,POS,"Stock Balance - Mar 15, 2021",lghths-sg,142651277,SAR,142651277,83663279.6000,83663279,83663279.6000,USD,USD,XS2213954766,ISIN,XS2213954766,Valor,56387933,SARA,000140909913,XS2213954766,Bond,KY/Cayman Islands,6.25% Powerlong Real Estate Holdings Ltd Bonds 2020-2024 Secured,USD,USD,103.93,2021-03-12,.01,2021-03-15,200000,200000,USD,208456.97,USD,207860,,,,,,,,2020-08-10,2024-08-10,6.25,30/360,2,2021-02-10,USD,B,USD,1215.28,,,,,,,,,,,,,,,,,,,,,,,,,,
,020,POS,"Stock Balance - Mar 15, 2021",lghths-sg,142666878,SAR,142666878,83663279.6000,83663279,83663279.6000,USD,USD,US02079K3059,ISIN,US02079K3059,Valor,29798540,SARA,000126331383,US02079K3059,Share,US/United States of America,Alphabet Inc -A-,USD,USD,2054.44,2021-03-12,1,2021-03-15,200,200,USD,422126.18,USD,410888,,,,,,,,,,,,,,,,,,,,,,,,,,,,,,,,,,,,,,,,,,,
,020,POS,"Stock Balance - Mar 15, 2021",lghths-sg,142696774,SAR,142696774,83663279.6000,83663279,83663279.6000,USD,USD,000142685168,,,,,,,,Option,US/United States of America,Alphabet Inc Call 21.05.2021 2500 (GOOGL US),USD,USD,9.08,2021-03-12,100,2021-03-15,-2,-2,USD,-4446,USD,-1816,,,,,,,,,,,,,,,,,,SARA,000142685168,100,2500,2021-05-21,C,ISIN,US02079K3059,Alphabet Inc -A-,Share,S,,,,,,,,,,,,,,,
,020,POS,"Stock Balance - Mar 15, 2021",lghths-sg,142702379,SAR,142702379,83663279.6000,83663279,83663279.6000,USD,USD,000142701602,,,,,,,,Option,US/United States of America,Alphabet Inc Call 21.05.2021 2500 (GOOG US),USD,USD,9.9,2021-03-12,100,2021-03-15,-1,-1,USD,-1786,USD,-990,,,,,,,,,,,,,,,,,,SARA,000142701602,100,2500,2021-05-21,C,ISIN,US02079K1079,Alphabet Inc -C-,Share,S,,,,,,,,,,,,,,,
,020,POS,"Stock Balance - Mar 15, 2021",lghths-sg,142702909,SAR,142702909,83663279.6000,83663279,83663279.6000,USD,USD,000142695806,,,,,,,,Hybrid,,FX Accumulator on GBP/USD 2x Leveraged  KO:1.45 Buy GBP / Sell USD at 1.3535 Period: 22.FEB.21 - 24.FEB.22  12 Fixings One Guaranteed Period,USD,USD,-0.00967554,2021-03-15,1,2021-03-15,1000800,1000800,,,USD,-9683.29,,,,,,,,,,,,,,,,,,SARA,000142695806,,,,,,,,,,,,,,,,,,,,,,,,
,020,POS,"Stock Balance - Mar 15, 2021",lghths-sg,142756327,SAR,142756327,83663279.6000,83663279,83663279.6000,USD,USD,CH1101114515,ISIN,CH1101114515,Valor,110111451,SARA,000142719734,CH1101114515,Bond,00939,8% Vontobel Financial Products Ltd Facebook Inc -A- STR 206.9468 Microsoft Corp STR 181.4779 Autocallable Fixed Coupon Notes 10.09.2021 Repayment cash or physical,USD,USD,99.0,2021-03-12,.01,2021-03-15,250000,250000,USD,250000,USD,247500,,,,,,,,2021-03-10,2021-09-14,0.2336,,12,2021-04-14,USD,,,,,,,,,,,,,,,,,,,,,,,,,,,,,
,020,POS,"Stock Balance - Mar 15, 2021",lghths-sg,142770063,SAR,142770063,83663279.6000,83663279,83663279.6000,USD,USD,LU1514167219,ISIN,LU1514167219,Valor,34540233,SARA,000132419171,LU1514167219,Fund,LU/Luxembourg,Schroder International Selection  Fund Sicav-Global Credit Income (USD) -C- Distribution,USD,USD,105.944,2021-03-15,1,2021-03-15,3762.26,3762.26,USD,401737.47,USD,398588.87,,,,,,,,,,,,,,,,,,,,,,,,,,,,,,,,,,,,,,,,,,,
,020,POS,"Stock Balance - Mar 15, 2021",lghths-sg,142773536,SAR,142773536,83663279.6000,83663279,83663279.6000,USD,EUR,CH0588786894,ISIN,CH0588786894,Valor,58878689,SARA,000142770051,CH0588786894,Bond,NL/Netherlands,10% Raiffeisen Switzerland BV  Amsterdam Bayer AG Nam STR 43.0371 Orange SA STR 7.9657 Autocallable Fixed Coupon Notes 16.09.2021 Repayment cash or physical,EUR,EUR,99.94,2021-03-15,.01,2021-03-15,250000,250000,EUR,250000,EUR,249850,,,,USD,301291.51,USD,297742.25,2021-03-16,2021-09-21,0.0,,12,2021-04-21,EUR,,,,,,,,,,,,,,,,,,,,,,,,,,,,,
,020,POS,"Stock Balance - Mar 15, 2021",lghths-sg,142846065,SAR,142846065,83663279.6000,83663279,83663279.6000,USD,HKD,000142837806,,,,,,,,Option,HK/Hong Kong,China Mobile Ltd Put 29.04.2021 50 (941 HK) XHKF,HKD,HKD,1.53,2021-03-15,500,2021-03-15,-30,-30,HKD,-10037.54,HKD,-22950,,,,USD,-3025.72,USD,-2955.34,,,,,,,,,,,SARA,000142837806,500,50,2021-04-29,P,ISIN,HK0941009539,China Mobile Ltd,Share,S,,,,,,,,,,,,,,,
,020,POS,"Stock Balance - Mar 15, 2021",lghths-sg,134237653,SAR,134237653,83663293.6000,83663293,83663293.6000,USD,GBP,XS1025866119,ISIN,XS1025866119,Valor,23581404,SARA,000106548682,XS1025866119,Bond,GB/United Kingdom,5% Jaguar Land Rover Automotive Plc Notes 2014-2022 Senior Reg-S,GBP,GBP,102.68,2021-03-12,.01,2021-03-15,300000,300000,GBP,295890,GBP,308040,,,,USD,408489.95,USD,427045.4,2014-01-31,2022-02-15,5.0,30/360,2,2014-08-15,GBP,B,GBP,1250,,,,,,,,,,,,USD,1732.91,,,,,,,,,,,,,
,020,POS,"Stock Balance - Mar 15, 2021",lghths-sg,134575255,SAR,134575255,83663293.6000,83663293,83663293.6000,USD,USD,USG84228CQ91,ISIN,USG84228CQ91,Valor,33623693,SARA,000129796997,USG84228CQ91,Bond,GB/United Kingdom,7.5% Standard Chartered Plc Contingent Convertible  Floating Rate Notes 2016-Perpetual Reg-S Subordinated,USD,USD,105.03,2021-03-15,.01,2021-03-15,200000,200000,USD,211500,USD,210060,,,,,,,,2016-08-18,4712-12-31,7.5,30E/360,2,2017-04-02,USD,BB-,USD,6791.67,,,,,,,,,,,,,,,,,,,,,,,,,,
,020,POS,"Stock Balance - Mar 15, 2021",lghths-sg,134781098,SAR,134781098,83663293.6000,83663293,83663293.6000,USD,USD,KYG8135U1076,ISIN,KYG8135U1076,Valor,28213010,SARA,000131846096,KYG8135U1076,Fund,KY/Cayman Islands,Silverdale Fund SPC (USD) -1A- SP Distribution,USD,USD,121.2528,2021-02-22,1,2021-03-15,3929,3929,USD,502675,USD,476402.25,,,,,,,,,,,,,,,,,,,,,,,,,,,,,,,,,,,,,,,,,,,
,020,POS,"Stock Balance - Mar 15, 2021",lghths-sg,135200533,SAR,135200533,83663293.6000,83663293,83663293.6000,USD,USD,US30303M1027,ISIN,US30303M1027,Valor,14917609,Bloomberg,FB US,US30303M1027,Share,US/United States of America,Facebook Inc -A-,USD,USD,273.75,2021-03-12,1,2021-03-15,800,800,USD,210160.68,USD,219000,,SARA,000031299007,,,,,,,,,,,,,,,,,,,,,,,,,,,,,,,,,,,,,,,,
,020,POS,"Stock Balance - Mar 15, 2021",lghths-sg,135453634,SAR,135453634,83663293.6000,83663293,83663293.6000,USD,USD,XS1076957700,ISIN,XS1076957700,Valor,24686478,SARA,000123591011,XS1076957700,Bond,CH/Switzerland,6.25% Credit Suisse Group AG Contingent Convertible Floating Rate Notes  2014-Perpetual Reg-S Subordinated,USD,USD,109.805,2021-03-15,.01,2021-03-15,300000,300000,USD,301200,USD,329415,,,,,,,,2014-06-18,2024-12-18,4.85,30/360,2,2015-06-18,USD,BB,USD,4531.25,,,,,,,,,,,,,,,,,,,,,,,,,,
,020,POS,"Stock Balance - Mar 15, 2021",lghths-sg,135453674,SAR,135453674,83663293.6000,83663293,83663293.6000,USD,USD,XS1791728790,ISIN,XS1791728790,Valor,41516072,SARA,000134464876,XS1791728790,Bond,SG/Singapore,7.25% Global Prime Capital Pte Ltd Gtd.Bonds 2018-2021,USD,USD,100.375,2021-03-12,.01,2021-03-15,200000,200000,USD,200240,USD,200750,,,,,,,,2018-04-26,2021-04-26,7.25,30E/360,2,2018-10-26,USD,BB-,USD,5598.61,,,,,,,,,,,,,,,,,,,,,,,,,,
,020,POS,"Stock Balance - Mar 15, 2021",lghths-sg,135453748,SAR,135453748,83663293.6000,83663293,83663293.6000,USD,USD,XS1492713505,ISIN,XS1492713505,Valor,33981821,SARA,000129991155,XS1492713505,Bond,00939,5.5% State Bank of India Contingent Convertible Floating Rate Notes 2016-Perpetual,USD,USD,101.425,2021-03-12,.01,2021-03-15,300000,300000,USD,303750,USD,304275,,,,,,,,2016-09-22,2021-09-22,5.5,30/360,2,2017-03-22,USD,B,USD,7929.17,,,,,,,,,,,,,,,,,,,,,,,,,,
,020,POS,"Stock Balance - Mar 15, 2021",lghths-sg,138109956,SAR,138109956,83663293.6000,83663293,83663293.6000,USD,EUR,SG1EA8000000,ISIN,SG1EA8000000,Valor,38279664,SARA,000133641831,SG1EA8000000,Share,SG/Singapore,Cromwell European REIT RegS,EUR,EUR,0.435,2021-03-15,1,2021-03-15,594000,594000,EUR,300900.82,EUR,258390,,,,USD,333414.55,USD,307919.23,,,,,,,,,,,,,,,,,,,,,,,,,,,,,,,,,,,,
,020,POS,"Stock Balance - Mar 15, 2021",lghths-sg,138228040,SAR,138228040,83663293.6000,83663293,83663293.6000,USD,USD,XS2016070190,ISIN,XS2016070190,Valor,49093025,SARA,000138038641,XS2016070190,Bond,BM/Bermuda,5.5% China Oil and Gas Group Ltd Bonds 2019-2023,USD,USD,103.48,2021-03-10,.01,2021-03-15,200000,200000,USD,202880,USD,206960,,,,,,,,2019-07-25,2023-01-25,5.5,30/360,2,2020-01-25,USD,BB,USD,1527.78,,,,,,,,,,,,,,,,,,,,,,,,,,
,020,POS,"Stock Balance - Mar 15, 2021",lghths-sg,139165524,SAR,139165524,83663293.6000,83663293,83663293.6000,USD,USD,XS1753595328,ISIN,XS1753595328,Valor,40014007,SARA,000133765006,XS1753595328,Bond,SG/Singapore,5.45% Abja Investment Co Pte Ltd Notes 2018-2028 Reg-S,USD,USD,103.535,2021-03-12,.01,2021-03-15,500000,500000,USD,483500,USD,517675,,,,,,,,2018-01-24,2028-01-24,5.45,30/360,2,2018-07-24,USD,B+,USD,3860.42,,,,,,,,,,,,,,,,,,,,,,,,,,
,020,POS,"Stock Balance - Mar 15, 2021",lghths-sg,139413184,SAR,139413184,83663293.6000,83663293,83663293.6000,USD,USD,XS2050614796,ISIN,XS2050614796,Valor,52120777,SARA,000139403481,XS2050614796,Bond,SG/Singapore,5.95% Global Prime Capital Pte Ltd Notes 2020-2025,USD,USD,104.01,2021-03-12,.01,2021-03-15,250000,250000,USD,251375,USD,260025,,,,,,,,2020-01-23,2025-01-23,5.95,30E/360,2,2020-07-23,USD,BB-,USD,2148.61,,,,,,,,,,,,,,,,,,,,,,,,,,
,020,POS,"Stock Balance - Mar 15, 2021",lghths-sg,139698558,SAR,139698558,83663293.6000,83663293,83663293.6000,USD,USD,XS2113454115,ISIN,XS2113454115,Valor,52582813,SARA,000139600480,XS2113454115,Bond,IN/India,5.875% India Infoline Finance Ltd Emt-Notes 2020-2023,USD,USD,98.68,2021-03-12,.01,2021-03-15,250000,250000,USD,244350,USD,246700,,,,,,,,2020-02-20,2023-04-20,5.875,30/360,2,2020-04-20,USD,BB-,USD,5915.8,,,,,,,,,,,,,,,,,,,,,,,,,,
,020,POS,"Stock Balance - Mar 15, 2021",lghths-sg,139786014,SAR,139786014,83663293.6000,83663293,83663293.6000,USD,GBP,GB00B03MLX29,ISIN,GB00B03MLX29,Valor,1987674,SARA,000005058836,GB00B03MLX29,Share,GB/United Kingdom,Royal Dutch Shell Plc -A-,EUR,GBP,15.504,2021-03-15,1,2021-03-15,12000,12000,GBP,208440.68,GBP,186048,,,,USD,267184.88,USD,257924.11,,,,,,,,,,,,,,,,,,,,,,,,1.163337,,,,,,,,,,,,
,020,POS,"Stock Balance - Mar 15, 2021",lghths-sg,140370383,SAR,140370383,83663293.6000,83663293,83663293.6000,USD,HKD,GB0005405286,ISIN,GB0005405286,Valor,411161,Bloomberg,0005 HK,GB0005405286,Share,GB/United Kingdom,HSBC Holdings Plc,GBP,HKD,46.5,2021-03-15,1,2021-03-15,83342,83342,HKD,4271729.81,HKD,3875403,,SARA,000000415042,USD,547957.81,USD,499047.08,,,,,,,,,,,,,,,,,,,,,,,,0.092887,,,,,,,,,,,,
,020,POS,"Stock Balance - Mar 15, 2021",lghths-sg,141383026,SAR,141383026,83663293.6000,83663293,83663293.6000,USD,USD,XS2090080172,ISIN,XS2090080172,Valor,51830341,SARA,000139292337,XS2090080172,Bond,IN/India,5.9% Manappuram Finance Ltd Emt-Notes 2020-2023 Secured,USD,USD,103.81,2021-03-12,.01,2021-03-15,200000,200000,USD,199038.35,USD,207620,,,,,,,,2020-01-13,2023-01-13,5.9,30/360,2,2020-07-13,USD,B+,USD,2032.22,,,,,,,,,,,,,,,,,,,,,,,,,,
,020,POS,"Stock Balance - Mar 15, 2021",lghths-sg,141704679,SAR,141704679,83663293.6000,83663293,83663293.6000,USD,HKD,000141697824,,,,,,,,Option,HK/Hong Kong,HSBC Holdings PLC Call 29.06.2021 50 (5 HK) XHKF,HKD,HKD,1.39,2021-03-15,400,2021-03-15,-208,-208,HKD,-44932.57,HKD,-115648,,,,USD,-5795.58,USD,-14892.33,,,,,,,,,,,SARA,000141697824,400,50,2021-06-29,C,ISIN,GB0005405286,HSBC Holdings Plc,Share,S,,,,,,,,,,,,,,,
,020,POS,"Stock Balance - Mar 15, 2021",lghths-sg,142145548,SAR,142145548,83663293.6000,83663293,83663293.6000,USD,GBP,GB00J8VJZN17,ISIN,GB00J8VJZN17,Valor,83384435,SARA,000142144417,GB00J8VJZN17,Option,GB/United Kingdom,Royal Dutch Shell Plc -A- Call Sep21 18 LIF,GBP,GBP,0.545,2021-03-12,1000,2021-03-15,-12,-12,GBP,-4942.07,GBP,-6540,,,,USD,-6718.88,USD,-9066.6,,,,,,,,,,,,,1000,18,2021-09-17,C,ISIN,GB00B03MLX29,Royal Dutch Shell Plc -A-,Share,S,,,,,,,,,,,,,,,
,020,POS,"Stock Balance - Mar 15, 2021",lghths-sg,142256509,SAR,142256509,83663293.6000,83663293,83663293.6000,USD,USD,000142250484,,,,,,,,Option,US/United States of America,Altria Group Inc Put 19.03.2021 37.5 (MO US),USD,USD,0.01,2021-03-12,100,2021-03-15,-50,-50,USD,-2536,USD,-50,,,,,,,,,,,,,,,,,,SARA,000142250484,100,37.5,2021-03-19,P,ISIN,US02209S1033,Altria Group Inc,Share,S,,,,,,,,,,,,,,,
,020,POS,"Stock Balance - Mar 15, 2021",lghths-sg,142282816,SAR,142282816,83663293.6000,83663293,83663293.6000,USD,HKD,HK0688002218,ISIN,HK0688002218,Valor,420828,Bloomberg,688 HK,HK0688002218,Share,HK/Hong Kong,China Overseas Land & Investment Ltd,HKD,HKD,20.0,2021-03-15,1,2021-03-15,80000,80000,HKD,1505859.64,HKD,1600000,,SARA,000000494357,USD,194266.15,USD,206036.72,1992-08-07,,,,,,,,,,,,,,,,,,,,,,,,,,,,,,,,,,,
,020,POS,"Stock Balance - Mar 15, 2021",lghths-sg,142421435,SAR,142421435,83663293.6000,83663293,83663293.6000,USD,USD,LU1226288253,ISIN,LU1226288253,Valor,27983955,SARA,000126337077,LU1226288253,Fund,LU/Luxembourg,UBS (LU) Key Selection Sicav- China Allocation Opportunity (USD) -P- 6% monthly Distribution,USD,USD,107.08,2021-03-12,1,2021-03-15,1771,1771,USD,202742.67,USD,189638.68,,,,,,,,,,,,,,,,,,,,,,,,,,,,,,,,,,,,,,,,,,,
,020,POS,"Stock Balance - Mar 15, 2021",lghths-sg,142457373,SAR,142457373,83663293.6000,83663293,83663293.6000,USD,HKD,000142452044,,,,,,,,Option,HK/Hong Kong,China Overseas Land & Investment Ltd Call 30.03.2021 22 (688 HK) XHKF,HKD,HKD,0.13,2021-03-15,2000,2021-03-15,-40,-40,HKD,-15821.15,HKD,-10400,,,,USD,-2040.64,USD,-1339.24,,,,,,,,,,,SARA,000142452044,2000,22,2021-03-30,C,ISIN,HK0688002218,China Overseas Land & Investment Ltd,Share,S,,,,,,,,,,,,,,,
,020,POS,"Stock Balance - Mar 15, 2021",lghths-sg,142502530,SAR,142502530,83663293.6000,83663293,83663293.6000,USD,USD,IE00B8K7V925,ISIN,IE00B8K7V925,Valor,19762784,SARA,000064235469,IE00B8K7V925,Fund,IE/Ireland,PIMCO Funds Global Investors Series Plc- Income (USD) -E- Distribution,USD,USD,11.06,2021-03-12,1,2021-03-15,35730.415,35730.415,USD,401976,USD,395178.39,,,,,,,,,,,,,,,,,,,,,,,,,,,,,,,,,,,,,,,,,,,
,020,POS,"Stock Balance - Mar 15, 2021",lghths-sg,142503340,SAR,142503340,83663293.6000,83663293,83663293.6000,USD,USD,000142501731,,,,,,,,Option,US/United States of America,Facebook Inc Call 16.04.2021 300 (FB US),USD,USD,1.97,2021-03-12,100,2021-03-15,-8,-8,USD,-4666,USD,-1576,,,,,,,,,,,,,,,,,,SARA,000142501731,100,300,2021-04-16,C,ISIN,US30303M1027,Facebook Inc -A-,Share,S,,,,,,,,,,,,,,,
,020,POS,"Stock Balance - Mar 15, 2021",lghths-sg,142508284,SAR,142508284,83663293.6000,83663293,83663293.6000,USD,USD,CH0593007716,ISIN,CH0593007716,Valor,59300771,SARA,000142500899,CH0593007716,Bond,00939,8% Vontobel Financial Products Ltd Bristol Myers Squibb Co STR 52.3845 Sanofi SA STR 65.0815 -Quanto USD- Autocallable Fixed Coupon Notes 16.08.2021 Repayment cash or physical,USD,USD,99.3,2021-03-12,.01,2021-03-15,300000,300000,USD,300000,USD,297900,,,,,,,,2021-02-16,2021-08-18,0.2445,,12,2021-03-18,USD,,,,,,,,,,,,,,,,,,,,,,,,,,,,,
,020,POS,"Stock Balance - Mar 15, 2021",lghths-sg,142651243,SAR,142651243,83663293.6000,83663293,83663293.6000,USD,USD,XS2281321799,ISIN,XS2281321799,Valor,59563558,SARA,000142274177,XS2281321799,Bond,VG/British Virgin Islands,5.05% Fortune Star BVI Ltd Gtd.Notes 2021-2027,USD,USD,99.865,2021-03-12,.01,2021-03-15,200000,200000,USD,202241.12,USD,199730,,,,,,,,2021-01-27,2027-01-27,5.05,30E/360,2,2021-07-27,USD,BB,USD,1346.67,,,,,,,,,,,,,,,,,,,,,,,,,,
,020,POS,"Stock Balance - Mar 15, 2021",lghths-sg,142680876,SAR,142680876,83663293.6000,83663293,83663293.6000,USD,USD,XS2304008225,ISIN,XS2304008225,Valor,59476183,SARA,000142671426,XS2304008225,Bond,NL/Netherlands,8% JP Morgan Structured Products BV HDFC Bank Ltd -ADR- (3 Shs) STR 64.2168 Infosys Ltd -ADR- STR 13.9929 Fixed Coupon Notes 04.03.2022 Repayment cash or physical,USD,USD,96.9575,2021-03-12,.01,2021-03-15,300000,300000,USD,300000,USD,290872.5,,,,,,,,2021-03-04,2022-03-08,8.0,,12,2021-04-07,USD,,,,,,,,,,,,,,,,,,,,,,,,,,,,,
,020,POS,"Stock Balance - Mar 15, 2021",lghths-sg,142680990,SAR,142680990,83663293.6000,83663293,83663293.6000,USD,USD,XS2304008068,ISIN,XS2304008068,Valor,59476182,SARA,000142671407,XS2304008068,Bond,NL/Netherlands,6% JP Morgan Structured Products BV HDFC Bank Ltd -ADR- (3 Shs) STR 59.535 Infosys Ltd -ADR- STR 12.9728 Fixed Coupon Notes 04.03.2022 Repayment cash or physical,USD,USD,96.8444,2021-03-12,.01,2021-03-15,200000,200000,USD,200000,USD,193688.8,,,,,,,,2021-03-04,2022-03-08,6.0,,12,2021-04-07,USD,,,,,,,,,,,,,,,,,,,,,,,,,,,,,
,020,POS,"Stock Balance - Mar 15, 2021",lghths-sg,142681892,SAR,142681892,83663293.6000,83663293,83663293.6000,USD,GBP,GB0004544929,ISIN,GB0004544929,Valor,517719,SARA,000000416171,GB0004544929,Share,GB/United Kingdom,Imperial Brands Plc,GBP,GBP,14.205,2021-03-15,1,2021-03-15,15000,15000,GBP,215791.32,GBP,213075,,,,USD,300996.73,USD,295392.48,,,,,,,,,,,,,,,,,,,,,,,,,,,,,,,,,,,,
,020,POS,"Stock Balance - Mar 15, 2021",lghths-sg,142702357,SAR,142702357,83663293.6000,83663293,83663293.6000,USD,GBP,GB00H7W7M167,ISIN,GB00H7W7M167,Valor,71944318,SARA,000142698152,GB00H7W7M167,Option,GB/United Kingdom,Imperial Brands Plc Call Sep21 16 LIF,GBP,GBP,0.305,2021-03-12,1000,2021-03-15,-15,-15,GBP,-3897.7,GBP,-4575,,,,USD,-5462.09,USD,-6342.46,,,,,,,,,,,,,1000,16,2021-09-17,C,ISIN,GB0004544929,Imperial Brands Plc,Share,S,,,,,,,,,,,,,,,
,020,POS,"Stock Balance - Mar 15, 2021",lghths-sg,142829823,SAR,142829823,83663293.6000,83663293,83663293.6000,USD,GBP,110542306,Valor,110542306,SARA,000142812001,,,,Hybrid,,Stock Forward Accumulator  2x Leveraged on Imperial Brands Plc (IMB LN) Period: 04.MAR.21 - 03.MAR.22  252 Days Strike: GBP 11.9331  Knock-Out: GBP 14.6809,,,0.00,2021-03-12,1,2021-03-15,33264,33264,,,,,,,,USD,0,,,,,,,,,,,,,,,,,,,,,,,,,,,,,,,,,,,,,,
,020,POS,"Stock Balance - Mar 15, 2021",lghths-sg,142867569,SAR,142867569,83663293.6000,83663293,83663293.6000,USD,HKD,000142864352,,,,,,,,Option,HK/Hong Kong,WH Group Ltd Put 29.06.2021 6.5 (288 HK) XHKF,HKD,HKD,0.35,2021-03-12,2500,2021-03-15,-48,-48,HKD,-35089,HKD,-42000,,,,USD,-4520.57,USD,-5408.46,,,,,,,,,,,SARA,000142864352,2500,6.5,2021-06-29,P,ISIN,KYG960071028,WH Group Ltd -Unitary 144A / Reg-S-,Share,S,,,,,,,,,,,,,,,
,020,POS,"Stock Balance - Mar 15, 2021",lghths-sg,142888673,SAR,142888673,83663293.6000,83663293,83663293.6000,USD,USD,000142876599,,,,,,,,Option,US/United States of America,Microsoft Corp Put 21.05.2021 205 (MSFT US),USD,USD,3.15,2021-03-12,100,2021-03-15,-5,-5,USD,-1536,USD,-1575,,,,,,,,,,,,,,,,,,SARA,000142876599,100,205,2021-05-21,P,ISIN,US5949181045,Microsoft Corp,Share,S,,,,,,,,,,,,,,,
,020,POS,"Stock Balance - Mar 15, 2021",lghths-sg,137826506,SAR,137826506,83667931.6000,83667931,83667931.6000,USD,EUR,IE00B84J9L26,ISIN,IE00B84J9L26,Valor,19930049,SARA,000064235309,IE00B84J9L26,Fund,IE/Ireland,PIMCO Funds Global Investors Series Plc- Income (EUR) -E- -Hedged- Capitalisation,EUR,EUR,13.72,2021-03-12,1,2021-03-15,11278.671,11278.671,EUR,149402.29,EUR,154743.37,,,,USD,169131.76,USD,184405.19,,,,,,,,,,,,,,,,,,,,,,,,,,,,,,,,,,,,
,020,POS,"Stock Balance - Mar 15, 2021",lghths-sg,140122049,SAR,140122049,83667931.6000,83667931,83667931.6000,USD,USD,US98980L1017,ISIN,US98980L1017,Valor,47101896,Bloomberg,ZM UW,US98980L1017,Share,US/United States of America,Zoom Video Communications Inc -A-,USD,USD,350.0,2021-03-12,1,2021-03-15,43,43,USD,16630.97,USD,15050,,SARA,000137372208,,,,,,,,,,,,,,,,,,,,,,,,,,,,,,,,,,,,,,,,
,020,POS,"Stock Balance - Mar 15, 2021",lghths-sg,140258096,SAR,140258096,83667931.6000,83667931,83667931.6000,USD,SGD,SG1V61937297,ISIN,SG1V61937297,Valor,3106596,Bloomberg,SIA SP,SG1V61937297,Share,SG/Singapore,Singapore Airlines Ltd,SGD,SGD,5.63,2021-03-15,1,2021-03-15,4000,4000,SGD,19711.22,SGD,22520,,SARA,000020750927,USD,13925.08,USD,16728.52,,,,,,,,,,,,,,,,,,,,,,,,,,,,,,,,,,,,
,020,POS,"Stock Balance - Mar 15, 2021",lghths-sg,140996076,SAR,140996076,83667931.6000,83667931,83667931.6000,USD,SGD,MYL7113OO003,ISIN,MYL7113OO003,Valor,1197605,Bloomberg,TOPG MK,MYL7113OO003,Share,MY/Malaysia,Top Glove Corporation Bhd,MYR,SGD,1.69,2021-03-15,1,2021-03-15,7800,7800,SGD,19904.47,SGD,13182,,SARA,000002537305,USD,14521.64,USD,9791.98,,,,,,,,,,,,,,,,,,,,,,,,3.055545,,,,,,,,,,,,
,020,POS,"Stock Balance - Mar 15, 2021",lghths-sg,141022909,SAR,141022909,83667931.6000,83667931,83667931.6000,USD,USD,US81141R1005,ISIN,US81141R1005,Valor,38497535,SARA,000133148797,US81141R1005,Share,KY/Cayman Islands,Sea Ltd -ADR-,USD,USD,231.34,2021-03-12,1,2021-03-15,85,85,USD,16789,USD,19663.9,,,,,,,,,,,,,,,,,,,,,,,,,,,,,,,,,,,,,,,,,,,
,020,POS,"Stock Balance - Mar 15, 2021",lghths-sg,138958048,SAR,138958048,83663279.6000,83663279,83663279.6000,USD,USD,US62828M2A84,ISIN,US62828M2A84,Valor,50738431,SARA,000138717209,US62828M2A84,Bond,IN/India,6.125% Muthoot Finance Ltd MT-Notes 2019-2022 Global RegS,USD,USD,103.225,2021-03-12,.01,2021-03-15,200000,200000,USD,204700,USD,206450,,,,,,,,2019-10-31,2022-10-31,6.125,30E/360,2,2020-04-30,USD,BB,USD,4593.75,,,,,,,,,,,,,,,,,,,,,,,,,,
,020,POS,"Stock Balance - Mar 15, 2021",lghths-sg,142190406,SAR,142190406,83667931.6000,83667931,83667931.6000,USD,USD,US62914V1061,ISIN,US62914V1061,Valor,43286578,Bloomberg,NIO US,US62914V1061,Share,KY/Cayman Islands,Nio Inc -ADR- -A-,USD,USD,44.93,2021-03-12,1,2021-03-15,312,312,USD,19402,USD,14018.16,,SARA,000135493931,,,,,,,,,,,,,,,,,,,,,,,,,,,,,,,,,,,,,,,,
,020,POS,"Stock Balance - Mar 15, 2021",lghths-sg,139402899,SAR,139402899,83676187.6000,83676187,83676187.6000,USD,GBP,GB0004082847,ISIN,GB0004082847,Valor,1110646,SARA,000000422184,GB0004082847,Share,GB/United Kingdom,Standard Chartered Plc,GBP,GBP,4.926,2021-03-15,1,2021-03-15,14049,14049,GBP,176883.93,GBP,69205.37,,,,USD,229897.99,USD,95941.56,,,,,,,,,,,,,,,,,,,,,,,,,,,,,,,,,,,,
,020,POS,"Stock Balance - Mar 15, 2021",lghths-sg,139402907,SAR,139402907,83676187.6000,83676187,83676187.6000,USD,USD,IE00BLNN3691,ISIN,IE00BLNN3691,Valor,24230735,SARA,000123618494,IE00BLNN3691,Share,IE/Ireland,Weatherford International Ltd,USD,USD,11.55,2021-03-12,1,2021-03-15,24,24,USD,453426.96,USD,277.2,,,,,,,,,,,,,,,,,,,,,,,,,,,,,,,,,,,,,,,,,,,
,020,POS,"Stock Balance - Mar 15, 2021",lghths-sg,139402910,SAR,139402910,83676187.6000,83676187,83676187.6000,USD,USD,IE00BL3HR700,ISIN,IE00BL3HR700,Valor,51640992,SARA,000139212204,IE00BL3HR700,Warrant,IE/Ireland,Weatherford International Ltd Wt.13.12.2023,USD,USD,0.48,2021-03-12,1,2021-03-15,271,271,,,USD,130.08,,,,,,,,,,,,,,,,,,,,1,99.96,2023-12-13,,ISIN,IE00BLNN3691,Weatherford International Ltd,Share,,,,,,,,,,,,,,,,
,020,POS,"Stock Balance - Mar 15, 2021",lghths-sg,139402912,SAR,139402912,83676187.6000,83676187,83676187.6000,USD,USD,XS1791728790,ISIN,XS1791728790,Valor,41516072,SARA,000134464876,XS1791728790,Bond,SG/Singapore,7.25% Global Prime Capital Pte Ltd Gtd.Bonds 2018-2021,USD,USD,100.375,2021-03-12,.01,2021-03-15,200000,200000,USD,202500,USD,200750,,,,,,,,2018-04-26,2021-04-26,7.25,30E/360,2,2018-10-26,USD,BB-,USD,5598.61,,,,,,,,,,,,,,,,,,,,,,,,,,
,020,POS,"Stock Balance - Mar 15, 2021",lghths-sg,139402914,SAR,139402914,83676187.6000,83676187,83676187.6000,USD,USD,XS1062931396,ISIN,XS1062931396,Valor,24364749,SARA,000117861202,XS1062931396,Bond,SG/Singapore,5.75% TML Holdings Pte Ltd Notes 2014-2021 Senior,USD,USD,100.531,2021-03-12,.01,2021-03-15,200000,200000,USD,200000,USD,201062,,,,,,,,2014-05-07,2021-05-07,5.75,30/360,2,2014-11-07,USD,,USD,4088.89,,,,,,,,,,,,,,,,,,,,,,,,,,
,020,POS,"Stock Balance - Mar 15, 2021",lghths-sg,139402915,SAR,139402915,83676187.6000,83676187,83676187.6000,USD,USD,XS1556165477,ISIN,XS1556165477,Valor,35513710,SARA,000131042001,XS1556165477,Bond,BM/Bermuda,5.25% China Water Affairs Group Ltd 2017-2022,USD,USD,101.335,2021-03-12,.01,2021-03-15,200000,200000,USD,204200,USD,202670,,,,,,,,2017-02-07,2022-02-07,5.25,30E/360,2,2017-08-07,USD,BB+,USD,1108.33,,,,,,,,,,,,,,,,,,,,,,,,,,
,020,POS,"Stock Balance - Mar 15, 2021",lghths-sg,139402916,SAR,139402916,83676187.6000,83676187,83676187.6000,USD,USD,USG50027AE42,ISIN,USG50027AE42,Valor,20549467,SARA,000082521405,USG50027AE42,Bond,GB/United Kingdom,5.625% Jaguar Land Rover Plc Notes 2013-2023 Senior Reg-S,USD,USD,100.31,2021-03-15,.01,2021-03-15,200000,200000,USD,211600,USD,200620,,,,,,,,2013-01-28,2023-02-01,5.625,30E/360,2,2013-08-01,USD,B,USD,1375,,,,,,,,,,,,,,,,,,,,,,,,,,
,020,POS,"Stock Balance - Mar 15, 2021",lghths-sg,139412744,SAR,139412744,83676187.6000,83676187,83676187.6000,USD,HKD,GB0005405286,ISIN,GB0005405286,Valor,411161,Bloomberg,0005 HK,GB0005405286,Share,GB/United Kingdom,HSBC Holdings Plc,GBP,HKD,46.5,2021-03-15,1,2021-03-15,38597,38597,HKD,2733628.67,HKD,1794760.5,,SARA,000000415042,USD,350655.36,USD,231116.61,,,,,,,,,,,,,,,,,,,,,,,,0.092887,,,,,,,,,,,,
,020,POS,"Stock Balance - Mar 15, 2021",lghths-sg,139518647,SAR,139518647,83676187.6000,83676187,83676187.6000,USD,USD,CH0400441280,ISIN,CH0400441280,Valor,40044128,SARA,000133807554,CH0400441280,Bond,CH/Switzerland,5% UBS Group AG Contingent Convertible Floating Rate Notes  2018-Perpetual Subordinated,USD,USD,99.715,2021-03-15,.01,2021-03-15,200000,200000,USD,199250,USD,199430,,,,,,,,2018-01-31,4712-12-31,5.0,30/360,1,2019-01-31,USD,BB,USD,1250,,,,,,,,,,,,,,,,,,,,,,,,,,
,020,POS,"Stock Balance - Mar 15, 2021",lghths-sg,140817383,SAR,140817383,83676187.6000,83676187,83676187.6000,USD,USD,KYG7943S1140,ISIN,KYG7943S1140,Valor,55646201,SARA,000140636795,KYG7943S1140,Fund,KY/Cayman Islands,SCUBE Investment Management SPC Fixed Income Tactical Opportunities Fund Series 2 -Cash Option-,USD,USD,1067.0686,2021-01-04,1,2021-03-15,200,200,USD,201000,USD,213413.72,,,,,,,,,,,,,,,,,,,,,,,,,,,,,,,,,,,,,,,,,,,
,020,POS,"Stock Balance - Mar 15, 2021",lghths-sg,142489528,SAR,142489528,83676187.6000,83676187,83676187.6000,USD,GBP,XS2268319089,ISIN,XS2268319089,Valor,59420676,SARA,000142484926,XS2268319089,Bond,GB/United Kingdom,8% UBS AG London Standard Chartered Plc STR 3.3447 HSBC Holdings Plc STR 2.8810 Callable Fixed Coupon Notes 15.02.2022 Repayment cash or physical,GBP,GBP,100.55,2021-03-12,.01,2021-03-15,200000,200000,GBP,200000,GBP,201100,,,,USD,274629,USD,278791.16,2021-02-15,2022-02-22,8.0,,2,2021-08-23,GBP,,,,,,,,,,,,,,,,,,,,,,,,,,,,,
,020,POS,"Stock Balance - Mar 15, 2021",lghths-sg,140130807,SAR,140130807,83677193.6000,83677193,83677193.6000,USD,USD,CH0276345995,ISIN,CH0276345995,Valor,27634599,SARA,000131339805,CH0276345995,Share,CH/Switzerland,Bank J.Safra Sarasin AG Dynamic Sustainable Technology Disruptors Reference Portfolio USD Tracker Cert.2017-Perpetual,USD,USD,2167.86790614,2021-03-15,1,2021-03-15,136,136,USD,195252.48,USD,294830.04,,,,,,,,2017-03-02,,,,,,,,,,,,,,,,,,,,,,,,,,,,,,,,,,,
,020,POS,"Stock Balance - Mar 15, 2021",lghths-sg,140138978,SAR,140138978,83677193.6000,83677193,83677193.6000,USD,USD,US0231351067,ISIN,US0231351067,Valor,645156,Bloomberg,AMZN US,US0231351067,Share,US/United States of America,Amazon.com Inc,USD,USD,3081.68,2021-03-12,1,2021-03-15,39,39,USD,92625,USD,120185.52,,SARA,000000416730,,,,,,,,,,,,,,,,,,,,,,,,,,,,,,,,,,,,,,,,
,020,POS,"Stock Balance - Mar 15, 2021",lghths-sg,140138985,SAR,140138985,83677193.6000,83677193,83677193.6000,USD,USD,US30303M1027,ISIN,US30303M1027,Valor,14917609,Bloomberg,FB US,US30303M1027,Share,US/United States of America,Facebook Inc -A-,USD,USD,273.75,2021-03-12,1,2021-03-15,62,62,USD,11112.88,USD,16972.5,,SARA,000031299007,,,,,,,,,,,,,,,,,,,,,,,,,,,,,,,,,,,,,,,,
,020,POS,"Stock Balance - Mar 15, 2021",lghths-sg,140138988,SAR,140138988,83677193.6000,83677193,83677193.6000,USD,USD,US70450Y1038,ISIN,US70450Y1038,Valor,28467085,SARA,000125841357,US70450Y1038,Share,US/United States of America,PayPal Holdings Inc,USD,USD,249.98,2021-03-12,1,2021-03-15,192,192,USD,21475.2,USD,47996.16,,,,,,,,,,,,,,,,,,,,,,,,,,,,,,,,,,,,,,,,,,,
,020,POS,"Stock Balance - Mar 15, 2021",lghths-sg,140138999,SAR,140138999,83677193.6000,83677193,83677193.6000,USD,HKD,KYG875721634,ISIN,KYG875721634,Valor,24014323,SARA,000119678126,KYG875721634,Share,KY/Cayman Islands,Tencent Holdings Ltd,HKD,HKD,628.0,2021-03-15,1,2021-03-15,300,300,HKD,122880,HKD,188400,,,,USD,15853.34,USD,24260.82,,,,,,,,,,,,,,,,,,,,,,,,,,,,,,,,,,,,
,020,POS,"Stock Balance - Mar 15, 2021",lghths-sg,140139006,SAR,140139006,83677193.6000,83677193,83677193.6000,USD,USD,US6936561009,ISIN,US6936561009,Valor,13341368,SARA,000029048907,US6936561009,Share,US/United States of America,PVH Corp,USD,USD,108.44,2021-03-12,1,2021-03-15,840,840,USD,37699.2,USD,91089.6,,,,,,,,,,,,,,,,,,,,,,,,,,,,,,,,,,,,,,,,,,,
,020,POS,"Stock Balance - Mar 15, 2021",lghths-sg,140139009,SAR,140139009,83677193.6000,83677193,83677193.6000,USD,USD,US88160R1014,ISIN,US88160R1014,Valor,11448018,SARA,000026499970,US88160R1014,Share,US/United States of America,Tesla Inc,USD,USD,707.94,2021-03-12,1,2021-03-15,4890,4890,USD,737304.42,USD,3461826.6,,,,,,,,,,,,,,,,,,,,,,,,,,,,,,,,,,,,,,,,,,,
,020,POS,"Stock Balance - Mar 15, 2021",lghths-sg,140139010,SAR,140139010,83677193.6000,83677193,83677193.6000,USD,USD,LU1139789298,ISIN,LU1139789298,Valor,28286186,SARA,000129194049,LU1139789298,Fund,LU/Luxembourg,Ninety One Global Strategy Fund Sicav- All China Equity (USD) -IX- Capitalisation,USD,USD,35.57,2021-03-12,1,2021-03-15,1350,1350,USD,36234,USD,48019.5,,,,,,,,,,,,,,,,,,,,,,,,,,,,,,,,,,,,,,,,,,,
,020,POS,"Stock Balance - Mar 15, 2021",lghths-sg,140139016,SAR,140139016,83677193.6000,83677193,83677193.6000,USD,USD,LU1076353199,ISIN,LU1076353199,Valor,32859655,SARA,000132418292,LU1076353199,Fund,LU/Luxembourg,Ashmore Sicav- Emerging Markets Short Duration Fund (USD) -Z- Capitalisation,USD,USD,107.87,2021-03-12,1,2021-03-15,1460,1460,USD,122683.8,USD,157490.2,,,,,,,,,,,,,,,,,,,,,,,,,,,,,,,,,,,,,,,,,,,
,020,POS,"Stock Balance - Mar 15, 2021",lghths-sg,140139032,SAR,140139032,83677193.6000,83677193,83677193.6000,USD,USD,US57636Q1040,ISIN,US57636Q1040,Valor,2282206,Bloomberg,MA UN,US57636Q1040,Share,US/United States of America,Mastercard Inc -A-,USD,USD,381.76,2021-03-12,1,2021-03-15,1600,1600,USD,415952,USD,610816,,SARA,000005979694,,,,,,,,,,,,,,,,,,,,,,,,,,,,,,,,,,,,,,,,
,020,POS,"Stock Balance - Mar 15, 2021",lghths-sg,140139036,SAR,140139036,83677193.6000,83677193,83677193.6000,USD,USD,LU0599947602,ISIN,LU0599947602,Valor,18636996,SARA,000119902979,LU0599947602,Fund,LU/Luxembourg,DWS Concept Sicav-Kaldemorgen (USD) -LCH- Capitalisation,USD,USD,143.55,2021-03-15,1,2021-03-15,1660,1660,USD,215169.2,USD,238293,,,,,,,,,,,,,,,,,,,,,,,,,,,,,,,,,,,,,,,,,,,
,020,POS,"Stock Balance - Mar 15, 2021",lghths-sg,140139046,SAR,140139046,83677193.6000,83677193,83677193.6000,USD,USD,US92826C8394,ISIN,US92826C8394,Valor,3826452,Bloomberg,V UN,US92826C8394,Share,US/United States of America,Visa Inc -A-,USD,USD,223.27,2021-03-12,1,2021-03-15,2000,2000,USD,339080,USD,446540,,SARA,000021485316,,,,,,,,,,,,,,,,,,,,,,,,,,,,,,,,,,,,,,,,
,020,POS,"Stock Balance - Mar 15, 2021",lghths-sg,140139051,SAR,140139051,83677193.6000,83677193,83677193.6000,USD,USD,US4642887602,ISIN,US4642887602,Valor,2552726,SARA,000028200389,US4642887602,Fund,US/United States of America,iShares U.S. Aerospace & Defense ETF,USD,USD,106.12,2021-03-12,1,2021-03-15,4000,4000,USD,315040,USD,424480,,,,,,,,,,,,,,,,,,,,,,,,,,,,,,,,,,,,,,,,,,,
,020,POS,"Stock Balance - Mar 15, 2021",lghths-sg,140139062,SAR,140139062,83677193.6000,83677193,83677193.6000,USD,USD,US01609W1027,ISIN,US01609W1027,Valor,24409862,SARA,000123993236,US01609W1027,Share,KY/Cayman Islands,Alibaba Group Holding Ltd -ADS- (8 Shs),USD,USD,230.28,2021-03-12,1,2021-03-15,2000,2000,USD,419000,USD,460560,,,,,,,,,,,,,,,,,,,,,,,,,,,,,,,,,,,,,,,,,,,
,020,POS,"Stock Balance - Mar 15, 2021",lghths-sg,140139064,SAR,140139064,83677193.6000,83677193,83677193.6000,USD,USD,HK0000055555,ISIN,HK0000055555,Valor,10525833,Bloomberg,JFASEAI HK,HK0000055555,Fund,HK/Hong Kong,JPMorgan ASEAN Fund -USD- Capitalisation,USD,USD,148.83,2021-03-12,1,2021-03-15,2025,2025,USD,214751.25,USD,301380.75,,SARA,000025146326,,,,,,,,,,,,,,,,,,,,,,,,,,,,,,,,,,,,,,,,
,020,POS,"Stock Balance - Mar 15, 2021",lghths-sg,140139067,SAR,140139067,83677193.6000,83677193,83677193.6000,USD,USD,LU0792612383,ISIN,LU0792612383,Valor,18819244,SARA,000064234678,LU0792612383,Fund,LU/Luxembourg,Franklin Templeton Investment Funds Sicav-India (USD) -W- Capitalisation,USD,USD,25.4,2021-03-12,1,2021-03-15,2040,2040,USD,30763.2,USD,51816,,,,,,,,,,,,,,,,,,,,,,,,,,,,,,,,,,,,,,,,,,,
,020,POS,"Stock Balance - Mar 15, 2021",lghths-sg,140139073,SAR,140139073,83677193.6000,83677193,83677193.6000,USD,USD,LU0322253229,ISIN,LU0322253229,Valor,3614442,SARA,000023160306,LU0322253229,Fund,LU/Luxembourg,Xtrackers Sicav- S&P Global Infrastructure Swap UCITS ETF (USD) -1C- Capitalisation,CHF,USD,48.32,2021-03-15,1,2021-03-15,2130,2130,USD,80695.05,USD,102921.6,,,,,,,,2007-10-31,,,,,,,,,,,,,,,,,,,,,,,0.92835,,,,,,,,,,,,
,020,POS,"Stock Balance - Mar 15, 2021",lghths-sg,140139076,SAR,140139076,83677193.6000,83677193,83677193.6000,USD,USD,US26210C1045,ISIN,US26210C1045,Valor,40655183,SARA,000134248881,US26210C1045,Share,US/United States of America,Dropbox Inc -A-,USD,USD,27.96,2021-03-12,1,2021-03-15,2296,2296,USD,44037.28,USD,64196.16,,,,,,,,,,,,,,,,,,,,,,,,,,,,,,,,,,,,,,,,,,,
,020,POS,"Stock Balance - Mar 15, 2021",lghths-sg,140139086,SAR,140139086,83677193.6000,83677193,83677193.6000,USD,USD,IE00B57X3V84,ISIN,IE00B57X3V84,Valor,12592831,SARA,000125565434,IE00B57X3V84,Fund,IE/Ireland,iShares II Plc-Dow Jones Global Sustainability Screened UCITS ETF (USD) Capitalisation,EUR,USD,54.615,2021-03-15,1,2021-03-15,3715,3715,USD,146092.38,USD,202894.73,,,,,,,,,,,,,,,,,,,,,,,,,,,,,,,0.839149,,,,,,,,,,,,
,020,POS,"Stock Balance - Mar 15, 2021",lghths-sg,140139092,SAR,140139092,83677193.6000,83677193,83677193.6000,USD,USD,IE00BKM4GZ66,ISIN,IE00BKM4GZ66,Valor,24209517,SARA,000123910804,IE00BKM4GZ66,Fund,IE/Ireland,iShares Plc- Core MSCI Emerging Markets IMI UCITS (USD) Capitalisation,USD,USD,37.32,2021-03-15,1,2021-03-15,3840,3840,USD,92505.6,USD,143308.8,,,,,,,,,,,,,,,,,,,,,,,,,,,,,,,,,,,,,,,,,,,
,020,POS,"Stock Balance - Mar 15, 2021",lghths-sg,140139111,SAR,140139111,83677193.6000,83677193,83677193.6000,USD,USD,US2546871060,ISIN,US2546871060,Valor,984192,Bloomberg,DIS US,US2546871060,Share,US/United States of America,Walt Disney Company,USD,USD,196.76,2021-03-12,1,2021-03-15,4000,4000,USD,426520,USD,787040,,SARA,000000421596,,,,,,,,,,,,,,,,,,,,,,,,,,,,,,,,,,,,,,,,
,020,POS,"Stock Balance - Mar 15, 2021",lghths-sg,140139114,SAR,140139114,83677193.6000,83677193,83677193.6000,USD,USD,IE00BM67HK77,ISIN,IE00BM67HK77,Valor,31660585,SARA,000127521739,IE00BM67HK77,Fund,IE/Ireland,Xtrackers (IE) Plc- MSCI World Health Care UCITS ETF (USD) -1C- Capitalisation,USD,USD,42.82,2021-03-15,1,2021-03-15,4900,4900,USD,181790,USD,209818,,,,,,,,,,,,,,,,,,,,,,,,,,,,,,,,,,,,,,,,,,,
,020,POS,"Stock Balance - Mar 15, 2021",lghths-sg,140139129,SAR,140139129,83677193.6000,83677193,83677193.6000,USD,USD,US9229087104,ISIN,US9229087104,Valor,1156931,SARA,000129754681,US9229087104,Fund,US/United States of America,Vanguard 500 Index Fund (EUR) -Admiral- Distribution,USD,USD,364.59,2021-03-11,1,2021-03-15,5290,5290,USD,1404918.2,USD,1928681.1,,,,,,,,,,,,,,,,,,,,,,,,,,,,,,,,,,,,,,,,,,,
,020,POS,"Stock Balance - Mar 15, 2021",lghths-sg,140139136,SAR,140139136,83677193.6000,83677193,83677193.6000,USD,USD,US5949181045,ISIN,US5949181045,Valor,951692,Bloomberg,MSFT US,US5949181045,Share,US/United States of America,Microsoft Corp,USD,USD,234.81,2021-03-12,1,2021-03-15,5858,5858,USD,1046238.8,USD,1375516.98,,SARA,000000420853,,,,,,,,,,,,,,,,,,,,,,,,,,,,,,,,,,,,,,,,
,020,POS,"Stock Balance - Mar 15, 2021",lghths-sg,140139137,SAR,140139137,83677193.6000,83677193,83677193.6000,USD,USD,LU0292454872,ISIN,LU0292454872,Valor,3031842,SARA,000023844172,LU0292454872,Fund,LU/Luxembourg,JPMorgan Funds Sicav- US Select Equity Plus (USD) -A- Capitalisation,USD,USD,32.8,2021-03-15,1,2021-03-15,6000,6000,USD,138300,USD,196800,,,,,,,,,,,,,,,,,,,,,,,,,,,,,,,,,,,,,,,,,,,
,020,POS,"Stock Balance - Mar 15, 2021",lghths-sg,140139140,SAR,140139140,83677193.6000,83677193,83677193.6000,USD,USD,IE00B1TXHL60,ISIN,IE00B1TXHL60,Valor,3007862,SARA,000025595322,IE00B1TXHL60,Fund,IE/Ireland,iShares II Plc- Listed Private Equity UCITS ETF (USD),USD,USD,26.86,2021-03-15,1,2021-03-15,6060,6060,USD,103383.6,USD,162771.6,,,,,,,,,,,,,,,,,,,,,,,,,,,,,,,,,,,,,,,,,,,
,020,POS,"Stock Balance - Mar 15, 2021",lghths-sg,140139148,SAR,140139148,83677193.6000,83677193,83677193.6000,USD,USD,LU1169991020,ISIN,LU1169991020,Valor,27210766,SARA,000129193698,LU1169991020,Fund,LU/Luxembourg,Janus Henderson Horizon Fund Sicav- Pan European Smaller Companies (USD) -A2- Capitalisation,USD,USD,56.94,2021-03-15,1,2021-03-15,6290,6290,USD,201594.5,USD,358152.6,,,,,,,,,,,,,,,,,,,,,,,,,,,,,,,,,,,,,,,,,,,
,020,POS,"Stock Balance - Mar 15, 2021",lghths-sg,140139155,SAR,140139155,83677193.6000,83677193,83677193.6000,USD,USD,IE00BYZK4552,ISIN,IE00BYZK4552,Valor,33305410,SARA,000130065573,IE00BYZK4552,Fund,IE/Ireland,iShares IV Plc- Automation & Robotics UCITS ETF,USD,USD,12.07,2021-03-15,1,2021-03-15,7650,7650,USD,54544.5,USD,92335.5,,,,,,,,,,,,,,,,,,,,,,,,,,,,,,,,,,,,,,,,,,,
,020,POS,"Stock Balance - Mar 15, 2021",lghths-sg,140139159,SAR,140139159,83677193.6000,83677193,83677193.6000,USD,USD,LU0943300680,ISIN,LU0943300680,Valor,21607506,SARA,000101207542,LU0943300680,Fund,LU/Luxembourg,Schroder International Selection Fund Sicav- Japanese Opportunities (USD) -A- hedged Capitalisation,USD,USD,21.1739,2021-03-15,1,2021-03-15,8020,8020,USD,117387.94,USD,169814.68,,,,,,,,,,,,,,,,,,,,,,,,,,,,,,,,,,,,,,,,,,,
,020,POS,"Stock Balance - Mar 15, 2021",lghths-sg,140139168,SAR,140139168,83677193.6000,83677193,83677193.6000,USD,USD,IE00BM67HL84,ISIN,IE00BM67HL84,Valor,31660574,SARA,000127521738,IE00BM67HL84,Fund,IE/Ireland,Xtrackers (IE) Plc- MSCI World Financials UCITS ETF (USD) -1C- Capitalisation,USD,USD,22.8625,2021-03-15,1,2021-03-15,8250,8250,USD,119026.88,USD,188615.63,,,,,,,,,,,,,,,,,,,,,,,,,,,,,,,,,,,,,,,,,,,
,020,POS,"Stock Balance - Mar 15, 2021",lghths-sg,140139173,SAR,140139173,83677193.6000,83677193,83677193.6000,USD,USD,LU1184092051,ISIN,LU1184092051,Valor,27165551,SARA,000133521479,LU1184092051,Fund,LU/Luxembourg,Xtrackers Sicav-MSCI Europe UCITS ETF (USD) -2C- Capitalisation,USD,USD,12.054,2021-03-15,1,2021-03-15,9530,9530,USD,89057.85,USD,114874.62,,,,,,,,,,,,,,,,,,,,,,,,,,,,,,,,,,,,,,,,,,,
,020,POS,"Stock Balance - Mar 15, 2021",lghths-sg,140139178,SAR,140139178,83677193.6000,83677193,83677193.6000,USD,USD,LU0490618542,ISIN,LU0490618542,Valor,11138249,SARA,000028122252,LU0490618542,Fund,LU/Luxembourg,Xtrackers Sicav-S&P 500 Swap UCITS ETF (USD) -1C- Capitalisation,EUR,USD,74.4,2021-03-15,1,2021-03-15,9765,9765,USD,521503.73,USD,726516,,,,,,,,,,,,,,,,,,,,,,,,,,,,,,,0.839149,,,,,,,,,,,,
,020,POS,"Stock Balance - Mar 15, 2021",lghths-sg,140139183,SAR,140139183,83677193.6000,83677193,83677193.6000,USD,USD,LU0927735406,ISIN,LU0927735406,Valor,21557276,SARA,000110737610,LU0927735406,Fund,LU/Luxembourg,Xtrackers Sicav-MSCI Japan UCITS ETF (USD) -2D- Distribution,USD,USD,26.88,2021-03-15,1,2021-03-15,10680,10680,USD,212291.7,USD,287078.4,,,,,,,,,,,,,,,,,,,,,,,,,,,,,,,,,,,,,,,,,,,
,020,POS,"Stock Balance - Mar 15, 2021",lghths-sg,140139191,SAR,140139191,83677193.6000,83677193,83677193.6000,USD,EUR,IE00BG7PJ914,ISIN,IE00BG7PJ914,Valor,45464924,SARA,000137710631,IE00BG7PJ914,Fund,IE/Ireland,Barings Investment Funds Plc- Europe Select (EUR) -B- Unhedged Distribution,EUR,EUR,56.55,2021-03-15,1,2021-03-15,12000,12000,EUR,495120,EUR,678600,,,,USD,537174.01,USD,808676.76,,,,,,,,,,,,,,,,,,,,,,,,,,,,,,,,,,,,
,020,POS,"Stock Balance - Mar 15, 2021",lghths-sg,140139212,SAR,140139212,83677193.6000,83677193,83677193.6000,USD,USD,US33734X8469,ISIN,US33734X8469,Valor,28549941,SARA,000125850193,US33734X8469,Fund,US/United States of America,First Trust NASDAQ Cybersecurity ETF,USD,USD,43.05,2021-03-12,1,2021-03-15,18000,18000,USD,512820,USD,774900,,,,,,,,,,,,,,,,,,,,,,,,,,,,,,,,,,,,,,,,,,,
,020,POS,"Stock Balance - Mar 15, 2021",lghths-sg,140139216,SAR,140139216,83677193.6000,83677193,83677193.6000,USD,USD,US0846707026,ISIN,US0846707026,Valor,10926529,Bloomberg,BRK/B US,US0846707026,Share,US/United States of America,Berkshire Hathaway Inc -B-,USD,USD,254.61,2021-03-12,1,2021-03-15,18425,18425,USD,3522860,USD,4691189.25,,SARA,000025610650,,,,,,,,,,,,,,,,,,,,,,,,,,,,,,,,,,,,,,,,
,020,POS,"Stock Balance - Mar 15, 2021",lghths-sg,140139223,SAR,140139223,83677193.6000,83677193,83677193.6000,USD,HKD,KYG3777B1032,ISIN,KYG3777B1032,Valor,1812980,Bloomberg,175 HK,KYG3777B1032,Share,KY/Cayman Islands,Geely Automobile Holdings Ltd,HKD,HKD,23.25,2021-03-15,1,2021-03-15,19550,19550,HKD,228735,HKD,454537.5,,SARA,000024785919,USD,29510.21,USD,58532.14,,,,,,,,,,,,,,,,,,,,,,,,,,,,,,,,,,,,
,020,POS,"Stock Balance - Mar 15, 2021",lghths-sg,140139230,SAR,140139230,83677193.6000,83677193,83677193.6000,USD,EUR,LU0260085492,ISIN,LU0260085492,Valor,2707263,SARA,000031523329,LU0260085492,Fund,LU/Luxembourg,The Jupiter Global Fund Sicav- European Growth  (EUR) -L- Capitalisation,EUR,EUR,42.61,2021-03-15,1,2021-03-15,21198,21198,EUR,774998.88,EUR,903246.78,,,,USD,840824.96,USD,1076384.74,,,,,,,,,,,,,,,,,,,,,,,,,,,,,,,,,,,,
,020,POS,"Stock Balance - Mar 15, 2021",lghths-sg,140139244,SAR,140139244,83677193.6000,83677193,83677193.6000,USD,USD,IE00BYZK4669,ISIN,IE00BYZK4669,Valor,33305420,SARA,000130065572,IE00BYZK4669,Fund,IE/Ireland,iShares IV Plc- Ageing Population UCITS ETF,USD,USD,7.6825,2021-03-15,1,2021-03-15,24325,24325,USD,119496.56,USD,186876.81,,,,,,,,,,,,,,,,,,,,,,,,,,,,,,,,,,,,,,,,,,,
,020,POS,"Stock Balance - Mar 15, 2021",lghths-sg,140139248,SAR,140139248,83677193.6000,83677193,83677193.6000,USD,USD,US33738R6053,ISIN,US33738R6053,Valor,23632392,SARA,000106789452,US33738R6053,Fund,US/United States of America,First Trust Dorsey Wright Focus 5 ETF,USD,USD,45.08,2021-03-12,1,2021-03-15,26823,26823,USD,777330.54,USD,1209180.84,,,,,,,,,,,,,,,,,,,,,,,,,,,,,,,,,,,,,,,,,,,
,020,POS,"Stock Balance - Mar 15, 2021",lghths-sg,140139252,SAR,140139252,83677193.6000,83677193,83677193.6000,USD,USD,US0846491027,ISIN,US0846491027,Valor,839013,SARA,000138882563,US0846491027,Fund,US/United States of America,Berkshire Funds (USD) Distribution,USD,USD,44.03,2021-03-11,1,2021-03-15,27201.632,27201.632,USD,774974.5,USD,1197687.86,,,,,,,,,,,,,,,,,,,,,,,,,,,,,,,,,,,,,,,,,,,
,020,POS,"Stock Balance - Mar 15, 2021",lghths-sg,140139260,SAR,140139260,83677193.6000,83677193,83677193.6000,USD,USD,KYG2886W1078,ISIN,KYG2886W1078,Valor,2715048,Bloomberg,DWSVIET KY,KYG2886W1078,Fund,KY/Cayman Islands,Vietnam Phoenix Fund Ltd -In Liquidation-,USD,USD,0.2366,2021-02-26,1,2021-03-15,129198,129198,USD,30348.61,USD,30568.25,,SARA,000020988245,,,,,,,,,,,,,,,,,,,,,,,,,,,,,,,,,,,,,,,,
,020,POS,"Stock Balance - Mar 15, 2021",lghths-sg,140150219,SAR,140150219,83677193.6000,83677193,83677193.6000,USD,USD,US88032Q1094,ISIN,US88032Q1094,Valor,4752662,SARA,000028344274,US88032Q1094,Share,KY/Cayman Islands,Tencent Holdings Ltd -ADR-,USD,USD,82.62,2021-03-15,1,2021-03-15,6480,6480,USD,339228,USD,535377.6,,,,,,,,,,,,,,,,,,,,,,,,,,,,,,,,,,,,,,,,,,,
,020,POS,"Stock Balance - Mar 15, 2021",lghths-sg,140158326,SAR,140158326,83677193.6000,83677193,83677193.6000,USD,USD,US36847Q1031,ISIN,US36847Q1031,Valor,10712481,SARA,000131633808,US36847Q1031,Share,KY/Cayman Islands,Geely Automobile Holdings Ltd -ADR- (20 Shs),USD,USD,61.19,2021-03-12,1,2021-03-15,6240,6240,USD,187636.8,USD,381825.6,,,,,,,,,,,,,,,,,,,,,,,,,,,,,,,,,,,,,,,,,,,
,020,POS,"Stock Balance - Mar 15, 2021",lghths-sg,140766940,SAR,140766940,83677193.6000,83677193,83677193.6000,USD,USD,US00214Q1040,ISIN,US00214Q1040,Valor,25949494,SARA,000132130108,US00214Q1040,Fund,US/United States of America,ARK Innovation ETF,USD,USD,128.88,2021-03-12,1,2021-03-15,3090,3090,USD,257562.52,USD,398239.2,,,,,,,,,,,,,,,,,,,,,,,,,,,,,,,,,,,,,,,,,,,
,020,POS,"Stock Balance - Mar 15, 2021",lghths-sg,140774543,SAR,140774543,83677193.6000,83677193,83677193.6000,USD,USD,US7429351254,ISIN,US7429351254,Valor,10507151,SARA,000140770052,US7429351254,Fund,US/United States of America,Professionally Managed Portfolios Akre Focus Fund (USD) -Institutional- Distribution,USD,USD,55.52,2021-02-24,1,2021-03-15,9904.913,9904.913,USD,502675.01,USD,549920.77,,,,,,,,,,,,,,,,,,,,,,,,,,,,,,,,,,,,,,,,,,,
,020,POS,"Stock Balance - Mar 15, 2021",lghths-sg,140973259,SAR,140973259,83677193.6000,83677193,83677193.6000,USD,USD,US1729674242,ISIN,US1729674242,Valor,12915350,Bloomberg,C US,US1729674242,Share,US/United States of America,Citigroup Inc,USD,USD,74.22,2021-03-12,1,2021-03-15,5000,5000,USD,266076.37,USD,371100,,SARA,000028584584,,,,,,,,,,,,,,,,,,,,,,,,,,,,,,,,,,,,,,,,
,020,POS,"Stock Balance - Mar 15, 2021",lghths-sg,140973283,SAR,140973283,83677193.6000,83677193,83677193.6000,USD,USD,US0605051046,ISIN,US0605051046,Valor,748628,Bloomberg,BAC UN,US0605051046,Share,US/United States of America,Bank of America Corp,USD,USD,37.75,2021-03-12,1,2021-03-15,10000,10000,USD,268430.14,USD,377500,,SARA,000000418117,,,,,,,,,,,,,,,,,,,,,,,,,,,,,,,,,,,,,,,,
,020,POS,"Cash Balance - Mar 15, 2021",lghths-sg,140996118,SAR,140996118,83667931.6000,83667931,83667931.4005/XAU/METALL,USD,XAU,XAU,,,,,,,,Cash,,,,,,,,2021-03-15,,,XAU,8,,,,,,USD,13817,,,,,,,,,,,,,CURRENCY,XAU,,,,,,,,,,,,,portfolioID,83667931.6000,,,,,,,,,,
,020,POS,"Cash Balance - Mar 15, 2021",lghths-sg,125369911,SAR,125369911,81042621.6000,81042621,81042621.4000/USD/KK,USD,USD,USD,,,,,,,,Cash,,,,,,,,2021-03-15,,,USD,0,,,,,,,,,,,,,,,,,,,,CURRENCY,USD,,,,,,,,,,,,,portfolioID,81042621.6000,,,,,,,,,,
,020,POS,"Cash Balance - Mar 15, 2021",lghths-sg,133980399,SAR,133980399,83663279.6000,83663279,83663279.4000/USD/KK,USD,USD,USD,,,,,,,,Cash,,,,,,,,2021-03-15,,,USD,162997.61,,,,,,,,,,,,,,,,,,,,CURRENCY,USD,,,,,,,,,,,,,portfolioID,83663279.6000,,,,,,,,,,
,020,POS,"Cash Balance - Mar 15, 2021",lghths-sg,134173977,SAR,134173977,83663279.6000,83663279,83663279.4001/GBP/KK,USD,GBP,GBP,,,,,,,,Cash,,,,,,,,2021-03-15,,,GBP,0,,,,,,USD,0,,,,,,,,,,,,,CURRENCY,GBP,,,,,,,,,,,,,portfolioID,83663279.6000,,,,,,,,,,
,020,POS,"Cash Balance - Mar 15, 2021",lghths-sg,134270852,SAR,134270852,83663279.6000,83663279,83663279.4002/SGD/KK,USD,SGD,SGD,,,,,,,,Cash,,,,,,,,2021-03-15,,,SGD,0,,,,,,USD,0,,,,,,,,,,,,,CURRENCY,SGD,,,,,,,,,,,,,portfolioID,83663279.6000,,,,,,,,,,
,020,POS,"Cash Balance - Mar 15, 2021",lghths-sg,140493349,SAR,140493349,83663279.6000,83663279,83663279.4003/EUR/KK,USD,EUR,EUR,,,,,,,,Cash,,,,,,,,2021-03-15,,,EUR,0,,,,,,USD,0,,,,,,,,,,,EUR,-0.01,CURRENCY,EUR,,,,,,,,,,USD,-0.01,,portfolioID,83663279.6000,,,,,,,,,,
,020,POS,"Cash Balance - Mar 15, 2021",lghths-sg,140953859,SAR,140953859,83663279.6000,83663279,83663279.4004/HKD/KK,USD,HKD,HKD,,,,,,,,Cash,,,,,,,,2021-03-15,,,HKD,0,,,,,,USD,0,,,,,,,,,,,,,CURRENCY,HKD,,,,,,,,,,,,,portfolioID,83663279.6000,,,,,,,,,,
,020,POS,"Cash Balance - Mar 15, 2021",lghths-sg,133980435,SAR,133980435,83663293.6000,83663293,83663293.4000/USD/KK,USD,USD,USD,,,,,,,,Cash,,,,,,,,2021-03-15,,,USD,1536,,,,,,,,,,,,,,,,,,,,CURRENCY,USD,,,,,,,,,,,,,portfolioID,83663293.6000,,,,,,,,,,
,020,POS,"Cash Balance - Mar 15, 2021",lghths-sg,134321779,SAR,134321779,83663293.6000,83663293,83663293.4001/GBP/KK,USD,GBP,GBP,,,,,,,,Cash,,,,,,,,2021-03-15,,,GBP,0,,,,,,USD,0,,,,,,,,,,,,,CURRENCY,GBP,,,,,,,,,,,,,portfolioID,83663293.6000,,,,,,,,,,
,020,POS,"Cash Balance - Mar 15, 2021",lghths-sg,134427611,SAR,134427611,83663293.6000,83663293,83663293.4002/SGD/KK,USD,SGD,SGD,,,,,,,,Cash,,,,,,,,2021-03-15,,,SGD,0,,,,,,USD,0,,,,,,,,,,,,,CURRENCY,SGD,,,,,,,,,,,,,portfolioID,83663293.6000,,,,,,,,,,
,020,POS,"Cash Balance - Mar 15, 2021",lghths-sg,134655209,SAR,134655209,83663293.6000,83663293,83663293.4003/EUR/KK,USD,EUR,EUR,,,,,,,,Cash,,,,,,,,2021-03-15,,,EUR,0,,,,,,USD,0,,,,,,,,,,,,,CURRENCY,EUR,,,,,,,,,,,,,portfolioID,83663293.6000,,,,,,,,,,
,020,POS,"Cash Balance - Mar 15, 2021",lghths-sg,137675912,SAR,137675912,83663293.6000,83663293,83663293.4004/INR/KK,USD,INR,INR,,,,,,,,Cash,,,,,,,,2021-03-15,,,INR,0,,,,,,USD,0,,,,,,,,,,,,,CURRENCY,INR,,,,,,,,,,,,,portfolioID,83663293.6000,,,,,,,,,,
,020,POS,"Cash Balance - Mar 15, 2021",lghths-sg,140351749,SAR,140351749,83663293.6000,83663293,83663293.4005/HKD/KK,USD,HKD,HKD,,,,,,,,Cash,,,,,,,,2021-03-15,,,HKD,35089,,,,,,USD,4518.51,,,,,,,,,,,,,CURRENCY,HKD,,,,,,,,,,,,,portfolioID,83663293.6000,,,,,,,,,,
,020,POS,"Cash Balance - Mar 15, 2021",lghths-sg,141694029,SAR,141694029,83663293.6000,83663293,83663293.4006/CHF/KK,USD,CHF,CHF,,,,,,,,Cash,,,,,,,,2021-03-15,,,CHF,0,,,,,,USD,0,,,,,,,,,,,,,CURRENCY,CHF,,,,,,,,,,,,,portfolioID,83663293.6000,,,,,,,,,,
,020,POS,"Cash Balance - Mar 15, 2021",lghths-sg,134787523,SAR,134787523,83667931.6000,83667931,83667931.4000/USD/KK,USD,USD,USD,,,,,,,,Cash,,,,,,,,2021-03-15,,,USD,-333179.67,,,,,,,,,,,,,,,,,,,,CURRENCY,USD,,,,,,,,,,,,,portfolioID,83667931.6000,,,,,,,,,,
,020,POS,"Cash Balance - Mar 15, 2021",lghths-sg,135356352,SAR,135356352,83667931.6000,83667931,83667931.4001/GBP/KK,USD,GBP,GBP,,,,,,,,Cash,,,,,,,,2021-03-15,,,GBP,69316.84,,,,,,USD,96096.08,,,,,,,,,,,,,CURRENCY,GBP,,,,,,,,,,,,,portfolioID,83667931.6000,,,,,,,,,,
,020,POS,"Cash Balance - Mar 15, 2021",lghths-sg,135910790,SAR,135910790,83667931.6000,83667931,83667931.4002/EUR/KK,USD,EUR,EUR,,,,,,,,Cash,,,,,,,,2021-03-15,,,EUR,0,,,,,,USD,0,,,,,,,,,,,,,CURRENCY,EUR,,,,,,,,,,,,,portfolioID,83667931.6000,,,,,,,,,,
,020,POS,"Cash Balance - Mar 15, 2021",lghths-sg,140258097,SAR,140258097,83667931.6000,83667931,83667931.4003/SGD/KK,USD,SGD,SGD,,,,,,,,Cash,,,,,,,,2021-03-15,,,SGD,639.6,,,,,,USD,475.11,,,,,,,,,,,,,CURRENCY,SGD,,,,,,,,,,,,,portfolioID,83667931.6000,,,,,,,,,,
,020,POS,"Cash Balance - Mar 15, 2021",lghths-sg,140996046,SAR,140996046,83667931.6000,83667931,83667931.4004/MYR/KK,USD,MYR,MYR,,,,,,,,Cash,,,,,,,,2021-03-15,,,MYR,0,,,,,,USD,0,,,,,,,,,,,,,CURRENCY,MYR,,,,,,,,,,,,,portfolioID,83667931.6000,,,,,,,,,,
,020,POS,"Cash Balance - Mar 15, 2021",lghths-sg,139090240,SAR,139090240,83676187.6000,83676187,83676187.4000/USD/KK,USD,USD,USD,,,,,,,,Cash,,,,,,,,2021-03-15,,,USD,0,,,,,,,,,,,,,,,,,,,,CURRENCY,USD,,,,,,,,,,,,,portfolioID,83676187.6000,,,,,,,,,,
,020,POS,"Cash Balance - Mar 15, 2021",lghths-sg,139983859,SAR,139983859,83676187.6000,83676187,83676187.4001/GBP/KK,USD,GBP,GBP,,,,,,,,Cash,,,,,,,,2021-03-15,,,GBP,0,,,,,,USD,0,,,,,,,,,,,,,CURRENCY,GBP,,,,,,,,,,,,,portfolioID,83676187.6000,,,,,,,,,,
,020,POS,"Cash Balance - Mar 15, 2021",lghths-sg,140065110,SAR,140065110,83677193.6000,83677193,83677193.4000/USD/KK,USD,USD,USD,,,,,,,,Cash,,,,,,,,2021-03-15,,,USD,445574,,,,,,,,,,,,,,,,,,,,CURRENCY,USD,,,,,,,,,,,,,portfolioID,83677193.6000,,,,,,,,,,
,020,POS,"Cash Balance - Mar 15, 2021",lghths-sg,140249746,SAR,140249746,83677193.6000,83677193,83677193.4001/EUR/KK,USD,EUR,EUR,,,,,,,,Cash,,,,,,,,2021-03-15,,,EUR,-0.57,,,,,,USD,-0.68,,,,,,,,,,,,,CURRENCY,EUR,,,,,,,,,,,,,portfolioID,83677193.6000,,,,,,,,,,
,020,POS,"Cash Balance - Mar 15, 2021",lghths-sg,140257966,SAR,140257966,83677193.6000,83677193,83677193.4002/HKD/KK,USD,HKD,HKD,,,,,,,,Cash,,,,,,,,2021-03-15,,,HKD,11838.32,,,,,,USD,1524.46,,,,,,,,,,,,,CURRENCY,HKD,,,,,,,,,,,,,portfolioID,83677193.6000,,,,,,,,,,
,020,POS,"Loan Balance - Mar 15, 2021",lghths-sg,142732272,SAR,142732272,83663279.6000,83663279,83663279,USD,GBP,GBP,,,,,,,,MoneyMarket,,GBP Fixed Loan,,,,,,2021-03-15,,,GBP,-2127292.95,,,,,,USD,-2949132.16,,,,,,,,,,,GBP,-884.78,CURRENCY,GBP,,,,,,,,,,USD,-1226.6,,portfolioID,83663279.6000,Loan,Fixed,2021-03-24,GBP,-2127292.95,0.893,142732272,s/t Fixed Advance Fix GBP 0.893% 26.02.2021-24.0,2021-03-24,2021-02-26
,020,POS,"Loan Balance - Mar 15, 2021",lghths-sg,142731788,SAR,142731788,83663293.6000,83663293,83663293,USD,HKD,HKD,,,,,,,,MoneyMarket,,HKD Fixed Loan,,,,,,2021-03-15,,,HKD,-1491843.07,,,,,,USD,-192109.03,,,,,,,,,,,HKD,-993.61,CURRENCY,HKD,,,,,,,,,,USD,-127.95,,portfolioID,83663293.6000,Loan,Fixed,2021-03-26,HKD,-1491843.07,1.43,142731788,s/t Fixed Advance Fix HKD 1.43% 26.02.2021-26.03,2021-03-26,2021-02-26
,020,POS,"Loan Balance - Mar 15, 2021",lghths-sg,142772244,SAR,142772244,83663293.6000,83663293,83663293,USD,EUR,EUR,,,,,,,,MoneyMarket,,EUR Fixed Loan,,,,,,2021-03-15,,,EUR,-292081.43,,,,,,USD,-348068.77,,,,,,,,,,,EUR,-68.56,CURRENCY,EUR,,,,,,,,,,USD,-81.7,,portfolioID,83663293.6000,Loan,Fixed,2021-04-01,EUR,-292081.43,0.65,142772244,s/t Fixed Advance Fix EUR 0.65% 02.03.2021-01.04,2021-04-01,2021-03-02
,020,POS,"Loan Balance - Mar 15, 2021",lghths-sg,142857215,SAR,142857215,83663293.6000,83663293,83663293,USD,USD,USD,,,,,,,,MoneyMarket,,USD Fixed Loan,,,,,,2021-03-15,,,USD,-102817.94,,,,,,,,,,,,,,,,,,USD,-10.74,CURRENCY,USD,,,,,,,,,,,,,portfolioID,83663293.6000,Loan,Fixed,2021-03-19,USD,-102817.94,0.94,142857215,s/t Fixed Advance Fix USD 0.94% 11.03.2021-19.03,2021-03-19,2021-03-11
,020,POS,"Loan Balance - Mar 15, 2021",lghths-sg,142869009,SAR,142869009,83663293.6000,83663293,83663293,USD,USD,USD,,,,,,,,MoneyMarket,,USD Fixed Loan,,,,,,2021-03-15,,,USD,-379670.67,,,,,,,,,,,,,,,,,,USD,-29.74,CURRENCY,USD,,,,,,,,,,,,,portfolioID,83663293.6000,Loan,Fixed,2021-03-19,USD,-379670.67,0.94,142869009,s/t Fixed Advance Fix USD 0.94% 12.03.2021-19.03,2021-03-19,2021-03-12
,020,POS,"Loan Balance - Mar 15, 2021",lghths-sg,142909616,SAR,142909616,83663293.6000,83663293,83663293,USD,GBP,GBP,,,,,,,,MoneyMarket,,GBP Fixed Loan,,,,,,2021-03-15,,,GBP,-212003.87,,,,,,USD,-293907.54,,,,,,,,,,,,,CURRENCY,GBP,,,,,,,,,,,,,portfolioID,83663293.6000,Loan,Fixed,2021-03-23,GBP,-212003.87,0.9,142909616,s/t Fixed Advance Fix GBP 0.9% 16.03.2021-23.03.,2021-03-23,2021-03-16
,020,POS,"Loan Balance - Mar 15, 2021",lghths-sg,141444043,SAR,141444043,83667931.6000,83667931,83667931,USD,EUR,EUR,,,,,,,,MoneyMarket,,EUR Fixed Loan,,,,,,2021-03-15,,,EUR,-100050.8,,,,,,USD,-119228.94,,,,,,,,,,,EUR,-380.19,CURRENCY,EUR,,,,,,,,,,USD,-453.07,,portfolioID,83667931.6000,Loan,Fixed,2021-07-14,EUR,-100050.8,0.9,141444043,s/t Fixed Advance Fix EUR 0.9% 14.10.2020-14.07.,2021-07-14,2020-10-14
,020,POS,"Loan Balance - Mar 15, 2021",lghths-sg,142893755,SAR,142893755,83676187.6000,83676187,83676187,USD,GBP,GBP,,,,,,,,MoneyMarket,,GBP Fixed Loan,,,,,,2021-03-15,,,GBP,-200153.54,,,,,,USD,-277479.06,,,,,,,,,,,,,CURRENCY,GBP,,,,,,,,,,,,,portfolioID,83676187.6000,Loan,Fixed,2021-04-15,GBP,-200153.54,1.0,142893755,s/t Fixed Advance Fix GBP 1% 15.03.2021-15.04.20,2021-04-15,2021-03-15
,020,POS,"Loan Balance - Mar 15, 2021",lghths-sg,142909426,SAR,142909426,83676187.6000,83676187,83676187,USD,USD,USD,,,,,,,,MoneyMarket,,USD Fixed Loan,,,,,,2021-03-15,,,USD,-261334.38,,,,,,,,,,,,,,,,,,,,CURRENCY,USD,,,,,,,,,,,,,portfolioID,83676187.6000,Loan,Fixed,2021-03-23,USD,-261334.38,1.03,142909426,s/t Fixed Advance Fix USD 1.03% 16.03.2021-23.03,2021-03-23,2021-03-16
,020,POS,"Stock Balance - Mar 15, 2021",lghths-sg,141952076,SAR,141952076,83667931.6000,83667931,83667931.6000,USD,USD,US88160R1014,ISIN,US88160R1014,Valor,11448018,SARA,000026499970,US88160R1014,Share,US/United States of America,Tesla Inc,USD,USD,707.94,2021-03-12,1,2021-03-15,28,28,USD,16281.8,USD,19822.32,,,,,,,,,,,,,,,,,,,,,,,,,,,,,,,,,,,,,,,,,,,
,020,POS,"Stock Balance - Mar 15, 2021",lghths-sg,139394548,SAR,139394548,83663279.6000,83663279,83663279.6000,USD,USD,XS2090080172,ISIN,XS2090080172,Valor,51830341,SARA,000139292337,XS2090080172,Bond,IN/India,5.9% Manappuram Finance Ltd Emt-Notes 2020-2023 Secured,USD,USD,103.81,2021-03-12,.01,2021-03-15,250000,250000,USD,254595,USD,259525,,,,,,,,2020-01-13,2023-01-13,5.9,30/360,2,2020-07-13,USD,B+,USD,2540.28,,,,,,,,,,,,,,,,,,,,,,,,,,
,020,POS,"Stock Balance - Mar 15, 2021",lghths-sg,139630789,SAR,139630789,83663279.6000,83663279,83663279.6000,USD,USD,USG9328DAM23,ISIN,USG9328DAM23,Valor,35497009,SARA,000131036083,USG9328DAM23,Bond,GB/United Kingdom,6.375% Vedanta Resources Ltd Bonds 2017-2022 Global Reg-S,USD,USD,95.8,2021-03-15,.01,2021-03-15,200000,200000,USD,197922,USD,191600,,,,,,,,2017-01-30,2022-07-30,6.375,30E/360,2,2017-07-30,USD,CCC+,USD,1593.75,,,,,,,,,,,,,,,,,,,,,,,,,,
,020,POS,"Stock Balance - Mar 15, 2021",lghths-sg,134149308,SAR,134149308,83663279.6000,83663279,83663279.6000,USD,USD,US02079K1079,ISIN,US02079K1079,Valor,29798545,SARA,000126334673,US02079K1079,Share,US/United States of America,Alphabet Inc -C-,USD,USD,2066.49,2021-03-12,1,2021-03-15,100,100,USD,71569,USD,206649,,,,,,,,,,,,,,,,,,,,,,,,,,,,,,,,,,,,,,,,,,,
,020,POS,"Stock Balance - Mar 15, 2021",lghths-sg,134149314,SAR,134149314,83663279.6000,83663279,83663279.6000,USD,USD,USY57657AA90,ISIN,USY57657AA90,Valor,37153128,SARA,000132184737,USY57657AA90,Bond,SG/Singapore,5.3% Marble II Pte Ltd Bond 2017-2022,USD,USD,100.875,2021-03-12,.01,2021-03-15,400000,400000,USD,389880,USD,403500,,,,,,,,2017-06-20,2022-06-20,5.3,30E/360,2,2017-12-20,USD,BB,USD,5005.56,,,,,,,,,,,,,,,,,,,,,,,,,,
,020,POS,"Stock Balance - Mar 15, 2021",lghths-sg,134237583,SAR,134237583,83663279.6000,83663279,83663279.6000,USD,GBP,XD0018087144,ISIN,XD0018087144,Valor,1808714,SARA,000134228704,XD0018087144,Fund,KY/Cayman Islands,Synergy Multi-Strategy Fund Ltd (GBP) -B- Series 1 -In Liquidation-,GBP,GBP,0.00,2018-03-20,1,2021-03-15,265.256,265.256,,,,,,,,USD,0,,,,,,,,,,,,,,,,,,,,,,,,,,,,,,,,,,,,,,
,020,POS,"Stock Balance - Mar 15, 2021",lghths-sg,142024610,SAR,142024610,83663279.6000,83663279,83663279.6000,USD,USD,000142017024,,,,,,,,Option,US/United States of America,British American Tobacco PLC Put 19.03.2021 35 (BTI US),USD,USD,0.05,2021-03-12,100,2021-03-15,-50,-50,USD,-3786,USD,-250,,,,,,,,,,,,,,,,,,SARA,000142017024,100,35,2021-03-19,P,ISIN,US1104481072,British American Tobacco Plc -ADR-,Share,S,,,,,,,,,,,,,,,
,020,POS,"Stock Balance - Mar 15, 2021",lghths-sg,142243992,SAR,142243992,83663293.6000,83663293,83663293.6000,USD,USD,000142240743,,,,,,,,Option,US/United States of America,Microsoft Corp Put 16.04.2021 195 (MSFT US),USD,USD,0.71,2021-03-12,100,2021-03-15,-10,-10,USD,-5166,USD,-710,,,,,,,,,,,,,,,,,,SARA,000142240743,100,195,2021-04-16,P,ISIN,US5949181045,Microsoft Corp,Share,S,,,,,,,,,,,,,,,
,020,POS,"Stock Balance - Mar 15, 2021",lghths-sg,134149391,SAR,134149391,83663279.6000,83663279,83663279.6000,USD,USD,XS1492713505,ISIN,XS1492713505,Valor,33981821,SARA,000129991155,XS1492713505,Bond,00939,5.5% State Bank of India Contingent Convertible Floating Rate Notes 2016-Perpetual,USD,USD,101.425,2021-03-12,.01,2021-03-15,400000,400000,USD,399200,USD,405700,,,,,,,,2016-09-22,2021-09-22,5.5,30/360,2,2017-03-22,USD,B,USD,10572.22,,,,,,,,,,,,,,,,,,,,,,,,,,
,020,POS,"Stock Balance - Mar 15, 2021",lghths-sg,134149396,SAR,134149396,83663279.6000,83663279,83663279.6000,USD,USD,USF2893TAM83,ISIN,USF2893TAM83,Valor,23404521,SARA,000104422680,USF2893TAM83,Bond,FR/France,5.625% Electricit� de France EDF Notes 2014-Perpetual Reg-S Subordinated,USD,USD,106.96,2021-03-15,.01,2021-03-15,300000,300000,USD,318600,USD,320880,,,,,,,,2014-01-22,2046-06-17,5.625,30E/360,2,2014-07-22,USD,BB-,USD,2484.38,,,,,,,,,,,,,,,,,,,,,,,,,,
,020,POS,"Stock Balance - Mar 15, 2021",lghths-sg,134149419,SAR,134149419,83663279.6000,83663279,83663279.6000,USD,USD,XS1423722823,ISIN,XS1423722823,Valor,32942221,SARA,000129445087,XS1423722823,Bond,AU/Australia,5.875% QBE Insurance Group Ltd Contingent Convertible Floating Rate Emt-Notes 2016-2046,USD,USD,109.325,2021-03-12,.01,2021-03-15,300000,300000,USD,313500,USD,327975,,,,,,,,2016-06-17,2046-06-17,5.875,30/360,2,2016-12-17,USD,BBB-,USD,4308.33,,,,,,,,,,,,,,,,,,,,,,,,,,
,020,POS,"Stock Balance - Mar 15, 2021",lghths-sg,134237585,SAR,134237585,83663279.6000,83663279,83663279.6000,USD,USD,XD0018852000,ISIN,XD0018852000,Valor,1885200,SARA,000100560433,XD0018852000,Fund,KY/Cayman Islands,Synergy Fund Ltd -A- Series 8 -In Liquidation-,USD,USD,5.5805,2013-11-29,1,2021-03-15,200,200,USD,1116.1,USD,1116.1,,,,,,,,,,,,,,,,,,,,,,,,,,,,,,,,,,,,,,,,,,,
,020,POS,"Stock Balance - Mar 15, 2021",lghths-sg,134237591,SAR,134237591,83663279.6000,83663279,83663279.6000,USD,USD,KYG8646E2530,ISIN,KYG8646E2530,Valor,1319516,SARA,000134228769,KYG8646E2530,Fund,KY/Cayman Islands,Synergy Fund Ltd (USD) -A- Series 7 -In Liquidation-,USD,USD,0.00,2018-03-20,1,2021-03-15,200,200,,,,,,,,,,,,,,,,,,,,,,,,,,,,,,,,,,,,,,,,,,,,,,,
,020,POS,"Stock Balance - Mar 15, 2021",lghths-sg,134237613,SAR,134237613,83663279.6000,83663279,83663279.6000,USD,USD,IE00BCV7N601,ISIN,IE00BCV7N601,Valor,22073677,SARA,000101207493,IE00BCV7N601,Fund,IE/Ireland,PIMCO Funds Global Investors Series Plc- Diversified Income Duration Hedged (USD) -E- Capitalisation,USD,USD,12.22,2021-03-12,1,2021-03-15,0.001,0.001,USD,0.01,USD,0.01,,,,,,,,,,,,,,,,,,,,,,,,,,,,,,,,,,,,,,,,,,,
,020,POS,"Stock Balance - Mar 15, 2021",lghths-sg,134427962,SAR,134427962,83663279.6000,83663279,83663279.6000,USD,USD,XS1062931396,ISIN,XS1062931396,Valor,24364749,SARA,000117861202,XS1062931396,Bond,SG/Singapore,5.75% TML Holdings Pte Ltd Notes 2014-2021 Senior,USD,USD,100.531,2021-03-12,.01,2021-03-15,400000,400000,USD,404900,USD,402124,,,,,,,,2014-05-07,2021-05-07,5.75,30/360,2,2014-11-07,USD,,USD,8177.78,,,,,,,,,,,,,,,,,,,,,,,,,,
,020,POS,"Stock Balance - Mar 15, 2021",lghths-sg,134428056,SAR,134428056,83663279.6000,83663279,83663279.6000,USD,USD,XS1556165477,ISIN,XS1556165477,Valor,35513710,SARA,000131042001,XS1556165477,Bond,BM/Bermuda,5.25% China Water Affairs Group Ltd 2017-2022,USD,USD,101.335,2021-03-12,.01,2021-03-15,200000,200000,USD,202296,USD,202670,,,,,,,,2017-02-07,2022-02-07,5.25,30E/360,2,2017-08-07,USD,BB+,USD,1108.33,,,,,,,,,,,,,,,,,,,,,,,,,,
,020,POS,"Stock Balance - Mar 15, 2021",lghths-sg,135511815,SAR,135511815,83663279.6000,83663279,83663279.6000,USD,USD,XS1791728790,ISIN,XS1791728790,Valor,41516072,SARA,000134464876,XS1791728790,Bond,SG/Singapore,7.25% Global Prime Capital Pte Ltd Gtd.Bonds 2018-2021,USD,USD,100.375,2021-03-12,.01,2021-03-15,200000,200000,USD,200500,USD,200750,,,,,,,,2018-04-26,2021-04-26,7.25,30E/360,2,2018-10-26,USD,BB-,USD,5598.61,,,,,,,,,,,,,,,,,,,,,,,,,,
,020,POS,"Stock Balance - Mar 15, 2021",lghths-sg,137220345,SAR,137220345,83663279.6000,83663279,83663279.6000,USD,USD,XS1958658509,ISIN,XS1958658509,Valor,46710638,SARA,000136837239,XS1958658509,Bond,SG/Singapore,6% Jubilant Pharma Ltd Bonds 2019-2024 RegS,USD,USD,105.48,2021-03-12,.01,2021-03-15,400000,400000,USD,404800,USD,421920,,,,,,,,2019-03-05,2024-03-05,6.0,30E/360,2,2019-09-05,USD,BB-,USD,666.67,,,,,,,,,,,,,,,,,,,,,,,,,,
,020,POS,"Stock Balance - Mar 15, 2021",lghths-sg,137320270,SAR,137320270,83663279.6000,83663279,83663279.6000,USD,USD,XS1981202861,ISIN,XS1981202861,Valor,47429326,SARA,000137302060,XS1981202861,Bond,IN/India,5.95% JSW Steel Ltd Bonds 2019-2024 RegS,USD,USD,106.1,2021-03-12,.01,2021-03-15,200000,200000,USD,201080,USD,212200,,,,,,,,2019-04-18,2024-04-18,5.95,30/360,2,2019-10-18,USD,BB,USD,4859.17,,,,,,,,,,,,,,,,,,,,,,,,,,
,020,POS,"Stock Balance - Mar 15, 2021",lghths-sg,138136578,SAR,138136578,83663279.6000,83663279,83663279.6000,USD,SGD,SG1AA5000001,ISIN,SG1AA5000001,Valor,24766830,Bloomberg,FHT SP,SG1AA5000001,Share,SG/Singapore,Frasers Hospitality Trust REIT,SGD,SGD,0.525,2021-03-15,1,2021-03-15,382500,382500,SGD,270499.27,SGD,200812.5,,SARA,000123695896,USD,194183.26,USD,149169.44,,,,,,,,,,,,,,,,,,,,,,,,,,,,,,,,,,,,
,020,POS,"Stock Balance - Mar 15, 2021",lghths-sg,138958001,SAR,138958001,83663279.6000,83663279,83663279.6000,USD,USD,XS1753595328,ISIN,XS1753595328,Valor,40014007,SARA,000133765006,XS1753595328,Bond,SG/Singapore,5.45% Abja Investment Co Pte Ltd Notes 2018-2028 Reg-S,USD,USD,103.535,2021-03-12,.01,2021-03-15,300000,300000,USD,288975,USD,310605,,,,,,,,2018-01-24,2028-01-24,5.45,30/360,2,2018-07-24,USD,B+,USD,2316.25,,,,,,,,,,,,,,,,,,,,,,,,,,
