tkn,m2xmlReleaseNo,mvmtHdr.@mvmtTp,mvmtHdr.cmt,mvmtSrc.ctlr,mvmtSrc.ctlrMvmtRef,posSrc.extSys,posSrc.ref,hldPos.hldId.ptfl,hldPos.hldId.ctlrOwnr,hldPos.hldId.ctlrAcct,hldPos.hldId.ownrRefCcy,hldPos.hldId.ccy,hldPos.hldId.asst,hldPos.hldId.asstIDs.asstRef.0.@refType,hldPos.hldId.asstIDs.asstRef.0.#text,hldPos.hldId.asstIDs.asstRef.1.@refType,hldPos.hldId.asstIDs.asstRef.1.#text,hldPos.hldId.asstIDs.asstRef.2.@refType,hldPos.hldId.asstIDs.asstRef.2.#text,hldPos.hldId.asstIDs.asstRef.3.@refType,hldPos.hldId.asstIDs.asstRef.3.#text,hldPos.hldId.asstDetail.isin,hldPos.hldId.asstDetail.type,hldPos.hldId.asstDetail.cntry,hldPos.hldId.asstDetail.desc,hldPos.hldId.asstDetail.issueCcy,hldPos.hldId.asstDetail.latestPrc.@ccy,hldPos.hldId.asstDetail.latestPrc.#text,hldPos.hldId.asstDetail.latestPrcDate,hldPos.hldId.asstDetail.prcFactor,hldPos.effDt,hldPos.posnQty,hldPos.settQty,hldPos.posAmt.@ccy,hldPos.posAmt.#text,hldPos.srcMktValAmt.@ccy,hldPos.srcMktValAmt.#text,hldPos.vrfyInd,hldPos.hldId.asstIDs.asstRef.@refType,hldPos.hldId.asstIDs.asstRef.#text,hldPos.addInfo.@infoType,hldPos.addInfo.#text,hldPos.posAmtRefCcy.@ccy,hldPos.posAmtRefCcy.#text,hldPos.accrAmt.@ccy,hldPos.accrAmt.#text,hldPos.accrAmtRefCcy.@ccy,hldPos.accrAmtRefCcy.#text,hldPos.srcMktValAmtRefCcy.@ccy,hldPos.srcMktValAmtRefCcy.#text,hldPos.hldId.asstDetail.issueDate,hldPos.hldId.asstDetail.asstBondDetails.matDate,hldPos.hldId.asstDetail.asstBondDetails.intRate,hldPos.hldId.asstDetail.asstBondDetails.calcBasis,hldPos.hldId.asstDetail.asstBondDetails.intFreq,hldPos.hldId.asstDetail.asstBondDetails.intDate,hldPos.hldId.asstDetail.asstBondDetails.intCcy,hldPos.hldId.asstDetail.asstBondDetails.rating,hldPos.hldId.asstDetail.asstMnyMktDetails.mnyMktType,hldPos.hldId.asstDetail.asstMnyMktDetails.mnyMktTerm.@termType,hldPos.hldId.asstDetail.asstMnyMktDetails.mnyMktTerm.#text,hldPos.hldId.asstDetail.asstMnyMktDetails.mnyMktAmt.@ccy,hldPos.hldId.asstDetail.asstMnyMktDetails.mnyMktAmt.#text,hldPos.hldId.asstDetail.asstMnyMktDetails.intRate,hldPos.hldId.asstDetail.asstMnyMktDetails.mnyMktRef,hldPos.hldId.asstDetail.asstMnyMktDetails.mnyMktName,hldPos.hldId.asstDetail.asstMnyMktDetails.matDate,hldPos.hldId.asstDetail.asstMnyMktDetails.startDate,hldPos.hldId.asstDetail.asstDerivDetails.contractSize,hldPos.hldId.asstDetail.asstDerivDetails.strike,hldPos.hldId.asstDetail.asstDerivDetails.expDate,hldPos.hldId.asstDetail.asstDerivDetails.putCallInd,hldPos.hldId.asstDetail.asstDerivDetails.underlyingAsstIDs.asstRef.@refType,hldPos.hldId.asstDetail.asstDerivDetails.underlyingAsstIDs.asstRef.#text,hldPos.hldId.asstDetail.asstDerivDetails.underlyingAsstDesc,hldPos.hldId.asstDetail.asstDerivDetails.underlyingAsstType,hldPos.hldId.asstDetail.asstDerivDetails.longShortInd,hldPos.hldId.asstDetail.issueCcyExchRt
,020,POS,"Stock Balance - Jun 14, 2021",lghths-sg,140973259,SAR,140973259,83677193.6000,83677193,83677193.6000,USD,USD,US1729674242,ISIN,US1729674242,Valor,12915350,Bloomberg,C US,SARA,000028584584,US1729674242,Share,US/United States of America,Citigroup Inc,USD,USD,75.16,2021-06-11,1,2021-06-14,5000,5000,USD,266076.37,USD,375800,,,,,,,,,,,,,,,,,,,,,,,,,,,,,,,,,,,,,,,,,
,020,POS,"Stock Balance - Jun 14, 2021",lghths-sg,140973283,SAR,140973283,83677193.6000,83677193,83677193.6000,USD,USD,US0605051046,ISIN,US0605051046,Valor,748628,Bloomberg,BAC UN,SARA,000000418117,US0605051046,Share,US/United States of America,Bank of America Corp,USD,USD,41.36,2021-06-11,1,2021-06-14,10000,10000,USD,268430.14,USD,413600,,,,,,,,,,,,,,,,,,,,,,,,,,,,,,,,,,,,,,,,,
,020,POS,"Cash Balance - Jun 14, 2021",lghths-sg,125369911,SAR,125369911,81042621.6000,81042621,81042621.4000/USD/KK,USD,USD,USD,,,,,,,,,,Cash,,,,,,,,2021-06-14,,,USD,0,,,,CURRENCY,USD,portfolioID,81042621.6000,,,,,,,,,,,,,,,,,,,,,,,,,,,,,,,,,,,,
,020,POS,"Cash Balance - Jun 14, 2021",lghths-sg,133980399,SAR,133980399,83663279.6000,83663279,83663279.4000/USD/KK,USD,USD,USD,,,,,,,,,,Cash,,,,,,,,2021-06-14,,,USD,76056.55,,,,CURRENCY,USD,portfolioID,83663279.6000,,,,,,,,,,,,,,,,,,,,,,,,,,,,,,,,,,,,
,020,POS,"Cash Balance - Jun 14, 2021",lghths-sg,134173977,SAR,134173977,83663279.6000,83663279,83663279.4001/GBP/KK,USD,GBP,GBP,,,,,,,,,,Cash,,,,,,,,2021-06-14,,,GBP,0,,,,CURRENCY,GBP,portfolioID,83663279.6000,USD,0,,,,,,,,,,,,,,,,,,,,,,,,,,,,,,,,,,
,020,POS,"Cash Balance - Jun 14, 2021",lghths-sg,134270852,SAR,134270852,83663279.6000,83663279,83663279.4002/SGD/KK,USD,SGD,SGD,,,,,,,,,,Cash,,,,,,,,2021-06-14,,,SGD,1711.75,,,,CURRENCY,SGD,portfolioID,83663279.6000,USD,1290.62,,,,,,,,,,,,,,,,,,,,,,,,,,,,,,,,,,
,020,POS,"Cash Balance - Jun 14, 2021",lghths-sg,140493349,SAR,140493349,83663279.6000,83663279,83663279.4003/EUR/KK,USD,EUR,EUR,,,,,,,,,,Cash,,,,,,,,2021-06-14,,,EUR,3692.55,,,,CURRENCY,EUR,portfolioID,83663279.6000,USD,4476.98,EUR,-14.37,USD,-17.42,,,,,,,,,,,,,,,,,,,,,,,,,,,,,,
,020,POS,"Cash Balance - Jun 14, 2021",lghths-sg,140953859,SAR,140953859,83663279.6000,83663279,83663279.4004/HKD/KK,USD,HKD,HKD,,,,,,,,,,Cash,,,,,,,,2021-06-14,,,HKD,0,,,,CURRENCY,HKD,portfolioID,83663279.6000,USD,0,,,,,,,,,,,,,,,,,,,,,,,,,,,,,,,,,,
,020,POS,"Cash Balance - Jun 14, 2021",lghths-sg,133980435,SAR,133980435,83663293.6000,83663293,83663293.4000/USD/KK,USD,USD,USD,,,,,,,,,,Cash,,,,,,,,2021-06-14,,,USD,-6660.19,,,,CURRENCY,USD,portfolioID,83663293.6000,,,USD,-11.19,,,,,,,,,,,,,,,,,,,,,,,,,,,,,,,,
,020,POS,"Cash Balance - Jun 14, 2021",lghths-sg,134321779,SAR,134321779,83663293.6000,83663293,83663293.4001/GBP/KK,USD,GBP,GBP,,,,,,,,,,Cash,,,,,,,,2021-06-14,,,GBP,3248.08,,,,CURRENCY,GBP,portfolioID,83663293.6000,USD,4586.19,,,,,,,,,,,,,,,,,,,,,,,,,,,,,,,,,,
,020,POS,"Cash Balance - Jun 14, 2021",lghths-sg,134427611,SAR,134427611,83663293.6000,83663293,83663293.4002/SGD/KK,USD,SGD,SGD,,,,,,,,,,Cash,,,,,,,,2021-06-14,,,SGD,0,,,,CURRENCY,SGD,portfolioID,83663293.6000,USD,0,,,,,,,,,,,,,,,,,,,,,,,,,,,,,,,,,,
,020,POS,"Cash Balance - Jun 14, 2021",lghths-sg,134655209,SAR,134655209,83663293.6000,83663293,83663293.4003/EUR/KK,USD,EUR,EUR,,,,,,,,,,Cash,,,,,,,,2021-06-14,,,EUR,0,,,,CURRENCY,EUR,portfolioID,83663293.6000,USD,0,,,,,,,,,,,,,,,,,,,,,,,,,,,,,,,,,,
,020,POS,"Stock Balance - Jun 14, 2021",lghths-sg,140139223,SAR,140139223,83677193.6000,83677193,83677193.6000,USD,HKD,KYG3777B1032,ISIN,KYG3777B1032,Valor,1812980,Bloomberg,175 HK,SARA,000024785919,KYG3777B1032,Share,KY/Cayman Islands,Geely Automobile Holdings Ltd,HKD,HKD,22.05,2021-06-11,1,2021-06-14,19550,19550,HKD,228735,HKD,431077.5,,,,,,USD,29510.21,,,,,USD,55534.36,,,,,,,,,,,,,,,,,,,,,,,,,,,,
,020,POS,"Stock Balance - Jun 14, 2021",lghths-sg,134149308,SAR,134149308,83663279.6000,83663279,83663279.6000,USD,USD,US02079K1079,ISIN,US02079K1079,Valor,29798545,SARA,000126334673,,,US02079K1079,Share,US/United States of America,Alphabet Inc -C-,USD,USD,2527.04,2021-06-11,1,2021-06-14,100,100,USD,71569,USD,252704,,,,,,,,,,,,,,,,,,,,,,,,,,,,,,,,,,,,,,,,,
,020,POS,"Stock Balance - Jun 14, 2021",lghths-sg,134149314,SAR,134149314,83663279.6000,83663279,83663279.6000,USD,USD,USY57657AA90,ISIN,USY57657AA90,Valor,37153128,SARA,000132184737,,,USY57657AA90,Bond,SG/Singapore,5.3% Marble II Pte Ltd Bond 2017-2022,USD,USD,100.515,2021-06-11,.01,2021-06-14,400000,400000,USD,389880,USD,402060,,,,,,,,USD,10246.67,,,,,2017-06-20,2022-06-20,5.3,30E/360,2,2017-12-20,USD,BB,,,,,,,,,,,,,,,,,,,,
,020,POS,"Stock Balance - Jun 14, 2021",lghths-sg,134149391,SAR,134149391,83663279.6000,83663279,83663279.6000,USD,USD,XS1492713505,ISIN,XS1492713505,Valor,33981821,SARA,000129991155,,,XS1492713505,Bond,00939,5.5% State Bank of India Contingent Convertible Floating Rate Notes 2016-Perpetual,USD,USD,100.805,2021-06-11,.01,2021-06-14,600000,600000,USD,602226.95,USD,604830,,,,,,,,USD,7516.67,,,,,2016-09-22,4712-12-31,5.5,30/360,2,2017-03-22,USD,B,,,,,,,,,,,,,,,,,,,,
,020,POS,"Stock Balance - Jun 14, 2021",lghths-sg,134149396,SAR,134149396,83663279.6000,83663279,83663279.6000,USD,USD,USF2893TAM83,ISIN,USF2893TAM83,Valor,23404521,SARA,000104422680,,,USF2893TAM83,Bond,FR/France,5.625% Electricit� de France EDF Notes 2014-Perpetual Reg-S Subordinated,USD,USD,107.865,2021-06-14,.01,2021-06-14,300000,300000,USD,318600,USD,323595,,,,,,,,USD,6656.25,,,,,2014-01-22,4712-12-31,5.625,30E/360,2,2014-07-22,USD,BB-,,,,,,,,,,,,,,,,,,,,
,020,POS,"Stock Balance - Jun 14, 2021",lghths-sg,134149419,SAR,134149419,83663279.6000,83663279,83663279.6000,USD,USD,XS1423722823,ISIN,XS1423722823,Valor,32942221,SARA,000129445087,,,XS1423722823,Bond,AU/Australia,5.875% QBE Insurance Group Ltd Contingent Convertible Floating Rate Emt-Notes 2016-2046,USD,USD,111.095,2021-06-11,.01,2021-06-14,300000,300000,USD,313500,USD,333285,,,,,,,,USD,8665.63,,,,,2016-06-17,2046-06-17,5.875,30/360,2,2016-12-17,USD,BBB-,,,,,,,,,,,,,,,,,,,,
,020,POS,"Stock Balance - Jun 14, 2021",lghths-sg,134237583,SAR,134237583,83663279.6000,83663279,83663279.6000,USD,GBP,XD0018087144,ISIN,XD0018087144,Valor,1808714,SARA,000134228704,,,XD0018087144,Fund,KY/Cayman Islands,Synergy Multi-Strategy Fund Ltd (GBP) -B- Series 1 -In Liquidation-,GBP,GBP,0.00,2018-03-20,1,2021-06-14,265.256,265.256,,,,,,,,,,USD,0,,,,,,,,,,,,,,,,,,,,,,,,,,,,,,,,,,
,020,POS,"Stock Balance - Jun 14, 2021",lghths-sg,134237585,SAR,134237585,83663279.6000,83663279,83663279.6000,USD,USD,XD0018852000,ISIN,XD0018852000,Valor,1885200,SARA,000100560433,,,XD0018852000,Fund,KY/Cayman Islands,Synergy Fund Ltd -A- Series 8 -In Liquidation-,USD,USD,5.5805,2013-11-29,1,2021-06-14,200,200,USD,1116.1,USD,1116.1,,,,,,,,,,,,,,,,,,,,,,,,,,,,,,,,,,,,,,,,,
,020,POS,"Stock Balance - Jun 14, 2021",lghths-sg,143067709,SAR,143067709,83663293.6000,83663293,83663293.6000,USD,USD,XS2272214458,ISIN,XS2272214458,Valor,58823075,SARA,000141927463,,,XS2272214458,Bond,KY/Cayman Islands,4.85% Logan Group Co Ltd Notes 2020-2026,USD,USD,101.095,2021-06-11,.01,2021-06-14,200000,200000,USD,202999.63,USD,202190,,,,,,,,USD,4850,,,,,2020-12-14,2026-12-14,4.85,30E/360,2,2021-06-14,USD,BB-,,,,,,,,,,,,,,,,,,,,
,020,POS,"Cash Balance - Jun 14, 2021",lghths-sg,140351749,SAR,140351749,83663293.6000,83663293,83663293.4005/HKD/KK,USD,HKD,HKD,,,,,,,,,,Cash,,,,,,,,2021-06-14,,,HKD,0,,,,CURRENCY,HKD,portfolioID,83663293.6000,USD,0,,,,,,,,,,,,,,,,,,,,,,,,,,,,,,,,,,
,020,POS,"Cash Balance - Jun 14, 2021",lghths-sg,141694029,SAR,141694029,83663293.6000,83663293,83663293.4006/CHF/KK,USD,CHF,CHF,,,,,,,,,,Cash,,,,,,,,2021-06-14,,,CHF,0,,,,CURRENCY,CHF,portfolioID,83663293.6000,USD,0,,,,,,,,,,,,,,,,,,,,,,,,,,,,,,,,,,
,020,POS,"Cash Balance - Jun 14, 2021",lghths-sg,134787523,SAR,134787523,83667931.6000,83667931,83667931.4000/USD/KK,USD,USD,USD,,,,,,,,,,Cash,,,,,,,,2021-06-14,,,USD,0,,,,CURRENCY,USD,portfolioID,83667931.6000,,,,,,,,,,,,,,,,,,,,,,,,,,,,,,,,,,,,
,020,POS,"Cash Balance - Jun 14, 2021",lghths-sg,135356352,SAR,135356352,83667931.6000,83667931,83667931.4001/GBP/KK,USD,GBP,GBP,,,,,,,,,,Cash,,,,,,,,2021-06-14,,,GBP,69316.84,,,,CURRENCY,GBP,portfolioID,83667931.6000,USD,97873.16,,,,,,,,,,,,,,,,,,,,,,,,,,,,,,,,,,
,020,POS,"Cash Balance - Jun 14, 2021",lghths-sg,135910790,SAR,135910790,83667931.6000,83667931,83667931.4002/EUR/KK,USD,EUR,EUR,,,,,,,,,,Cash,,,,,,,,2021-06-14,,,EUR,0,,,,CURRENCY,EUR,portfolioID,83667931.6000,USD,0,,,,,,,,,,,,,,,,,,,,,,,,,,,,,,,,,,
,020,POS,"Cash Balance - Jun 14, 2021",lghths-sg,140258097,SAR,140258097,83667931.6000,83667931,83667931.4003/SGD/KK,USD,SGD,SGD,,,,,,,,,,Cash,,,,,,,,2021-06-14,,,SGD,1280.45,,,,CURRENCY,SGD,portfolioID,83667931.6000,USD,965.43,,,,,,,,,,,,,,,,,,,,,,,,,,,,,,,,,,
,020,POS,"Cash Balance - Jun 14, 2021",lghths-sg,140996046,SAR,140996046,83667931.6000,83667931,83667931.4004/MYR/KK,USD,MYR,MYR,,,,,,,,,,Cash,,,,,,,,2021-06-14,,,MYR,0,,,,CURRENCY,MYR,portfolioID,83667931.6000,USD,0,,,,,,,,,,,,,,,,,,,,,,,,,,,,,,,,,,
,020,POS,"Cash Balance - Jun 14, 2021",lghths-sg,140996118,SAR,140996118,83667931.6000,83667931,83667931.4005/XAU/METALL,USD,XAU,XAU,,,,,,,,,,Cash,,,,,,,,2021-06-14,,,XAU,8,,,,CURRENCY,XAU,portfolioID,83667931.6000,USD,14932.44,,,,,,,,,,,,,,,,,,,,,,,,,,,,,,,,,,
,020,POS,"Cash Balance - Jun 14, 2021",lghths-sg,139090240,SAR,139090240,83676187.6000,83676187,83676187.4000/USD/KK,USD,USD,USD,,,,,,,,,,Cash,,,,,,,,2021-06-14,,,USD,78938.31,,,,CURRENCY,USD,portfolioID,83676187.6000,,,,,,,,,,,,,,,,,,,,,,,,,,,,,,,,,,,,
,020,POS,"Cash Balance - Jun 14, 2021",lghths-sg,139983859,SAR,139983859,83676187.6000,83676187,83676187.4001/GBP/KK,USD,GBP,GBP,,,,,,,,,,Cash,,,,,,,,2021-06-14,,,GBP,0,,,,CURRENCY,GBP,portfolioID,83676187.6000,USD,0,,,,,,,,,,,,,,,,,,,,,,,,,,,,,,,,,,
,020,POS,"Cash Balance - Jun 14, 2021",lghths-sg,140065110,SAR,140065110,83677193.6000,83677193,83677193.4000/USD/KK,USD,USD,USD,,,,,,,,,,Cash,,,,,,,,2021-06-14,,,USD,7231.49,,,,CURRENCY,USD,portfolioID,83677193.6000,,,,,,,,,,,,,,,,,,,,,,,,,,,,,,,,,,,,
,020,POS,"Cash Balance - Jun 14, 2021",lghths-sg,140249746,SAR,140249746,83677193.6000,83677193,83677193.4001/EUR/KK,USD,EUR,EUR,,,,,,,,,,Cash,,,,,,,,2021-06-14,,,EUR,390.68,,,,CURRENCY,EUR,portfolioID,83677193.6000,USD,473.67,EUR,-0.08,USD,-0.1,,,,,,,,,,,,,,,,,,,,,,,,,,,,,,
,020,POS,"Cash Balance - Jun 14, 2021",lghths-sg,140257966,SAR,140257966,83677193.6000,83677193,83677193.4002/HKD/KK,USD,HKD,HKD,,,,,,,,,,Cash,,,,,,,,2021-06-14,,,HKD,12317.74,,,,CURRENCY,HKD,portfolioID,83677193.6000,USD,1586.86,,,,,,,,,,,,,,,,,,,,,,,,,,,,,,,,,,
,020,POS,"Loan Balance - Jun 14, 2021",lghths-sg,143697407,SAR,143697407,83663279.6000,83663279,83663279,USD,GBP,GBP,,,,,,,,,,MoneyMarket,,GBP Fixed Loan,,,,,,2021-06-14,,,GBP,-1771685.22,,,,CURRENCY,GBP,portfolioID,83663279.6000,USD,-2501562.84,GBP,-129.96,USD,-183.5,,,,,,,,,,,Loan,Fixed,2021-06-18,GBP,-1771685.22,0.8925,143697407,s/t Fixed Advance Fix GBP 0.8925% 11.06.2021-18.,2021-06-18,2021-06-11,,,,,,,,,,
,020,POS,"Loan Balance - Jun 14, 2021",lghths-sg,143697378,SAR,143697378,83663293.6000,83663293,83663293,USD,GBP,GBP,,,,,,,,,,MoneyMarket,,GBP Fixed Loan,,,,,,2021-06-14,,,GBP,-217068.13,,,,CURRENCY,GBP,portfolioID,83663293.6000,USD,-306493.25,GBP,-15.92,USD,-22.48,,,,,,,,,,,Loan,Fixed,2021-06-18,GBP,-217068.13,0.8925,143697378,s/t Fixed Advance Fix GBP 0.8925% 11.06.2021-18.,2021-06-18,2021-06-11,,,,,,,,,,
,020,POS,"Loan Balance - Jun 14, 2021",lghths-sg,143697386,SAR,143697386,83663293.6000,83663293,83663293,USD,HKD,HKD,,,,,,,,,,MoneyMarket,,HKD Fixed Loan,,,,,,2021-06-14,,,HKD,-1485331.61,,,,CURRENCY,HKD,portfolioID,83663293.6000,USD,-191350.62,HKD,-167.25,USD,-21.55,,,,,,,,,,,Loan,Fixed,2021-06-18,HKD,-1485331.61,1.37,143697386,s/t Fixed Advance Fix HKD 1.37% 11.06.2021-18.06,2021-06-18,2021-06-11,,,,,,,,,,
,020,POS,"Loan Balance - Jun 14, 2021",lghths-sg,143697395,SAR,143697395,83663293.6000,83663293,83663293,USD,EUR,EUR,,,,,,,,,,MoneyMarket,,EUR Fixed Loan,,,,,,2021-06-14,,,EUR,-278792.38,,,,CURRENCY,EUR,portfolioID,83663293.6000,USD,-338017.64,EUR,-15.1,USD,-18.31,,,,,,,,,,,Loan,Fixed,2021-06-18,EUR,-278792.38,0.65,143697395,s/t Fixed Advance Fix EUR 0.65% 11.06.2021-18.06,2021-06-18,2021-06-11,,,,,,,,,,
,020,POS,"Loan Balance - Jun 14, 2021",lghths-sg,143697397,SAR,143697397,83663293.6000,83663293,83663293,USD,USD,USD,,,,,,,,,,MoneyMarket,,USD Fixed Loan,,,,,,2021-06-14,,,USD,-374548.8,,,,CURRENCY,USD,portfolioID,83663293.6000,,,USD,-28.5,,,,,,,,,,,,,Loan,Fixed,2021-06-18,USD,-374548.8,0.91313,143697397,s/t Fixed Advance Fix USD 0.91313% 11.06.2021-18,2021-06-18,2021-06-11,,,,,,,,,,
,020,POS,"Loan Balance - Jun 14, 2021",lghths-sg,141444043,SAR,141444043,83667931.6000,83667931,83667931,USD,EUR,EUR,,,,,,,,,,MoneyMarket,,EUR Fixed Loan,,,,,,2021-06-14,,,EUR,-100050.8,,,,CURRENCY,EUR,portfolioID,83667931.6000,USD,-121305.09,EUR,-607.81,USD,-736.93,,,,,,,,,,,Loan,Fixed,2021-07-14,EUR,-100050.8,0.9,141444043,s/t Fixed Advance Fix EUR 0.9% 14.10.2020-14.07.,2021-07-14,2020-10-14,,,,,,,,,,
,020,POS,"Loan Balance - Jun 14, 2021",lghths-sg,143708181,SAR,143708181,83667931.6000,83667931,83667931,USD,USD,USD,,,,,,,,,,MoneyMarket,,USD Fixed Loan,,,,,,2021-06-14,,,USD,-334359.93,,,,CURRENCY,USD,portfolioID,83667931.6000,,,,,,,,,,,,,,,,,Loan,Fixed,2021-06-22,USD,-334359.93,1.15788,143708181,s/t Fixed Advance Fix USD 1.15788% 15.06.2021-22,2021-06-22,2021-06-15,,,,,,,,,,
,020,POS,"Loan Balance - Jun 14, 2021",lghths-sg,143707511,SAR,143707511,83676187.6000,83676187,83676187,USD,GBP,GBP,,,,,,,,,,MoneyMarket,,GBP Fixed Loan,,,,,,2021-06-14,,,GBP,-199743.66,,,,CURRENCY,GBP,portfolioID,83676187.6000,USD,-282031.66,,,,,,,,,,,,,,,Loan,Fixed,2021-07-14,GBP,-199743.66,1.002,143707511,s/t Fixed Advance Fix GBP 1.002% 14.06.2021-14.0,2021-07-14,2021-06-14,,,,,,,,,,
,020,POS,"Loan Balance - Jun 14, 2021",lghths-sg,143480371,SAR,143480371,83677193.6000,83677193,83677193,USD,USD,USD,,,,,,,,,,MoneyMarket,,USD Fixed Loan,,,,,,2021-06-14,,,USD,-719771.65,,,,CURRENCY,USD,portfolioID,83677193.6000,,,USD,-223.93,,,,,,,,,,,,,Loan,Fixed,2021-06-17,USD,-719771.65,0.4,143480371,s/t Fixed Advance Fix USD 0.4% 17.05.2021-17.06.,2021-06-17,2021-05-17,,,,,,,,,,
,020,POS,"Stock Balance - Jun 14, 2021",lghths-sg,142520517,SAR,142520517,83663279.6000,83663279,83663279.6000,USD,USD,US1104481072,ISIN,US1104481072,Valor,949872,SARA,000026925972,,,US1104481072,Share,GB/United Kingdom,British American Tobacco Plc -ADR-,USD,USD,40.24,2021-06-11,1,2021-06-14,4000,4000,USD,149478.79,USD,160960,,,,,,,,,,,,,,,,,,,,,,,,,,,,,,,,,,,,,,,,,
,020,POS,"Stock Balance - Jun 14, 2021",lghths-sg,142651277,SAR,142651277,83663279.6000,83663279,83663279.6000,USD,USD,XS2213954766,ISIN,XS2213954766,Valor,56387933,SARA,000140909913,,,XS2213954766,Bond,KY/Cayman Islands,6.25% Powerlong Real Estate Holdings Ltd Bonds 2020-2024 Secured,USD,USD,104.22,2021-06-11,.01,2021-06-14,200000,200000,USD,208456.97,USD,208440,,,,,,,,USD,4305.56,,,,,2020-08-10,2024-08-10,6.25,30/360,2,2021-02-10,USD,B+,,,,,,,,,,,,,,,,,,,,
,020,POS,"Stock Balance - Jun 14, 2021",lghths-sg,142666878,SAR,142666878,83663279.6000,83663279,83663279.6000,USD,USD,US02079K3059,ISIN,US02079K3059,Valor,29798540,SARA,000126331383,,,US02079K3059,Share,US/United States of America,Alphabet Inc -A-,USD,USD,2448.91,2021-06-11,1,2021-06-14,200,200,USD,422126.18,USD,489782,,,,,,,,,,,,,,,,,,,,,,,,,,,,,,,,,,,,,,,,,
,020,POS,"Stock Balance - Jun 14, 2021",lghths-sg,142702909,SAR,142702909,83663279.6000,83663279,83663279.6000,USD,USD,000142695806,,,,,,,,,,Hybrid,,FX Accumulator on GBP/USD 2x Leveraged  Buy GBP / Sell USD at 1.3535 KO:1.45 Period: 22.FEB.21 - 24.FEB.22  12 Fixings One Guaranteed Period,USD,USD,0.00444472,2021-06-14,1,2021-06-14,750600,750600,,,USD,3336.21,,SARA,000142695806,,,,,,,,,,,,,,,,,,,,,,,,,,,,,,,,,,,,,,
,020,POS,"Stock Balance - Jun 14, 2021",lghths-sg,142770063,SAR,142770063,83663279.6000,83663279,83663279.6000,USD,USD,LU1514167219,ISIN,LU1514167219,Valor,34540233,SARA,000132419171,,,LU1514167219,Fund,LU/Luxembourg,Schroder International Selection  Fund Sicav-Global Credit Income (USD) -C- Distribution,USD,USD,106.4955,2021-06-14,1,2021-06-14,3762.26,3762.26,USD,401737.47,USD,400663.76,,,,,,,,,,,,,,,,,,,,,,,,,,,,,,,,,,,,,,,,,
,020,POS,"Stock Balance - Jun 14, 2021",lghths-sg,142983482,SAR,142983482,83663279.6000,83663279,83663279.6000,USD,USD,000142978144,,,,,,,,,,Option,US/United States of America,British American Tobacco PLC Call 18.06.2021 45 (BTI US),USD,USD,0.05,2021-06-07,100,2021-06-14,-40,-40,USD,-622,USD,-200,,SARA,000142978144,,,,,,,,,,,,,,,,,,,,,,,,,,,,,100,45,2021-06-18,C,ISIN,US1104481072,British American Tobacco Plc -ADR-,Share,S,
,020,POS,"Stock Balance - Jun 14, 2021",lghths-sg,143066702,SAR,143066702,83663279.6000,83663279,83663279.6000,USD,HKD,000143060631,,,,,,,,,,Option,HK/Hong Kong,China Mobile Ltd Call 29.06.2021 60 (941 HK) XHKF,HKD,HKD,0.03,2021-06-11,500,2021-06-14,-68,-68,HKD,-14936.29,HKD,-1020,,SARA,000143060631,,,USD,-6771.3,,,,,USD,-131.4,,,,,,,,,,,,,,,,,,,500,60,2021-06-29,C,ISIN,HK0941009539,China Mobile Ltd,Share,S,
,020,POS,"Stock Balance - Jun 14, 2021",lghths-sg,143067704,SAR,143067704,83663279.6000,83663279,83663279.6000,USD,USD,XS2272214458,ISIN,XS2272214458,Valor,58823075,SARA,000141927463,,,XS2272214458,Bond,KY/Cayman Islands,4.85% Logan Group Co Ltd Notes 2020-2026,USD,USD,101.095,2021-06-11,.01,2021-06-14,200000,200000,USD,202999.63,USD,202190,,,,,,,,USD,4850,,,,,2020-12-14,2026-12-14,4.85,30E/360,2,2021-06-14,USD,BB-,,,,,,,,,,,,,,,,,,,,
,020,POS,"Stock Balance - Jun 14, 2021",lghths-sg,143154134,SAR,143154134,83663279.6000,83663279,83663279.6000,USD,USD,CH1108195541,ISIN,CH1108195541,Valor,110819554,SARA,000143144744,,,CH1108195541,Bond,00939,8% Vontobel Financial Products Ltd Facebook Inc -A- STR 262.4158 Microsoft Corp STR 216.3071 Autocallable Fixed Coupon Notes 27.10.2021 Repayment cash or physical,USD,USD,99.3,2021-06-11,.01,2021-06-14,250000,250000,USD,250000,USD,248250,,,,,,,,,,,,,,2021-04-27,2021-10-29,0.2421,,12,2021-06-01,USD,,,,,,,,,,,,,,,,,,,,,
,020,POS,"Stock Balance - Jun 14, 2021",lghths-sg,143242706,SAR,143242706,83663279.6000,83663279,83663279.6000,USD,USD,QT1104883389,ISIN,QT1104883389,Valor,110488338,SARA,000142922383,,,QT1104883389,Fund,SG/Singapore,LC Multi Strategy Fund SG VCC-SF1 (USD) -E- Brevan Howard,USD,USD,100.0,2020-12-31,1,2021-06-14,1500,1500,USD,150802.5,USD,150000,,,,,,,,,,,,,,,,,,,,,,,,,,,,,,,,,,,,,,,,,
,020,POS,"Stock Balance - Jun 14, 2021",lghths-sg,143374729,SAR,143374729,83663279.6000,83663279,83663279.6000,USD,USD,000143125565,,,,,,,,,,Option,US/United States of America,Facebook Inc Put 16.07.2021 280 (FB US),USD,USD,0.62,2021-06-11,100,2021-06-14,-7,-7,USD,-1886,USD,-434,,SARA,000143125565,,,,,,,,,,,,,,,,,,,,,,,,,,,,,100,280,2021-07-16,P,ISIN,US30303M1027,Facebook Inc -A-,Share,S,
,020,POS,"Stock Balance - Jun 14, 2021",lghths-sg,143374763,SAR,143374763,83663279.6000,83663279,83663279.6000,USD,USD,000143370565,,,,,,,,,,Option,US/United States of America,Altria Group Inc Put 18.06.2021 40 (MO US),USD,USD,0.03,2021-06-11,100,2021-06-14,-50,-50,USD,-786,USD,-150,,SARA,000143370565,,,,,,,,,,,,,,,,,,,,,,,,,,,,,100,40,2021-06-18,P,ISIN,US02209S1033,Altria Group Inc,Share,S,
,020,POS,"Stock Balance - Jun 14, 2021",lghths-sg,143374836,SAR,143374836,83663279.6000,83663279,83663279.6000,USD,USD,XS2322976890,ISIN,XS2322976890,Valor,111442822,SARA,000143369163,,,XS2322976890,Share,GB/United Kingdom,9.9996% Morgan Stanley & Co International Plc Vipshop Holdings Ltd -ADR- (0.2 Shs) Etsy Inc Equity Linked Notes 17.11.2021 Repayment cash or physical,USD,USD,93.37,2021-06-11,.01,2021-06-14,200000,200000,USD,200000,USD,186740,,,,,,,,,,,,,,2021-05-17,,,,,,,,,,,,,,,,,,,,,,,,,,,
,020,POS,"Stock Balance - Jun 14, 2021",lghths-sg,143377501,SAR,143377501,83663279.6000,83663279,83663279.6000,USD,USD,000143370585,,,,,,,,,,Option,US/United States of America,British American Tobacco PLC Put 18.06.2021 35 (BTI US),USD,USD,0.02,2021-06-11,100,2021-06-14,-1,-1,USD,-40,USD,-2,,SARA,000143370585,,,,,,,,,,,,,,,,,,,,,,,,,,,,,100,35,2021-06-18,P,ISIN,US1104481072,British American Tobacco Plc -ADR-,Share,S,
,020,POS,"Stock Balance - Jun 14, 2021",lghths-sg,143477994,SAR,143477994,83663279.6000,83663279,83663279.6000,USD,USD,000143473842,,,,,,,,,,Option,US/United States of America,British American Tobacco PLC Put 20.08.2021 35 (BTI US),USD,USD,0.3,2021-06-11,100,2021-06-14,-40,-40,USD,-2226,USD,-1200,,SARA,000143473842,,,,,,,,,,,,,,,,,,,,,,,,,,,,,100,35,2021-08-20,P,ISIN,US1104481072,British American Tobacco Plc -ADR-,Share,S,
,020,POS,"Stock Balance - Jun 14, 2021",lghths-sg,143512908,SAR,143512908,83663279.6000,83663279,83663279.6000,USD,USD,000143507757,,,,,,,,,,Option,US/United States of America,Alphabet Inc Call 16.07.2021 2600 (GOOGL US),USD,USD,8.95,2021-06-11,100,2021-06-14,-2,-2,USD,-1086,USD,-1790,,SARA,000143507757,,,,,,,,,,,,,,,,,,,,,,,,,,,,,100,2600,2021-07-16,C,ISIN,US02079K3059,Alphabet Inc -A-,Share,S,
,020,POS,"Stock Balance - Jun 14, 2021",lghths-sg,143527047,SAR,143527047,83663279.6000,83663279,83663279.6000,USD,USD,000143507763,,,,,,,,,,Option,US/United States of America,Alphabet Inc Call 16.07.2021 2600 (GOOG US),USD,USD,25.25,2021-06-11,100,2021-06-14,-1,-1,USD,-1033,USD,-2525,,SARA,000143507763,,,,,,,,,,,,,,,,,,,,,,,,,,,,,100,2600,2021-07-16,C,ISIN,US02079K1079,Alphabet Inc -C-,Share,S,
,020,POS,"Stock Balance - Jun 14, 2021",lghths-sg,143538948,SAR,143538948,83663279.6000,83663279,83663279.6000,USD,HKD,000143533638,,,,,,,,,,Option,HK/Hong Kong,China Mobile Ltd Call 29.07.2021 55 (941 HK) XHKF,HKD,HKD,0.24,2021-06-11,500,2021-06-14,-40,-40,HKD,-8338.26,HKD,-4800,,SARA,000143533638,,,USD,-1074.06,,,,,USD,-618.37,,,,,,,,,,,,,,,,,,,500,55,2021-07-29,C,ISIN,HK0941009539,China Mobile Ltd,Share,S,
,020,POS,"Stock Balance - Jun 14, 2021",lghths-sg,143704505,SAR,143704505,83663279.6000,83663279,83663279.6000,USD,EUR,CH1117604863,ISIN,CH1117604863,Valor,111760486,SARA,000143695193,,,CH1117604863,Bond,00939,8% Vontobel Financial Products Ltd BMW/ORA Reverse Conv. 27.12.2021 Repayment cash or physical,EUR,EUR,98.7,2021-05-26,.01,2021-06-14,250000,250000,EUR,250000,EUR,246750,,,,,,USD,297639.75,,,,,USD,299168.34,2021-06-24,2021-12-29,0.0,,12,2021-06-24,EUR,,,,,,,,,,,,,,,,,,,,,
,020,POS,"Stock Balance - Jun 14, 2021",lghths-sg,134237653,SAR,134237653,83663293.6000,83663293,83663293.6000,USD,GBP,XS1025866119,ISIN,XS1025866119,Valor,23581404,SARA,000106548682,,,XS1025866119,Bond,GB/United Kingdom,5% Jaguar Land Rover Automotive Plc Notes 2014-2022 Senior Reg-S,GBP,GBP,102.405,2021-06-11,.01,2021-06-14,300000,300000,GBP,295890,GBP,307215,,,,,,USD,413456.62,GBP,4958.33,USD,7001,USD,433777.75,2014-01-31,2022-02-15,5.0,30/360,2,2014-08-15,GBP,B,,,,,,,,,,,,,,,,,,,,
,020,POS,"Stock Balance - Jun 14, 2021",lghths-sg,134441083,SAR,134441083,83663293.6000,83663293,83663293.6000,USD,USD,USG5002FAM89,ISIN,USG5002FAM89,Valor,38586376,SARA,000133049915,,,USG5002FAM89,Bond,GB/United Kingdom,4.5% Jaguar Land Rover Automotive Plc Gtd.Notes 2017-2027 RegS,USD,USD,97.635,2021-06-14,.01,2021-06-14,200000,200000,USD,192516.95,USD,195270,,,,,,,,USD,1825,,,,,2017-10-10,2027-10-01,4.5,30E/360,2,2018-04-01,USD,B,,,,,,,,,,,,,,,,,,,,
,020,POS,"Stock Balance - Jun 14, 2021",lghths-sg,134575255,SAR,134575255,83663293.6000,83663293,83663293.6000,USD,USD,USG84228CQ91,ISIN,USG84228CQ91,Valor,33623693,SARA,000129796997,,,USG84228CQ91,Bond,GB/United Kingdom,7.5% Standard Chartered Plc Contingent Convertible  Floating Rate Notes 2016-Perpetual Reg-S Subordinated,USD,USD,104.61,2021-06-14,.01,2021-06-14,200000,200000,USD,211500,USD,209220,,,,,,,,USD,3000,,,,,2016-08-18,4712-12-31,7.5,30E/360,2,2017-04-02,USD,BB-,,,,,,,,,,,,,,,,,,,,
,020,POS,"Stock Balance - Jun 14, 2021",lghths-sg,135200533,SAR,135200533,83663293.6000,83663293,83663293.6000,USD,USD,US30303M1027,ISIN,US30303M1027,Valor,14917609,Bloomberg,FB US,SARA,000031299007,US30303M1027,Share,US/United States of America,Facebook Inc -A-,USD,USD,336.77,2021-06-11,1,2021-06-14,51,51,USD,13475.35,USD,17175.27,,,,,,,,,,,,,,,,,,,,,,,,,,,,,,,,,,,,,,,,,
,020,POS,"Stock Balance - Jun 14, 2021",lghths-sg,135453748,SAR,135453748,83663293.6000,83663293,83663293.6000,USD,USD,XS1492713505,ISIN,XS1492713505,Valor,33981821,SARA,000129991155,,,XS1492713505,Bond,00939,5.5% State Bank of India Contingent Convertible Floating Rate Notes 2016-Perpetual,USD,USD,100.805,2021-06-11,.01,2021-06-14,300000,300000,USD,303750,USD,302415,,,,,,,,USD,3758.33,,,,,2016-09-22,4712-12-31,5.5,30/360,2,2017-03-22,USD,B,,,,,,,,,,,,,,,,,,,,
,020,POS,"Stock Balance - Jun 14, 2021",lghths-sg,138228040,SAR,138228040,83663293.6000,83663293,83663293.6000,USD,USD,XS2016070190,ISIN,XS2016070190,Valor,49093025,SARA,000138038641,,,XS2016070190,Bond,BM/Bermuda,5.5% China Oil and Gas Group Ltd Bonds 2019-2023,USD,USD,102.795,2021-06-11,.01,2021-06-14,200000,200000,USD,202880,USD,205590,,,,,,,,USD,4247.22,,,,,2019-07-25,2023-01-25,5.5,30/360,2,2020-01-25,USD,BB,,,,,,,,,,,,,,,,,,,,
,020,POS,"Stock Balance - Jun 14, 2021",lghths-sg,139165524,SAR,139165524,83663293.6000,83663293,83663293.6000,USD,USD,XS1753595328,ISIN,XS1753595328,Valor,40014007,SARA,000133765006,,,XS1753595328,Bond,SG/Singapore,5.45% Abja Investment Co Pte Ltd Notes 2018-2028 Reg-S,USD,USD,108.215,2021-06-11,.01,2021-06-14,300000,300000,USD,290100,USD,324645,,,,,,,,USD,6358.33,,,,,2018-01-24,2028-01-24,5.45,30/360,2,2018-07-24,USD,BB-,,,,,,,,,,,,,,,,,,,,
,020,POS,"Stock Balance - Jun 14, 2021",lghths-sg,139413184,SAR,139413184,83663293.6000,83663293,83663293.6000,USD,USD,XS2050614796,ISIN,XS2050614796,Valor,52120777,SARA,000139403481,,,XS2050614796,Bond,SG/Singapore,5.95% Global Prime Capital Pte Ltd Notes 2020-2025,USD,USD,104.575,2021-06-11,.01,2021-06-14,250000,250000,USD,251375,USD,261437.5,,,,,,,,USD,5826.04,,,,,2020-01-23,2025-01-23,5.95,30E/360,2,2020-07-23,USD,BB-,,,,,,,,,,,,,,,,,,,,
,020,POS,"Stock Balance - Jun 14, 2021",lghths-sg,139698558,SAR,139698558,83663293.6000,83663293,83663293.6000,USD,USD,XS2113454115,ISIN,XS2113454115,Valor,52582813,SARA,000139600480,,,XS2113454115,Bond,IN/India,5.875% India Infoline Finance Ltd Emt-Notes 2020-2023,USD,USD,98.365,2021-06-11,.01,2021-06-14,250000,250000,USD,244350,USD,245912.5,,,,,,,,USD,2203.13,,,,,2020-02-20,2023-04-20,5.875,30/360,2,2020-04-20,USD,BB-,,,,,,,,,,,,,,,,,,,,
,020,POS,"Stock Balance - Jun 14, 2021",lghths-sg,139786014,SAR,139786014,83663293.6000,83663293,83663293.6000,USD,GBP,GB00B03MLX29,ISIN,GB00B03MLX29,Valor,1987674,SARA,000005058836,,,GB00B03MLX29,Share,GB/United Kingdom,Royal Dutch Shell Plc -A-,EUR,GBP,14.584,2021-06-14,1,2021-06-14,12000,12000,GBP,208440.68,GBP,175008,,,,,,USD,267184.88,,,,,USD,247105.7,,,,,,,,,,,,,,,,,,,,,,,,,,,,1.164572
,020,POS,"Stock Balance - Jun 14, 2021",lghths-sg,140370383,SAR,140370383,83663293.6000,83663293,83663293.6000,USD,HKD,GB0005405286,ISIN,GB0005405286,Valor,411161,Bloomberg,0005 HK,SARA,000000415042,GB0005405286,Share,GB/United Kingdom,HSBC Holdings Plc,GBP,HKD,47.6,2021-06-14,1,2021-06-14,83342,83342,HKD,4271729.81,HKD,3967079.2,,,,,,USD,545040.59,,,,,USD,511066.38,,,,,,,,,,,,,,,,,,,,,,,,,,,,0.091239
,020,POS,"Stock Balance - Jun 14, 2021",lghths-sg,141383026,SAR,141383026,83663293.6000,83663293,83663293.6000,USD,USD,XS2090080172,ISIN,XS2090080172,Valor,51830341,SARA,000139292337,,,XS2090080172,Bond,IN/India,5.9% Manappuram Finance Ltd Emt-Notes 2020-2023 Secured,USD,USD,103.875,2021-06-11,.01,2021-06-14,200000,200000,USD,199038.35,USD,207750,,,,,,,,USD,4949.44,,,,,2020-01-13,2023-01-13,5.9,30/360,2,2020-07-13,USD,B+,,,,,,,,,,,,,,,,,,,,
,020,POS,"Stock Balance - Jun 14, 2021",lghths-sg,141704679,SAR,141704679,83663293.6000,83663293,83663293.6000,USD,HKD,000141697824,,,,,,,,,,Option,HK/Hong Kong,HSBC Holdings PLC Call 29.06.2021 50 (5 HK) XHKF,HKD,HKD,0.13,2021-06-11,400,2021-06-14,-208,-208,HKD,-44932.57,HKD,-10816,,SARA,000141697824,,,USD,-5795.58,,,,,USD,-1393.39,,,,,,,,,,,,,,,,,,,400,50,2021-06-29,C,ISIN,GB0005405286,HSBC Holdings Plc,Share,S,
,020,POS,"Stock Balance - Jun 14, 2021",lghths-sg,142145548,SAR,142145548,83663293.6000,83663293,83663293.6000,USD,GBP,GB00J8VJZN17,ISIN,GB00J8VJZN17,Valor,83384435,SARA,000142144417,,,GB00J8VJZN17,Option,GB/United Kingdom,Royal Dutch Shell Plc -A- Call Sep21 18 LIF,GBP,GBP,0.08,2021-06-11,1000,2021-06-14,-12,-12,GBP,-4942.07,GBP,-960,,,,,,USD,-6718.88,,,,,USD,-1355.49,,,,,,,,,,,,,,,,,,,1000,18,2021-09-17,C,ISIN,GB00B03MLX29,Royal Dutch Shell Plc -A-,Share,S,
,020,POS,"Stock Balance - Jun 14, 2021",lghths-sg,142282816,SAR,142282816,83663293.6000,83663293,83663293.6000,USD,HKD,HK0688002218,ISIN,HK0688002218,Valor,420828,Bloomberg,688 HK,SARA,000000494357,HK0688002218,Share,HK/Hong Kong,China Overseas Land & Investment Ltd,HKD,HKD,19.74,2021-06-11,1,2021-06-14,80000,80000,HKD,1505859.64,HKD,1579200,,,,,,USD,194266.15,,,,,USD,203443.39,1992-08-07,,,,,,,,,,,,,,,,,,,,,,,,,,,
,020,POS,"Stock Balance - Jun 14, 2021",lghths-sg,142421435,SAR,142421435,83663293.6000,83663293,83663293.6000,USD,USD,LU1226288253,ISIN,LU1226288253,Valor,27983955,SARA,000126337077,,,LU1226288253,Fund,LU/Luxembourg,UBS (LU) Key Selection Sicav- China Allocation Opportunity (USD) -P- 6% monthly Distribution,USD,USD,103.06,2021-06-11,1,2021-06-14,1771,1771,USD,202742.67,USD,182519.26,,,,,,,,,,,,,,,,,,,,,,,,,,,,,,,,,,,,,,,,,
,020,POS,"Stock Balance - Jun 14, 2021",lghths-sg,142502530,SAR,142502530,83663293.6000,83663293,83663293.6000,USD,USD,IE00B8K7V925,ISIN,IE00B8K7V925,Valor,19762784,SARA,000064235469,,,IE00B8K7V925,Fund,IE/Ireland,PIMCO Funds Global Investors Series Plc- Income (USD) -E- Distribution,USD,USD,11.16,2021-06-11,1,2021-06-14,35730.415,35730.415,USD,401976,USD,398751.43,,,,,,,,,,,,,,,,,,,,,,,,,,,,,,,,,,,,,,,,,
,020,POS,"Stock Balance - Jun 14, 2021",lghths-sg,142651243,SAR,142651243,83663293.6000,83663293,83663293.6000,USD,USD,XS2281321799,ISIN,XS2281321799,Valor,59563558,SARA,000142274177,,,XS2281321799,Bond,VG/British Virgin Islands,5.05% Fortune Star BVI Ltd Gtd.Notes 2021-2027,USD,USD,100.98,2021-06-11,.01,2021-06-14,200000,200000,USD,202241.12,USD,201960,,,,,,,,USD,3843.61,,,,,2021-01-27,2027-01-27,5.05,30E/360,2,2021-07-27,USD,BB,,,,,,,,,,,,,,,,,,,,
,020,POS,"Stock Balance - Jun 14, 2021",lghths-sg,142680876,SAR,142680876,83663293.6000,83663293,83663293.6000,USD,USD,XS2304008225,ISIN,XS2304008225,Valor,59476183,SARA,000142671426,,,XS2304008225,Share,NL/Netherlands,8% JP Morgan Structured Products BV HDFC Bank Ltd -ADR- (3 Shs) STR 64.2168 Infosys Ltd -ADR- STR 13.9929 Fixed Coupon Notes 04.03.2022 Repayment cash or physical,USD,USD,97.4528,2021-06-11,.01,2021-06-14,300000,300000,USD,300000,USD,292358.4,,,,,,,,,,,,,,2021-03-04,,,,,,,,,,,,,,,,,,,,,,,,,,,
,020,POS,"Stock Balance - Jun 14, 2021",lghths-sg,142680990,SAR,142680990,83663293.6000,83663293,83663293.6000,USD,USD,XS2304008068,ISIN,XS2304008068,Valor,59476182,SARA,000142671407,,,XS2304008068,Share,NL/Netherlands,6% JP Morgan Structured Products BV HDFC Bank Ltd -ADR- (3 Shs) STR 59.535 Infosys Ltd -ADR- STR 12.9728 Fixed Coupon Notes 04.03.2022 Repayment cash or physical,USD,USD,97.4385,2021-06-11,.01,2021-06-14,200000,200000,USD,200000,USD,194877,,,,,,,,,,,,,,2021-03-04,,,,,,,,,,,,,,,,,,,,,,,,,,,
,020,POS,"Stock Balance - Jun 14, 2021",lghths-sg,142681892,SAR,142681892,83663293.6000,83663293,83663293.6000,USD,GBP,GB0004544929,ISIN,GB0004544929,Valor,517719,SARA,000000416171,,,GB0004544929,Share,GB/United Kingdom,Imperial Brands Plc,GBP,GBP,16.075,2021-06-14,1,2021-06-14,15406,15406,GBP,218480.68,GBP,247651.45,,,,,,USD,304706.76,,,,,USD,349675.92,,,,,,,,,,,,,,,,,,,,,,,,,,,,
,020,POS,"Stock Balance - Jun 14, 2021",lghths-sg,142702357,SAR,142702357,83663293.6000,83663293,83663293.6000,USD,GBP,GB00H7W7M167,ISIN,GB00H7W7M167,Valor,71944318,SARA,000142698152,,,GB00H7W7M167,Option,GB/United Kingdom,Imperial Brands Plc Call Sep21 16 LIF,GBP,GBP,0.695,2021-06-11,1000,2021-06-14,-15,-15,GBP,-3897.7,GBP,-10425,,,,,,USD,-5462.09,,,,,USD,-14719.77,,,,,,,,,,,,,,,,,,,1000,16,2021-09-17,C,ISIN,GB0004544929,Imperial Brands Plc,Share,S,
,020,POS,"Stock Balance - Jun 14, 2021",lghths-sg,142867569,SAR,142867569,83663293.6000,83663293,83663293.6000,USD,HKD,000142864352,,,,,,,,,,Option,HK/Hong Kong,WH Group Ltd Put 29.06.2021 6.5 (288 HK) XHKF,HKD,HKD,0.01,2021-06-11,2500,2021-06-14,-48,-48,HKD,-35089,HKD,-1200,,SARA,000142864352,,,USD,-4520.57,,,,,USD,-154.59,,,,,,,,,,,,,,,,,,,2500,6.5,2021-06-29,P,ISIN,KYG960071028,WH Group Ltd -Unitary 144A / Reg-S-,Share,S,
,020,POS,"Stock Balance - Jun 14, 2021",lghths-sg,142953456,SAR,142953456,83663293.6000,83663293,83663293.6000,USD,HKD,KYG960071028,ISIN,KYG960071028,Valor,24222514,Bloomberg,288 HK,SARA,000115614425,KYG960071028,Share,KY/Cayman Islands,WH Group Ltd -Unitary 144A / Reg-S-,HKD,HKD,7.17,2021-06-11,1,2021-06-14,130000,130000,HKD,921951.71,HKD,932100,,,,,,USD,118738.9,,,,,USD,120079.52,,,,,,,,,,,,,,,,,,,,,,,,,,,,
,020,POS,"Stock Balance - Jun 14, 2021",lghths-sg,142979984,SAR,142979984,83663293.6000,83663293,83663293.6000,USD,HKD,000142975690,,,,,,,,,,Option,HK/Hong Kong,WH Group Ltd Call 29.06.2021 8.25 (288 HK) XHKF,HKD,HKD,0.01,2021-06-11,2500,2021-06-14,-52,-52,HKD,-19138.03,HKD,-1300,,SARA,000142975690,,,USD,-2464.76,,,,,USD,-167.47,,,,,,,,,,,,,,,,,,,2500,8.25,2021-06-29,C,ISIN,KYG960071028,WH Group Ltd -Unitary 144A / Reg-S-,Share,S,
,020,POS,"Stock Balance - Jun 14, 2021",lghths-sg,143066706,SAR,143066706,83663293.6000,83663293,83663293.6000,USD,HKD,000143050891,,,,,,,,,,Option,HK/Hong Kong,China Overseas Land & Investment Ltd Call 29.06.2021 24 (688 HK) XHKF,HKD,HKD,0.01,2021-06-11,2000,2021-06-14,-40,-40,HKD,-20736.29,HKD,-800,,SARA,000143050891,,,USD,-7517.37,,,,,USD,-103.06,,,,,,,,,,,,,,,,,,,2000,24,2021-06-29,C,ISIN,HK0688002218,China Overseas Land & Investment Ltd,Share,S,
,020,POS,"Stock Balance - Jun 14, 2021",lghths-sg,140774543,SAR,140774543,83677193.6000,83677193,83677193.6000,USD,USD,US7429351254,ISIN,US7429351254,Valor,10507151,SARA,000140770052,,,US7429351254,Fund,US/United States of America,Professionally Managed Portfolios Akre Focus Fund (USD) -Institutional- Distribution,USD,USD,59.55,2021-05-27,1,2021-06-14,9904.913,9904.913,USD,502675.01,USD,589837.57,,,,,,,,,,,,,,,,,,,,,,,,,,,,,,,,,,,,,,,,,
,020,POS,"Stock Balance - Jun 14, 2021",lghths-sg,134237591,SAR,134237591,83663279.6000,83663279,83663279.6000,USD,USD,KYG8646E2530,ISIN,KYG8646E2530,Valor,1319516,SARA,000134228769,,,KYG8646E2530,Fund,KY/Cayman Islands,Synergy Fund Ltd (USD) -A- Series 7 -In Liquidation-,USD,USD,0.00,2018-03-20,1,2021-06-14,200,200,,,,,,,,,,,,,,,,,,,,,,,,,,,,,,,,,,,,,,,,,,,,,
,020,POS,"Stock Balance - Jun 14, 2021",lghths-sg,134237613,SAR,134237613,83663279.6000,83663279,83663279.6000,USD,USD,IE00BCV7N601,ISIN,IE00BCV7N601,Valor,22073677,SARA,000101207493,,,IE00BCV7N601,Fund,IE/Ireland,PIMCO Funds Global Investors Series Plc- Diversified Income Duration Hedged (USD) -E- Capitalisation,USD,USD,12.39,2021-06-11,1,2021-06-14,0.001,0.001,USD,0.01,USD,0.01,,,,,,,,,,,,,,,,,,,,,,,,,,,,,,,,,,,,,,,,,
,020,POS,"Stock Balance - Jun 14, 2021",lghths-sg,134428056,SAR,134428056,83663279.6000,83663279,83663279.6000,USD,USD,XS1556165477,ISIN,XS1556165477,Valor,35513710,SARA,000131042001,,,XS1556165477,Bond,BM/Bermuda,5.25% China Water Affairs Group Ltd 2017-2022,USD,USD,101.31,2021-06-11,.01,2021-06-14,200000,200000,USD,202296,USD,202620,,,,,,,,USD,3704.17,,,,,2017-02-07,2022-02-07,5.25,30E/360,2,2017-08-07,USD,BB+,,,,,,,,,,,,,,,,,,,,
,020,POS,"Stock Balance - Jun 14, 2021",lghths-sg,137220345,SAR,137220345,83663279.6000,83663279,83663279.6000,USD,USD,XS1958658509,ISIN,XS1958658509,Valor,46710638,SARA,000136837239,,,XS1958658509,Bond,SG/Singapore,6% Jubilant Pharma Ltd Bonds 2019-2024 RegS,USD,USD,105.355,2021-06-11,.01,2021-06-14,200000,200000,USD,202400,USD,210710,,,,,,,,USD,3300,,,,,2019-03-05,2024-03-05,6.0,30E/360,2,2019-09-05,USD,BB-,,,,,,,,,,,,,,,,,,,,
,020,POS,"Stock Balance - Jun 14, 2021",lghths-sg,138136578,SAR,138136578,83663279.6000,83663279,83663279.6000,USD,SGD,SG1AA5000001,ISIN,SG1AA5000001,Valor,24766830,Bloomberg,FHT SP,SARA,000123695896,SG1AA5000001,Share,SG/Singapore,Frasers Hospitality Trust REIT,SGD,SGD,0.54,2021-06-14,1,2021-06-14,382500,382500,SGD,270499.27,SGD,206550,,,,,,USD,190141.18,,,,,USD,155734.23,,,,,,,,,,,,,,,,,,,,,,,,,,,,
,020,POS,"Stock Balance - Jun 14, 2021",lghths-sg,138958001,SAR,138958001,83663279.6000,83663279,83663279.6000,USD,USD,XS1753595328,ISIN,XS1753595328,Valor,40014007,SARA,000133765006,,,XS1753595328,Bond,SG/Singapore,5.45% Abja Investment Co Pte Ltd Notes 2018-2028 Reg-S,USD,USD,108.215,2021-06-11,.01,2021-06-14,300000,300000,USD,288975,USD,324645,,,,,,,,USD,6358.33,,,,,2018-01-24,2028-01-24,5.45,30/360,2,2018-07-24,USD,BB-,,,,,,,,,,,,,,,,,,,,
,020,POS,"Stock Balance - Jun 14, 2021",lghths-sg,138958048,SAR,138958048,83663279.6000,83663279,83663279.6000,USD,USD,US62828M2A84,ISIN,US62828M2A84,Valor,50738431,SARA,000138717209,,,US62828M2A84,Bond,IN/India,6.125% Muthoot Finance Ltd MT-Notes 2019-2022 Global RegS,USD,USD,104.435,2021-06-11,.01,2021-06-14,200000,200000,USD,204700,USD,208870,,,,,,,,USD,1497.22,,,,,2019-10-31,2022-10-31,6.125,30E/360,2,2020-04-30,USD,BB,,,,,,,,,,,,,,,,,,,,
,020,POS,"Stock Balance - Jun 14, 2021",lghths-sg,139394548,SAR,139394548,83663279.6000,83663279,83663279.6000,USD,USD,XS2090080172,ISIN,XS2090080172,Valor,51830341,SARA,000139292337,,,XS2090080172,Bond,IN/India,5.9% Manappuram Finance Ltd Emt-Notes 2020-2023 Secured,USD,USD,103.875,2021-06-11,.01,2021-06-14,250000,250000,USD,254595,USD,259687.5,,,,,,,,USD,6186.81,,,,,2020-01-13,2023-01-13,5.9,30/360,2,2020-07-13,USD,B+,,,,,,,,,,,,,,,,,,,,
,020,POS,"Stock Balance - Jun 14, 2021",lghths-sg,139630789,SAR,139630789,83663279.6000,83663279,83663279.6000,USD,USD,USG9328DAM23,ISIN,USG9328DAM23,Valor,35497009,SARA,000131036083,,,USG9328DAM23,Bond,GB/United Kingdom,6.375% Vedanta Resources Ltd Bonds 2017-2022 Global Reg-S,USD,USD,98.745,2021-06-14,.01,2021-06-14,200000,200000,USD,197922,USD,197490,,,,,,,,USD,4745.83,,,,,2017-01-30,2022-07-30,6.375,30E/360,2,2017-07-30,USD,CCC+,,,,,,,,,,,,,,,,,,,,
,020,POS,"Stock Balance - Jun 14, 2021",lghths-sg,140416493,SAR,140416493,83663279.6000,83663279,83663279.6000,USD,USD,KYG047761039,ISIN,KYG047761039,Valor,24384793,SARA,000127370797,,,KYG047761039,Fund,KY/Cayman Islands,Aravali Cayman Spc Global Arbitrage Fund (USD) -B- Segregated Portfolio Non Voting Capitalisation,USD,USD,1616.543,2021-05-03,1,2021-06-14,99.572,99.572,USD,150802.5,USD,160962.42,,,,,,,,,,,,,,,,,,,,,,,,,,,,,,,,,,,,,,,,,
,020,POS,"Stock Balance - Jun 14, 2021",lghths-sg,141129468,SAR,141129468,83663279.6000,83663279,83663279.6000,USD,SGD,SG2D63974620,ISIN,SG2D63974620,Valor,13687016,Bloomberg,AAREIT SP,SARA,000029481966,SG2D63974620,Share,SG/Singapore,AIMS APAC REIT,SGD,SGD,1.44,2021-06-14,1,2021-06-14,83500,83500,SGD,100510.92,SGD,120240,,,,,,USD,73935.69,,,,,USD,90658.36,,,,,,,,,,,,,,,,,,,,,,,,,,,,
,020,POS,"Stock Balance - Jun 14, 2021",lghths-sg,141787066,SAR,141787066,83663279.6000,83663279,83663279.6000,USD,HKD,HK0941009539,ISIN,HK0941009539,Valor,1099448,Bloomberg,941 HK,SARA,000000422519,HK0941009539,Share,HK/Hong Kong,China Mobile Ltd,HKD,HKD,48.6,2021-06-11,1,2021-06-14,54000,54000,HKD,2546920.93,HKD,2624400,,,,,,USD,326822.46,,,,,USD,338093.23,,,,,,,,,,,,,,,,,,,,,,,,,,,,
,020,POS,"Stock Balance - Jun 14, 2021",lghths-sg,142011178,SAR,142011178,83663279.6000,83663279,83663279.6000,USD,USD,USY7141GAA05,ISIN,USY7141GAA05,Valor,38942960,SARA,000133207150,,,USY7141GAA05,Bond,ID/Indonesia,4.95% PT Chandra Asri Petrochemical Tbk Notes 2017-2024 RegS,USD,USD,102.46,2021-06-11,.01,2021-06-14,300000,300000,USD,303665.2,USD,307380,,,,,,,,USD,1485,,,,,2017-11-08,2024-11-08,4.95,30E/360,2,2018-05-08,USD,BB-,,,,,,,,,,,,,,,,,,,,
,020,POS,"Stock Balance - Jun 14, 2021",lghths-sg,142049130,SAR,142049130,83663279.6000,83663279,83663279.6000,USD,USD,IE00BKXBBV70,ISIN,IE00BKXBBV70,Valor,57922240,SARA,000141776627,,,IE00BKXBBV70,Fund,IE/Ireland,SphereInvest Global UCITS Icav- Credit Strategies Fund (USD) -F- Capitalisation,USD,USD,184.9816,2021-06-10,1,2021-06-14,1122.1069,1122.1069,USD,200429.08,USD,207569.13,,,,,,,,,,,,,,,,,,,,,,,,,,,,,,,,,,,,,,,,,
,020,POS,"Stock Balance - Jun 14, 2021",lghths-sg,142246399,SAR,142246399,83663279.6000,83663279,83663279.6000,USD,USD,XS2222660768,ISIN,XS2222660768,Valor,59267331,SARA,000142236259,,,XS2222660768,Share,HK/Hong Kong,10% BNP Paribas Alibaba Group Holding Ltd RegS STR 193.76  Callable Fixed Coupon Notes 02.08.2021 Repayment cash or physical,USD,USD,100.02384936,2021-06-11,.01,2021-06-14,200000,200000,USD,199920,USD,200047.7,,,,,,,,,,,,,,2021-02-01,,,,,,,,,,,,,,,,,,,,,,,,,,,
,020,POS,"Stock Balance - Jun 14, 2021",lghths-sg,143133661,SAR,143133661,83663293.6000,83663293,83663293.6000,USD,USD,SGXZ84696368,ISIN,SGXZ84696368,Valor,59304109,SARA,000143063169,,,SGXZ84696368,Fund,SG/Singapore,Silverdale Fund VCC-Bond Fund (USD) Distribution,USD,USD,118.5405,2021-06-04,1,2021-06-14,3929,3929,USD,456361.6,USD,465745.62,,,,,,,,,,,,,,,,,,,,,,,,,,,,,,,,,,,,,,,,,
,020,POS,"Stock Balance - Jun 14, 2021",lghths-sg,143206000,SAR,143206000,83663293.6000,83663293,83663293.6000,USD,USD,US01609W1027,ISIN,US01609W1027,Valor,24409862,SARA,000123993236,,,US01609W1027,Share,KY/Cayman Islands,Alibaba Group Holding Ltd -ADS- (8 Shs),USD,USD,213.94,2021-06-11,1,2021-06-14,600,600,USD,140035.6,USD,128364,,,,,,,,,,,,,,,,,,,,,,,,,,,,,,,,,,,,,,,,,
,020,POS,"Stock Balance - Jun 14, 2021",lghths-sg,143225155,SAR,143225155,83663293.6000,83663293,83663293.6000,USD,USD,000142822407,,,,,,,,,,Option,US/United States of America,Alibaba Group Holding Ltd Call 18.06.2021 260 (BABA US),USD,USD,0.03,2021-06-11,100,2021-06-14,-6,-6,USD,-1586,USD,-18,,SARA,000142822407,,,,,,,,,,,,,,,,,,,,,,,,,,,,,100,260,2021-06-18,C,ISIN,US01609W1027,Alibaba Group Holding Ltd -ADS- (8 Shs),Share,S,
,020,POS,"Stock Balance - Jun 14, 2021",lghths-sg,143239698,SAR,143239698,83663293.6000,83663293,83663293.6000,USD,USD,000142255392,,,,,,,,,,Option,US/United States of America,Lumentum Holdings Inc Put 18.06.2021 80 (LITE US),USD,USD,0.89,2021-06-11,100,2021-06-14,-15,-15,USD,-1586,USD,-1335,,SARA,000142255392,,,,,,,,,,,,,,,,,,,,,,,,,,,,,100,80,2021-06-18,P,ISIN,US55024U1097,Lumentum Holdings Inc,Share,S,
,020,POS,"Stock Balance - Jun 14, 2021",lghths-sg,143242630,SAR,143242630,83663293.6000,83663293,83663293.6000,USD,USD,QT1104883389,ISIN,QT1104883389,Valor,110488338,SARA,000142922383,,,QT1104883389,Fund,SG/Singapore,LC Multi Strategy Fund SG VCC-SF1 (USD) -E- Brevan Howard,USD,USD,100.0,2020-12-31,1,2021-06-14,1500,1500,USD,150802.5,USD,150000,,,,,,,,,,,,,,,,,,,,,,,,,,,,,,,,,,,,,,,,,
,020,POS,"Stock Balance - Jun 14, 2021",lghths-sg,143397842,SAR,143397842,83663293.6000,83663293,83663293.6000,USD,USD,XS2253734268,ISIN,XS2253734268,Valor,110897270,SARA,000143388446,,,XS2253734268,Bond,HK/Hong Kong,10% BNP Paribas Daqo New Energy Corp -ADR- (5 Shs) Otis Worldwide Corp Callable Fixed Coupon Notes 19.11.2021 Repayment cash or physical,USD,USD,97.55365734,2021-06-10,.01,2021-06-14,300000,300000,USD,300000,USD,292660.97,,,,,,,,,,,,,,2021-05-19,2021-11-29,10.0,,12,2021-06-28,USD,,,,,,,,,,,,,,,,,,,,,
,020,POS,"Stock Balance - Jun 14, 2021",lghths-sg,143463463,SAR,143463463,83663293.6000,83663293,83663293.6000,USD,USD,GB00BL5C3X11,ISIN,GB00BL5C3X11,Valor,111375538,SARA,000143437839,,,GB00BL5C3X11,Rights,GB/United Kingdom,Royal Dutch Shell Plc -A- -Rights 2021-,USD,USD,0.00,2021-05-10,1,2021-06-14,12000,12000,,,,,,,,,,,,,,,,,,,,,,,,,,,,,,,,,,,,,,,,,,,,,
,020,POS,"Stock Balance - Jun 14, 2021",lghths-sg,143473771,SAR,143473771,83663293.6000,83663293,83663293.6000,USD,EUR,SGXC37098255,ISIN,SGXC37098255,Valor,111520314,SARA,000143433177,,,SGXC37098255,Share,SG/Singapore,Cromwell European REIT Reg-S,EUR,EUR,2.34,2021-06-14,1,2021-06-14,118800,118800,EUR,300900.82,EUR,277992,,,,,,USD,334942.33,,,,,USD,337047.23,,,,,,,,,,,,,,,,,,,,,,,,,,,,
,020,POS,"Stock Balance - Jun 14, 2021",lghths-sg,143492438,SAR,143492438,83663293.6000,83663293,83663293.6000,USD,USD,000142624207,,,,,,,,,,Option,US/United States of America,Microsoft Corp Put 16.07.2021 220 (MSFT US),USD,USD,0.39,2021-06-11,100,2021-06-14,-10,-10,USD,-2366,USD,-390,,SARA,000142624207,,,,,,,,,,,,,,,,,,,,,,,,,,,,,100,220,2021-07-16,P,ISIN,US5949181045,Microsoft Corp,Share,S,
,020,POS,"Stock Balance - Jun 14, 2021",lghths-sg,143543022,SAR,143543022,83663293.6000,83663293,83663293.6000,USD,GBP,111853495,Valor,111853495,SARA,000143541167,,,,,,Hybrid,,Stock Forward Accumulator  2x Leveraged on Imperial Brands Plc (IMT LN) Period: 25.MAY.21 - 24.MAY.22  253 Days Strike: GBP 14.5747  Knock-Out: GBP 17.4279,GBP,GBP,-0.165285304,2021-06-11,1,2021-06-14,27830,27830,,,GBP,-4599.89,,,,,,USD,0,,,,,USD,-6494.9,,,,,,,,,,,,,,,,,,,,,,,,,,,,
,020,POS,"Stock Balance - Jun 14, 2021",lghths-sg,143556138,SAR,143556138,83663293.6000,83663293,83663293.6000,USD,USD,111853496,Valor,111853496,SARA,000143543452,,,,,,Hybrid,,Stock Forward Accumulator  2x Leveraged on Facebook Inc -A- (FB UQ) Period: 25.MAY.21 - 24.MAY.22  252 Days Strike: USD 275.007  Knock-Out: USD 346.62,USD,USD,-0.722722908,2021-06-11,1,2021-06-14,1458,1458,,,USD,-1053.73,,,,,,,,,,,,,,,,,,,,,,,,,,,,,,,,,,,,,,,,,
,020,POS,"Stock Balance - Jun 14, 2021",lghths-sg,143604569,SAR,143604569,83663293.6000,83663293,83663293.6000,USD,CNH,000143597687,,,,,,,,,,Hybrid,,FX Decumulator on USD/CNY 2x Leveraged  Sell USD / Buy CNY at 6.519 KO:6.20 Period: 31.MAY.21 - 02.JUN.22  12 Fixings,CNH,CNH,-0.04776694,2021-06-14,1,2021-06-14,1000800,1000800,,,CNH,-47805.14,,SARA,000143597687,,,USD,0,,,,,USD,-7457.26,,,,,,,,,,,,,,,,,,,,,,,,,,,,
,020,POS,"Stock Balance - Jun 14, 2021",lghths-sg,143649905,SAR,143649905,83663293.6000,83663293,83663293.6000,USD,USD,000143620479,,,,,,,,,,Option,US/United States of America,Apple Inc Put 16.07.2021 110 (AAPL US),USD,USD,0.27,2021-06-11,100,2021-06-14,-15,-15,USD,-776,USD,-405,,SARA,000143620479,,,,,,,,,,,,,,,,,,,,,,,,,,,,,100,110,2021-07-16,P,ISIN,US0378331005,Apple Inc,Share,S,
,020,POS,"Stock Balance - Jun 14, 2021",lghths-sg,143703085,SAR,143703085,83663293.6000,83663293,83663293.6000,USD,USD,000143440331,,,,,,,,,,Option,US/United States of America,Daqo New Energy Corp Put 16.07.2021 50 (DQ US),USD,USD,0.85,2021-06-11,100,2021-06-14,-30,-30,USD,-1736,USD,-2550,,SARA,000143440331,,,,,,,,,,,,,,,,,,,,,,,,,,,,,100,50,2021-07-16,P,ISIN,US23703Q2030,Daqo New Energy Corp -ADR- (5 Shs),Share,S,
,020,POS,"Stock Balance - Jun 14, 2021",lghths-sg,137826506,SAR,137826506,83667931.6000,83667931,83667931.6000,USD,EUR,IE00B84J9L26,ISIN,IE00B84J9L26,Valor,19930049,SARA,000064235309,,,IE00B84J9L26,Fund,IE/Ireland,PIMCO Funds Global Investors Series Plc- Income (EUR) -E- -Hedged- Capitalisation,EUR,EUR,13.95,2021-06-11,1,2021-06-14,11278.671,11278.671,EUR,149402.29,EUR,157337.46,,,,,,USD,169131.76,,,,,USD,190761.44,,,,,,,,,,,,,,,,,,,,,,,,,,,,
,020,POS,"Stock Balance - Jun 14, 2021",lghths-sg,140122049,SAR,140122049,83667931.6000,83667931,83667931.6000,USD,USD,US98980L1017,ISIN,US98980L1017,Valor,47101896,Bloomberg,ZM UW,SARA,000137372208,US98980L1017,Share,US/United States of America,Zoom Video Communications Inc -A-,USD,USD,365.91,2021-06-11,1,2021-06-14,43,43,USD,16630.97,USD,15734.13,,,,,,,,,,,,,,,,,,,,,,,,,,,,,,,,,,,,,,,,,
,020,POS,"Stock Balance - Jun 14, 2021",lghths-sg,140258096,SAR,140258096,83667931.6000,83667931,83667931.6000,USD,SGD,SG1V61937297,ISIN,SG1V61937297,Valor,3106596,Bloomberg,SIA SP,SARA,000020750927,SG1V61937297,Share,SG/Singapore,Singapore Airlines Ltd,SGD,SGD,5.13,2021-06-14,1,2021-06-14,4000,4000,SGD,19711.22,SGD,20520,,,,,,USD,13925.08,,,,,USD,15471.64,,,,,,,,,,,,,,,,,,,,,,,,,,,,
,020,POS,"Stock Balance - Jun 14, 2021",lghths-sg,140996076,SAR,140996076,83667931.6000,83667931,83667931.6000,USD,SGD,MYL7113OO003,ISIN,MYL7113OO003,Valor,1197605,Bloomberg,TOPG MK,SARA,000002537305,MYL7113OO003,Share,MY/Malaysia,Top Glove Corporation Bhd,MYR,SGD,1.58,2021-06-14,1,2021-06-14,7800,7800,SGD,19904.47,SGD,12324,,,,,,USD,14521.64,,,,,USD,9292.03,,,,,,,,,,,,,,,,,,,,,,,,,,,,3.102668
,020,POS,"Stock Balance - Jun 14, 2021",lghths-sg,141022909,SAR,141022909,83667931.6000,83667931,83667931.6000,USD,USD,US81141R1005,ISIN,US81141R1005,Valor,38497535,SARA,000133148797,,,US81141R1005,Share,KY/Cayman Islands,Sea Ltd -ADR-,USD,USD,277.07,2021-06-11,1,2021-06-14,85,85,USD,16789,USD,23550.95,,,,,,,,,,,,,,,,,,,,,,,,,,,,,,,,,,,,,,,,,
,020,POS,"Stock Balance - Jun 14, 2021",lghths-sg,141952076,SAR,141952076,83667931.6000,83667931,83667931.6000,USD,USD,US88160R1014,ISIN,US88160R1014,Valor,11448018,Bloomberg,TSLA UW,SARA,000026499970,US88160R1014,Share,US/United States of America,Tesla Inc,USD,USD,617.69,2021-06-11,1,2021-06-14,28,28,USD,16281.8,USD,17295.32,,,,,,,,,,,,,,,,,,,,,,,,,,,,,,,,,,,,,,,,,
,020,POS,"Stock Balance - Jun 14, 2021",lghths-sg,142190406,SAR,142190406,83667931.6000,83667931,83667931.6000,USD,USD,US62914V1061,ISIN,US62914V1061,Valor,43286578,Bloomberg,NIO US,SARA,000135493931,US62914V1061,Share,KY/Cayman Islands,Nio Inc -ADR- -A-,USD,USD,46.55,2021-06-11,1,2021-06-14,312,312,USD,19402,USD,14523.6,,,,,,,,,,,,,,,,,,,,,,,,,,,,,,,,,,,,,,,,,
,020,POS,"Stock Balance - Jun 14, 2021",lghths-sg,143635631,SAR,143635631,83667931.6000,83667931,83667931.6000,USD,SGD,SGXN93802555,ISIN,SGXN93802555,Valor,111735462,SARA,000143635464,,,SGXN93802555,Rights,SG/Singapore,Singapore Airlines Ltd Rights 2021,SGD,SGD,0.001,2021-06-10,1,2021-06-14,8360,8360,,,SGD,8.36,,,,,,USD,0,,,,,USD,6.3,,,,,,,,,,,,,,,,,,,,,,,,,,,,
,020,POS,"Stock Balance - Jun 14, 2021",lghths-sg,139402899,SAR,139402899,83676187.6000,83676187,83676187.6000,USD,GBP,GB0004082847,ISIN,GB0004082847,Valor,1110646,SARA,000000422184,,,GB0004082847,Share,GB/United Kingdom,Standard Chartered Plc,GBP,GBP,4.913,2021-06-14,1,2021-06-14,14049,14049,GBP,176883.93,GBP,69022.74,,,,,,USD,229897.99,,,,,USD,97457.9,,,,,,,,,,,,,,,,,,,,,,,,,,,,
,020,POS,"Stock Balance - Jun 14, 2021",lghths-sg,139402907,SAR,139402907,83676187.6000,83676187,83676187.6000,USD,USD,IE00BLNN3691,ISIN,IE00BLNN3691,Valor,24230735,SARA,000123618494,,,IE00BLNN3691,Share,IE/Ireland,Weatherford International Ltd,USD,USD,12.4,2021-06-01,1,2021-06-14,24,24,USD,453426.96,USD,297.6,,,,,,,,,,,,,,,,,,,,,,,,,,,,,,,,,,,,,,,,,
,020,POS,"Stock Balance - Jun 14, 2021",lghths-sg,139402910,SAR,139402910,83676187.6000,83676187,83676187.6000,USD,USD,IE00BL3HR700,ISIN,IE00BL3HR700,Valor,51640992,SARA,000139212204,,,IE00BL3HR700,Warrant,IE/Ireland,Weatherford International Ltd Wt.13.12.2023,USD,USD,0.45,2021-06-11,1,2021-06-14,271,271,,,USD,121.95,,,,,,,,,,,,,,,,,,,,,,,,,,,,,,,,1,99.96,2023-12-13,,ISIN,IE00BLNN3691,Weatherford International Ltd,Share,,
,020,POS,"Stock Balance - Jun 14, 2021",lghths-sg,139402915,SAR,139402915,83676187.6000,83676187,83676187.6000,USD,USD,XS1556165477,ISIN,XS1556165477,Valor,35513710,SARA,000131042001,,,XS1556165477,Bond,BM/Bermuda,5.25% China Water Affairs Group Ltd 2017-2022,USD,USD,101.31,2021-06-11,.01,2021-06-14,200000,200000,USD,204200,USD,202620,,,,,,,,USD,3704.17,,,,,2017-02-07,2022-02-07,5.25,30E/360,2,2017-08-07,USD,BB+,,,,,,,,,,,,,,,,,,,,
,020,POS,"Stock Balance - Jun 14, 2021",lghths-sg,139402916,SAR,139402916,83676187.6000,83676187,83676187.6000,USD,USD,USG50027AE42,ISIN,USG50027AE42,Valor,20549467,SARA,000082521405,,,USG50027AE42,Bond,GB/United Kingdom,5.625% Jaguar Land Rover Plc Notes 2013-2023 Senior Reg-S,USD,USD,100.6,2021-06-14,.01,2021-06-14,200000,200000,USD,211600,USD,201200,,,,,,,,USD,4156.25,,,,,2013-01-28,2023-02-01,5.625,30E/360,2,2013-08-01,USD,B,,,,,,,,,,,,,,,,,,,,
,020,POS,"Stock Balance - Jun 14, 2021",lghths-sg,139412744,SAR,139412744,83676187.6000,83676187,83676187.6000,USD,HKD,GB0005405286,ISIN,GB0005405286,Valor,411161,Bloomberg,0005 HK,SARA,000000415042,GB0005405286,Share,GB/United Kingdom,HSBC Holdings Plc,GBP,HKD,47.6,2021-06-14,1,2021-06-14,38597,38597,HKD,2733628.67,HKD,1837217.2,,,,,,USD,348183.14,,,,,USD,236682.93,,,,,,,,,,,,,,,,,,,,,,,,,,,,0.091239
,020,POS,"Stock Balance - Jun 14, 2021",lghths-sg,139518647,SAR,139518647,83676187.6000,83676187,83676187.6000,USD,USD,CH0400441280,ISIN,CH0400441280,Valor,40044128,SARA,000133807554,,,CH0400441280,Bond,CH/Switzerland,5% UBS Group AG Contingent Convertible Floating Rate Notes  2018-Perpetual Subordinated,USD,USD,102.105,2021-06-14,.01,2021-06-14,200000,200000,USD,199250,USD,204210,,,,,,,,USD,3722.22,,,,,2018-01-31,4712-12-31,5.0,30/360,1,2019-01-31,USD,BB,,,,,,,,,,,,,,,,,,,,
,020,POS,"Stock Balance - Jun 14, 2021",lghths-sg,140817383,SAR,140817383,83676187.6000,83676187,83676187.6000,USD,USD,KYG7943S1140,ISIN,KYG7943S1140,Valor,55646201,SARA,000140636795,,,KYG7943S1140,Fund,KY/Cayman Islands,SCUBE Investment Management SPC Fixed Income Tactical Opportunities Fund Series 2 -Cash Option-,USD,USD,1084.44,2021-03-31,1,2021-06-14,200,200,USD,201000,USD,216888,,,,,,,,,,,,,,,,,,,,,,,,,,,,,,,,,,,,,,,,,
,020,POS,"Stock Balance - Jun 14, 2021",lghths-sg,142489528,SAR,142489528,83676187.6000,83676187,83676187.6000,USD,GBP,XS2268319089,ISIN,XS2268319089,Valor,59420676,SARA,000142484926,,,XS2268319089,Bond,GB/United Kingdom,8% UBS AG London Standard Chartered Plc STR 3.3447 HSBC Holdings Plc STR 2.8810 Callable Fixed Coupon Notes 15.02.2022 Repayment cash or physical,GBP,GBP,102.92,2021-06-11,.01,2021-06-14,200000,200000,GBP,200000,GBP,205840,,,,,,USD,274629,,,,,USD,290639.49,2021-02-15,2022-02-22,8.0,,2,2021-08-23,GBP,,,,,,,,,,,,,,,,,,,,,
,020,POS,"Stock Balance - Jun 14, 2021",lghths-sg,143465251,SAR,143465251,83676187.6000,83676187,83676187.6000,USD,USD,111250919,Valor,111250919,SARA,000143416569,,,,,,Fund,KY/Cayman Islands,SCUBE Investment Management SPC- Cash Option Medium Duration Opportunities (USD) Segregated Portfolio **Anspruch/Claim/Ayant Droit**,USD,USD,100.0,2021-04-30,.01,2021-06-14,200000,200000,USD,202140,USD,200000,,,,,,,,,,,,,,,,,,,,,,,,,,,,,,,,,,,,,,,,,
,020,POS,"Stock Balance - Jun 14, 2021",lghths-sg,140130807,SAR,140130807,83677193.6000,83677193,83677193.6000,USD,USD,CH0276345995,ISIN,CH0276345995,Valor,27634599,SARA,000131339805,,,CH0276345995,Share,CH/Switzerland,Bank J.Safra Sarasin AG Dynamic Sustainable Technology Disruptors Reference Portfolio USD Tracker Cert.2017-Perpetual,USD,USD,2375.51911272,2021-06-14,1,2021-06-14,136,136,USD,195252.48,USD,323070.6,,,,,,,,,,,,,,2017-03-02,,,,,,,,,,,,,,,,,,,,,,,,,,,
,020,POS,"Stock Balance - Jun 14, 2021",lghths-sg,140138978,SAR,140138978,83677193.6000,83677193,83677193.6000,USD,USD,US0231351067,ISIN,US0231351067,Valor,645156,Bloomberg,AMZN US,SARA,000000416730,US0231351067,Share,US/United States of America,Amazon.com Inc,USD,USD,3383.87,2021-06-11,1,2021-06-14,39,39,USD,92625,USD,131970.93,,,,,,,,,,,,,,,,,,,,,,,,,,,,,,,,,,,,,,,,,
,020,POS,"Stock Balance - Jun 14, 2021",lghths-sg,140138985,SAR,140138985,83677193.6000,83677193,83677193.6000,USD,USD,US30303M1027,ISIN,US30303M1027,Valor,14917609,Bloomberg,FB US,SARA,000031299007,US30303M1027,Share,US/United States of America,Facebook Inc -A-,USD,USD,336.77,2021-06-11,1,2021-06-14,62,62,USD,11112.88,USD,20879.74,,,,,,,,,,,,,,,,,,,,,,,,,,,,,,,,,,,,,,,,,
,020,POS,"Stock Balance - Jun 14, 2021",lghths-sg,140138988,SAR,140138988,83677193.6000,83677193,83677193.6000,USD,USD,US70450Y1038,ISIN,US70450Y1038,Valor,28467085,SARA,000125841357,,,US70450Y1038,Share,US/United States of America,PayPal Holdings Inc,USD,USD,274.93,2021-06-11,1,2021-06-14,192,192,USD,21475.2,USD,52786.56,,,,,,,,,,,,,,,,,,,,,,,,,,,,,,,,,,,,,,,,,
,020,POS,"Stock Balance - Jun 14, 2021",lghths-sg,140138999,SAR,140138999,83677193.6000,83677193,83677193.6000,USD,HKD,KYG875721634,ISIN,KYG875721634,Valor,24014323,Bloomberg,700 HK,SARA,000119678126,KYG875721634,Share,KY/Cayman Islands,Tencent Holdings Ltd,HKD,HKD,596.0,2021-06-11,1,2021-06-14,300,300,HKD,122880,HKD,178800,,,,,,USD,15853.34,,,,,USD,23034.24,,,,,,,,,,,,,,,,,,,,,,,,,,,,
,020,POS,"Stock Balance - Jun 14, 2021",lghths-sg,140139006,SAR,140139006,83677193.6000,83677193,83677193.6000,USD,USD,US6936561009,ISIN,US6936561009,Valor,13341368,SARA,000029048907,,,US6936561009,Share,US/United States of America,PVH Corp,USD,USD,108.98,2021-06-11,1,2021-06-14,840,840,USD,37699.2,USD,91543.2,,,,,,,,,,,,,,,,,,,,,,,,,,,,,,,,,,,,,,,,,
,020,POS,"Stock Balance - Jun 14, 2021",lghths-sg,140139009,SAR,140139009,83677193.6000,83677193,83677193.6000,USD,USD,US88160R1014,ISIN,US88160R1014,Valor,11448018,Bloomberg,TSLA UW,SARA,000026499970,US88160R1014,Share,US/United States of America,Tesla Inc,USD,USD,617.69,2021-06-11,1,2021-06-14,4890,4890,USD,737304.42,USD,3020504.1,,,,,,,,,,,,,,,,,,,,,,,,,,,,,,,,,,,,,,,,,
,020,POS,"Stock Balance - Jun 14, 2021",lghths-sg,140139010,SAR,140139010,83677193.6000,83677193,83677193.6000,USD,USD,LU1139789298,ISIN,LU1139789298,Valor,28286186,SARA,000129194049,,,LU1139789298,Fund,LU/Luxembourg,Ninety One Global Strategy Fund Sicav- All China Equity (USD) -IX- Capitalisation,USD,USD,36.2,2021-06-11,1,2021-06-14,1350,1350,USD,36234,USD,48870,,,,,,,,,,,,,,,,,,,,,,,,,,,,,,,,,,,,,,,,,
,020,POS,"Stock Balance - Jun 14, 2021",lghths-sg,140139016,SAR,140139016,83677193.6000,83677193,83677193.6000,USD,USD,LU1076353199,ISIN,LU1076353199,Valor,32859655,SARA,000132418292,,,LU1076353199,Fund,LU/Luxembourg,Ashmore Sicav- Emerging Markets Short Duration Fund (USD) -Z- Capitalisation,USD,USD,109.37,2021-06-11,1,2021-06-14,1460,1460,USD,122683.8,USD,159680.2,,,,,,,,,,,,,,,,,,,,,,,,,,,,,,,,,,,,,,,,,
,020,POS,"Stock Balance - Jun 14, 2021",lghths-sg,140139032,SAR,140139032,83677193.6000,83677193,83677193.6000,USD,USD,US57636Q1040,ISIN,US57636Q1040,Valor,2282206,Bloomberg,MA UN,SARA,000005979694,US57636Q1040,Share,US/United States of America,Mastercard Inc -A-,USD,USD,366.52,2021-06-11,1,2021-06-14,1600,1600,USD,415952,USD,586432,,,,,,,,,,,,,,,,,,,,,,,,,,,,,,,,,,,,,,,,,
,020,POS,"Stock Balance - Jun 14, 2021",lghths-sg,140139036,SAR,140139036,83677193.6000,83677193,83677193.6000,USD,USD,LU0599947602,ISIN,LU0599947602,Valor,18636996,SARA,000119902979,,,LU0599947602,Fund,LU/Luxembourg,DWS Concept Sicav-Kaldemorgen (USD) -LCH- Capitalisation,USD,USD,147.09,2021-06-14,1,2021-06-14,1660,1660,USD,215169.2,USD,244169.4,,,,,,,,,,,,,,,,,,,,,,,,,,,,,,,,,,,,,,,,,
,020,POS,"Stock Balance - Jun 14, 2021",lghths-sg,140139046,SAR,140139046,83677193.6000,83677193,83677193.6000,USD,USD,US92826C8394,ISIN,US92826C8394,Valor,3826452,Bloomberg,V UN,SARA,000021485316,US92826C8394,Share,US/United States of America,Visa Inc -A-,USD,USD,234.08,2021-06-11,1,2021-06-14,2000,2000,USD,339080,USD,468160,,,,,,,,,,,,,,,,,,,,,,,,,,,,,,,,,,,,,,,,,
,020,POS,"Stock Balance - Jun 14, 2021",lghths-sg,140139051,SAR,140139051,83677193.6000,83677193,83677193.6000,USD,USD,US4642887602,ISIN,US4642887602,Valor,2552726,SARA,000028200389,,,US4642887602,Fund,US/United States of America,iShares U.S. Aerospace & Defense ETF,USD,USD,111.28,2021-06-11,1,2021-06-14,4000,4000,USD,315040,USD,445120,,,,,,,,,,,,,,,,,,,,,,,,,,,,,,,,,,,,,,,,,
,020,POS,"Stock Balance - Jun 14, 2021",lghths-sg,140139062,SAR,140139062,83677193.6000,83677193,83677193.6000,USD,USD,US01609W1027,ISIN,US01609W1027,Valor,24409862,SARA,000123993236,,,US01609W1027,Share,KY/Cayman Islands,Alibaba Group Holding Ltd -ADS- (8 Shs),USD,USD,213.94,2021-06-11,1,2021-06-14,2000,2000,USD,419000,USD,427880,,,,,,,,,,,,,,,,,,,,,,,,,,,,,,,,,,,,,,,,,
,020,POS,"Stock Balance - Jun 14, 2021",lghths-sg,140139064,SAR,140139064,83677193.6000,83677193,83677193.6000,USD,USD,HK0000055555,ISIN,HK0000055555,Valor,10525833,Bloomberg,JFASEAI HK,SARA,000025146326,HK0000055555,Fund,HK/Hong Kong,JPMorgan ASEAN Fund -USD- Capitalisation,USD,USD,152.39,2021-06-10,1,2021-06-14,2025,2025,USD,214751.25,USD,308589.75,,,,,,,,,,,,,,,,,,,,,,,,,,,,,,,,,,,,,,,,,
,020,POS,"Stock Balance - Jun 14, 2021",lghths-sg,140139067,SAR,140139067,83677193.6000,83677193,83677193.6000,USD,USD,LU0792612383,ISIN,LU0792612383,Valor,18819244,SARA,000064234678,,,LU0792612383,Fund,LU/Luxembourg,Franklin Templeton Investment Funds Sicav-India (USD) -W- Capitalisation,USD,USD,26.6,2021-06-11,1,2021-06-14,2040,2040,USD,30763.2,USD,54264,,,,,,,,,,,,,,,,,,,,,,,,,,,,,,,,,,,,,,,,,
,020,POS,"Stock Balance - Jun 14, 2021",lghths-sg,140139073,SAR,140139073,83677193.6000,83677193,83677193.6000,USD,USD,LU0322253229,ISIN,LU0322253229,Valor,3614442,SARA,000023160306,,,LU0322253229,Fund,LU/Luxembourg,Xtrackers Sicav- S&P Global Infrastructure Swap UCITS ETF (USD) -1C- Capitalisation,CHF,USD,51.175,2021-06-14,1,2021-06-14,2130,2130,USD,80695.05,USD,109002.75,,,,,,,,,,,,,,2007-10-31,,,,,,,,,,,,,,,,,,,,,,,,,,,0.8991
,020,POS,"Stock Balance - Jun 14, 2021",lghths-sg,140139076,SAR,140139076,83677193.6000,83677193,83677193.6000,USD,USD,US26210C1045,ISIN,US26210C1045,Valor,40655183,Bloomberg,DBX UW,SARA,000134248881,US26210C1045,Share,US/United States of America,Dropbox Inc -A-,USD,USD,29.52,2021-06-11,1,2021-06-14,2296,2296,USD,44037.28,USD,67777.92,,,,,,,,,,,,,,,,,,,,,,,,,,,,,,,,,,,,,,,,,
,020,POS,"Stock Balance - Jun 14, 2021",lghths-sg,140139086,SAR,140139086,83677193.6000,83677193,83677193.6000,USD,USD,IE00B57X3V84,ISIN,IE00B57X3V84,Valor,12592831,SARA,000125565434,,,IE00B57X3V84,Fund,IE/Ireland,iShares II Plc-Dow Jones Global Sustainability Screened UCITS ETF (USD) Capitalisation,EUR,USD,59.215,2021-06-14,1,2021-06-14,3715,3715,USD,146092.38,USD,219983.73,,,,,,,,,,,,,,,,,,,,,,,,,,,,,,,,,,,,,,,,,0.824787
,020,POS,"Stock Balance - Jun 14, 2021",lghths-sg,140139092,SAR,140139092,83677193.6000,83677193,83677193.6000,USD,USD,IE00BKM4GZ66,ISIN,IE00BKM4GZ66,Valor,24209517,SARA,000123910804,,,IE00BKM4GZ66,Fund,IE/Ireland,iShares Plc- Core MSCI Emerging Markets IMI UCITS (USD) Capitalisation,USD,USD,38.82,2021-06-14,1,2021-06-14,3840,3840,USD,92505.6,USD,149068.8,,,,,,,,,,,,,,,,,,,,,,,,,,,,,,,,,,,,,,,,,
,020,POS,"Stock Balance - Jun 14, 2021",lghths-sg,140139111,SAR,140139111,83677193.6000,83677193,83677193.6000,USD,USD,US2546871060,ISIN,US2546871060,Valor,984192,Bloomberg,DIS US,SARA,000000421596,US2546871060,Share,US/United States of America,Walt Disney Company,USD,USD,178.18,2021-06-11,1,2021-06-14,4000,4000,USD,426520,USD,712720,,,,,,,,,,,,,,,,,,,,,,,,,,,,,,,,,,,,,,,,,
,020,POS,"Stock Balance - Jun 14, 2021",lghths-sg,140139114,SAR,140139114,83677193.6000,83677193,83677193.6000,USD,USD,IE00BM67HK77,ISIN,IE00BM67HK77,Valor,31660585,SARA,000127521739,,,IE00BM67HK77,Fund,IE/Ireland,Xtrackers (IE) Plc- MSCI World Health Care UCITS ETF (USD) -1C- Capitalisation,USD,USD,46.73,2021-06-14,1,2021-06-14,4900,4900,USD,181790,USD,228977,,,,,,,,,,,,,,,,,,,,,,,,,,,,,,,,,,,,,,,,,
,020,POS,"Stock Balance - Jun 14, 2021",lghths-sg,140139129,SAR,140139129,83677193.6000,83677193,83677193.6000,USD,USD,US9229087104,ISIN,US9229087104,Valor,1156931,SARA,000129754681,,,US9229087104,Fund,US/United States of America,Vanguard 500 Index Fund (EUR) -Admiral- Distribution,USD,USD,392.35,2021-06-10,1,2021-06-14,5290,5290,USD,1404918.2,USD,2075531.5,,,,,,,,,,,,,,,,,,,,,,,,,,,,,,,,,,,,,,,,,
,020,POS,"Stock Balance - Jun 14, 2021",lghths-sg,140139136,SAR,140139136,83677193.6000,83677193,83677193.6000,USD,USD,US5949181045,ISIN,US5949181045,Valor,951692,Bloomberg,MSFT US,SARA,000000420853,US5949181045,Share,US/United States of America,Microsoft Corp,USD,USD,259.89,2021-06-11,1,2021-06-14,5858,5858,USD,1046238.8,USD,1522435.62,,,,,,,,,,,,,,,,,,,,,,,,,,,,,,,,,,,,,,,,,
,020,POS,"Stock Balance - Jun 14, 2021",lghths-sg,140139137,SAR,140139137,83677193.6000,83677193,83677193.6000,USD,USD,LU0292454872,ISIN,LU0292454872,Valor,3031842,SARA,000023844172,,,LU0292454872,Fund,LU/Luxembourg,JPMorgan Funds Sicav- US Select Equity Plus (USD) -A- Capitalisation,USD,USD,35.19,2021-06-14,1,2021-06-14,6000,6000,USD,138300,USD,211140,,,,,,,,,,,,,,,,,,,,,,,,,,,,,,,,,,,,,,,,,
,020,POS,"Stock Balance - Jun 14, 2021",lghths-sg,140139140,SAR,140139140,83677193.6000,83677193,83677193.6000,USD,USD,IE00B1TXHL60,ISIN,IE00B1TXHL60,Valor,3007862,SARA,000025595322,,,IE00B1TXHL60,Fund,IE/Ireland,iShares II Plc- Listed Private Equity UCITS ETF (USD),USD,USD,30.005,2021-06-14,1,2021-06-14,6060,6060,USD,103383.6,USD,181830.3,,,,,,,,,,,,,,,,,,,,,,,,,,,,,,,,,,,,,,,,,
,020,POS,"Stock Balance - Jun 14, 2021",lghths-sg,140139148,SAR,140139148,83677193.6000,83677193,83677193.6000,USD,USD,LU1169991020,ISIN,LU1169991020,Valor,27210766,SARA,000129193698,,,LU1169991020,Fund,LU/Luxembourg,Janus Henderson Horizon Fund Sicav- Pan European Smaller Companies (USD) -A2- Capitalisation,USD,USD,61.95,2021-06-14,1,2021-06-14,6290,6290,USD,201594.5,USD,389665.5,,,,,,,,,,,,,,,,,,,,,,,,,,,,,,,,,,,,,,,,,
,020,POS,"Stock Balance - Jun 14, 2021",lghths-sg,140139155,SAR,140139155,83677193.6000,83677193,83677193.6000,USD,USD,IE00BYZK4552,ISIN,IE00BYZK4552,Valor,33305410,SARA,000130065573,,,IE00BYZK4552,Fund,IE/Ireland,iShares IV Plc- Automation & Robotics UCITS ETF,USD,USD,12.75,2021-06-14,1,2021-06-14,7650,7650,USD,54544.5,USD,97537.5,,,,,,,,,,,,,,,,,,,,,,,,,,,,,,,,,,,,,,,,,
,020,POS,"Stock Balance - Jun 14, 2021",lghths-sg,140139159,SAR,140139159,83677193.6000,83677193,83677193.6000,USD,USD,LU0943300680,ISIN,LU0943300680,Valor,21607506,SARA,000101207542,,,LU0943300680,Fund,LU/Luxembourg,Schroder International Selection Fund Sicav- Japanese Opportunities (USD) -A- hedged Capitalisation,USD,USD,21.0737,2021-06-14,1,2021-06-14,8020,8020,USD,117387.94,USD,169011.07,,,,,,,,,,,,,,,,,,,,,,,,,,,,,,,,,,,,,,,,,
,020,POS,"Stock Balance - Jun 14, 2021",lghths-sg,140139168,SAR,140139168,83677193.6000,83677193,83677193.6000,USD,USD,IE00BM67HL84,ISIN,IE00BM67HL84,Valor,31660574,SARA,000127521738,,,IE00BM67HL84,Fund,IE/Ireland,Xtrackers (IE) Plc- MSCI World Financials UCITS ETF (USD) -1C- Capitalisation,USD,USD,24.62,2021-06-14,1,2021-06-14,8250,8250,USD,119026.88,USD,203115,,,,,,,,,,,,,,,,,,,,,,,,,,,,,,,,,,,,,,,,,
,020,POS,"Stock Balance - Jun 14, 2021",lghths-sg,140139173,SAR,140139173,83677193.6000,83677193,83677193.6000,USD,USD,LU1184092051,ISIN,LU1184092051,Valor,27165551,SARA,000133521479,,,LU1184092051,Fund,LU/Luxembourg,Xtrackers Sicav-MSCI Europe UCITS ETF (USD) -2C- Capitalisation,USD,USD,13.205,2021-06-14,1,2021-06-14,9530,9530,USD,89057.85,USD,125843.65,,,,,,,,,,,,,,,,,,,,,,,,,,,,,,,,,,,,,,,,,
,020,POS,"Stock Balance - Jun 14, 2021",lghths-sg,140139178,SAR,140139178,83677193.6000,83677193,83677193.6000,USD,USD,LU0490618542,ISIN,LU0490618542,Valor,11138249,SARA,000028122252,,,LU0490618542,Fund,LU/Luxembourg,Xtrackers Sicav-S&P 500 Swap UCITS ETF (USD) -1C- Capitalisation,EUR,USD,80.22,2021-06-14,1,2021-06-14,9765,9765,USD,521503.73,USD,783348.3,,,,,,,,,,,,,,,,,,,,,,,,,,,,,,,,,,,,,,,,,0.824787
,020,POS,"Stock Balance - Jun 14, 2021",lghths-sg,140139183,SAR,140139183,83677193.6000,83677193,83677193.6000,USD,USD,LU0927735406,ISIN,LU0927735406,Valor,21557276,SARA,000110737610,,,LU0927735406,Fund,LU/Luxembourg,Xtrackers Sicav-MSCI Japan UCITS ETF (USD) -2D- Distribution,USD,USD,26.69,2021-06-14,1,2021-06-14,10680,10680,USD,212291.7,USD,285049.2,,,,,,,,,,,,,,,,,,,,,,,,,,,,,,,,,,,,,,,,,
,020,POS,"Stock Balance - Jun 14, 2021",lghths-sg,140139191,SAR,140139191,83677193.6000,83677193,83677193.6000,USD,EUR,IE00BG7PJ914,ISIN,IE00BG7PJ914,Valor,45464924,SARA,000137710631,,,IE00BG7PJ914,Fund,IE/Ireland,Barings Investment Funds Plc- Europe Select (EUR) -B- Unhedged Distribution,EUR,EUR,62.29,2021-06-14,1,2021-06-14,12000,12000,EUR,495120,EUR,747480,,,,,,USD,537174.01,,,,,USD,906270.91,,,,,,,,,,,,,,,,,,,,,,,,,,,,
,020,POS,"Stock Balance - Jun 14, 2021",lghths-sg,140139212,SAR,140139212,83677193.6000,83677193,83677193.6000,USD,USD,US33734X8469,ISIN,US33734X8469,Valor,28549941,SARA,000125850193,,,US33734X8469,Fund,US/United States of America,First Trust NASDAQ Cybersecurity ETF,USD,USD,46.25,2021-06-11,1,2021-06-14,18000,18000,USD,512820,USD,832500,,,,,,,,,,,,,,,,,,,,,,,,,,,,,,,,,,,,,,,,,
,020,POS,"Stock Balance - Jun 14, 2021",lghths-sg,140139216,SAR,140139216,83677193.6000,83677193,83677193.6000,USD,USD,US0846707026,ISIN,US0846707026,Valor,10926529,Bloomberg,BRK/B US,SARA,000025610650,US0846707026,Share,US/United States of America,Berkshire Hathaway Inc -B-,USD,USD,283.53,2021-06-11,1,2021-06-14,18425,18425,USD,3522860,USD,5224040.25,,,,,,,,,,,,,,,,,,,,,,,,,,,,,,,,,,,,,,,,,
,020,POS,"Stock Balance - Jun 14, 2021",lghths-sg,140139230,SAR,140139230,83677193.6000,83677193,83677193.6000,USD,EUR,LU0260085492,ISIN,LU0260085492,Valor,2707263,SARA,000031523329,,,LU0260085492,Fund,LU/Luxembourg,The Jupiter Global Fund Sicav- European Growth  (EUR) -L- Capitalisation,EUR,EUR,46.84,2021-06-14,1,2021-06-14,21198,21198,EUR,774998.88,EUR,992914.32,,,,,,USD,840824.96,,,,,USD,1203844.07,,,,,,,,,,,,,,,,,,,,,,,,,,,,
,020,POS,"Stock Balance - Jun 14, 2021",lghths-sg,140139244,SAR,140139244,83677193.6000,83677193,83677193.6000,USD,USD,IE00BYZK4669,ISIN,IE00BYZK4669,Valor,33305420,SARA,000130065572,,,IE00BYZK4669,Fund,IE/Ireland,iShares IV Plc- Ageing Population UCITS ETF,USD,USD,8.055,2021-06-14,1,2021-06-14,24325,24325,USD,119496.56,USD,195937.88,,,,,,,,,,,,,,,,,,,,,,,,,,,,,,,,,,,,,,,,,
,020,POS,"Stock Balance - Jun 14, 2021",lghths-sg,140139248,SAR,140139248,83677193.6000,83677193,83677193.6000,USD,USD,US33738R6053,ISIN,US33738R6053,Valor,23632392,SARA,000106789452,,,US33738R6053,Fund,US/United States of America,First Trust Dorsey Wright Focus 5 ETF,USD,USD,46.92,2021-06-11,1,2021-06-14,26823,26823,USD,777330.54,USD,1258535.16,,,,,,,,,,,,,,,,,,,,,,,,,,,,,,,,,,,,,,,,,
,020,POS,"Stock Balance - Jun 14, 2021",lghths-sg,140139252,SAR,140139252,83677193.6000,83677193,83677193.6000,USD,USD,US0846491027,ISIN,US0846491027,Valor,839013,SARA,000138882563,,,US0846491027,Fund,US/United States of America,Berkshire Funds (USD) Distribution,USD,USD,40.57,2021-06-10,1,2021-06-14,27201.632,27201.632,USD,774974.5,USD,1103570.21,,,,,,,,,,,,,,,,,,,,,,,,,,,,,,,,,,,,,,,,,
,020,POS,"Stock Balance - Jun 14, 2021",lghths-sg,140150219,SAR,140150219,83677193.6000,83677193,83677193.6000,USD,USD,US88032Q1094,ISIN,US88032Q1094,Valor,4752662,SARA,000028344274,,,US88032Q1094,Share,KY/Cayman Islands,Tencent Holdings Ltd -ADR-,USD,USD,77.16,2021-06-14,1,2021-06-14,6480,6480,USD,339228,USD,499996.8,,,,,,,,,,,,,,,,,,,,,,,,,,,,,,,,,,,,,,,,,
,020,POS,"Stock Balance - Jun 14, 2021",lghths-sg,140158326,SAR,140158326,83677193.6000,83677193,83677193.6000,USD,USD,US36847Q1031,ISIN,US36847Q1031,Valor,10712481,SARA,000131633808,,,US36847Q1031,Share,KY/Cayman Islands,Geely Automobile Holdings Ltd -ADR- (20 Shs),USD,USD,57.1,2021-06-11,1,2021-06-14,6240,6240,USD,187636.8,USD,356304,,,,,,,,,,,,,,,,,,,,,,,,,,,,,,,,,,,,,,,,,
,020,POS,"Stock Balance - Jun 14, 2021",lghths-sg,140766940,SAR,140766940,83677193.6000,83677193,83677193.6000,USD,USD,US00214Q1040,ISIN,US00214Q1040,Valor,25949494,SARA,000132130108,,,US00214Q1040,Fund,US/United States of America,ARK Innovation ETF,USD,USD,118.33,2021-06-11,1,2021-06-14,3090,3090,USD,257562.52,USD,365639.7,,,,,,,,,,,,,,,,,,,,,,,,,,,,,,,,,,,,,,,,,
,020,POS,"Cash Balance - Jun 14, 2021",lghths-sg,137675912,SAR,137675912,83663293.6000,83663293,83663293.4004/INR/KK,USD,INR,INR,,,,,,,,,,Cash,,,,,,,,2021-06-14,,,INR,0,,,,CURRENCY,INR,portfolioID,83663293.6000,USD,0,,,,,,,,,,,,,,,,,,,,,,,,,,,,,,,,,,
