tkn,m2xmlReleaseNo,mvmtHdr.@mvmtTp,mvmtHdr.cmt,mvmtSrc.ctlr,mvmtSrc.ctlrMvmtRef,posSrc.extSys,posSrc.ref,hldPos.hldId.ptfl,hldPos.hldId.ctlrOwnr,hldPos.hldId.ctlrAcct,hldPos.hldId.ownrRefCcy,hldPos.hldId.ccy,hldPos.hldId.asst,hldPos.hldId.asstIDs.asstRef.@refType,hldPos.hldId.asstIDs.asstRef.#text,hldPos.hldId.asstDetail.type,hldPos.effDt,hldPos.posAmt.@ccy,hldPos.posAmt.#text,hldPos.posAmtRefCcy.@ccy,hldPos.posAmtRefCcy.#text,hldPos.vrfyInd,hldPos.addInfo.@infoType,hldPos.addInfo.#text,hldPos.hldId.asstDetail.desc,hldPos.hldId.asstDetail.asstMnyMktDetails.mnyMktType,hldPos.hldId.asstDetail.asstMnyMktDetails.mnyMktTerm.@termType,hldPos.hldId.asstDetail.asstMnyMktDetails.mnyMktTerm.#text,hldPos.hldId.asstDetail.asstMnyMktDetails.mnyMktAmt.@ccy,hldPos.hldId.asstDetail.asstMnyMktDetails.mnyMktAmt.#text,hldPos.hldId.asstDetail.asstMnyMktDetails.intRate,hldPos.hldId.asstDetail.asstMnyMktDetails.mnyMktRef,hldPos.hldId.asstDetail.asstMnyMktDetails.mnyMktName,hldPos.hldId.asstDetail.asstMnyMktDetails.matDate,hldPos.hldId.asstDetail.asstMnyMktDetails.startDate,hldPos.accrAmt.@ccy,hldPos.accrAmt.#text,hldPos.accrAmtRefCcy.@ccy,hldPos.accrAmtRefCcy.#text,hldPos.hldId.asstDetail.cntry,hldPos.hldId.asstDetail.issueCcy,hldPos.hldId.asstDetail.latestPrc.@ccy,hldPos.hldId.asstDetail.latestPrc.#text,hldPos.hldId.asstDetail.latestPrcDate,hldPos.hldId.asstDetail.prcFactor,hldPos.hldId.asstDetail.asstDerivDetails.contractSize,hldPos.hldId.asstDetail.asstDerivDetails.strike,hldPos.hldId.asstDetail.asstDerivDetails.expDate,hldPos.hldId.asstDetail.asstDerivDetails.putCallInd,hldPos.hldId.asstDetail.asstDerivDetails.underlyingAsstIDs.asstRef.@refType,hldPos.hldId.asstDetail.asstDerivDetails.underlyingAsstIDs.asstRef.#text,hldPos.hldId.asstDetail.asstDerivDetails.underlyingAsstDesc,hldPos.hldId.asstDetail.asstDerivDetails.underlyingAsstType,hldPos.hldId.asstDetail.asstDerivDetails.longShortInd,hldPos.posnQty,hldPos.settQty,hldPos.srcMktValAmt.@ccy,hldPos.srcMktValAmt.#text,hldPos.hldId.asstIDs.asstRef.0.@refType,hldPos.hldId.asstIDs.asstRef.0.#text,hldPos.hldId.asstIDs.asstRef.1.@refType,hldPos.hldId.asstIDs.asstRef.1.#text,hldPos.hldId.asstIDs.asstRef.2.@refType,hldPos.hldId.asstIDs.asstRef.2.#text,hldPos.hldId.asstDetail.isin,hldPos.hldId.asstDetail.issueDate,hldPos.hldId.asstDetail.asstBondDetails.matDate,hldPos.hldId.asstDetail.asstBondDetails.intRate,hldPos.hldId.asstDetail.asstBondDetails.calcBasis,hldPos.hldId.asstDetail.asstBondDetails.intFreq,hldPos.hldId.asstDetail.asstBondDetails.intDate,hldPos.hldId.asstDetail.asstBondDetails.intCcy,hldPos.hldId.asstDetail.asstBondDetails.rating,hldPos.hldId.asstIDs.asstRef.3.@refType,hldPos.hldId.asstIDs.asstRef.3.#text,hldPos.hldId.asstDetail.issueCcyExchRt,hldPos.srcMktValAmtRefCcy.@ccy,hldPos.srcMktValAmtRefCcy.#text
,020,POS,"Cash Balance - May 17, 2021",lghths-sg,140996046,SAR,140996046,83667931.6000,83667931,83667931.4004/MYR/KK,USD,MYR,MYR,CURRENCY,MYR,Cash,2021-05-17,MYR,0,USD,0,,portfolioID,83667931.6000,,,,,,,,,,,,,,,,,,,,,,,,,,,,,,,,,,,,,,,,,,,,,,,,,,,,,,
,020,POS,"Cash Balance - May 17, 2021",lghths-sg,140996118,SAR,140996118,83667931.6000,83667931,83667931.4005/XAU/METALL,USD,XAU,XAU,CURRENCY,XAU,Cash,2021-05-17,XAU,8,USD,14913.16,,portfolioID,83667931.6000,,,,,,,,,,,,,,,,,,,,,,,,,,,,,,,,,,,,,,,,,,,,,,,,,,,,,,
,020,POS,"Cash Balance - May 17, 2021",lghths-sg,139090240,SAR,139090240,83676187.6000,83676187,83676187.4000/USD/KK,USD,USD,USD,CURRENCY,USD,Cash,2021-05-17,USD,156112.2,,,,portfolioID,83676187.6000,,,,,,,,,,,,,,,,,,,,,,,,,,,,,,,,,,,,,,,,,,,,,,,,,,,,,,
,020,POS,"Cash Balance - May 17, 2021",lghths-sg,139983859,SAR,139983859,83676187.6000,83676187,83676187.4001/GBP/KK,USD,GBP,GBP,CURRENCY,GBP,Cash,2021-05-17,GBP,0,USD,0,,portfolioID,83676187.6000,,,,,,,,,,,,,,,,,,,,,,,,,,,,,,,,,,,,,,,,,,,,,,,,,,,,,,
,020,POS,"Cash Balance - May 17, 2021",lghths-sg,140065110,SAR,140065110,83677193.6000,83677193,83677193.4000/USD/KK,USD,USD,USD,CURRENCY,USD,Cash,2021-05-17,USD,0,,,,portfolioID,83677193.6000,,,,,,,,,,,,,,,,,,,,,,,,,,,,,,,,,,,,,,,,,,,,,,,,,,,,,,
,020,POS,"Cash Balance - May 17, 2021",lghths-sg,140249746,SAR,140249746,83677193.6000,83677193,83677193.4001/EUR/KK,USD,EUR,EUR,CURRENCY,EUR,Cash,2021-05-17,EUR,-0.57,USD,-0.69,,portfolioID,83677193.6000,,,,,,,,,,,,,,,,,,,,,,,,,,,,,,,,,,,,,,,,,,,,,,,,,,,,,,
,020,POS,"Cash Balance - May 17, 2021",lghths-sg,140257966,SAR,140257966,83677193.6000,83677193,83677193.4002/HKD/KK,USD,HKD,HKD,CURRENCY,HKD,Cash,2021-05-17,HKD,11838.32,USD,1524.27,,portfolioID,83677193.6000,,,,,,,,,,,,,,,,,,,,,,,,,,,,,,,,,,,,,,,,,,,,,,,,,,,,,,
,020,POS,"Loan Balance - May 17, 2021",lghths-sg,141444043,SAR,141444043,83667931.6000,83667931,83667931,USD,EUR,EUR,CURRENCY,EUR,MoneyMarket,2021-05-17,EUR,-100050.8,USD,-121512.9,,portfolioID,83667931.6000,EUR Fixed Loan,Loan,Fixed,2021-07-14,EUR,-100050.8,0.9,141444043,s/t Fixed Advance Fix EUR 0.9% 14.10.2020-14.07.,2021-07-14,2020-10-14,EUR,-537.77,USD,-653.13,,,,,,,,,,,,,,,,,,,,,,,,,,,,,,,,,,,,,,,
,020,POS,"Loan Balance - May 17, 2021",lghths-sg,143468184,SAR,143468184,83676187.6000,83676187,83676187,USD,GBP,GBP,CURRENCY,GBP,MoneyMarket,2021-05-17,GBP,-200499.16,USD,-283092.38,,portfolioID,83676187.6000,GBP Fixed Loan,Loan,Fixed,2021-06-14,GBP,-200499.16,1.0,143468184,s/t Fixed Advance Fix GBP 1% 17.05.2021-14.06.20,2021-06-14,2021-05-17,,,,,,,,,,,,,,,,,,,,,,,,,,,,,,,,,,,,,,,,,,,
,020,POS,"Loan Balance - May 17, 2021",lghths-sg,143480371,SAR,143480371,83677193.6000,83677193,83677193,USD,USD,USD,CURRENCY,USD,MoneyMarket,2021-05-17,USD,-719771.65,,,,portfolioID,83677193.6000,USD Fixed Loan,Loan,Fixed,2021-06-17,USD,-719771.65,0.4,143480371,s/t Fixed Advance Fix USD 0.4% 17.05.2021-17.06.,2021-06-17,2021-05-17,,,,,,,,,,,,,,,,,,,,,,,,,,,,,,,,,,,,,,,,,,,
,020,POS,"Stock Balance - May 17, 2021",lghths-sg,143374729,SAR,143374729,83663279.6000,83663279,83663279.6000,USD,USD,000143125565,SARA,000143125565,Option,2021-05-17,USD,-1886,,,,,,Facebook Inc Put 16.07.2021 280 (FB US),,,,,,,,,,,,,,,US/United States of America,USD,USD,4.05,2021-05-14,100,100,280,2021-07-16,P,ISIN,US30303M1027,Facebook Inc -A-,Share,S,-7,-7,USD,-2835,,,,,,,,,,,,,,,,,,,,
,020,POS,"Cash Balance - May 17, 2021",lghths-sg,135910790,SAR,135910790,83667931.6000,83667931,83667931.4002/EUR/KK,USD,EUR,EUR,CURRENCY,EUR,Cash,2021-05-17,EUR,0,USD,0,,portfolioID,83667931.6000,,,,,,,,,,,,,,,,,,,,,,,,,,,,,,,,,,,,,,,,,,,,,,,,,,,,,,
,020,POS,"Cash Balance - May 17, 2021",lghths-sg,140258097,SAR,140258097,83667931.6000,83667931,83667931.4003/SGD/KK,USD,SGD,SGD,CURRENCY,SGD,Cash,2021-05-17,SGD,1280.45,USD,958.77,,portfolioID,83667931.6000,,,,,,,,,,,,,,,,,,,,,,,,,,,,,,,,,,,,,,,,,,,,,,,,,,,,,,
,020,POS,"Stock Balance - May 17, 2021",lghths-sg,139402910,SAR,139402910,83676187.6000,83676187,83676187.6000,USD,USD,IE00BL3HR700,,,Warrant,2021-05-17,,,,,,,,Weatherford International Ltd Wt.13.12.2023,,,,,,,,,,,,,,,IE/Ireland,USD,USD,0.38,2021-05-14,1,1,99.96,2023-12-13,,ISIN,IE00BLNN3691,Weatherford International Ltd,Share,,271,271,USD,102.98,ISIN,IE00BL3HR700,Valor,51640992,SARA,000139212204,IE00BL3HR700,,,,,,,,,,,,,
,020,POS,"Stock Balance - May 17, 2021",lghths-sg,139402915,SAR,139402915,83676187.6000,83676187,83676187.6000,USD,USD,XS1556165477,,,Bond,2021-05-17,USD,204200,,,,,,5.25% China Water Affairs Group Ltd 2017-2022,,,,,,,,,,,USD,2916.67,,,BM/Bermuda,USD,USD,101.24,2021-05-14,.01,,,,,,,,,,200000,200000,USD,202480,ISIN,XS1556165477,Valor,35513710,SARA,000131042001,XS1556165477,2017-02-07,2022-02-07,5.25,30E/360,2,2017-08-07,USD,BB+,,,,,
,020,POS,"Stock Balance - May 17, 2021",lghths-sg,139402916,SAR,139402916,83676187.6000,83676187,83676187.6000,USD,USD,USG50027AE42,,,Bond,2021-05-17,USD,211600,,,,,,5.625% Jaguar Land Rover Plc Notes 2013-2023 Senior Reg-S,,,,,,,,,,,USD,3312.5,,,GB/United Kingdom,USD,USD,100.295,2021-05-17,.01,,,,,,,,,,200000,200000,USD,200590,ISIN,USG50027AE42,Valor,20549467,SARA,000082521405,USG50027AE42,2013-01-28,2023-02-01,5.625,30E/360,2,2013-08-01,USD,B,,,,,
,020,POS,"Stock Balance - May 17, 2021",lghths-sg,139412744,SAR,139412744,83676187.6000,83676187,83676187.6000,USD,HKD,GB0005405286,,,Share,2021-05-17,HKD,2733628.67,USD,348933.14,,,,HSBC Holdings Plc,,,,,,,,,,,,,,,GB/United Kingdom,GBP,HKD,48.55,2021-05-17,1,,,,,,,,,,38597,38597,HKD,1873884.35,ISIN,GB0005405286,Valor,411161,Bloomberg,0005 HK,GB0005405286,,,,,,,,,SARA,000000415042,0.091192,USD,241276.66
,020,POS,"Stock Balance - May 17, 2021",lghths-sg,139518647,SAR,139518647,83676187.6000,83676187,83676187.6000,USD,USD,CH0400441280,,,Bond,2021-05-17,USD,199250,,,,,,5% UBS Group AG Contingent Convertible Floating Rate Notes  2018-Perpetual Subordinated,,,,,,,,,,,USD,2972.22,,,CH/Switzerland,USD,USD,101.445,2021-05-17,.01,,,,,,,,,,200000,200000,USD,202890,ISIN,CH0400441280,Valor,40044128,SARA,000133807554,CH0400441280,2018-01-31,4712-12-31,5.0,30/360,1,2019-01-31,USD,BB,,,,,
,020,POS,"Stock Balance - May 17, 2021",lghths-sg,140817383,SAR,140817383,83676187.6000,83676187,83676187.6000,USD,USD,KYG7943S1140,,,Fund,2021-05-17,USD,201000,,,,,,SCUBE Investment Management SPC Fixed Income Tactical Opportunities Fund Series 2 -Cash Option-,,,,,,,,,,,,,,,KY/Cayman Islands,USD,USD,1084.44,2021-03-31,1,,,,,,,,,,200,200,USD,216888,ISIN,KYG7943S1140,Valor,55646201,SARA,000140636795,KYG7943S1140,,,,,,,,,,,,,
,020,POS,"Stock Balance - May 17, 2021",lghths-sg,142489528,SAR,142489528,83676187.6000,83676187,83676187.6000,USD,GBP,XS2268319089,,,Bond,2021-05-17,GBP,200000,USD,274629,,,,8% UBS AG London Standard Chartered Plc STR 3.3447 HSBC Holdings Plc STR 2.8810 Callable Fixed Coupon Notes 15.02.2022 Repayment cash or physical,,,,,,,,,,,,,,,GB/United Kingdom,GBP,GBP,102.64,2021-05-14,.01,,,,,,,,,,200000,200000,GBP,205280,ISIN,XS2268319089,Valor,59420676,SARA,000142484926,XS2268319089,2021-02-15,2022-02-22,8.0,,2,2021-08-23,GBP,,,,,USD,289842.63
,020,POS,"Stock Balance - May 17, 2021",lghths-sg,140130807,SAR,140130807,83677193.6000,83677193,83677193.6000,USD,USD,CH0276345995,,,Share,2021-05-17,USD,195252.48,,,,,,Bank J.Safra Sarasin AG Dynamic Sustainable Technology Disruptors Reference Portfolio USD Tracker Cert.2017-Perpetual,,,,,,,,,,,,,,,CH/Switzerland,USD,USD,2162.5861751,2021-05-17,1,,,,,,,,,,136,136,USD,294111.72,ISIN,CH0276345995,Valor,27634599,SARA,000131339805,CH0276345995,2017-03-02,,,,,,,,,,,,
,020,POS,"Stock Balance - May 17, 2021",lghths-sg,140138978,SAR,140138978,83677193.6000,83677193,83677193.6000,USD,USD,US0231351067,,,Share,2021-05-17,USD,92625,,,,,,Amazon.com Inc,,,,,,,,,,,,,,,US/United States of America,USD,USD,3270.39,2021-05-14,1,,,,,,,,,,39,39,USD,127545.21,ISIN,US0231351067,Valor,645156,Bloomberg,AMZN US,US0231351067,,,,,,,,,SARA,000000416730,,,
,020,POS,"Stock Balance - May 17, 2021",lghths-sg,140138985,SAR,140138985,83677193.6000,83677193,83677193.6000,USD,USD,US30303M1027,,,Share,2021-05-17,USD,11112.88,,,,,,Facebook Inc -A-,,,,,,,,,,,,,,,US/United States of America,USD,USD,315.46,2021-05-14,1,,,,,,,,,,62,62,USD,19558.52,ISIN,US30303M1027,Valor,14917609,Bloomberg,FB US,US30303M1027,,,,,,,,,SARA,000031299007,,,
,020,POS,"Stock Balance - May 17, 2021",lghths-sg,140138988,SAR,140138988,83677193.6000,83677193,83677193.6000,USD,USD,US70450Y1038,,,Share,2021-05-17,USD,21475.2,,,,,,PayPal Holdings Inc,,,,,,,,,,,,,,,US/United States of America,USD,USD,244.36,2021-05-14,1,,,,,,,,,,192,192,USD,46917.12,ISIN,US70450Y1038,Valor,28467085,SARA,000125841357,US70450Y1038,,,,,,,,,,,,,
,020,POS,"Stock Balance - May 17, 2021",lghths-sg,140138999,SAR,140138999,83677193.6000,83677193,83677193.6000,USD,HKD,KYG875721634,,,Share,2021-05-17,HKD,122880,USD,15853.34,,,,Tencent Holdings Ltd,,,,,,,,,,,,,,,KY/Cayman Islands,HKD,HKD,600.5,2021-05-17,1,,,,,,,,,,300,300,HKD,180150,ISIN,KYG875721634,Valor,24014323,Bloomberg,700 HK,KYG875721634,,,,,,,,,SARA,000119678126,,USD,23195.66
,020,POS,"Stock Balance - May 17, 2021",lghths-sg,140139006,SAR,140139006,83677193.6000,83677193,83677193.6000,USD,USD,US6936561009,,,Share,2021-05-17,USD,37699.2,,,,,,PVH Corp,,,,,,,,,,,,,,,US/United States of America,USD,USD,116.48,2021-05-14,1,,,,,,,,,,840,840,USD,97843.2,ISIN,US6936561009,Valor,13341368,SARA,000029048907,US6936561009,,,,,,,,,,,,,
,020,POS,"Stock Balance - May 17, 2021",lghths-sg,140139009,SAR,140139009,83677193.6000,83677193,83677193.6000,USD,USD,US88160R1014,,,Share,2021-05-17,USD,737304.42,,,,,,Tesla Inc,,,,,,,,,,,,,,,US/United States of America,USD,USD,576.83,2021-05-14,1,,,,,,,,,,4890,4890,USD,2820698.7,ISIN,US88160R1014,Valor,11448018,Bloomberg,TSLA UW,US88160R1014,,,,,,,,,SARA,000026499970,,,
,020,POS,"Stock Balance - May 17, 2021",lghths-sg,140139010,SAR,140139010,83677193.6000,83677193,83677193.6000,USD,USD,LU1139789298,,,Fund,2021-05-17,USD,36234,,,,,,Ninety One Global Strategy Fund Sicav- All China Equity (USD) -IX- Capitalisation,,,,,,,,,,,,,,,LU/Luxembourg,USD,USD,34.52,2021-05-14,1,,,,,,,,,,1350,1350,USD,46602,ISIN,LU1139789298,Valor,28286186,SARA,000129194049,LU1139789298,,,,,,,,,,,,,
,020,POS,"Stock Balance - May 17, 2021",lghths-sg,140139016,SAR,140139016,83677193.6000,83677193,83677193.6000,USD,USD,LU1076353199,,,Fund,2021-05-17,USD,122683.8,,,,,,Ashmore Sicav- Emerging Markets Short Duration Fund (USD) -Z- Capitalisation,,,,,,,,,,,,,,,LU/Luxembourg,USD,USD,109.44,2021-05-14,1,,,,,,,,,,1460,1460,USD,159782.4,ISIN,LU1076353199,Valor,32859655,SARA,000132418292,LU1076353199,,,,,,,,,,,,,
,020,POS,"Stock Balance - May 17, 2021",lghths-sg,140139032,SAR,140139032,83677193.6000,83677193,83677193.6000,USD,USD,US57636Q1040,,,Share,2021-05-17,USD,415952,,,,,,Mastercard Inc -A-,,,,,,,,,,,,,,,US/United States of America,USD,USD,363.3,2021-05-14,1,,,,,,,,,,1600,1600,USD,581280,ISIN,US57636Q1040,Valor,2282206,Bloomberg,MA UN,US57636Q1040,,,,,,,,,SARA,000005979694,,,
,020,POS,"Stock Balance - May 17, 2021",lghths-sg,140139036,SAR,140139036,83677193.6000,83677193,83677193.6000,USD,USD,LU0599947602,,,Fund,2021-05-17,USD,215169.2,,,,,,DWS Concept Sicav-Kaldemorgen (USD) -LCH- Capitalisation,,,,,,,,,,,,,,,LU/Luxembourg,USD,USD,145.59,2021-05-17,1,,,,,,,,,,1660,1660,USD,241679.4,ISIN,LU0599947602,Valor,18636996,SARA,000119902979,LU0599947602,,,,,,,,,,,,,
,020,POS,"Stock Balance - May 17, 2021",lghths-sg,140139046,SAR,140139046,83677193.6000,83677193,83677193.6000,USD,USD,US92826C8394,,,Share,2021-05-17,USD,339080,,,,,,Visa Inc -A-,,,,,,,,,,,,,,,US/United States of America,USD,USD,226.44,2021-05-14,1,,,,,,,,,,2000,2000,USD,452880,ISIN,US92826C8394,Valor,3826452,Bloomberg,V UN,US92826C8394,,,,,,,,,SARA,000021485316,,,
,020,POS,"Stock Balance - May 17, 2021",lghths-sg,140139051,SAR,140139051,83677193.6000,83677193,83677193.6000,USD,USD,US4642887602,,,Fund,2021-05-17,USD,315040,,,,,,iShares U.S. Aerospace & Defense ETF,,,,,,,,,,,,,,,US/United States of America,USD,USD,105.98,2021-05-14,1,,,,,,,,,,4000,4000,USD,423920,ISIN,US4642887602,Valor,2552726,SARA,000028200389,US4642887602,,,,,,,,,,,,,
,020,POS,"Stock Balance - May 17, 2021",lghths-sg,140139062,SAR,140139062,83677193.6000,83677193,83677193.6000,USD,USD,US01609W1027,,,Share,2021-05-17,USD,419000,,,,,,Alibaba Group Holding Ltd -ADS- (8 Shs),,,,,,,,,,,,,,,KY/Cayman Islands,USD,USD,211.05,2021-05-14,1,,,,,,,,,,2000,2000,USD,422100,ISIN,US01609W1027,Valor,24409862,SARA,000123993236,US01609W1027,,,,,,,,,,,,,
,020,POS,"Stock Balance - May 17, 2021",lghths-sg,140139064,SAR,140139064,83677193.6000,83677193,83677193.6000,USD,USD,HK0000055555,,,Fund,2021-05-17,USD,214751.25,,,,,,JPMorgan ASEAN Fund -USD- Capitalisation,,,,,,,,,,,,,,,HK/Hong Kong,USD,USD,144.95,2021-05-14,1,,,,,,,,,,2025,2025,USD,293523.75,ISIN,HK0000055555,Valor,10525833,Bloomberg,JFASEAI HK,HK0000055555,,,,,,,,,SARA,000025146326,,,
,020,POS,"Stock Balance - May 17, 2021",lghths-sg,140139067,SAR,140139067,83677193.6000,83677193,83677193.6000,USD,USD,LU0792612383,,,Fund,2021-05-17,USD,30763.2,,,,,,Franklin Templeton Investment Funds Sicav-India (USD) -W- Capitalisation,,,,,,,,,,,,,,,LU/Luxembourg,USD,USD,24.76,2021-05-14,1,,,,,,,,,,2040,2040,USD,50510.4,ISIN,LU0792612383,Valor,18819244,SARA,000064234678,LU0792612383,,,,,,,,,,,,,
,020,POS,"Stock Balance - May 17, 2021",lghths-sg,140139073,SAR,140139073,83677193.6000,83677193,83677193.6000,USD,USD,LU0322253229,,,Fund,2021-05-17,USD,80695.05,,,,,,Xtrackers Sicav- S&P Global Infrastructure Swap UCITS ETF (USD) -1C- Capitalisation,,,,,,,,,,,,,,,LU/Luxembourg,CHF,USD,50.15,2021-05-17,1,,,,,,,,,,2130,2130,USD,106819.5,ISIN,LU0322253229,Valor,3614442,SARA,000023160306,LU0322253229,2007-10-31,,,,,,,,,,0.90135,,
,020,POS,"Stock Balance - May 17, 2021",lghths-sg,140139076,SAR,140139076,83677193.6000,83677193,83677193.6000,USD,USD,US26210C1045,,,Share,2021-05-17,USD,44037.28,,,,,,Dropbox Inc -A-,,,,,,,,,,,,,,,US/United States of America,USD,USD,26.1,2021-05-14,1,,,,,,,,,,2296,2296,USD,59925.6,ISIN,US26210C1045,Valor,40655183,Bloomberg,DBX UW,US26210C1045,,,,,,,,,SARA,000134248881,,,
,020,POS,"Stock Balance - May 17, 2021",lghths-sg,140139086,SAR,140139086,83677193.6000,83677193,83677193.6000,USD,USD,IE00B57X3V84,,,Fund,2021-05-17,USD,146092.38,,,,,,iShares II Plc-Dow Jones Global Sustainability Screened UCITS ETF (USD) Capitalisation,,,,,,,,,,,,,,,IE/Ireland,EUR,USD,57.365,2021-05-17,1,,,,,,,,,,3715,3715,USD,213110.98,ISIN,IE00B57X3V84,Valor,12592831,SARA,000125565434,IE00B57X3V84,,,,,,,,,,,0.823376,,
,020,POS,"Stock Balance - May 17, 2021",lghths-sg,140139092,SAR,140139092,83677193.6000,83677193,83677193.6000,USD,USD,IE00BKM4GZ66,,,Fund,2021-05-17,USD,92505.6,,,,,,iShares Plc- Core MSCI Emerging Markets IMI UCITS (USD) Capitalisation,,,,,,,,,,,,,,,IE/Ireland,USD,USD,36.61,2021-05-17,1,,,,,,,,,,3840,3840,USD,140582.4,ISIN,IE00BKM4GZ66,Valor,24209517,SARA,000123910804,IE00BKM4GZ66,,,,,,,,,,,,,
,020,POS,"Stock Balance - May 17, 2021",lghths-sg,140139111,SAR,140139111,83677193.6000,83677193,83677193.6000,USD,USD,US2546871060,,,Share,2021-05-17,USD,426520,,,,,,Walt Disney Company,,,,,,,,,,,,,,,US/United States of America,USD,USD,170.08,2021-05-14,1,,,,,,,,,,4000,4000,USD,680320,ISIN,US2546871060,Valor,984192,Bloomberg,DIS US,US2546871060,,,,,,,,,SARA,000000421596,,,
,020,POS,"Stock Balance - May 17, 2021",lghths-sg,140139114,SAR,140139114,83677193.6000,83677193,83677193.6000,USD,USD,IE00BM67HK77,,,Fund,2021-05-17,USD,181790,,,,,,Xtrackers (IE) Plc- MSCI World Health Care UCITS ETF (USD) -1C- Capitalisation,,,,,,,,,,,,,,,IE/Ireland,USD,USD,45.505,2021-05-17,1,,,,,,,,,,4900,4900,USD,222974.5,ISIN,IE00BM67HK77,Valor,31660585,SARA,000127521739,IE00BM67HK77,,,,,,,,,,,,,
,020,POS,"Stock Balance - May 17, 2021",lghths-sg,140139129,SAR,140139129,83677193.6000,83677193,83677193.6000,USD,USD,US9229087104,,,Fund,2021-05-17,USD,1404918.2,,,,,,Vanguard 500 Index Fund (EUR) -Admiral- Distribution,,,,,,,,,,,,,,,US/United States of America,USD,USD,380.16,2021-05-13,1,,,,,,,,,,5290,5290,USD,2011046.4,ISIN,US9229087104,Valor,1156931,SARA,000129754681,US9229087104,,,,,,,,,,,,,
,020,POS,"Stock Balance - May 17, 2021",lghths-sg,140139136,SAR,140139136,83677193.6000,83677193,83677193.6000,USD,USD,US5949181045,,,Share,2021-05-17,USD,1046238.8,,,,,,Microsoft Corp,,,,,,,,,,,,,,,US/United States of America,USD,USD,245.18,2021-05-14,1,,,,,,,,,,5858,5858,USD,1436264.44,ISIN,US5949181045,Valor,951692,Bloomberg,MSFT US,US5949181045,,,,,,,,,SARA,000000420853,,,
,020,POS,"Stock Balance - May 17, 2021",lghths-sg,140139137,SAR,140139137,83677193.6000,83677193,83677193.6000,USD,USD,LU0292454872,,,Fund,2021-05-17,USD,138300,,,,,,JPMorgan Funds Sicav- US Select Equity Plus (USD) -A- Capitalisation,,,,,,,,,,,,,,,LU/Luxembourg,USD,USD,34.7,2021-05-17,1,,,,,,,,,,6000,6000,USD,208200,ISIN,LU0292454872,Valor,3031842,SARA,000023844172,LU0292454872,,,,,,,,,,,,,
,020,POS,"Stock Balance - May 17, 2021",lghths-sg,140139140,SAR,140139140,83677193.6000,83677193,83677193.6000,USD,USD,IE00B1TXHL60,,,Fund,2021-05-17,USD,103383.6,,,,,,iShares II Plc- Listed Private Equity UCITS ETF (USD),,,,,,,,,,,,,,,IE/Ireland,USD,USD,28.715,2021-05-17,1,,,,,,,,,,6060,6060,USD,174012.9,ISIN,IE00B1TXHL60,Valor,3007862,SARA,000025595322,IE00B1TXHL60,,,,,,,,,,,,,
,020,POS,"Stock Balance - May 17, 2021",lghths-sg,140139148,SAR,140139148,83677193.6000,83677193,83677193.6000,USD,USD,LU1169991020,,,Fund,2021-05-17,USD,201594.5,,,,,,Janus Henderson Horizon Fund Sicav- Pan European Smaller Companies (USD) -A2- Capitalisation,,,,,,,,,,,,,,,LU/Luxembourg,USD,USD,59.34,2021-05-17,1,,,,,,,,,,6290,6290,USD,373248.6,ISIN,LU1169991020,Valor,27210766,SARA,000129193698,LU1169991020,,,,,,,,,,,,,
,020,POS,"Stock Balance - May 17, 2021",lghths-sg,140139155,SAR,140139155,83677193.6000,83677193,83677193.6000,USD,USD,IE00BYZK4552,,,Fund,2021-05-17,USD,54544.5,,,,,,iShares IV Plc- Automation & Robotics UCITS ETF,,,,,,,,,,,,,,,IE/Ireland,USD,USD,11.745,2021-05-17,1,,,,,,,,,,7650,7650,USD,89849.25,ISIN,IE00BYZK4552,Valor,33305410,SARA,000130065573,IE00BYZK4552,,,,,,,,,,,,,
,020,POS,"Stock Balance - May 17, 2021",lghths-sg,140139159,SAR,140139159,83677193.6000,83677193,83677193.6000,USD,USD,LU0943300680,,,Fund,2021-05-17,USD,117387.94,,,,,,Schroder International Selection Fund Sicav- Japanese Opportunities (USD) -A- hedged Capitalisation,,,,,,,,,,,,,,,LU/Luxembourg,USD,USD,20.3462,2021-05-17,1,,,,,,,,,,8020,8020,USD,163176.52,ISIN,LU0943300680,Valor,21607506,SARA,000101207542,LU0943300680,,,,,,,,,,,,,
,020,POS,"Stock Balance - May 17, 2021",lghths-sg,140139168,SAR,140139168,83677193.6000,83677193,83677193.6000,USD,USD,IE00BM67HL84,,,Fund,2021-05-17,USD,119026.88,,,,,,Xtrackers (IE) Plc- MSCI World Financials UCITS ETF (USD) -1C- Capitalisation,,,,,,,,,,,,,,,IE/Ireland,USD,USD,24.7275,2021-05-17,1,,,,,,,,,,8250,8250,USD,204001.88,ISIN,IE00BM67HL84,Valor,31660574,SARA,000127521738,IE00BM67HL84,,,,,,,,,,,,,
,020,POS,"Stock Balance - May 17, 2021",lghths-sg,140139173,SAR,140139173,83677193.6000,83677193,83677193.6000,USD,USD,LU1184092051,,,Fund,2021-05-17,USD,89057.85,,,,,,Xtrackers Sicav-MSCI Europe UCITS ETF (USD) -2C- Capitalisation,,,,,,,,,,,,,,,LU/Luxembourg,USD,USD,12.722,2021-05-17,1,,,,,,,,,,9530,9530,USD,121240.66,ISIN,LU1184092051,Valor,27165551,SARA,000133521479,LU1184092051,,,,,,,,,,,,,
,020,POS,"Stock Balance - May 17, 2021",lghths-sg,140139178,SAR,140139178,83677193.6000,83677193,83677193.6000,USD,USD,LU0490618542,,,Fund,2021-05-17,USD,521503.73,,,,,,Xtrackers Sicav-S&P 500 Swap UCITS ETF (USD) -1C- Capitalisation,,,,,,,,,,,,,,,LU/Luxembourg,EUR,USD,78.53,2021-05-17,1,,,,,,,,,,9765,9765,USD,766845.45,ISIN,LU0490618542,Valor,11138249,SARA,000028122252,LU0490618542,,,,,,,,,,,0.823376,,
,020,POS,"Stock Balance - May 17, 2021",lghths-sg,140139183,SAR,140139183,83677193.6000,83677193,83677193.6000,USD,USD,LU0927735406,,,Fund,2021-05-17,USD,212291.7,,,,,,Xtrackers Sicav-MSCI Japan UCITS ETF (USD) -2D- Distribution,,,,,,,,,,,,,,,LU/Luxembourg,USD,USD,25.405,2021-05-17,1,,,,,,,,,,10680,10680,USD,271325.4,ISIN,LU0927735406,Valor,21557276,SARA,000110737610,LU0927735406,,,,,,,,,,,,,
,020,POS,"Stock Balance - May 17, 2021",lghths-sg,140139191,SAR,140139191,83677193.6000,83677193,83677193.6000,USD,EUR,IE00BG7PJ914,,,Fund,2021-05-17,EUR,495120,USD,537174.01,,,,Barings Investment Funds Plc- Europe Select (EUR) -B- Unhedged Distribution,,,,,,,,,,,,,,,IE/Ireland,EUR,EUR,59.51,2021-05-17,1,,,,,,,,,,12000,12000,EUR,714120,ISIN,IE00BG7PJ914,Valor,45464924,SARA,000137710631,IE00BG7PJ914,,,,,,,,,,,,USD,867307.31
,020,POS,"Stock Balance - May 17, 2021",lghths-sg,140139212,SAR,140139212,83677193.6000,83677193,83677193.6000,USD,USD,US33734X8469,,,Fund,2021-05-17,USD,512820,,,,,,First Trust NASDAQ Cybersecurity ETF,,,,,,,,,,,,,,,US/United States of America,USD,USD,42.65,2021-05-14,1,,,,,,,,,,18000,18000,USD,767700,ISIN,US33734X8469,Valor,28549941,SARA,000125850193,US33734X8469,,,,,,,,,,,,,
,020,POS,"Stock Balance - May 17, 2021",lghths-sg,140139216,SAR,140139216,83677193.6000,83677193,83677193.6000,USD,USD,US0846707026,,,Share,2021-05-17,USD,3522860,,,,,,Berkshire Hathaway Inc -B-,,,,,,,,,,,,,,,US/United States of America,USD,USD,289.22,2021-05-14,1,,,,,,,,,,18425,18425,USD,5328878.5,ISIN,US0846707026,Valor,10926529,Bloomberg,BRK/B US,US0846707026,,,,,,,,,SARA,000025610650,,,
,020,POS,"Stock Balance - May 17, 2021",lghths-sg,140139223,SAR,140139223,83677193.6000,83677193,83677193.6000,USD,HKD,KYG3777B1032,,,Share,2021-05-17,HKD,228735,USD,29510.21,,,,Geely Automobile Holdings Ltd,,,,,,,,,,,,,,,KY/Cayman Islands,HKD,HKD,18.24,2021-05-17,1,,,,,,,,,,19550,19550,HKD,356592,ISIN,KYG3777B1032,Valor,1812980,Bloomberg,175 HK,KYG3777B1032,,,,,,,,,SARA,000024785919,,USD,45913.89
,020,POS,"Stock Balance - May 17, 2021",lghths-sg,140139230,SAR,140139230,83677193.6000,83677193,83677193.6000,USD,EUR,LU0260085492,,,Fund,2021-05-17,EUR,774998.88,USD,840824.96,,,,The Jupiter Global Fund Sicav- European Growth  (EUR) -L- Capitalisation,,,,,,,,,,,,,,,LU/Luxembourg,EUR,EUR,44.31,2021-05-17,1,,,,,,,,,,21198,21198,EUR,939283.38,ISIN,LU0260085492,Valor,2707263,SARA,000031523329,LU0260085492,,,,,,,,,,,,USD,1140770.94
,020,POS,"Stock Balance - May 17, 2021",lghths-sg,140139244,SAR,140139244,83677193.6000,83677193,83677193.6000,USD,USD,IE00BYZK4669,,,Fund,2021-05-17,USD,119496.56,,,,,,iShares IV Plc- Ageing Population UCITS ETF,,,,,,,,,,,,,,,IE/Ireland,USD,USD,7.7975,2021-05-17,1,,,,,,,,,,24325,24325,USD,189674.19,ISIN,IE00BYZK4669,Valor,33305420,SARA,000130065572,IE00BYZK4669,,,,,,,,,,,,,
,020,POS,"Stock Balance - May 17, 2021",lghths-sg,140139248,SAR,140139248,83677193.6000,83677193,83677193.6000,USD,USD,US33738R6053,,,Fund,2021-05-17,USD,777330.54,,,,,,First Trust Dorsey Wright Focus 5 ETF,,,,,,,,,,,,,,,US/United States of America,USD,USD,45.44,2021-05-14,1,,,,,,,,,,26823,26823,USD,1218837.12,ISIN,US33738R6053,Valor,23632392,SARA,000106789452,US33738R6053,,,,,,,,,,,,,
,020,POS,"Stock Balance - May 17, 2021",lghths-sg,140139252,SAR,140139252,83677193.6000,83677193,83677193.6000,USD,USD,US0846491027,,,Fund,2021-05-17,USD,774974.5,,,,,,Berkshire Funds (USD) Distribution,,,,,,,,,,,,,,,US/United States of America,USD,USD,35.42,2021-05-13,1,,,,,,,,,,27201.632,27201.632,USD,963481.81,ISIN,US0846491027,Valor,839013,SARA,000138882563,US0846491027,,,,,,,,,,,,,
,020,POS,"Stock Balance - May 17, 2021",lghths-sg,140150219,SAR,140150219,83677193.6000,83677193,83677193.6000,USD,USD,US88032Q1094,,,Share,2021-05-17,USD,339228,,,,,,Tencent Holdings Ltd -ADR-,,,,,,,,,,,,,,,KY/Cayman Islands,USD,USD,78.08,2021-05-17,1,,,,,,,,,,6480,6480,USD,505958.4,ISIN,US88032Q1094,Valor,4752662,SARA,000028344274,US88032Q1094,,,,,,,,,,,,,
,020,POS,"Stock Balance - May 17, 2021",lghths-sg,140158326,SAR,140158326,83677193.6000,83677193,83677193.6000,USD,USD,US36847Q1031,,,Share,2021-05-17,USD,187636.8,,,,,,Geely Automobile Holdings Ltd -ADR- (20 Shs),,,,,,,,,,,,,,,KY/Cayman Islands,USD,USD,47.25,2021-05-14,1,,,,,,,,,,6240,6240,USD,294840,ISIN,US36847Q1031,Valor,10712481,SARA,000131633808,US36847Q1031,,,,,,,,,,,,,
,020,POS,"Stock Balance - May 17, 2021",lghths-sg,140766940,SAR,140766940,83677193.6000,83677193,83677193.6000,USD,USD,US00214Q1040,,,Fund,2021-05-17,USD,257562.52,,,,,,ARK Innovation ETF,,,,,,,,,,,,,,,US/United States of America,USD,USD,103.31,2021-05-14,1,,,,,,,,,,3090,3090,USD,319227.9,ISIN,US00214Q1040,Valor,25949494,SARA,000132130108,US00214Q1040,,,,,,,,,,,,,
,020,POS,"Stock Balance - May 17, 2021",lghths-sg,140774543,SAR,140774543,83677193.6000,83677193,83677193.6000,USD,USD,US7429351254,,,Fund,2021-05-17,USD,502675.01,,,,,,Professionally Managed Portfolios Akre Focus Fund (USD) -Institutional- Distribution,,,,,,,,,,,,,,,US/United States of America,USD,USD,61.43,2021-04-28,1,,,,,,,,,,9904.913,9904.913,USD,608458.81,ISIN,US7429351254,Valor,10507151,SARA,000140770052,US7429351254,,,,,,,,,,,,,
,020,POS,"Stock Balance - May 17, 2021",lghths-sg,140973259,SAR,140973259,83677193.6000,83677193,83677193.6000,USD,USD,US1729674242,,,Share,2021-05-17,USD,266076.37,,,,,,Citigroup Inc,,,,,,,,,,,,,,,US/United States of America,USD,USD,77.42,2021-05-14,1,,,,,,,,,,5000,5000,USD,387100,ISIN,US1729674242,Valor,12915350,Bloomberg,C US,US1729674242,,,,,,,,,SARA,000028584584,,,
,020,POS,"Stock Balance - May 17, 2021",lghths-sg,140973283,SAR,140973283,83677193.6000,83677193,83677193.6000,USD,USD,US0605051046,,,Share,2021-05-17,USD,268430.14,,,,,,Bank of America Corp,,,,,,,,,,,,,,,US/United States of America,USD,USD,42.74,2021-05-14,1,,,,,,,,,,10000,10000,USD,427400,ISIN,US0605051046,Valor,748628,Bloomberg,BAC UN,US0605051046,,,,,,,,,SARA,000000418117,,,
,020,POS,"Cash Balance - May 17, 2021",lghths-sg,125369911,SAR,125369911,81042621.6000,81042621,81042621.4000/USD/KK,USD,USD,USD,CURRENCY,USD,Cash,2021-05-17,USD,0,,,,portfolioID,81042621.6000,,,,,,,,,,,,,,,,,,,,,,,,,,,,,,,,,,,,,,,,,,,,,,,,,,,,,,
,020,POS,"Cash Balance - May 17, 2021",lghths-sg,133980399,SAR,133980399,83663279.6000,83663279,83663279.4000/USD/KK,USD,USD,USD,CURRENCY,USD,Cash,2021-05-17,USD,42379.81,,,,portfolioID,83663279.6000,,,,,,,,,,,,,,,,,,,,,,,,,,,,,,,,,,,,,,,,,,,,,,,,,,,,,,
,020,POS,"Cash Balance - May 17, 2021",lghths-sg,134173977,SAR,134173977,83663279.6000,83663279,83663279.4001/GBP/KK,USD,GBP,GBP,CURRENCY,GBP,Cash,2021-05-17,GBP,-1947388.44,USD,-2749591.74,,portfolioID,83663279.6000,,,,,,,,,,,,,,,,,,,,,,,,,,,,,,,,,,,,,,,,,,,,,,,,,,,,,,
,020,POS,"Cash Balance - May 17, 2021",lghths-sg,134270852,SAR,134270852,83663279.6000,83663279,83663279.4002/SGD/KK,USD,SGD,SGD,CURRENCY,SGD,Cash,2021-05-17,SGD,1711.75,USD,1281.71,,portfolioID,83663279.6000,,,,,,,,,,,,,,,,,,,,,,,,,,,,,,,,,,,,,,,,,,,,,,,,,,,,,,
,020,POS,"Cash Balance - May 17, 2021",lghths-sg,140493349,SAR,140493349,83663279.6000,83663279,83663279.4003/EUR/KK,USD,EUR,EUR,CURRENCY,EUR,Cash,2021-05-17,EUR,2050.98,USD,2490.94,,portfolioID,83663279.6000,,,,,,,,,,,,EUR,-24.78,USD,-30.1,,,,,,,,,,,,,,,,,,,,,,,,,,,,,,,,,,,,,,,
,020,POS,"Cash Balance - May 17, 2021",lghths-sg,140953859,SAR,140953859,83663279.6000,83663279,83663279.4004/HKD/KK,USD,HKD,HKD,CURRENCY,HKD,Cash,2021-05-17,HKD,0,USD,0,,portfolioID,83663279.6000,,,,,,,,,,,,,,,,,,,,,,,,,,,,,,,,,,,,,,,,,,,,,,,,,,,,,,
,020,POS,"Cash Balance - May 17, 2021",lghths-sg,133980435,SAR,133980435,83663293.6000,83663293,83663293.4000/USD/KK,USD,USD,USD,CURRENCY,USD,Cash,2021-05-17,USD,-96425.3,,,,portfolioID,83663293.6000,,,,,,,,,,,,,,,,,,,,,,,,,,,,,,,,,,,,,,,,,,,,,,,,,,,,,,
,020,POS,"Cash Balance - May 17, 2021",lghths-sg,134321779,SAR,134321779,83663293.6000,83663293,83663293.4001/GBP/KK,USD,GBP,GBP,CURRENCY,GBP,Cash,2021-05-17,GBP,-208117.12,USD,-293848.47,,portfolioID,83663293.6000,,,,,,,,,,,,,,,,,,,,,,,,,,,,,,,,,,,,,,,,,,,,,,,,,,,,,,
,020,POS,"Cash Balance - May 17, 2021",lghths-sg,134427611,SAR,134427611,83663293.6000,83663293,83663293.4002/SGD/KK,USD,SGD,SGD,CURRENCY,SGD,Cash,2021-05-17,SGD,0,USD,0,,portfolioID,83663293.6000,,,,,,,,,,,,,,,,,,,,,,,,,,,,,,,,,,,,,,,,,,,,,,,,,,,,,,
,020,POS,"Cash Balance - May 17, 2021",lghths-sg,134655209,SAR,134655209,83663293.6000,83663293,83663293.4003/EUR/KK,USD,EUR,EUR,CURRENCY,EUR,Cash,2021-05-17,EUR,-278671.6,USD,-338450,,portfolioID,83663293.6000,,,,,,,,,,,,,,,,,,,,,,,,,,,,,,,,,,,,,,,,,,,,,,,,,,,,,,
,020,POS,"Cash Balance - May 17, 2021",lghths-sg,137675912,SAR,137675912,83663293.6000,83663293,83663293.4004/INR/KK,USD,INR,INR,CURRENCY,INR,Cash,2021-05-17,INR,0,USD,0,,portfolioID,83663293.6000,,,,,,,,,,,,,,,,,,,,,,,,,,,,,,,,,,,,,,,,,,,,,,,,,,,,,,
,020,POS,"Cash Balance - May 17, 2021",lghths-sg,140351749,SAR,140351749,83663293.6000,83663293,83663293.4005/HKD/KK,USD,HKD,HKD,CURRENCY,HKD,Cash,2021-05-17,HKD,-1456557.64,USD,-187542.72,,portfolioID,83663293.6000,,,,,,,,,,,,,,,,,,,,,,,,,,,,,,,,,,,,,,,,,,,,,,,,,,,,,,
,020,POS,"Cash Balance - May 17, 2021",lghths-sg,141694029,SAR,141694029,83663293.6000,83663293,83663293.4006/CHF/KK,USD,CHF,CHF,CURRENCY,CHF,Cash,2021-05-17,CHF,0,USD,0,,portfolioID,83663293.6000,,,,,,,,,,,,,,,,,,,,,,,,,,,,,,,,,,,,,,,,,,,,,,,,,,,,,,
,020,POS,"Cash Balance - May 17, 2021",lghths-sg,134787523,SAR,134787523,83667931.6000,83667931,83667931.4000/USD/KK,USD,USD,USD,CURRENCY,USD,Cash,2021-05-17,USD,-334057.49,,,,portfolioID,83667931.6000,,,,,,,,,,,,,,,,,,,,,,,,,,,,,,,,,,,,,,,,,,,,,,,,,,,,,,
,020,POS,"Stock Balance - May 17, 2021",lghths-sg,134149308,SAR,134149308,83663279.6000,83663279,83663279.6000,USD,USD,US02079K1079,,,Share,2021-05-17,USD,71569,,,,,,Alphabet Inc -C-,,,,,,,,,,,,,,,US/United States of America,USD,USD,2321.41,2021-05-14,1,,,,,,,,,,100,100,USD,232141,ISIN,US02079K1079,Valor,29798545,SARA,000126334673,US02079K1079,,,,,,,,,,,,,
,020,POS,"Stock Balance - May 17, 2021",lghths-sg,142983779,SAR,142983779,83663279.6000,83663279,83663279.6000,USD,USD,000142960890,SARA,000142960890,Option,2021-05-17,USD,-1386,,,,,,British American Tobacco PLC Put 21.05.2021 35 (BTI US),,,,,,,,,,,,,,,US/United States of America,USD,USD,0.01,2021-05-14,100,100,35,2021-05-21,P,ISIN,US1104481072,British American Tobacco Plc -ADR-,Share,S,-40,-40,USD,-40,,,,,,,,,,,,,,,,,,,,
,020,POS,"Stock Balance - May 17, 2021",lghths-sg,134149314,SAR,134149314,83663279.6000,83663279,83663279.6000,USD,USD,USY57657AA90,,,Bond,2021-05-17,USD,389880,,,,,,5.3% Marble II Pte Ltd Bond 2017-2022,,,,,,,,,,,USD,8656.67,,,SG/Singapore,USD,USD,100.125,2021-05-14,.01,,,,,,,,,,400000,400000,USD,400500,ISIN,USY57657AA90,Valor,37153128,SARA,000132184737,USY57657AA90,2017-06-20,2022-06-20,5.3,30E/360,2,2017-12-20,USD,BB,,,,,
,020,POS,"Stock Balance - May 17, 2021",lghths-sg,134149391,SAR,134149391,83663279.6000,83663279,83663279.6000,USD,USD,XS1492713505,,,Bond,2021-05-17,USD,399200,,,,,,5.5% State Bank of India Contingent Convertible Floating Rate Notes 2016-Perpetual,,,,,,,,,,,USD,3361.11,,,00939,USD,USD,101.21,2021-05-14,.01,,,,,,,,,,400000,400000,USD,404840,ISIN,XS1492713505,Valor,33981821,SARA,000129991155,XS1492713505,2016-09-22,2021-09-22,5.5,30/360,2,2017-03-22,USD,B,,,,,
,020,POS,"Stock Balance - May 17, 2021",lghths-sg,134149396,SAR,134149396,83663279.6000,83663279,83663279.6000,USD,USD,USF2893TAM83,,,Bond,2021-05-17,USD,318600,,,,,,5.625% Electricit� de France EDF Notes 2014-Perpetual Reg-S Subordinated,,,,,,,,,,,USD,5390.63,,,FR/France,USD,USD,107.37,2021-05-17,.01,,,,,,,,,,300000,300000,USD,322110,ISIN,USF2893TAM83,Valor,23404521,SARA,000104422680,USF2893TAM83,2014-01-22,2046-06-17,5.625,30E/360,2,2014-07-22,USD,BB-,,,,,
,020,POS,"Stock Balance - May 17, 2021",lghths-sg,134149419,SAR,134149419,83663279.6000,83663279,83663279.6000,USD,USD,XS1423722823,,,Bond,2021-05-17,USD,313500,,,,,,5.875% QBE Insurance Group Ltd Contingent Convertible Floating Rate Emt-Notes 2016-2046,,,,,,,,,,,USD,7343.75,,,AU/Australia,USD,USD,110.085,2021-05-14,.01,,,,,,,,,,300000,300000,USD,330255,ISIN,XS1423722823,Valor,32942221,SARA,000129445087,XS1423722823,2016-06-17,2046-06-17,5.875,30/360,2,2016-12-17,USD,BBB-,,,,,
,020,POS,"Stock Balance - May 17, 2021",lghths-sg,134237583,SAR,134237583,83663279.6000,83663279,83663279.6000,USD,GBP,XD0018087144,,,Fund,2021-05-17,,,USD,0,,,,Synergy Multi-Strategy Fund Ltd (GBP) -B- Series 1 -In Liquidation-,,,,,,,,,,,,,,,KY/Cayman Islands,GBP,GBP,0.00,2018-03-20,1,,,,,,,,,,265.256,265.256,,,ISIN,XD0018087144,Valor,1808714,SARA,000134228704,XD0018087144,,,,,,,,,,,,,
,020,POS,"Stock Balance - May 17, 2021",lghths-sg,134237585,SAR,134237585,83663279.6000,83663279,83663279.6000,USD,USD,XD0018852000,,,Fund,2021-05-17,USD,1116.1,,,,,,Synergy Fund Ltd -A- Series 8 -In Liquidation-,,,,,,,,,,,,,,,KY/Cayman Islands,USD,USD,5.5805,2013-11-29,1,,,,,,,,,,200,200,USD,1116.1,ISIN,XD0018852000,Valor,1885200,SARA,000100560433,XD0018852000,,,,,,,,,,,,,
,020,POS,"Stock Balance - May 17, 2021",lghths-sg,134237591,SAR,134237591,83663279.6000,83663279,83663279.6000,USD,USD,KYG8646E2530,,,Fund,2021-05-17,,,,,,,,Synergy Fund Ltd (USD) -A- Series 7 -In Liquidation-,,,,,,,,,,,,,,,KY/Cayman Islands,USD,USD,0.00,2018-03-20,1,,,,,,,,,,200,200,,,ISIN,KYG8646E2530,Valor,1319516,SARA,000134228769,KYG8646E2530,,,,,,,,,,,,,
,020,POS,"Stock Balance - May 17, 2021",lghths-sg,134237613,SAR,134237613,83663279.6000,83663279,83663279.6000,USD,USD,IE00BCV7N601,,,Fund,2021-05-17,USD,0.01,,,,,,PIMCO Funds Global Investors Series Plc- Diversified Income Duration Hedged (USD) -E- Capitalisation,,,,,,,,,,,,,,,IE/Ireland,USD,USD,12.33,2021-05-14,1,,,,,,,,,,0.001,0.001,USD,0.01,ISIN,IE00BCV7N601,Valor,22073677,SARA,000101207493,IE00BCV7N601,,,,,,,,,,,,,
,020,POS,"Stock Balance - May 17, 2021",lghths-sg,134428056,SAR,134428056,83663279.6000,83663279,83663279.6000,USD,USD,XS1556165477,,,Bond,2021-05-17,USD,202296,,,,,,5.25% China Water Affairs Group Ltd 2017-2022,,,,,,,,,,,USD,2916.67,,,BM/Bermuda,USD,USD,101.24,2021-05-14,.01,,,,,,,,,,200000,200000,USD,202480,ISIN,XS1556165477,Valor,35513710,SARA,000131042001,XS1556165477,2017-02-07,2022-02-07,5.25,30E/360,2,2017-08-07,USD,BB+,,,,,
,020,POS,"Stock Balance - May 17, 2021",lghths-sg,137220345,SAR,137220345,83663279.6000,83663279,83663279.6000,USD,USD,XS1958658509,,,Bond,2021-05-17,USD,202400,,,,,,6% Jubilant Pharma Ltd Bonds 2019-2024 RegS,,,,,,,,,,,USD,2400,,,SG/Singapore,USD,USD,104.985,2021-05-14,.01,,,,,,,,,,200000,200000,USD,209970,ISIN,XS1958658509,Valor,46710638,SARA,000136837239,XS1958658509,2019-03-05,2024-03-05,6.0,30E/360,2,2019-09-05,USD,BB-,,,,,
,020,POS,"Stock Balance - May 17, 2021",lghths-sg,137320270,SAR,137320270,83663279.6000,83663279,83663279.6000,USD,USD,XS1981202861,,,Bond,2021-05-17,USD,201080,,,,,,5.95% JSW Steel Ltd Bonds 2019-2024 RegS,,,,,,,,,,,USD,958.61,,,IN/India,USD,USD,107.225,2021-05-14,.01,,,,,,,,,,200000,200000,USD,214450,ISIN,XS1981202861,Valor,47429326,SARA,000137302060,XS1981202861,2019-04-18,2024-04-18,5.95,30/360,2,2019-10-18,USD,BB,,,,,
,020,POS,"Stock Balance - May 17, 2021",lghths-sg,138136578,SAR,138136578,83663279.6000,83663279,83663279.6000,USD,SGD,SG1AA5000001,,,Share,2021-05-17,SGD,270499.27,USD,191367.43,,,,Frasers Hospitality Trust REIT,,,,,,,,,,,,,,,SG/Singapore,SGD,SGD,0.515,2021-05-17,1,,,,,,,,,,382500,382500,SGD,196987.5,ISIN,SG1AA5000001,Valor,24766830,Bloomberg,FHT SP,SG1AA5000001,,,,,,,,,SARA,000123695896,,USD,147499.17
,020,POS,"Stock Balance - May 17, 2021",lghths-sg,138958001,SAR,138958001,83663279.6000,83663279,83663279.6000,USD,USD,XS1753595328,,,Bond,2021-05-17,USD,288975,,,,,,5.45% Abja Investment Co Pte Ltd Notes 2018-2028 Reg-S,,,,,,,,,,,USD,5132.08,,,SG/Singapore,USD,USD,104.81,2021-05-14,.01,,,,,,,,,,300000,300000,USD,314430,ISIN,XS1753595328,Valor,40014007,SARA,000133765006,XS1753595328,2018-01-24,2028-01-24,5.45,30/360,2,2018-07-24,USD,BB-,,,,,
,020,POS,"Stock Balance - May 17, 2021",lghths-sg,138958048,SAR,138958048,83663279.6000,83663279,83663279.6000,USD,USD,US62828M2A84,,,Bond,2021-05-17,USD,204700,,,,,,6.125% Muthoot Finance Ltd MT-Notes 2019-2022 Global RegS,,,,,,,,,,,USD,578.47,,,IN/India,USD,USD,103.48,2021-05-14,.01,,,,,,,,,,200000,200000,USD,206960,ISIN,US62828M2A84,Valor,50738431,SARA,000138717209,US62828M2A84,2019-10-31,2022-10-31,6.125,30E/360,2,2020-04-30,USD,BB,,,,,
,020,POS,"Stock Balance - May 17, 2021",lghths-sg,139394548,SAR,139394548,83663279.6000,83663279,83663279.6000,USD,USD,XS2090080172,,,Bond,2021-05-17,USD,254595,,,,,,5.9% Manappuram Finance Ltd Emt-Notes 2020-2023 Secured,,,,,,,,,,,USD,5080.56,,,IN/India,USD,USD,102.5,2021-05-14,.01,,,,,,,,,,250000,250000,USD,256250,ISIN,XS2090080172,Valor,51830341,SARA,000139292337,XS2090080172,2020-01-13,2023-01-13,5.9,30/360,2,2020-07-13,USD,B+,,,,,
,020,POS,"Stock Balance - May 17, 2021",lghths-sg,139630789,SAR,139630789,83663279.6000,83663279,83663279.6000,USD,USD,USG9328DAM23,,,Bond,2021-05-17,USD,197922,,,,,,6.375% Vedanta Resources Ltd Bonds 2017-2022 Global Reg-S,,,,,,,,,,,USD,3789.58,,,GB/United Kingdom,USD,USD,98.39,2021-05-17,.01,,,,,,,,,,200000,200000,USD,196780,ISIN,USG9328DAM23,Valor,35497009,SARA,000131036083,USG9328DAM23,2017-01-30,2022-07-30,6.375,30E/360,2,2017-07-30,USD,CCC+,,,,,
,020,POS,"Stock Balance - May 17, 2021",lghths-sg,140416493,SAR,140416493,83663279.6000,83663279,83663279.6000,USD,USD,KYG047761039,,,Fund,2021-05-17,USD,150802.5,,,,,,Aravali Cayman Spc Global Arbitrage Fund (USD) -B- Segregated Portfolio Non Voting Capitalisation,,,,,,,,,,,,,,,KY/Cayman Islands,USD,USD,1610.669,2021-04-01,1,,,,,,,,,,99.572,99.572,USD,160377.53,ISIN,KYG047761039,Valor,24384793,SARA,000127370797,KYG047761039,,,,,,,,,,,,,
,020,POS,"Stock Balance - May 17, 2021",lghths-sg,141129468,SAR,141129468,83663279.6000,83663279,83663279.6000,USD,SGD,SG2D63974620,,,Share,2021-05-17,SGD,100510.92,USD,73935.69,,,,AIMS APAC REIT,,,,,,,,,,,,,,,SG/Singapore,SGD,SGD,1.39,2021-05-17,1,,,,,,,,,,83500,83500,SGD,116065,ISIN,SG2D63974620,Valor,13687016,Bloomberg,AAREIT SP,SG2D63974620,,,,,,,,,SARA,000029481966,,USD,86906.48
,020,POS,"Stock Balance - May 17, 2021",lghths-sg,141787066,SAR,141787066,83663279.6000,83663279,83663279.6000,USD,HKD,HK0941009539,,,Share,2021-05-17,HKD,2546920.93,USD,327936.21,,,,China Mobile Ltd,,,,,,,,,,,,,,,HK/Hong Kong,HKD,HKD,48.8,2021-05-17,1,,,,,,,,,,54000,54000,HKD,2635200,ISIN,HK0941009539,Valor,1099448,Bloomberg,941 HK,HK0941009539,,,,,,,,,SARA,000000422519,,USD,339301.76
,020,POS,"Stock Balance - May 17, 2021",lghths-sg,142011178,SAR,142011178,83663279.6000,83663279,83663279.6000,USD,USD,USY7141GAA05,,,Bond,2021-05-17,USD,303665.2,,,,,,4.95% PT Chandra Asri Petrochemical Tbk Notes 2017-2024 RegS,,,,,,,,,,,USD,371.25,,,ID/Indonesia,USD,USD,102.375,2021-05-14,.01,,,,,,,,,,300000,300000,USD,307125,ISIN,USY7141GAA05,Valor,38942960,SARA,000133207150,USY7141GAA05,2017-11-08,2024-11-08,4.95,30E/360,2,2018-05-08,USD,BB-,,,,,
,020,POS,"Stock Balance - May 17, 2021",lghths-sg,142049130,SAR,142049130,83663279.6000,83663279,83663279.6000,USD,USD,IE00BKXBBV70,,,Fund,2021-05-17,USD,200429.08,,,,,,SphereInvest Global UCITS Icav- Credit Strategies Fund (USD) -F- Capitalisation,,,,,,,,,,,,,,,IE/Ireland,USD,USD,183.33729,2021-05-13,1,,,,,,,,,,1122.1069,1122.1069,USD,205724.04,ISIN,IE00BKXBBV70,Valor,57922240,SARA,000141776627,IE00BKXBBV70,,,,,,,,,,,,,
,020,POS,"Stock Balance - May 17, 2021",lghths-sg,142246399,SAR,142246399,83663279.6000,83663279,83663279.6000,USD,USD,XS2222660768,,,Bond,2021-05-17,USD,199920,,,,,,10% BNP Paribas Alibaba Group Holding Ltd RegS STR 193.76  Callable Fixed Coupon Notes 02.08.2021 Repayment cash or physical,,,,,,,,,,,,,,,HK/Hong Kong,USD,USD,98.43406349,2021-05-14,.01,,,,,,,,,,200000,200000,USD,196868.13,ISIN,XS2222660768,Valor,59267331,SARA,000142236259,XS2222660768,2021-02-01,2021-08-09,10.0,,12,2021-03-08,USD,,,,,,
,020,POS,"Stock Balance - May 17, 2021",lghths-sg,142520517,SAR,142520517,83663279.6000,83663279,83663279.6000,USD,USD,US1104481072,,,Share,2021-05-17,USD,149478.79,,,,,,British American Tobacco Plc -ADR-,,,,,,,,,,,,,,,GB/United Kingdom,USD,USD,40.1,2021-05-14,1,,,,,,,,,,4000,4000,USD,160400,ISIN,US1104481072,Valor,949872,SARA,000026925972,US1104481072,,,,,,,,,,,,,
,020,POS,"Stock Balance - May 17, 2021",lghths-sg,142550496,SAR,142550496,83663279.6000,83663279,83663279.6000,USD,USD,XS2291745334,,,Bond,2021-05-17,USD,245025,,,,,,Royal Bank of Canada RBC British American Tobacco Plc -ADR-STR 34.1967 Reverse Convertible 19.05.2021 Repayment cash or physical,,,,,,,,,,,,,,,CA/Canada,USD,USD,99.991784965,2021-05-14,.01,,,,,,,,,,250000,250000,USD,249979.46,ISIN,XS2291745334,Valor,58469055,SARA,000142549487,XS2291745334,2021-02-19,2021-05-21,0.0,,,2021-02-10,,,,,,,
,020,POS,"Stock Balance - May 17, 2021",lghths-sg,142651277,SAR,142651277,83663279.6000,83663279,83663279.6000,USD,USD,XS2213954766,,,Bond,2021-05-17,USD,208456.97,,,,,,6.25% Powerlong Real Estate Holdings Ltd Bonds 2020-2024 Secured,,,,,,,,,,,USD,3368.06,,,KY/Cayman Islands,USD,USD,104.315,2021-05-14,.01,,,,,,,,,,200000,200000,USD,208630,ISIN,XS2213954766,Valor,56387933,SARA,000140909913,XS2213954766,2020-08-10,2024-08-10,6.25,30/360,2,2021-02-10,USD,B+,,,,,
,020,POS,"Stock Balance - May 17, 2021",lghths-sg,142666878,SAR,142666878,83663279.6000,83663279,83663279.6000,USD,USD,US02079K3059,,,Share,2021-05-17,USD,422126.18,,,,,,Alphabet Inc -A-,,,,,,,,,,,,,,,US/United States of America,USD,USD,2288.92,2021-05-14,1,,,,,,,,,,200,200,USD,457784,ISIN,US02079K3059,Valor,29798540,SARA,000126331383,US02079K3059,,,,,,,,,,,,,
,020,POS,"Stock Balance - May 17, 2021",lghths-sg,142702909,SAR,142702909,83663279.6000,83663279,83663279.6000,USD,USD,000142695806,SARA,000142695806,Hybrid,2021-05-17,,,,,,,,FX Accumulator on GBP/USD 2x Leveraged  Buy GBP / Sell USD at 1.3535 KO:1.45 Period: 22.FEB.21 - 24.FEB.22  12 Fixings One Guaranteed Period,,,,,,,,,,,,,,,,USD,USD,0.00106422,2021-05-17,1,,,,,,,,,,834000,834000,USD,887.56,,,,,,,,,,,,,,,,,,,,
,020,POS,"Stock Balance - May 17, 2021",lghths-sg,142770063,SAR,142770063,83663279.6000,83663279,83663279.6000,USD,USD,LU1514167219,,,Fund,2021-05-17,USD,401737.47,,,,,,Schroder International Selection  Fund Sicav-Global Credit Income (USD) -C- Distribution,,,,,,,,,,,,,,,LU/Luxembourg,USD,USD,105.9195,2021-05-17,1,,,,,,,,,,3762.26,3762.26,USD,398496.7,ISIN,LU1514167219,Valor,34540233,SARA,000132419171,LU1514167219,,,,,,,,,,,,,
,020,POS,"Stock Balance - May 17, 2021",lghths-sg,142983482,SAR,142983482,83663279.6000,83663279,83663279.6000,USD,USD,000142978144,SARA,000142978144,Option,2021-05-17,USD,-622,,,,,,British American Tobacco PLC Call 18.06.2021 45 (BTI US),,,,,,,,,,,,,,,US/United States of America,USD,USD,0.05,2021-05-14,100,100,45,2021-06-18,C,ISIN,US1104481072,British American Tobacco Plc -ADR-,Share,S,-40,-40,USD,-200,,,,,,,,,,,,,,,,,,,,
,020,POS,"Stock Balance - May 17, 2021",lghths-sg,143066702,SAR,143066702,83663279.6000,83663279,83663279.6000,USD,HKD,000143060631,SARA,000143060631,Option,2021-05-17,HKD,-14936.29,USD,-6043.8,,,,China Mobile Ltd Call 29.06.2021 60 (941 HK) XHKF,,,,,,,,,,,,,,,HK/Hong Kong,HKD,HKD,0.05,2021-05-17,500,500,60,2021-06-29,C,ISIN,HK0941009539,China Mobile Ltd,Share,S,-68,-68,HKD,-1700,,,,,,,,,,,,,,,,,,,USD,-218.89
,020,POS,"Stock Balance - May 17, 2021",lghths-sg,143067704,SAR,143067704,83663279.6000,83663279,83663279.6000,USD,USD,XS2272214458,,,Bond,2021-05-17,USD,202999.63,,,,,,4.85% Logan Group Co Ltd Notes 2020-2026,,,,,,,,,,,USD,4122.5,,,KY/Cayman Islands,USD,USD,100.06,2021-05-14,.01,,,,,,,,,,200000,200000,USD,200120,ISIN,XS2272214458,Valor,58823075,SARA,000141927463,XS2272214458,2020-12-14,2026-12-14,4.85,30E/360,2,2021-06-14,USD,BB-,,,,,
,020,POS,"Stock Balance - May 17, 2021",lghths-sg,143154134,SAR,143154134,83663279.6000,83663279,83663279.6000,USD,USD,CH1108195541,,,Bond,2021-05-17,USD,250000,,,,,,8% Vontobel Financial Products Ltd Facebook Inc -A- STR 262.4158 Microsoft Corp STR 216.3071 Autocallable Fixed Coupon Notes 27.10.2021 Repayment cash or physical,,,,,,,,,,,,,,,00939,USD,USD,98.0,2021-05-14,.01,,,,,,,,,,250000,250000,USD,245000,ISIN,CH1108195541,Valor,110819554,SARA,000143144744,CH1108195541,2021-04-27,2021-10-29,0.2421,,12,2021-06-01,USD,,,,,,
,020,POS,"Stock Balance - May 17, 2021",lghths-sg,143242706,SAR,143242706,83663279.6000,83663279,83663279.6000,USD,USD,QT1104883389,,,Fund,2021-05-17,USD,150802.5,,,,,,LC Multi Strategy Fund SG VCC-SF1 (USD) -E- Brevan Howard,,,,,,,,,,,,,,,SG/Singapore,USD,USD,100.0,2020-12-31,1,,,,,,,,,,1500,1500,USD,150000,ISIN,QT1104883389,Valor,110488338,SARA,000142922383,QT1104883389,,,,,,,,,,,,,
,020,POS,"Stock Balance - May 17, 2021",lghths-sg,143244063,SAR,143244063,83663279.6000,83663279,83663279.6000,USD,EUR,CH1108209755,,,Bond,2021-05-17,EUR,250000,USD,300564.25,,,,8% Vontobel Financial Products Ltd BMW AG STR 75.8109 Orange SA STR 9.0825 Autocallable Fixed Coupon Notes 08.11.2021 Repayment cash or physical,,,,,,,,,,,,,,,00939,EUR,EUR,98.8,2021-05-14,.01,,,,,,,,,,250000,250000,EUR,247000,ISIN,CH1108209755,Valor,110820975,SARA,000143242636,CH1108209755,2021-05-07,2021-11-10,0.0,,12,2021-06-10,EUR,,,,,USD,299984.46
,020,POS,"Cash Balance - May 17, 2021",lghths-sg,135356352,SAR,135356352,83667931.6000,83667931,83667931.4001/GBP/KK,USD,GBP,GBP,CURRENCY,GBP,Cash,2021-05-17,GBP,69316.84,USD,97871.08,,portfolioID,83667931.6000,,,,,,,,,,,,,,,,,,,,,,,,,,,,,,,,,,,,,,,,,,,,,,,,,,,,,,
,020,POS,"Stock Balance - May 17, 2021",lghths-sg,143374763,SAR,143374763,83663279.6000,83663279,83663279.6000,USD,USD,000143370565,SARA,000143370565,Option,2021-05-17,USD,-786,,,,,,Altria Group Inc Put 18.06.2021 40 (MO US),,,,,,,,,,,,,,,US/United States of America,USD,USD,0.1,2021-05-14,100,100,40,2021-06-18,P,ISIN,US02209S1033,Altria Group Inc,Share,S,-50,-50,USD,-500,,,,,,,,,,,,,,,,,,,,
,020,POS,"Stock Balance - May 17, 2021",lghths-sg,143374836,SAR,143374836,83663279.6000,83663279,83663279.6000,USD,USD,XS2322976890,,,Bond,2021-05-17,USD,200000,,,,,,9.9996% Morgan Stanley & Co International Plc Vipshop Holdings Ltd -ADR- (0.2 Shs) Etsy Inc Equity Linked Notes 17.11.2021 Repayment cash or physical,,,,,,,,,,,,,,,GB/United Kingdom,USD,USD,92.54,2021-04-30,.01,,,,,,,,,,200000,200000,USD,185080,ISIN,XS2322976890,Valor,111442822,SARA,000143369163,XS2322976890,2021-05-17,2021-11-24,9.9996,,12,2021-06-24,USD,,,,,,
,020,POS,"Stock Balance - May 17, 2021",lghths-sg,143377501,SAR,143377501,83663279.6000,83663279,83663279.6000,USD,USD,000143370585,SARA,000143370585,Option,2021-05-17,USD,-40,,,,,,British American Tobacco PLC Put 18.06.2021 35 (BTI US),,,,,,,,,,,,,,,US/United States of America,USD,USD,0.15,2021-05-14,100,100,35,2021-06-18,P,ISIN,US1104481072,British American Tobacco Plc -ADR-,Share,S,-1,-1,USD,-15,,,,,,,,,,,,,,,,,,,,
,020,POS,"Stock Balance - May 17, 2021",lghths-sg,134237653,SAR,134237653,83663293.6000,83663293,83663293.6000,USD,GBP,XS1025866119,,,Bond,2021-05-17,GBP,295890,USD,413406.62,,,,5% Jaguar Land Rover Automotive Plc Notes 2014-2022 Senior Reg-S,,,,,,,,,,,GBP,3833.33,USD,5412.42,GB/United Kingdom,GBP,GBP,102.185,2021-05-14,.01,,,,,,,,,,300000,300000,GBP,306555,ISIN,XS1025866119,Valor,23581404,SARA,000106548682,XS1025866119,2014-01-31,2022-02-15,5.0,30/360,2,2014-08-15,GBP,B,,,,USD,432836.65
,020,POS,"Stock Balance - May 17, 2021",lghths-sg,134575255,SAR,134575255,83663293.6000,83663293,83663293.6000,USD,USD,USG84228CQ91,,,Bond,2021-05-17,USD,211500,,,,,,7.5% Standard Chartered Plc Contingent Convertible  Floating Rate Notes 2016-Perpetual Reg-S Subordinated,,,,,,,,,,,USD,1875,,,GB/United Kingdom,USD,USD,104.495,2021-05-17,.01,,,,,,,,,,200000,200000,USD,208990,ISIN,USG84228CQ91,Valor,33623693,SARA,000129796997,USG84228CQ91,2016-08-18,4712-12-31,7.5,30E/360,2,2017-04-02,USD,BB-,,,,,
,020,POS,"Stock Balance - May 17, 2021",lghths-sg,134781098,SAR,134781098,83663293.6000,83663293,83663293.6000,USD,USD,KYG8135U1076,,,Fund,2021-05-17,USD,502675,,,,,,Silverdale Fund SPC (USD) -1A- SP Distribution,,,,,,,,,,,,,,,KY/Cayman Islands,USD,USD,117.3262,2021-04-26,1,,,,,,,,,,3929,3929,USD,460974.64,ISIN,KYG8135U1076,Valor,28213010,SARA,000131846096,KYG8135U1076,,,,,,,,,,,,,
,020,POS,"Stock Balance - May 17, 2021",lghths-sg,135453748,SAR,135453748,83663293.6000,83663293,83663293.6000,USD,USD,XS1492713505,,,Bond,2021-05-17,USD,303750,,,,,,5.5% State Bank of India Contingent Convertible Floating Rate Notes 2016-Perpetual,,,,,,,,,,,USD,2520.83,,,00939,USD,USD,101.21,2021-05-14,.01,,,,,,,,,,300000,300000,USD,303630,ISIN,XS1492713505,Valor,33981821,SARA,000129991155,XS1492713505,2016-09-22,2021-09-22,5.5,30/360,2,2017-03-22,USD,B,,,,,
,020,POS,"Stock Balance - May 17, 2021",lghths-sg,138228040,SAR,138228040,83663293.6000,83663293,83663293.6000,USD,USD,XS2016070190,,,Bond,2021-05-17,USD,202880,,,,,,5.5% China Oil and Gas Group Ltd Bonds 2019-2023,,,,,,,,,,,USD,3422.22,,,BM/Bermuda,USD,USD,102.875,2021-05-14,.01,,,,,,,,,,200000,200000,USD,205750,ISIN,XS2016070190,Valor,49093025,SARA,000138038641,XS2016070190,2019-07-25,2023-01-25,5.5,30/360,2,2020-01-25,USD,BB,,,,,
,020,POS,"Stock Balance - May 17, 2021",lghths-sg,139165524,SAR,139165524,83663293.6000,83663293,83663293.6000,USD,USD,XS1753595328,,,Bond,2021-05-17,USD,483500,,,,,,5.45% Abja Investment Co Pte Ltd Notes 2018-2028 Reg-S,,,,,,,,,,,USD,8553.47,,,SG/Singapore,USD,USD,104.81,2021-05-14,.01,,,,,,,,,,500000,500000,USD,524050,ISIN,XS1753595328,Valor,40014007,SARA,000133765006,XS1753595328,2018-01-24,2028-01-24,5.45,30/360,2,2018-07-24,USD,BB-,,,,,
,020,POS,"Stock Balance - May 17, 2021",lghths-sg,139413184,SAR,139413184,83663293.6000,83663293,83663293.6000,USD,USD,XS2050614796,,,Bond,2021-05-17,USD,251375,,,,,,5.95% Global Prime Capital Pte Ltd Notes 2020-2025,,,,,,,,,,,USD,4710.42,,,SG/Singapore,USD,USD,104.25,2021-05-14,.01,,,,,,,,,,250000,250000,USD,260625,ISIN,XS2050614796,Valor,52120777,SARA,000139403481,XS2050614796,2020-01-23,2025-01-23,5.95,30E/360,2,2020-07-23,USD,BB-,,,,,
,020,POS,"Stock Balance - May 17, 2021",lghths-sg,139698558,SAR,139698558,83663293.6000,83663293,83663293.6000,USD,USD,XS2113454115,,,Bond,2021-05-17,USD,244350,,,,,,5.875% India Infoline Finance Ltd Emt-Notes 2020-2023,,,,,,,,,,,USD,1101.56,,,IN/India,USD,USD,96.15,2021-05-14,.01,,,,,,,,,,250000,250000,USD,240375,ISIN,XS2113454115,Valor,52582813,SARA,000139600480,XS2113454115,2020-02-20,2023-04-20,5.875,30/360,2,2020-04-20,USD,BB-,,,,,
,020,POS,"Stock Balance - May 17, 2021",lghths-sg,139786014,SAR,139786014,83663293.6000,83663293,83663293.6000,USD,GBP,GB00B03MLX29,,,Share,2021-05-17,GBP,208440.68,USD,267184.88,,,,Royal Dutch Shell Plc -A-,,,,,,,,,,,,,,,GB/United Kingdom,EUR,GBP,14.264,2021-05-17,1,,,,,,,,,,12000,12000,GBP,171168,ISIN,GB00B03MLX29,Valor,1987674,SARA,000005058836,GB00B03MLX29,,,,,,,,,,,1.162556,USD,241678.6
,020,POS,"Stock Balance - May 17, 2021",lghths-sg,140370383,SAR,140370383,83663293.6000,83663293,83663293.6000,USD,HKD,GB0005405286,,,Share,2021-05-17,HKD,4271729.81,USD,545925.59,,,,HSBC Holdings Plc,,,,,,,,,,,,,,,GB/United Kingdom,GBP,HKD,48.55,2021-05-17,1,,,,,,,,,,83342,83342,HKD,4046254.1,ISIN,GB0005405286,Valor,411161,Bloomberg,0005 HK,GB0005405286,,,,,,,,,SARA,000000415042,0.091192,USD,520985.55
,020,POS,"Stock Balance - May 17, 2021",lghths-sg,141383026,SAR,141383026,83663293.6000,83663293,83663293.6000,USD,USD,XS2090080172,,,Bond,2021-05-17,USD,199038.35,,,,,,5.9% Manappuram Finance Ltd Emt-Notes 2020-2023 Secured,,,,,,,,,,,USD,4064.44,,,IN/India,USD,USD,102.5,2021-05-14,.01,,,,,,,,,,200000,200000,USD,205000,ISIN,XS2090080172,Valor,51830341,SARA,000139292337,XS2090080172,2020-01-13,2023-01-13,5.9,30/360,2,2020-07-13,USD,B+,,,,,
,020,POS,"Stock Balance - May 17, 2021",lghths-sg,141704679,SAR,141704679,83663293.6000,83663293,83663293.6000,USD,HKD,000141697824,SARA,000141697824,Option,2021-05-17,HKD,-44932.57,USD,-5795.58,,,,HSBC Holdings PLC Call 29.06.2021 50 (5 HK) XHKF,,,,,,,,,,,,,,,HK/Hong Kong,HKD,HKD,0.92,2021-05-17,400,400,50,2021-06-29,C,ISIN,GB0005405286,HSBC Holdings Plc,Share,S,-208,-208,HKD,-76544,,,,,,,,,,,,,,,,,,,USD,-9855.61
,020,POS,"Stock Balance - May 17, 2021",lghths-sg,142145548,SAR,142145548,83663293.6000,83663293,83663293.6000,USD,GBP,GB00J8VJZN17,,,Option,2021-05-17,GBP,-4942.07,USD,-6718.88,,,,Royal Dutch Shell Plc -A- Call Sep21 18 LIF,,,,,,,,,,,,,,,GB/United Kingdom,GBP,GBP,0.14,2021-05-14,1000,1000,18,2021-09-17,C,ISIN,GB00B03MLX29,Royal Dutch Shell Plc -A-,Share,S,-12,-12,GBP,-1680,ISIN,GB00J8VJZN17,Valor,83384435,SARA,000142144417,GB00J8VJZN17,,,,,,,,,,,,USD,-2372.06
,020,POS,"Stock Balance - May 17, 2021",lghths-sg,142282816,SAR,142282816,83663293.6000,83663293,83663293.6000,USD,HKD,HK0688002218,,,Share,2021-05-17,HKD,1505859.64,USD,194266.15,,,,China Overseas Land & Investment Ltd,,,,,,,,,,,,,,,HK/Hong Kong,HKD,HKD,18.4,2021-05-17,1,,,,,,,,,,80000,80000,HKD,1472000,ISIN,HK0688002218,Valor,420828,Bloomberg,688 HK,HK0688002218,1992-08-07,,,,,,,,SARA,000000494357,,USD,189531.04
,020,POS,"Stock Balance - May 17, 2021",lghths-sg,142421435,SAR,142421435,83663293.6000,83663293,83663293.6000,USD,USD,LU1226288253,,,Fund,2021-05-17,USD,202742.67,,,,,,UBS (LU) Key Selection Sicav- China Allocation Opportunity (USD) -P- 6% monthly Distribution,,,,,,,,,,,,,,,LU/Luxembourg,USD,USD,102.75,2021-05-14,1,,,,,,,,,,1771,1771,USD,181970.25,ISIN,LU1226288253,Valor,27983955,SARA,000126337077,LU1226288253,,,,,,,,,,,,,
,020,POS,"Stock Balance - May 17, 2021",lghths-sg,142502530,SAR,142502530,83663293.6000,83663293,83663293.6000,USD,USD,IE00B8K7V925,,,Fund,2021-05-17,USD,401976,,,,,,PIMCO Funds Global Investors Series Plc- Income (USD) -E- Distribution,,,,,,,,,,,,,,,IE/Ireland,USD,USD,11.11,2021-05-14,1,,,,,,,,,,35730.415,35730.415,USD,396964.91,ISIN,IE00B8K7V925,Valor,19762784,SARA,000064235469,IE00B8K7V925,,,,,,,,,,,,,
,020,POS,"Stock Balance - May 17, 2021",lghths-sg,142651243,SAR,142651243,83663293.6000,83663293,83663293.6000,USD,USD,XS2281321799,,,Bond,2021-05-17,USD,202241.12,,,,,,5.05% Fortune Star BVI Ltd Gtd.Notes 2021-2027,,,,,,,,,,,USD,3086.11,,,VG/British Virgin Islands,USD,USD,100.14,2021-05-14,.01,,,,,,,,,,200000,200000,USD,200280,ISIN,XS2281321799,Valor,59563558,SARA,000142274177,XS2281321799,2021-01-27,2027-01-27,5.05,30E/360,2,2021-07-27,USD,BB,,,,,
,020,POS,"Stock Balance - May 17, 2021",lghths-sg,142680876,SAR,142680876,83663293.6000,83663293,83663293.6000,USD,USD,XS2304008225,,,Bond,2021-05-17,USD,300000,,,,,,8% JP Morgan Structured Products BV HDFC Bank Ltd -ADR- (3 Shs) STR 64.2168 Infosys Ltd -ADR- STR 13.9929 Fixed Coupon Notes 04.03.2022 Repayment cash or physical,,,,,,,,,,,,,,,NL/Netherlands,USD,USD,95.5897,2021-05-14,.01,,,,,,,,,,300000,300000,USD,286769.1,ISIN,XS2304008225,Valor,59476183,SARA,000142671426,XS2304008225,2021-03-04,2022-03-08,8.0,,12,2021-04-07,USD,,,,,,
,020,POS,"Stock Balance - May 17, 2021",lghths-sg,142680990,SAR,142680990,83663293.6000,83663293,83663293.6000,USD,USD,XS2304008068,,,Bond,2021-05-17,USD,200000,,,,,,6% JP Morgan Structured Products BV HDFC Bank Ltd -ADR- (3 Shs) STR 59.535 Infosys Ltd -ADR- STR 12.9728 Fixed Coupon Notes 04.03.2022 Repayment cash or physical,,,,,,,,,,,,,,,NL/Netherlands,USD,USD,96.0681,2021-05-14,.01,,,,,,,,,,200000,200000,USD,192136.2,ISIN,XS2304008068,Valor,59476182,SARA,000142671407,XS2304008068,2021-03-04,2022-03-08,6.0,,12,2021-04-07,USD,,,,,,
,020,POS,"Stock Balance - May 17, 2021",lghths-sg,142681892,SAR,142681892,83663293.6000,83663293,83663293.6000,USD,GBP,GB0004544929,,,Share,2021-05-17,GBP,212905.26,USD,296819.83,,,,Imperial Brands Plc,,,,,,,,,,,,,,,GB/United Kingdom,GBP,GBP,15.9,2021-05-17,1,,,,,,,,,,15000,15000,GBP,238500,ISIN,GB0004544929,Valor,517719,SARA,000000416171,GB0004544929,,,,,,,,,,,,USD,336747.21
,020,POS,"Stock Balance - May 17, 2021",lghths-sg,142702357,SAR,142702357,83663293.6000,83663293,83663293.6000,USD,GBP,GB00H7W7M167,,,Option,2021-05-17,GBP,-3897.7,USD,-5462.09,,,,Imperial Brands Plc Call Sep21 16 LIF,,,,,,,,,,,,,,,GB/United Kingdom,GBP,GBP,0.64,2021-05-14,1000,1000,16,2021-09-17,C,ISIN,GB0004544929,Imperial Brands Plc,Share,S,-15,-15,GBP,-9600,ISIN,GB00H7W7M167,Valor,71944318,SARA,000142698152,GB00H7W7M167,,,,,,,,,,,,USD,-13554.6
,020,POS,"Stock Balance - May 17, 2021",lghths-sg,142867569,SAR,142867569,83663293.6000,83663293,83663293.6000,USD,HKD,000142864352,SARA,000142864352,Option,2021-05-17,HKD,-35089,USD,-4520.57,,,,WH Group Ltd Put 29.06.2021 6.5 (288 HK) XHKF,,,,,,,,,,,,,,,HK/Hong Kong,HKD,HKD,0.21,2021-05-16,2500,2500,6.5,2021-06-29,P,ISIN,KYG960071028,WH Group Ltd -Unitary 144A / Reg-S-,Share,S,-48,-48,HKD,-25200,,,,,,,,,,,,,,,,,,,USD,-3244.69
,020,POS,"Stock Balance - May 17, 2021",lghths-sg,142888673,SAR,142888673,83663293.6000,83663293,83663293.6000,USD,USD,000142876599,SARA,000142876599,Option,2021-05-17,USD,-1536,,,,,,Microsoft Corp Put 21.05.2021 205 (MSFT US),,,,,,,,,,,,,,,US/United States of America,USD,USD,0.05,2021-05-14,100,100,205,2021-05-21,P,ISIN,US5949181045,Microsoft Corp,Share,S,-5,-5,USD,-25,,,,,,,,,,,,,,,,,,,,
,020,POS,"Stock Balance - May 17, 2021",lghths-sg,142953456,SAR,142953456,83663293.6000,83663293,83663293.6000,USD,HKD,KYG960071028,,,Share,2021-05-17,HKD,921951.71,USD,118738.9,,,,WH Group Ltd -Unitary 144A / Reg-S-,,,,,,,,,,,,,,,KY/Cayman Islands,HKD,HKD,6.7,2021-05-17,1,,,,,,,,,,130000,130000,HKD,871000,ISIN,KYG960071028,Valor,24222514,Bloomberg,288 HK,KYG960071028,,,,,,,,,SARA,000115614425,,USD,112147.78
,020,POS,"Stock Balance - May 17, 2021",lghths-sg,142979984,SAR,142979984,83663293.6000,83663293,83663293.6000,USD,HKD,000142975690,SARA,000142975690,Option,2021-05-17,HKD,-19138.03,USD,-2464.76,,,,WH Group Ltd Call 29.06.2021 8.25 (288 HK) XHKF,,,,,,,,,,,,,,,HK/Hong Kong,HKD,HKD,0.01,2021-05-14,2500,2500,8.25,2021-06-29,C,ISIN,KYG960071028,WH Group Ltd -Unitary 144A / Reg-S-,Share,S,-52,-52,HKD,-1300,,,,,,,,,,,,,,,,,,,USD,-167.38
,020,POS,"Stock Balance - May 17, 2021",lghths-sg,143066706,SAR,143066706,83663293.6000,83663293,83663293.6000,USD,HKD,000143050891,SARA,000143050891,Option,2021-05-17,HKD,-20736.29,USD,-2667.37,,,,China Overseas Land & Investment Ltd Call 29.06.2021 24 (688 HK) XHKF,,,,,,,,,,,,,,,HK/Hong Kong,HKD,HKD,0.01,2021-05-14,2000,2000,24,2021-06-29,C,ISIN,HK0688002218,China Overseas Land & Investment Ltd,Share,S,-40,-40,HKD,-800,,,,,,,,,,,,,,,,,,,USD,-103.01
,020,POS,"Stock Balance - May 17, 2021",lghths-sg,143067183,SAR,143067183,83663293.6000,83663293,83663293.6000,USD,USD,000143062005,SARA,000143062005,Option,2021-05-17,USD,-1596,,,,,,Baidu Inc Put 21.05.2021 165 (BIDU US),,,,,,,,,,,,,,,US/United States of America,USD,USD,1.06,2021-05-14,100,100,165,2021-05-21,P,ISIN,US0567521085,Baidu Inc -ADR- -A- (8 Shs),Share,S,-10,-10,USD,-1060,,,,,,,,,,,,,,,,,,,,
,020,POS,"Stock Balance - May 17, 2021",lghths-sg,143067709,SAR,143067709,83663293.6000,83663293,83663293.6000,USD,USD,XS2272214458,,,Bond,2021-05-17,USD,202999.63,,,,,,4.85% Logan Group Co Ltd Notes 2020-2026,,,,,,,,,,,USD,4122.5,,,KY/Cayman Islands,USD,USD,100.06,2021-05-14,.01,,,,,,,,,,200000,200000,USD,200120,ISIN,XS2272214458,Valor,58823075,SARA,000141927463,XS2272214458,2020-12-14,2026-12-14,4.85,30E/360,2,2021-06-14,USD,BB-,,,,,
,020,POS,"Stock Balance - May 17, 2021",lghths-sg,143137250,SAR,143137250,83663293.6000,83663293,83663293.6000,USD,GBP,111099171,,,Hybrid,2021-05-17,,,USD,0,,,,Stock Forward Accumulator  2x Leveraged on Imperial Brands Plc (IMB LN) Period: 12.APR.21 - 11.APR.22  254 Days Strike: GBP 13.6618  Knock-Out: GBP 16.3929,,,,,,,,,,,,,,,,GBP,GBP,-0.086867572,2021-05-14,1,,,,,,,,,,27260,27260,GBP,-2368.01,Valor,111099171,SARA,000143132148,,,,,,,,,,,,,,,USD,-3343.48
,020,POS,"Stock Balance - May 17, 2021",lghths-sg,143206000,SAR,143206000,83663293.6000,83663293,83663293.6000,USD,USD,US01609W1027,,,Share,2021-05-17,USD,140035.6,,,,,,Alibaba Group Holding Ltd -ADS- (8 Shs),,,,,,,,,,,,,,,KY/Cayman Islands,USD,USD,211.05,2021-05-14,1,,,,,,,,,,600,600,USD,126630,ISIN,US01609W1027,Valor,24409862,SARA,000123993236,US01609W1027,,,,,,,,,,,,,
,020,POS,"Stock Balance - May 17, 2021",lghths-sg,143225155,SAR,143225155,83663293.6000,83663293,83663293.6000,USD,USD,000142822407,SARA,000142822407,Option,2021-05-17,USD,-1586,,,,,,Alibaba Group Holding Ltd Call 18.06.2021 260 (BABA US),,,,,,,,,,,,,,,US/United States of America,USD,USD,0.43,2021-05-14,100,100,260,2021-06-18,C,ISIN,US01609W1027,Alibaba Group Holding Ltd -ADS- (8 Shs),Share,S,-6,-6,USD,-258,,,,,,,,,,,,,,,,,,,,
,020,POS,"Stock Balance - May 17, 2021",lghths-sg,143239698,SAR,143239698,83663293.6000,83663293,83663293.6000,USD,USD,000142255392,SARA,000142255392,Option,2021-05-17,USD,-1586,,,,,,Lumentum Holdings Inc Put 18.06.2021 80 (LITE US),,,,,,,,,,,,,,,US/United States of America,USD,USD,10.6,2021-05-14,100,100,80,2021-06-18,P,ISIN,US55024U1097,Lumentum Holdings Inc,Share,S,-15,-15,USD,-15900,,,,,,,,,,,,,,,,,,,,
,020,POS,"Stock Balance - May 17, 2021",lghths-sg,143242630,SAR,143242630,83663293.6000,83663293,83663293.6000,USD,USD,QT1104883389,,,Fund,2021-05-17,USD,150802.5,,,,,,LC Multi Strategy Fund SG VCC-SF1 (USD) -E- Brevan Howard,,,,,,,,,,,,,,,SG/Singapore,USD,USD,100.0,2020-12-31,1,,,,,,,,,,1500,1500,USD,150000,ISIN,QT1104883389,Valor,110488338,SARA,000142922383,QT1104883389,,,,,,,,,,,,,
,020,POS,"Stock Balance - May 17, 2021",lghths-sg,143448204,SAR,143448204,83663293.6000,83663293,83663293.6000,USD,USD,111612450,,,Hybrid,2021-05-17,,,,,,,,Stock Forward Accumulator  2x Leveraged on Facebook Inc -A- (FB UQ) Period: 11.MAY.21 - 11.MAY.22  253 Days Strike: USD 252.0901  Knock-Out: USD 318.7208,,,,,,,,,,,,,,,,USD,USD,-0.609440053,2021-05-14,1,,,,,,,,,,1518,1518,USD,-925.13,Valor,111612450,SARA,000143443326,,,,,,,,,,,,,,,,
,020,POS,"Stock Balance - May 17, 2021",lghths-sg,143463463,SAR,143463463,83663293.6000,83663293,83663293.6000,USD,USD,GB00BL5C3X11,,,Rights,2021-05-17,,,,,,,,Royal Dutch Shell Plc -Rights 2021-,,,,,,,,,,,,,,,GB/United Kingdom,USD,USD,0.00,2021-05-10,1,,,,,,,,,,12000,12000,,,ISIN,GB00BL5C3X11,Valor,111375538,SARA,000143437839,GB00BL5C3X11,,,,,,,,,,,,,
,020,POS,"Stock Balance - May 17, 2021",lghths-sg,143473771,SAR,143473771,83663293.6000,83663293,83663293.6000,USD,EUR,SGXC37098255,,,Share,2021-05-17,EUR,300900.82,USD,334942.33,,,,Cromwell European REIT Reg-S,,,,,,,,,,,,,,,SG/Singapore,EUR,EUR,2.4,2021-05-17,1,,,,,,,,,,118800,118800,EUR,285120,ISIN,SGXC37098255,Valor,111520314,SARA,000143433177,SGXC37098255,,,,,,,,,,,,USD,346281.66
,020,POS,"Stock Balance - May 17, 2021",lghths-sg,137826506,SAR,137826506,83667931.6000,83667931,83667931.6000,USD,EUR,IE00B84J9L26,,,Fund,2021-05-17,EUR,149402.29,USD,169131.76,,,,PIMCO Funds Global Investors Series Plc- Income (EUR) -E- -Hedged- Capitalisation,,,,,,,,,,,,,,,IE/Ireland,EUR,EUR,13.85,2021-05-14,1,,,,,,,,,,11278.671,11278.671,EUR,156209.59,ISIN,IE00B84J9L26,Valor,19930049,SARA,000064235309,IE00B84J9L26,,,,,,,,,,,,USD,189718.43
,020,POS,"Stock Balance - May 17, 2021",lghths-sg,140122049,SAR,140122049,83667931.6000,83667931,83667931.6000,USD,USD,US98980L1017,,,Share,2021-05-17,USD,16630.97,,,,,,Zoom Video Communications Inc -A-,,,,,,,,,,,,,,,US/United States of America,USD,USD,308.93,2021-05-14,1,,,,,,,,,,43,43,USD,13283.99,ISIN,US98980L1017,Valor,47101896,Bloomberg,ZM UW,US98980L1017,,,,,,,,,SARA,000137372208,,,
,020,POS,"Stock Balance - May 17, 2021",lghths-sg,140258096,SAR,140258096,83667931.6000,83667931,83667931.6000,USD,SGD,SG1V61937297,,,Share,2021-05-17,SGD,19711.22,USD,13925.08,,,,Singapore Airlines Ltd,,,,,,,,,,,,,,,SG/Singapore,SGD,SGD,4.64,2021-05-17,1,,,,,,,,,,4000,4000,SGD,18560,ISIN,SG1V61937297,Valor,3106596,Bloomberg,SIA SP,SG1V61937297,,,,,,,,,SARA,000020750927,,USD,13897.25
,020,POS,"Stock Balance - May 17, 2021",lghths-sg,140996076,SAR,140996076,83667931.6000,83667931,83667931.6000,USD,SGD,MYL7113OO003,,,Share,2021-05-17,SGD,19904.47,USD,14521.64,,,,Top Glove Corporation Bhd,,,,,,,,,,,,,,,MY/Malaysia,MYR,SGD,1.71,2021-05-17,1,,,,,,,,,,7800,7800,SGD,13338,ISIN,MYL7113OO003,Valor,1197605,Bloomberg,TOPG MK,MYL7113OO003,,,,,,,,,SARA,000002537305,3.092971,USD,9987.15
,020,POS,"Stock Balance - May 17, 2021",lghths-sg,141022909,SAR,141022909,83667931.6000,83667931,83667931.6000,USD,USD,US81141R1005,,,Share,2021-05-17,USD,16789,,,,,,Sea Ltd -ADR-,,,,,,,,,,,,,,,KY/Cayman Islands,USD,USD,218.84,2021-05-14,1,,,,,,,,,,85,85,USD,18601.4,ISIN,US81141R1005,Valor,38497535,SARA,000133148797,US81141R1005,,,,,,,,,,,,,
,020,POS,"Stock Balance - May 17, 2021",lghths-sg,141952076,SAR,141952076,83667931.6000,83667931,83667931.6000,USD,USD,US88160R1014,,,Share,2021-05-17,USD,16281.8,,,,,,Tesla Inc,,,,,,,,,,,,,,,US/United States of America,USD,USD,576.83,2021-05-14,1,,,,,,,,,,28,28,USD,16151.24,ISIN,US88160R1014,Valor,11448018,Bloomberg,TSLA UW,US88160R1014,,,,,,,,,SARA,000026499970,,,
,020,POS,"Stock Balance - May 17, 2021",lghths-sg,142190406,SAR,142190406,83667931.6000,83667931,83667931.6000,USD,USD,US62914V1061,,,Share,2021-05-17,USD,19402,,,,,,Nio Inc -ADR- -A-,,,,,,,,,,,,,,,KY/Cayman Islands,USD,USD,33.81,2021-05-14,1,,,,,,,,,,312,312,USD,10548.72,ISIN,US62914V1061,Valor,43286578,Bloomberg,NIO US,US62914V1061,,,,,,,,,SARA,000135493931,,,
,020,POS,"Stock Balance - May 17, 2021",lghths-sg,139402899,SAR,139402899,83676187.6000,83676187,83676187.6000,USD,GBP,GB0004082847,,,Share,2021-05-17,GBP,176883.93,USD,229897.99,,,,Standard Chartered Plc,,,,,,,,,,,,,,,GB/United Kingdom,GBP,GBP,4.982,2021-05-17,1,,,,,,,,,,14049,14049,GBP,69992.12,ISIN,GB0004082847,Valor,1110646,SARA,000000422184,GB0004082847,,,,,,,,,,,,USD,98824.53
,020,POS,"Stock Balance - May 17, 2021",lghths-sg,139402907,SAR,139402907,83676187.6000,83676187,83676187.6000,USD,USD,IE00BLNN3691,,,Share,2021-05-17,USD,453426.96,,,,,,Weatherford International Ltd,,,,,,,,,,,,,,,IE/Ireland,USD,USD,11.65,2021-05-14,1,,,,,,,,,,24,24,USD,279.6,ISIN,IE00BLNN3691,Valor,24230735,SARA,000123618494,IE00BLNN3691,,,,,,,,,,,,,
