tkn,m2xmlReleaseNo,mvmtHdr.@mvmtTp,mvmtHdr.cmt,mvmtSrc.ctlr,mvmtSrc.ctlrMvmtRef,posSrc.extSys,posSrc.ref,hldPos.hldId.ptfl,hldPos.hldId.ctlrOwnr,hldPos.hldId.ctlrAcct,hldPos.hldId.ownrRefCcy,hldPos.hldId.ccy,hldPos.hldId.asst,hldPos.hldId.asstIDs.asstRef.@refType,hldPos.hldId.asstIDs.asstRef.#text,hldPos.hldId.asstDetail.type,hldPos.effDt,hldPos.posAmt.@ccy,hldPos.posAmt.#text,hldPos.posAmtRefCcy.@ccy,hldPos.posAmtRefCcy.#text,hldPos.vrfyInd,hldPos.addInfo.@infoType,hldPos.addInfo.#text,hldPos.accrAmt.@ccy,hldPos.accrAmt.#text,hldPos.hldId.asstIDs.asstRef.0.@refType,hldPos.hldId.asstIDs.asstRef.0.#text,hldPos.hldId.asstIDs.asstRef.1.@refType,hldPos.hldId.asstIDs.asstRef.1.#text,hldPos.hldId.asstIDs.asstRef.2.@refType,hldPos.hldId.asstIDs.asstRef.2.#text,hldPos.hldId.asstDetail.isin,hldPos.hldId.asstDetail.cntry,hldPos.hldId.asstDetail.desc,hldPos.hldId.asstDetail.issueCcy,hldPos.hldId.asstDetail.issueDate,hldPos.hldId.asstDetail.latestPrc.@ccy,hldPos.hldId.asstDetail.latestPrc.#text,hldPos.hldId.asstDetail.latestPrcDate,hldPos.hldId.asstDetail.prcFactor,hldPos.posnQty,hldPos.settQty,hldPos.srcMktValAmt.@ccy,hldPos.srcMktValAmt.#text,hldPos.srcMktValAmtRefCcy.@ccy,hldPos.srcMktValAmtRefCcy.#text,hldPos.accrAmtRefCcy.@ccy,hldPos.accrAmtRefCcy.#text,hldPos.hldId.asstDetail.asstDerivDetails.contractSize,hldPos.hldId.asstDetail.asstDerivDetails.strike,hldPos.hldId.asstDetail.asstDerivDetails.expDate,hldPos.hldId.asstDetail.asstDerivDetails.underlyingAsstIDs.asstRef.@refType,hldPos.hldId.asstDetail.asstDerivDetails.underlyingAsstIDs.asstRef.#text,hldPos.hldId.asstDetail.asstDerivDetails.underlyingAsstDesc,hldPos.hldId.asstDetail.asstDerivDetails.underlyingAsstType,hldPos.hldId.asstDetail.asstBondDetails.matDate,hldPos.hldId.asstDetail.asstBondDetails.intRate,hldPos.hldId.asstDetail.asstBondDetails.calcBasis,hldPos.hldId.asstDetail.asstBondDetails.intFreq,hldPos.hldId.asstDetail.asstBondDetails.intDate,hldPos.hldId.asstDetail.asstBondDetails.intCcy,hldPos.hldId.asstDetail.asstBondDetails.rating,hldPos.hldId.asstIDs.asstRef.3.@refType,hldPos.hldId.asstIDs.asstRef.3.#text,hldPos.hldId.asstDetail.issueCcyExchRt,hldPos.hldId.asstDetail.asstMnyMktDetails.mnyMktType,hldPos.hldId.asstDetail.asstMnyMktDetails.mnyMktTerm.@termType,hldPos.hldId.asstDetail.asstMnyMktDetails.mnyMktTerm.#text,hldPos.hldId.asstDetail.asstMnyMktDetails.mnyMktAmt.@ccy,hldPos.hldId.asstDetail.asstMnyMktDetails.mnyMktAmt.#text,hldPos.hldId.asstDetail.asstMnyMktDetails.intRate,hldPos.hldId.asstDetail.asstMnyMktDetails.mnyMktRef,hldPos.hldId.asstDetail.asstMnyMktDetails.mnyMktName,hldPos.hldId.asstDetail.asstMnyMktDetails.matDate,hldPos.hldId.asstDetail.asstMnyMktDetails.startDate,hldPos.hldId.asstDetail.asstDerivDetails.putCallInd,hldPos.hldId.asstDetail.asstDerivDetails.longShortInd
,020,POS,"Cash Balance - Jun 2, 2021",lghths-sg,140953859,SAR,140953859,83663279.6000,83663279,83663279.4004/HKD/KK,USD,HKD,HKD,CURRENCY,HKD,Cash,2021-06-02,HKD,0,USD,0,,portfolioID,83663279.6000,,,,,,,,,,,,,,,,,,,,,,,,,,,,,,,,,,,,,,,,,,,,,,,,,,,,,,
,020,POS,"Cash Balance - Jun 2, 2021",lghths-sg,133980435,SAR,133980435,83663293.6000,83663293,83663293.4000/USD/KK,USD,USD,USD,CURRENCY,USD,Cash,2021-06-02,USD,-379229.36,,,,portfolioID,83663293.6000,USD,-1.65,,,,,,,,,,,,,,,,,,,,,,,,,,,,,,,,,,,,,,,,,,,,,,,,,,,,
,020,POS,"Cash Balance - Jun 2, 2021",lghths-sg,134321779,SAR,134321779,83663293.6000,83663293,83663293.4001/GBP/KK,USD,GBP,GBP,CURRENCY,GBP,Cash,2021-06-02,GBP,-213782.91,USD,-302812.59,,portfolioID,83663293.6000,,,,,,,,,,,,,,,,,,,,,,,,,,,,,,,,,,,,,,,,,,,,,,,,,,,,,,
,020,POS,"Cash Balance - Jun 2, 2021",lghths-sg,134427611,SAR,134427611,83663293.6000,83663293,83663293.4002/SGD/KK,USD,SGD,SGD,CURRENCY,SGD,Cash,2021-06-02,SGD,0,USD,0,,portfolioID,83663293.6000,,,,,,,,,,,,,,,,,,,,,,,,,,,,,,,,,,,,,,,,,,,,,,,,,,,,,,
,020,POS,"Cash Balance - Jun 2, 2021",lghths-sg,134655209,SAR,134655209,83663293.6000,83663293,83663293.4003/EUR/KK,USD,EUR,EUR,CURRENCY,EUR,Cash,2021-06-02,EUR,-278757.15,USD,-340260.18,,portfolioID,83663293.6000,,,,,,,,,,,,,,,,,,,,,,,,,,,,,,,,,,,,,,,,,,,,,,,,,,,,,,
,020,POS,"Cash Balance - Jun 2, 2021",lghths-sg,137675912,SAR,137675912,83663293.6000,83663293,83663293.4004/INR/KK,USD,INR,INR,CURRENCY,INR,Cash,2021-06-02,INR,0,USD,0,,portfolioID,83663293.6000,,,,,,,,,,,,,,,,,,,,,,,,,,,,,,,,,,,,,,,,,,,,,,,,,,,,,,
,020,POS,"Cash Balance - Jun 2, 2021",lghths-sg,140351749,SAR,140351749,83663293.6000,83663293,83663293.4005/HKD/KK,USD,HKD,HKD,CURRENCY,HKD,Cash,2021-06-02,HKD,-1457486.04,USD,-187836.51,,portfolioID,83663293.6000,,,,,,,,,,,,,,,,,,,,,,,,,,,,,,,,,,,,,,,,,,,,,,,,,,,,,,
,020,POS,"Cash Balance - Jun 2, 2021",lghths-sg,141694029,SAR,141694029,83663293.6000,83663293,83663293.4006/CHF/KK,USD,CHF,CHF,CURRENCY,CHF,Cash,2021-06-02,CHF,0,USD,0,,portfolioID,83663293.6000,,,,,,,,,,,,,,,,,,,,,,,,,,,,,,,,,,,,,,,,,,,,,,,,,,,,,,
,020,POS,"Cash Balance - Jun 2, 2021",lghths-sg,134787523,SAR,134787523,83667931.6000,83667931,83667931.4000/USD/KK,USD,USD,USD,CURRENCY,USD,Cash,2021-06-02,USD,0,,,,portfolioID,83667931.6000,,,,,,,,,,,,,,,,,,,,,,,,,,,,,,,,,,,,,,,,,,,,,,,,,,,,,,
,020,POS,"Cash Balance - Jun 2, 2021",lghths-sg,135356352,SAR,135356352,83667931.6000,83667931,83667931.4001/GBP/KK,USD,GBP,GBP,CURRENCY,GBP,Cash,2021-06-02,GBP,69316.84,USD,98183.77,,portfolioID,83667931.6000,,,,,,,,,,,,,,,,,,,,,,,,,,,,,,,,,,,,,,,,,,,,,,,,,,,,,,
,020,POS,"Cash Balance - Jun 2, 2021",lghths-sg,135910790,SAR,135910790,83667931.6000,83667931,83667931.4002/EUR/KK,USD,EUR,EUR,CURRENCY,EUR,Cash,2021-06-02,EUR,0,USD,0,,portfolioID,83667931.6000,,,,,,,,,,,,,,,,,,,,,,,,,,,,,,,,,,,,,,,,,,,,,,,,,,,,,,
,020,POS,"Cash Balance - Jun 2, 2021",lghths-sg,140258097,SAR,140258097,83667931.6000,83667931,83667931.4003/SGD/KK,USD,SGD,SGD,CURRENCY,SGD,Cash,2021-06-02,SGD,1280.45,USD,968.23,,portfolioID,83667931.6000,,,,,,,,,,,,,,,,,,,,,,,,,,,,,,,,,,,,,,,,,,,,,,,,,,,,,,
,020,POS,"Stock Balance - Jun 2, 2021",lghths-sg,143244063,SAR,143244063,83663279.6000,83663279,83663279.6000,USD,EUR,CH1108209755,,,Share,2021-06-02,EUR,250000,USD,300564.25,,,,,,ISIN,CH1108209755,Valor,110820975,SARA,000143242636,CH1108209755,00939,8% Vontobel Financial Products Ltd BMW AG STR 75.8109 Orange SA STR 9.0825 Autocallable Fixed Coupon Notes 08.11.2021 Repayment cash or physical,EUR,2021-05-07,EUR,99.6,2021-06-01,.01,250000,250000,EUR,249000,USD,303937.62,,,,,,,,,,,,,,,,,,,,,,,,,,,,,,,
,020,POS,"Cash Balance - Jun 2, 2021",lghths-sg,133980399,SAR,133980399,83663279.6000,83663279,83663279.4000/USD/KK,USD,USD,USD,CURRENCY,USD,Cash,2021-06-02,USD,72809.13,,,,portfolioID,83663279.6000,,,,,,,,,,,,,,,,,,,,,,,,,,,,,,,,,,,,,,,,,,,,,,,,,,,,,,
,020,POS,"Cash Balance - Jun 2, 2021",lghths-sg,134173977,SAR,134173977,83663279.6000,83663279,83663279.4001/GBP/KK,USD,GBP,GBP,CURRENCY,GBP,Cash,2021-06-02,GBP,-1771382.06,USD,-2509072.35,,portfolioID,83663279.6000,,,,,,,,,,,,,,,,,,,,,,,,,,,,,,,,,,,,,,,,,,,,,,,,,,,,,,
,020,POS,"Cash Balance - Jun 2, 2021",lghths-sg,134270852,SAR,134270852,83663279.6000,83663279,83663279.4002/SGD/KK,USD,SGD,SGD,CURRENCY,SGD,Cash,2021-06-02,SGD,1711.75,USD,1294.36,,portfolioID,83663279.6000,,,,,,,,,,,,,,,,,,,,,,,,,,,,,,,,,,,,,,,,,,,,,,,,,,,,,,
,020,POS,"Cash Balance - Jun 2, 2021",lghths-sg,140493349,SAR,140493349,83663279.6000,83663279,83663279.4003/EUR/KK,USD,EUR,EUR,CURRENCY,EUR,Cash,2021-06-02,EUR,2025.8,USD,2472.76,,portfolioID,83663279.6000,EUR,-0.06,,,,,,,,,,,,,,,,,,,,,,USD,-0.07,,,,,,,,,,,,,,,,,,,,,,,,,,,,,
,020,POS,"Stock Balance - Jun 2, 2021",lghths-sg,139402899,SAR,139402899,83676187.6000,83676187,83676187.6000,USD,GBP,GB0004082847,,,Share,2021-06-02,GBP,176883.93,USD,229897.99,,,,,,ISIN,GB0004082847,Valor,1110646,SARA,000000422184,GB0004082847,GB/United Kingdom,Standard Chartered Plc,GBP,,GBP,5.05,2021-06-02,1,14049,14049,GBP,70947.45,USD,100493.44,,,,,,,,,,,,,,,,,,,,,,,,,,,,,,,
,020,POS,"Stock Balance - Jun 2, 2021",lghths-sg,139402907,SAR,139402907,83676187.6000,83676187,83676187.6000,USD,USD,IE00BLNN3691,,,Share,2021-06-02,USD,453426.96,,,,,,,,ISIN,IE00BLNN3691,Valor,24230735,SARA,000123618494,IE00BLNN3691,IE/Ireland,Weatherford International Ltd,USD,,USD,12.4,2021-06-01,1,24,24,USD,297.6,,,,,,,,,,,,,,,,,,,,,,,,,,,,,,,,,
,020,POS,"Stock Balance - Jun 2, 2021",lghths-sg,139402910,SAR,139402910,83676187.6000,83676187,83676187.6000,USD,USD,IE00BL3HR700,,,Warrant,2021-06-02,,,,,,,,,,ISIN,IE00BL3HR700,Valor,51640992,SARA,000139212204,IE00BL3HR700,IE/Ireland,Weatherford International Ltd Wt.13.12.2023,USD,,USD,0.42,2021-06-01,1,271,271,USD,113.82,,,,,1,99.96,2023-12-13,ISIN,IE00BLNN3691,Weatherford International Ltd,Share,,,,,,,,,,,,,,,,,,,,,,
,020,POS,"Stock Balance - Jun 2, 2021",lghths-sg,139402915,SAR,139402915,83676187.6000,83676187,83676187.6000,USD,USD,XS1556165477,,,Bond,2021-06-02,USD,204200,,,,,,USD,3354.17,ISIN,XS1556165477,Valor,35513710,SARA,000131042001,XS1556165477,BM/Bermuda,5.25% China Water Affairs Group Ltd 2017-2022,USD,2017-02-07,USD,101.29,2021-06-01,.01,200000,200000,USD,202580,,,,,,,,,,,,2022-02-07,5.25,30E/360,2,2017-08-07,USD,BB+,,,,,,,,,,,,,,,
,020,POS,"Stock Balance - Jun 2, 2021",lghths-sg,139402916,SAR,139402916,83676187.6000,83676187,83676187.6000,USD,USD,USG50027AE42,,,Bond,2021-06-02,USD,211600,,,,,,USD,3781.25,ISIN,USG50027AE42,Valor,20549467,SARA,000082521405,USG50027AE42,GB/United Kingdom,5.625% Jaguar Land Rover Plc Notes 2013-2023 Senior Reg-S,USD,2013-01-28,USD,100.52,2021-06-02,.01,200000,200000,USD,201040,,,,,,,,,,,,2023-02-01,5.625,30E/360,2,2013-08-01,USD,B,,,,,,,,,,,,,,,
,020,POS,"Stock Balance - Jun 2, 2021",lghths-sg,139412744,SAR,139412744,83676187.6000,83676187,83676187.6000,USD,HKD,GB0005405286,,,Share,2021-06-02,HKD,2733628.67,USD,348516.47,,,,,,ISIN,GB0005405286,Valor,411161,Bloomberg,0005 HK,GB0005405286,GB/United Kingdom,HSBC Holdings Plc,GBP,,HKD,49.15,2021-06-02,1,38597,38597,HKD,1897042.55,USD,244485.26,,,,,,,,,,,,,,,,,SARA,000000415042,0.090986,,,,,,,,,,,,
,020,POS,"Stock Balance - Jun 2, 2021",lghths-sg,139518647,SAR,139518647,83676187.6000,83676187,83676187.6000,USD,USD,CH0400441280,,,Bond,2021-06-02,USD,199250,,,,,,USD,3388.89,ISIN,CH0400441280,Valor,40044128,SARA,000133807554,CH0400441280,CH/Switzerland,5% UBS Group AG Contingent Convertible Floating Rate Notes  2018-Perpetual Subordinated,USD,2018-01-31,USD,102.135,2021-06-02,.01,200000,200000,USD,204270,,,,,,,,,,,,4712-12-31,5.0,30/360,1,2019-01-31,USD,BB,,,,,,,,,,,,,,,
,020,POS,"Stock Balance - Jun 2, 2021",lghths-sg,140817383,SAR,140817383,83676187.6000,83676187,83676187.6000,USD,USD,KYG7943S1140,,,Fund,2021-06-02,USD,201000,,,,,,,,ISIN,KYG7943S1140,Valor,55646201,SARA,000140636795,KYG7943S1140,KY/Cayman Islands,SCUBE Investment Management SPC Fixed Income Tactical Opportunities Fund Series 2 -Cash Option-,USD,,USD,1084.44,2021-03-31,1,200,200,USD,216888,,,,,,,,,,,,,,,,,,,,,,,,,,,,,,,,,
,020,POS,"Stock Balance - Jun 2, 2021",lghths-sg,142489528,SAR,142489528,83676187.6000,83676187,83676187.6000,USD,GBP,XS2268319089,,,Bond,2021-06-02,GBP,200000,USD,274629,,,,,,ISIN,XS2268319089,Valor,59420676,SARA,000142484926,XS2268319089,GB/United Kingdom,8% UBS AG London Standard Chartered Plc STR 3.3447 HSBC Holdings Plc STR 2.8810 Callable Fixed Coupon Notes 15.02.2022 Repayment cash or physical,GBP,2021-02-15,GBP,102.85,2021-06-01,.01,200000,200000,GBP,205700,USD,291363.56,,,,,,,,,,2022-02-22,8.0,,2,2021-08-23,GBP,,,,,,,,,,,,,,,,
,020,POS,"Stock Balance - Jun 2, 2021",lghths-sg,143465251,SAR,143465251,83676187.6000,83676187,83676187.6000,USD,USD,111250919,,,Fund,2021-06-02,USD,202140,,,,,,,,Valor,111250919,SARA,000143416569,,,,KY/Cayman Islands,SCUBE Investment Management SPC- Cash Option Medium Duration Opportunities (USD) Segregated Portfolio **Anspruch/Claim/Ayant Droit**,USD,,USD,100.0,2021-04-30,.01,200000,200000,USD,200000,,,,,,,,,,,,,,,,,,,,,,,,,,,,,,,,,
,020,POS,"Stock Balance - Jun 2, 2021",lghths-sg,140130807,SAR,140130807,83677193.6000,83677193,83677193.6000,USD,USD,CH0276345995,,,Share,2021-06-02,USD,195252.48,,,,,,,,ISIN,CH0276345995,Valor,27634599,SARA,000131339805,CH0276345995,CH/Switzerland,Bank J.Safra Sarasin AG Dynamic Sustainable Technology Disruptors Reference Portfolio USD Tracker Cert.2017-Perpetual,USD,2017-03-02,USD,2294.83555632,2021-06-02,1,136,136,USD,312097.64,,,,,,,,,,,,,,,,,,,,,,,,,,,,,,,,,
,020,POS,"Stock Balance - Jun 2, 2021",lghths-sg,140138978,SAR,140138978,83677193.6000,83677193,83677193.6000,USD,USD,US0231351067,,,Share,2021-06-02,USD,92625,,,,,,,,ISIN,US0231351067,Valor,645156,Bloomberg,AMZN US,US0231351067,US/United States of America,Amazon.com Inc,USD,,USD,3233.99,2021-06-01,1,39,39,USD,126125.61,,,,,,,,,,,,,,,,,,,SARA,000000416730,,,,,,,,,,,,,
,020,POS,"Stock Balance - Jun 2, 2021",lghths-sg,140138985,SAR,140138985,83677193.6000,83677193,83677193.6000,USD,USD,US30303M1027,,,Share,2021-06-02,USD,11112.88,,,,,,,,ISIN,US30303M1027,Valor,14917609,Bloomberg,FB US,US30303M1027,US/United States of America,Facebook Inc -A-,USD,,USD,329.15,2021-06-01,1,62,62,USD,20407.3,,,,,,,,,,,,,,,,,,,SARA,000031299007,,,,,,,,,,,,,
,020,POS,"Stock Balance - Jun 2, 2021",lghths-sg,140138988,SAR,140138988,83677193.6000,83677193,83677193.6000,USD,USD,US70450Y1038,,,Share,2021-06-02,USD,21475.2,,,,,,,,ISIN,US70450Y1038,Valor,28467085,SARA,000125841357,US70450Y1038,US/United States of America,PayPal Holdings Inc,USD,,USD,262.17,2021-06-01,1,192,192,USD,50336.64,,,,,,,,,,,,,,,,,,,,,,,,,,,,,,,,,
,020,POS,"Stock Balance - Jun 2, 2021",lghths-sg,140138999,SAR,140138999,83677193.6000,83677193,83677193.6000,USD,HKD,KYG875721634,,,Share,2021-06-02,HKD,122880,USD,15853.34,,,,,,ISIN,KYG875721634,Valor,24014323,Bloomberg,700 HK,KYG875721634,KY/Cayman Islands,Tencent Holdings Ltd,HKD,,HKD,628.5,2021-06-02,1,300,300,HKD,188550,USD,24299.77,,,,,,,,,,,,,,,,,SARA,000119678126,,,,,,,,,,,,,
,020,POS,"Stock Balance - Jun 2, 2021",lghths-sg,140139006,SAR,140139006,83677193.6000,83677193,83677193.6000,USD,USD,US6936561009,,,Share,2021-06-02,USD,37699.2,,,,,,,,ISIN,US6936561009,Valor,13341368,SARA,000029048907,US6936561009,US/United States of America,PVH Corp,USD,,USD,109.41,2021-06-01,1,840,840,USD,91904.4,,,,,,,,,,,,,,,,,,,,,,,,,,,,,,,,,
,020,POS,"Stock Balance - Jun 2, 2021",lghths-sg,140139009,SAR,140139009,83677193.6000,83677193,83677193.6000,USD,USD,US88160R1014,,,Share,2021-06-02,USD,737304.42,,,,,,,,ISIN,US88160R1014,Valor,11448018,Bloomberg,TSLA UW,US88160R1014,US/United States of America,Tesla Inc,USD,,USD,605.12,2021-06-01,1,4890,4890,USD,2959036.8,,,,,,,,,,,,,,,,,,,SARA,000026499970,,,,,,,,,,,,,
,020,POS,"Stock Balance - Jun 2, 2021",lghths-sg,140139010,SAR,140139010,83677193.6000,83677193,83677193.6000,USD,USD,LU1139789298,,,Fund,2021-06-02,USD,36234,,,,,,,,ISIN,LU1139789298,Valor,28286186,SARA,000129194049,LU1139789298,LU/Luxembourg,Ninety One Global Strategy Fund Sicav- All China Equity (USD) -IX- Capitalisation,USD,,USD,37.33,2021-06-01,1,1350,1350,USD,50395.5,,,,,,,,,,,,,,,,,,,,,,,,,,,,,,,,,
,020,POS,"Stock Balance - Jun 2, 2021",lghths-sg,140139016,SAR,140139016,83677193.6000,83677193,83677193.6000,USD,USD,LU1076353199,,,Fund,2021-06-02,USD,122683.8,,,,,,,,ISIN,LU1076353199,Valor,32859655,SARA,000132418292,LU1076353199,LU/Luxembourg,Ashmore Sicav- Emerging Markets Short Duration Fund (USD) -Z- Capitalisation,USD,,USD,109.71,2021-06-01,1,1460,1460,USD,160176.6,,,,,,,,,,,,,,,,,,,,,,,,,,,,,,,,,
,020,POS,"Stock Balance - Jun 2, 2021",lghths-sg,140139032,SAR,140139032,83677193.6000,83677193,83677193.6000,USD,USD,US57636Q1040,,,Share,2021-06-02,USD,415952,,,,,,,,ISIN,US57636Q1040,Valor,2282206,Bloomberg,MA UN,US57636Q1040,US/United States of America,Mastercard Inc -A-,USD,,USD,366.85,2021-06-01,1,1600,1600,USD,586960,,,,,,,,,,,,,,,,,,,SARA,000005979694,,,,,,,,,,,,,
,020,POS,"Stock Balance - Jun 2, 2021",lghths-sg,140139036,SAR,140139036,83677193.6000,83677193,83677193.6000,USD,USD,LU0599947602,,,Fund,2021-06-02,USD,215169.2,,,,,,,,ISIN,LU0599947602,Valor,18636996,SARA,000119902979,LU0599947602,LU/Luxembourg,DWS Concept Sicav-Kaldemorgen (USD) -LCH- Capitalisation,USD,,USD,146.27,2021-06-02,1,1660,1660,USD,242808.2,,,,,,,,,,,,,,,,,,,,,,,,,,,,,,,,,
,020,POS,"Stock Balance - Jun 2, 2021",lghths-sg,140139046,SAR,140139046,83677193.6000,83677193,83677193.6000,USD,USD,US92826C8394,,,Share,2021-06-02,USD,339080,,,,,,,,ISIN,US92826C8394,Valor,3826452,Bloomberg,V UN,US92826C8394,US/United States of America,Visa Inc -A-,USD,,USD,229.66,2021-06-01,1,2000,2000,USD,459320,,,,,,,,,,,,,,,,,,,SARA,000021485316,,,,,,,,,,,,,
,020,POS,"Stock Balance - Jun 2, 2021",lghths-sg,140139051,SAR,140139051,83677193.6000,83677193,83677193.6000,USD,USD,US4642887602,,,Fund,2021-06-02,USD,315040,,,,,,,,ISIN,US4642887602,Valor,2552726,SARA,000028200389,US4642887602,US/United States of America,iShares U.S. Aerospace & Defense ETF,USD,,USD,111.52,2021-06-01,1,4000,4000,USD,446080,,,,,,,,,,,,,,,,,,,,,,,,,,,,,,,,,
,020,POS,"Stock Balance - Jun 2, 2021",lghths-sg,140139062,SAR,140139062,83677193.6000,83677193,83677193.6000,USD,USD,US01609W1027,,,Share,2021-06-02,USD,419000,,,,,,,,ISIN,US01609W1027,Valor,24409862,SARA,000123993236,US01609W1027,KY/Cayman Islands,Alibaba Group Holding Ltd -ADS- (8 Shs),USD,,USD,219.59,2021-06-01,1,2000,2000,USD,439180,,,,,,,,,,,,,,,,,,,,,,,,,,,,,,,,,
,020,POS,"Stock Balance - Jun 2, 2021",lghths-sg,140139064,SAR,140139064,83677193.6000,83677193,83677193.6000,USD,USD,HK0000055555,,,Fund,2021-06-02,USD,214751.25,,,,,,,,ISIN,HK0000055555,Valor,10525833,Bloomberg,JFASEAI HK,HK0000055555,HK/Hong Kong,JPMorgan ASEAN Fund -USD- Capitalisation,USD,,USD,151.08,2021-06-01,1,2025,2025,USD,305937,,,,,,,,,,,,,,,,,,,SARA,000025146326,,,,,,,,,,,,,
,020,POS,"Stock Balance - Jun 2, 2021",lghths-sg,140139067,SAR,140139067,83677193.6000,83677193,83677193.6000,USD,USD,LU0792612383,,,Fund,2021-06-02,USD,30763.2,,,,,,,,ISIN,LU0792612383,Valor,18819244,SARA,000064234678,LU0792612383,LU/Luxembourg,Franklin Templeton Investment Funds Sicav-India (USD) -W- Capitalisation,USD,,USD,26.1,2021-06-01,1,2040,2040,USD,53244,,,,,,,,,,,,,,,,,,,,,,,,,,,,,,,,,
,020,POS,"Stock Balance - Jun 2, 2021",lghths-sg,140139073,SAR,140139073,83677193.6000,83677193,83677193.6000,USD,USD,LU0322253229,,,Fund,2021-06-02,USD,80695.05,,,,,,,,ISIN,LU0322253229,Valor,3614442,SARA,000023160306,LU0322253229,LU/Luxembourg,Xtrackers Sicav- S&P Global Infrastructure Swap UCITS ETF (USD) -1C- Capitalisation,CHF,2007-10-31,USD,50.435,2021-06-02,1,2130,2130,USD,107426.55,,,,,,,,,,,,,,,,,,,,,0.89855,,,,,,,,,,,,
,020,POS,"Stock Balance - Jun 2, 2021",lghths-sg,140139076,SAR,140139076,83677193.6000,83677193,83677193.6000,USD,USD,US26210C1045,,,Share,2021-06-02,USD,44037.28,,,,,,,,ISIN,US26210C1045,Valor,40655183,Bloomberg,DBX UW,US26210C1045,US/United States of America,Dropbox Inc -A-,USD,,USD,27.86,2021-06-01,1,2296,2296,USD,63966.56,,,,,,,,,,,,,,,,,,,SARA,000134248881,,,,,,,,,,,,,
,020,POS,"Stock Balance - Jun 2, 2021",lghths-sg,140139086,SAR,140139086,83677193.6000,83677193,83677193.6000,USD,USD,IE00B57X3V84,,,Fund,2021-06-02,USD,146092.38,,,,,,,,ISIN,IE00B57X3V84,Valor,12592831,SARA,000125565434,IE00B57X3V84,IE/Ireland,iShares II Plc-Dow Jones Global Sustainability Screened UCITS ETF (USD) Capitalisation,EUR,,USD,58.715,2021-06-02,1,3715,3715,USD,218126.23,,,,,,,,,,,,,,,,,,,,,0.819247,,,,,,,,,,,,
,020,POS,"Stock Balance - Jun 2, 2021",lghths-sg,140139092,SAR,140139092,83677193.6000,83677193,83677193.6000,USD,USD,IE00BKM4GZ66,,,Fund,2021-06-02,USD,92505.6,,,,,,,,ISIN,IE00BKM4GZ66,Valor,24209517,SARA,000123910804,IE00BKM4GZ66,IE/Ireland,iShares Plc- Core MSCI Emerging Markets IMI UCITS (USD) Capitalisation,USD,,USD,38.95,2021-06-02,1,3840,3840,USD,149568,,,,,,,,,,,,,,,,,,,,,,,,,,,,,,,,,
,020,POS,"Stock Balance - Jun 2, 2021",lghths-sg,140139111,SAR,140139111,83677193.6000,83677193,83677193.6000,USD,USD,US2546871060,,,Share,2021-06-02,USD,426520,,,,,,,,ISIN,US2546871060,Valor,984192,Bloomberg,DIS US,US2546871060,US/United States of America,Walt Disney Company,USD,,USD,177.0,2021-06-01,1,4000,4000,USD,708000,,,,,,,,,,,,,,,,,,,SARA,000000421596,,,,,,,,,,,,,
,020,POS,"Stock Balance - Jun 2, 2021",lghths-sg,140139114,SAR,140139114,83677193.6000,83677193,83677193.6000,USD,USD,IE00BM67HK77,,,Fund,2021-06-02,USD,181790,,,,,,,,ISIN,IE00BM67HK77,Valor,31660585,SARA,000127521739,IE00BM67HK77,IE/Ireland,Xtrackers (IE) Plc- MSCI World Health Care UCITS ETF (USD) -1C- Capitalisation,USD,,USD,45.32,2021-06-02,1,4900,4900,USD,222068,,,,,,,,,,,,,,,,,,,,,,,,,,,,,,,,,
,020,POS,"Stock Balance - Jun 2, 2021",lghths-sg,140139129,SAR,140139129,83677193.6000,83677193,83677193.6000,USD,USD,US9229087104,,,Fund,2021-06-02,USD,1404918.2,,,,,,,,ISIN,US9229087104,Valor,1156931,SARA,000129754681,US9229087104,US/United States of America,Vanguard 500 Index Fund (EUR) -Admiral- Distribution,USD,,USD,388.93,2021-05-28,1,5290,5290,USD,2057439.7,,,,,,,,,,,,,,,,,,,,,,,,,,,,,,,,,
,020,POS,"Stock Balance - Jun 2, 2021",lghths-sg,140139136,SAR,140139136,83677193.6000,83677193,83677193.6000,USD,USD,US5949181045,,,Share,2021-06-02,USD,1046238.8,,,,,,,,ISIN,US5949181045,Valor,951692,Bloomberg,MSFT US,US5949181045,US/United States of America,Microsoft Corp,USD,,USD,247.3,2021-06-01,1,5858,5858,USD,1448683.4,,,,,,,,,,,,,,,,,,,SARA,000000420853,,,,,,,,,,,,,
,020,POS,"Stock Balance - Jun 2, 2021",lghths-sg,140139137,SAR,140139137,83677193.6000,83677193,83677193.6000,USD,USD,LU0292454872,,,Fund,2021-06-02,USD,138300,,,,,,,,ISIN,LU0292454872,Valor,3031842,SARA,000023844172,LU0292454872,LU/Luxembourg,JPMorgan Funds Sicav- US Select Equity Plus (USD) -A- Capitalisation,USD,,USD,35.29,2021-06-02,1,6000,6000,USD,211740,,,,,,,,,,,,,,,,,,,,,,,,,,,,,,,,,
,020,POS,"Stock Balance - Jun 2, 2021",lghths-sg,140139140,SAR,140139140,83677193.6000,83677193,83677193.6000,USD,USD,IE00B1TXHL60,,,Fund,2021-06-02,USD,103383.6,,,,,,,,ISIN,IE00B1TXHL60,Valor,3007862,SARA,000025595322,IE00B1TXHL60,IE/Ireland,iShares II Plc- Listed Private Equity UCITS ETF (USD),USD,,USD,29.755,2021-06-02,1,6060,6060,USD,180315.3,,,,,,,,,,,,,,,,,,,,,,,,,,,,,,,,,
,020,POS,"Stock Balance - Jun 2, 2021",lghths-sg,140139148,SAR,140139148,83677193.6000,83677193,83677193.6000,USD,USD,LU1169991020,,,Fund,2021-06-02,USD,201594.5,,,,,,,,ISIN,LU1169991020,Valor,27210766,SARA,000129193698,LU1169991020,LU/Luxembourg,Janus Henderson Horizon Fund Sicav- Pan European Smaller Companies (USD) -A2- Capitalisation,USD,,USD,61.8,2021-06-02,1,6290,6290,USD,388722,,,,,,,,,,,,,,,,,,,,,,,,,,,,,,,,,
,020,POS,"Stock Balance - Jun 2, 2021",lghths-sg,140139155,SAR,140139155,83677193.6000,83677193,83677193.6000,USD,USD,IE00BYZK4552,,,Fund,2021-06-02,USD,54544.5,,,,,,,,ISIN,IE00BYZK4552,Valor,33305410,SARA,000130065573,IE00BYZK4552,IE/Ireland,iShares IV Plc- Automation & Robotics UCITS ETF,USD,,USD,12.55,2021-06-02,1,7650,7650,USD,96007.5,,,,,,,,,,,,,,,,,,,,,,,,,,,,,,,,,
,020,POS,"Stock Balance - Jun 2, 2021",lghths-sg,140139159,SAR,140139159,83677193.6000,83677193,83677193.6000,USD,USD,LU0943300680,,,Fund,2021-06-02,USD,117387.94,,,,,,,,ISIN,LU0943300680,Valor,21607506,SARA,000101207542,LU0943300680,LU/Luxembourg,Schroder International Selection Fund Sicav- Japanese Opportunities (USD) -A- hedged Capitalisation,USD,,USD,20.9619,2021-06-02,1,8020,8020,USD,168114.44,,,,,,,,,,,,,,,,,,,,,,,,,,,,,,,,,
,020,POS,"Stock Balance - Jun 2, 2021",lghths-sg,140139168,SAR,140139168,83677193.6000,83677193,83677193.6000,USD,USD,IE00BM67HL84,,,Fund,2021-06-02,USD,119026.88,,,,,,,,ISIN,IE00BM67HL84,Valor,31660574,SARA,000127521738,IE00BM67HL84,IE/Ireland,Xtrackers (IE) Plc- MSCI World Financials UCITS ETF (USD) -1C- Capitalisation,USD,,USD,25.29,2021-06-02,1,8250,8250,USD,208642.5,,,,,,,,,,,,,,,,,,,,,,,,,,,,,,,,,
,020,POS,"Stock Balance - Jun 2, 2021",lghths-sg,140139173,SAR,140139173,83677193.6000,83677193,83677193.6000,USD,USD,LU1184092051,,,Fund,2021-06-02,USD,89057.85,,,,,,,,ISIN,LU1184092051,Valor,27165551,SARA,000133521479,LU1184092051,LU/Luxembourg,Xtrackers Sicav-MSCI Europe UCITS ETF (USD) -2C- Capitalisation,USD,,USD,12.999,2021-06-02,1,9530,9530,USD,123880.47,,,,,,,,,,,,,,,,,,,,,,,,,,,,,,,,,
,020,POS,"Stock Balance - Jun 2, 2021",lghths-sg,140139178,SAR,140139178,83677193.6000,83677193,83677193.6000,USD,USD,LU0490618542,,,Fund,2021-06-02,USD,521503.73,,,,,,,,ISIN,LU0490618542,Valor,11138249,SARA,000028122252,LU0490618542,LU/Luxembourg,Xtrackers Sicav-S&P 500 Swap UCITS ETF (USD) -1C- Capitalisation,EUR,,USD,79.79,2021-06-02,1,9765,9765,USD,779149.35,,,,,,,,,,,,,,,,,,,,,0.819247,,,,,,,,,,,,
,020,POS,"Stock Balance - Jun 2, 2021",lghths-sg,140139183,SAR,140139183,83677193.6000,83677193,83677193.6000,USD,USD,LU0927735406,,,Fund,2021-06-02,USD,212291.7,,,,,,,,ISIN,LU0927735406,Valor,21557276,SARA,000110737610,LU0927735406,LU/Luxembourg,Xtrackers Sicav-MSCI Japan UCITS ETF (USD) -2D- Distribution,USD,,USD,26.48,2021-06-02,1,10680,10680,USD,282806.4,,,,,,,,,,,,,,,,,,,,,,,,,,,,,,,,,
,020,POS,"Stock Balance - Jun 2, 2021",lghths-sg,140139191,SAR,140139191,83677193.6000,83677193,83677193.6000,USD,EUR,IE00BG7PJ914,,,Fund,2021-06-02,EUR,495120,USD,537174.01,,,,,,ISIN,IE00BG7PJ914,Valor,45464924,SARA,000137710631,IE00BG7PJ914,IE/Ireland,Barings Investment Funds Plc- Europe Select (EUR) -B- Unhedged Distribution,EUR,,EUR,61.22,2021-06-02,1,12000,12000,EUR,734640,USD,896725.83,,,,,,,,,,,,,,,,,,,,,,,,,,,,,,,
,020,POS,"Stock Balance - Jun 2, 2021",lghths-sg,140139212,SAR,140139212,83677193.6000,83677193,83677193.6000,USD,USD,US33734X8469,,,Fund,2021-06-02,USD,512820,,,,,,,,ISIN,US33734X8469,Valor,28549941,SARA,000125850193,US33734X8469,US/United States of America,First Trust NASDAQ Cybersecurity ETF,USD,,USD,44.49,2021-06-01,1,18000,18000,USD,800820,,,,,,,,,,,,,,,,,,,,,,,,,,,,,,,,,
,020,POS,"Stock Balance - Jun 2, 2021",lghths-sg,140139216,SAR,140139216,83677193.6000,83677193,83677193.6000,USD,USD,US0846707026,,,Share,2021-06-02,USD,3522860,,,,,,,,ISIN,US0846707026,Valor,10926529,Bloomberg,BRK/B US,US0846707026,US/United States of America,Berkshire Hathaway Inc -B-,USD,,USD,290.02,2021-06-01,1,18425,18425,USD,5343618.5,,,,,,,,,,,,,,,,,,,SARA,000025610650,,,,,,,,,,,,,
,020,POS,"Stock Balance - Jun 2, 2021",lghths-sg,140139223,SAR,140139223,83677193.6000,83677193,83677193.6000,USD,HKD,KYG3777B1032,,,Share,2021-06-02,HKD,228735,USD,29510.21,,,,,,ISIN,KYG3777B1032,Valor,1812980,Bloomberg,175 HK,KYG3777B1032,KY/Cayman Islands,Geely Automobile Holdings Ltd,HKD,,HKD,21.4,2021-06-02,1,19550,19550,HKD,418370,USD,53918.29,,,,,,,,,,,,,,,,,SARA,000024785919,,,,,,,,,,,,,
,020,POS,"Stock Balance - Jun 2, 2021",lghths-sg,140139230,SAR,140139230,83677193.6000,83677193,83677193.6000,USD,EUR,LU0260085492,,,Fund,2021-06-02,EUR,774998.88,USD,840824.96,,,,,,ISIN,LU0260085492,Valor,2707263,SARA,000031523329,LU0260085492,LU/Luxembourg,The Jupiter Global Fund Sicav- European Growth  (EUR) -L- Capitalisation,EUR,,EUR,45.16,2021-06-02,1,21198,21198,EUR,957301.68,USD,1168514.02,,,,,,,,,,,,,,,,,,,,,,,,,,,,,,,
,020,POS,"Stock Balance - Jun 2, 2021",lghths-sg,140139244,SAR,140139244,83677193.6000,83677193,83677193.6000,USD,USD,IE00BYZK4669,,,Fund,2021-06-02,USD,119496.56,,,,,,,,ISIN,IE00BYZK4669,Valor,33305420,SARA,000130065572,IE00BYZK4669,IE/Ireland,iShares IV Plc- Ageing Population UCITS ETF,USD,,USD,7.98875,2021-06-02,1,24325,24325,USD,194326.34,,,,,,,,,,,,,,,,,,,,,,,,,,,,,,,,,
,020,POS,"Stock Balance - Jun 2, 2021",lghths-sg,140139248,SAR,140139248,83677193.6000,83677193,83677193.6000,USD,USD,US33738R6053,,,Fund,2021-06-02,USD,777330.54,,,,,,,,ISIN,US33738R6053,Valor,23632392,SARA,000106789452,US33738R6053,US/United States of America,First Trust Dorsey Wright Focus 5 ETF,USD,,USD,46.7,2021-06-01,1,26823,26823,USD,1252634.1,,,,,,,,,,,,,,,,,,,,,,,,,,,,,,,,,
,020,POS,"Stock Balance - Jun 2, 2021",lghths-sg,140139252,SAR,140139252,83677193.6000,83677193,83677193.6000,USD,USD,US0846491027,,,Fund,2021-06-02,USD,774974.5,,,,,,,,ISIN,US0846491027,Valor,839013,SARA,000138882563,US0846491027,US/United States of America,Berkshire Funds (USD) Distribution,USD,,USD,40.0,2021-05-28,1,27201.632,27201.632,USD,1088065.28,,,,,,,,,,,,,,,,,,,,,,,,,,,,,,,,,
,020,POS,"Stock Balance - Jun 2, 2021",lghths-sg,140150219,SAR,140150219,83677193.6000,83677193,83677193.6000,USD,USD,US88032Q1094,,,Share,2021-06-02,USD,339228,,,,,,,,ISIN,US88032Q1094,Valor,4752662,SARA,000028344274,US88032Q1094,KY/Cayman Islands,Tencent Holdings Ltd -ADR-,USD,,USD,81.19,2021-06-02,1,6480,6480,USD,526111.2,,,,,,,,,,,,,,,,,,,,,,,,,,,,,,,,,
,020,POS,"Stock Balance - Jun 2, 2021",lghths-sg,140158326,SAR,140158326,83677193.6000,83677193,83677193.6000,USD,USD,US36847Q1031,,,Share,2021-06-02,USD,187636.8,,,,,,,,ISIN,US36847Q1031,Valor,10712481,SARA,000131633808,US36847Q1031,KY/Cayman Islands,Geely Automobile Holdings Ltd -ADR- (20 Shs),USD,,USD,55.15,2021-06-01,1,6240,6240,USD,344136,,,,,,,,,,,,,,,,,,,,,,,,,,,,,,,,,
,020,POS,"Stock Balance - Jun 2, 2021",lghths-sg,140766940,SAR,140766940,83677193.6000,83677193,83677193.6000,USD,USD,US00214Q1040,,,Fund,2021-06-02,USD,257562.52,,,,,,,,ISIN,US00214Q1040,Valor,25949494,SARA,000132130108,US00214Q1040,US/United States of America,ARK Innovation ETF,USD,,USD,111.3,2021-06-01,1,3090,3090,USD,343917,,,,,,,,,,,,,,,,,,,,,,,,,,,,,,,,,
,020,POS,"Stock Balance - Jun 2, 2021",lghths-sg,140774543,SAR,140774543,83677193.6000,83677193,83677193.6000,USD,USD,US7429351254,,,Fund,2021-06-02,USD,502675.01,,,,,,,,ISIN,US7429351254,Valor,10507151,SARA,000140770052,US7429351254,US/United States of America,Professionally Managed Portfolios Akre Focus Fund (USD) -Institutional- Distribution,USD,,USD,59.55,2021-05-27,1,9904.913,9904.913,USD,589837.57,,,,,,,,,,,,,,,,,,,,,,,,,,,,,,,,,
,020,POS,"Stock Balance - Jun 2, 2021",lghths-sg,140973259,SAR,140973259,83677193.6000,83677193,83677193.6000,USD,USD,US1729674242,,,Share,2021-06-02,USD,266076.37,,,,,,,,ISIN,US1729674242,Valor,12915350,Bloomberg,C US,US1729674242,US/United States of America,Citigroup Inc,USD,,USD,79.86,2021-06-01,1,5000,5000,USD,399300,,,,,,,,,,,,,,,,,,,SARA,000028584584,,,,,,,,,,,,,
,020,POS,"Stock Balance - Jun 2, 2021",lghths-sg,140973283,SAR,140973283,83677193.6000,83677193,83677193.6000,USD,USD,US0605051046,,,Share,2021-06-02,USD,268430.14,,,,,,,,ISIN,US0605051046,Valor,748628,Bloomberg,BAC UN,US0605051046,US/United States of America,Bank of America Corp,USD,,USD,42.94,2021-06-01,1,10000,10000,USD,429400,,,,,,,,,,,,,,,,,,,SARA,000000418117,,,,,,,,,,,,,
,020,POS,"Cash Balance - Jun 2, 2021",lghths-sg,140996046,SAR,140996046,83667931.6000,83667931,83667931.4004/MYR/KK,USD,MYR,MYR,CURRENCY,MYR,Cash,2021-06-02,MYR,0,USD,0,,portfolioID,83667931.6000,,,,,,,,,,,,,,,,,,,,,,,,,,,,,,,,,,,,,,,,,,,,,,,,,,,,,,
,020,POS,"Cash Balance - Jun 2, 2021",lghths-sg,140996118,SAR,140996118,83667931.6000,83667931,83667931.4005/XAU/METALL,USD,XAU,XAU,CURRENCY,XAU,Cash,2021-06-02,XAU,8,USD,15210.8,,portfolioID,83667931.6000,,,,,,,,,,,,,,,,,,,,,,,,,,,,,,,,,,,,,,,,,,,,,,,,,,,,,,
,020,POS,"Cash Balance - Jun 2, 2021",lghths-sg,139090240,SAR,139090240,83676187.6000,83676187,83676187.4000/USD/KK,USD,USD,USD,CURRENCY,USD,Cash,2021-06-02,USD,78938.31,,,,portfolioID,83676187.6000,,,,,,,,,,,,,,,,,,,,,,,,,,,,,,,,,,,,,,,,,,,,,,,,,,,,,,
,020,POS,"Cash Balance - Jun 2, 2021",lghths-sg,139983859,SAR,139983859,83676187.6000,83676187,83676187.4001/GBP/KK,USD,GBP,GBP,CURRENCY,GBP,Cash,2021-06-02,GBP,909.31,USD,1287.99,,portfolioID,83676187.6000,,,,,,,,,,,,,,,,,,,,,,,,,,,,,,,,,,,,,,,,,,,,,,,,,,,,,,
,020,POS,"Cash Balance - Jun 2, 2021",lghths-sg,140065110,SAR,140065110,83677193.6000,83677193,83677193.4000/USD/KK,USD,USD,USD,CURRENCY,USD,Cash,2021-06-02,USD,4487.15,,,,portfolioID,83677193.6000,,,,,,,,,,,,,,,,,,,,,,,,,,,,,,,,,,,,,,,,,,,,,,,,,,,,,,
,020,POS,"Cash Balance - Jun 2, 2021",lghths-sg,140249746,SAR,140249746,83677193.6000,83677193,83677193.4001/EUR/KK,USD,EUR,EUR,CURRENCY,EUR,Cash,2021-06-02,EUR,390.68,USD,476.88,,portfolioID,83677193.6000,EUR,-0.01,,,,,,,,,,,,,,,,,,,,,,USD,-0.01,,,,,,,,,,,,,,,,,,,,,,,,,,,,,
,020,POS,"Cash Balance - Jun 2, 2021",lghths-sg,140257966,SAR,140257966,83677193.6000,83677193,83677193.4002/HKD/KK,USD,HKD,HKD,CURRENCY,HKD,Cash,2021-06-02,HKD,11838.32,USD,1525.69,,portfolioID,83677193.6000,,,,,,,,,,,,,,,,,,,,,,,,,,,,,,,,,,,,,,,,,,,,,,,,,,,,,,
,020,POS,"Loan Balance - Jun 2, 2021",lghths-sg,143609833,SAR,143609833,83667931.6000,83667931,83667931,USD,USD,USD,CURRENCY,USD,MoneyMarket,2021-06-02,USD,-334209.12,,,,portfolioID,83667931.6000,USD,-10.75,,,,,,,,,USD Fixed Loan,,,,,,,,,,,,,,,,,,,,,,,,,,,,,,,,Loan,Fixed,2021-06-08,USD,-334209.12,1.158,143609833,s/t Fixed Advance Fix USD 1.158% 01.06.2021-08.0,2021-06-08,2021-06-01,,
,020,POS,"Loan Balance - Jun 2, 2021",lghths-sg,143468184,SAR,143468184,83676187.6000,83676187,83676187,USD,GBP,GBP,CURRENCY,GBP,MoneyMarket,2021-06-02,GBP,-200499.16,USD,-283996.83,,portfolioID,83676187.6000,GBP,-87.89,,,,,,,,,GBP Fixed Loan,,,,,,,,,,,,,USD,-124.49,,,,,,,,,,,,,,,,,,Loan,Fixed,2021-06-14,GBP,-200499.16,1.0,143468184,s/t Fixed Advance Fix GBP 1% 17.05.2021-14.06.20,2021-06-14,2021-05-17,,
,020,POS,"Loan Balance - Jun 2, 2021",lghths-sg,143480371,SAR,143480371,83677193.6000,83677193,83677193,USD,USD,USD,CURRENCY,USD,MoneyMarket,2021-06-02,USD,-719771.65,,,,portfolioID,83677193.6000,USD,-127.96,,,,,,,,,USD Fixed Loan,,,,,,,,,,,,,,,,,,,,,,,,,,,,,,,,Loan,Fixed,2021-06-17,USD,-719771.65,0.4,143480371,s/t Fixed Advance Fix USD 0.4% 17.05.2021-17.06.,2021-06-17,2021-05-17,,
,020,POS,"Loan Balance - Jun 2, 2021",lghths-sg,141444043,SAR,141444043,83667931.6000,83667931,83667931,USD,EUR,EUR,CURRENCY,EUR,MoneyMarket,2021-06-02,EUR,-100050.8,USD,-122125.31,,portfolioID,83667931.6000,EUR,-577.79,,,,,,,,,EUR Fixed Loan,,,,,,,,,,,,,USD,-705.27,,,,,,,,,,,,,,,,,,Loan,Fixed,2021-07-14,EUR,-100050.8,0.9,141444043,s/t Fixed Advance Fix EUR 0.9% 14.10.2020-14.07.,2021-07-14,2020-10-14,,
,020,POS,"Stock Balance - Jun 2, 2021",lghths-sg,134149308,SAR,134149308,83663279.6000,83663279,83663279.6000,USD,USD,US02079K1079,,,Share,2021-06-02,USD,71569,,,,,,,,ISIN,US02079K1079,Valor,29798545,SARA,000126334673,US02079K1079,US/United States of America,Alphabet Inc -C-,USD,,USD,2421.28,2021-06-01,1,100,100,USD,242128,,,,,,,,,,,,,,,,,,,,,,,,,,,,,,,,,
,020,POS,"Stock Balance - Jun 2, 2021",lghths-sg,134149314,SAR,134149314,83663279.6000,83663279,83663279.6000,USD,USD,USY57657AA90,,,Bond,2021-06-02,USD,389880,,,,,,USD,9540,ISIN,USY57657AA90,Valor,37153128,SARA,000132184737,USY57657AA90,SG/Singapore,5.3% Marble II Pte Ltd Bond 2017-2022,USD,2017-06-20,USD,100.44,2021-06-01,.01,400000,400000,USD,401760,,,,,,,,,,,,2022-06-20,5.3,30E/360,2,2017-12-20,USD,BB,,,,,,,,,,,,,,,
,020,POS,"Stock Balance - Jun 2, 2021",lghths-sg,134149391,SAR,134149391,83663279.6000,83663279,83663279.6000,USD,USD,XS1492713505,,,Bond,2021-06-02,USD,602226.95,,,,,,USD,6416.67,ISIN,XS1492713505,Valor,33981821,SARA,000129991155,XS1492713505,00939,5.5% State Bank of India Contingent Convertible Floating Rate Notes 2016-Perpetual,USD,2016-09-22,USD,101.155,2021-06-01,.01,600000,600000,USD,606930,,,,,,,,,,,,4712-12-31,5.5,30/360,2,2017-03-22,USD,B,,,,,,,,,,,,,,,
,020,POS,"Stock Balance - Jun 2, 2021",lghths-sg,134149396,SAR,134149396,83663279.6000,83663279,83663279.6000,USD,USD,USF2893TAM83,,,Bond,2021-06-02,USD,318600,,,,,,USD,6093.75,ISIN,USF2893TAM83,Valor,23404521,SARA,000104422680,USF2893TAM83,FR/France,5.625% Electricit� de France EDF Notes 2014-Perpetual Reg-S Subordinated,USD,2014-01-22,USD,107.085,2021-06-02,.01,300000,300000,USD,321255,,,,,,,,,,,,4712-12-31,5.625,30E/360,2,2014-07-22,USD,BB-,,,,,,,,,,,,,,,
,020,POS,"Stock Balance - Jun 2, 2021",lghths-sg,134149419,SAR,134149419,83663279.6000,83663279,83663279.6000,USD,USD,XS1423722823,,,Bond,2021-06-02,USD,313500,,,,,,USD,8078.13,ISIN,XS1423722823,Valor,32942221,SARA,000129445087,XS1423722823,AU/Australia,5.875% QBE Insurance Group Ltd Contingent Convertible Floating Rate Emt-Notes 2016-2046,USD,2016-06-17,USD,110.85,2021-06-01,.01,300000,300000,USD,332550,,,,,,,,,,,,2046-06-17,5.875,30/360,2,2016-12-17,USD,BBB-,,,,,,,,,,,,,,,
,020,POS,"Stock Balance - Jun 2, 2021",lghths-sg,134237583,SAR,134237583,83663279.6000,83663279,83663279.6000,USD,GBP,XD0018087144,,,Fund,2021-06-02,,,USD,0,,,,,,ISIN,XD0018087144,Valor,1808714,SARA,000134228704,XD0018087144,KY/Cayman Islands,Synergy Multi-Strategy Fund Ltd (GBP) -B- Series 1 -In Liquidation-,GBP,,GBP,0.00,2018-03-20,1,265.256,265.256,,,,,,,,,,,,,,,,,,,,,,,,,,,,,,,,,,,
,020,POS,"Stock Balance - Jun 2, 2021",lghths-sg,134237585,SAR,134237585,83663279.6000,83663279,83663279.6000,USD,USD,XD0018852000,,,Fund,2021-06-02,USD,1116.1,,,,,,,,ISIN,XD0018852000,Valor,1885200,SARA,000100560433,XD0018852000,KY/Cayman Islands,Synergy Fund Ltd -A- Series 8 -In Liquidation-,USD,,USD,5.5805,2013-11-29,1,200,200,USD,1116.1,,,,,,,,,,,,,,,,,,,,,,,,,,,,,,,,,
,020,POS,"Stock Balance - Jun 2, 2021",lghths-sg,134237591,SAR,134237591,83663279.6000,83663279,83663279.6000,USD,USD,KYG8646E2530,,,Fund,2021-06-02,,,,,,,,,,ISIN,KYG8646E2530,Valor,1319516,SARA,000134228769,KYG8646E2530,KY/Cayman Islands,Synergy Fund Ltd (USD) -A- Series 7 -In Liquidation-,USD,,USD,0.00,2018-03-20,1,200,200,,,,,,,,,,,,,,,,,,,,,,,,,,,,,,,,,,,
,020,POS,"Stock Balance - Jun 2, 2021",lghths-sg,134237613,SAR,134237613,83663279.6000,83663279,83663279.6000,USD,USD,IE00BCV7N601,,,Fund,2021-06-02,USD,0.01,,,,,,,,ISIN,IE00BCV7N601,Valor,22073677,SARA,000101207493,IE00BCV7N601,IE/Ireland,PIMCO Funds Global Investors Series Plc- Diversified Income Duration Hedged (USD) -E- Capitalisation,USD,,USD,12.36,2021-06-01,1,0.001,0.001,USD,0.01,,,,,,,,,,,,,,,,,,,,,,,,,,,,,,,,,
,020,POS,"Stock Balance - Jun 2, 2021",lghths-sg,134428056,SAR,134428056,83663279.6000,83663279,83663279.6000,USD,USD,XS1556165477,,,Bond,2021-06-02,USD,202296,,,,,,USD,3354.17,ISIN,XS1556165477,Valor,35513710,SARA,000131042001,XS1556165477,BM/Bermuda,5.25% China Water Affairs Group Ltd 2017-2022,USD,2017-02-07,USD,101.29,2021-06-01,.01,200000,200000,USD,202580,,,,,,,,,,,,2022-02-07,5.25,30E/360,2,2017-08-07,USD,BB+,,,,,,,,,,,,,,,
,020,POS,"Stock Balance - Jun 2, 2021",lghths-sg,137220345,SAR,137220345,83663279.6000,83663279,83663279.6000,USD,USD,XS1958658509,,,Bond,2021-06-02,USD,202400,,,,,,USD,2900,ISIN,XS1958658509,Valor,46710638,SARA,000136837239,XS1958658509,SG/Singapore,6% Jubilant Pharma Ltd Bonds 2019-2024 RegS,USD,2019-03-05,USD,105.24,2021-06-01,.01,200000,200000,USD,210480,,,,,,,,,,,,2024-03-05,6.0,30E/360,2,2019-09-05,USD,BB-,,,,,,,,,,,,,,,
,020,POS,"Stock Balance - Jun 2, 2021",lghths-sg,138136578,SAR,138136578,83663279.6000,83663279,83663279.6000,USD,SGD,SG1AA5000001,,,Share,2021-06-02,SGD,270499.27,USD,190686.18,,,,,,ISIN,SG1AA5000001,Valor,24766830,Bloomberg,FHT SP,SG1AA5000001,SG/Singapore,Frasers Hospitality Trust REIT,SGD,,SGD,0.52,2021-06-02,1,382500,382500,SGD,198900,USD,150400.5,,,,,,,,,,,,,,,,,SARA,000123695896,,,,,,,,,,,,,
,020,POS,"Stock Balance - Jun 2, 2021",lghths-sg,138958001,SAR,138958001,83663279.6000,83663279,83663279.6000,USD,USD,XS1753595328,,,Bond,2021-06-02,USD,288975,,,,,,USD,5813.33,ISIN,XS1753595328,Valor,40014007,SARA,000133765006,XS1753595328,SG/Singapore,5.45% Abja Investment Co Pte Ltd Notes 2018-2028 Reg-S,USD,2018-01-24,USD,106.875,2021-06-01,.01,300000,300000,USD,320625,,,,,,,,,,,,2028-01-24,5.45,30/360,2,2018-07-24,USD,BB-,,,,,,,,,,,,,,,
,020,POS,"Stock Balance - Jun 2, 2021",lghths-sg,138958048,SAR,138958048,83663279.6000,83663279,83663279.6000,USD,USD,US62828M2A84,,,Bond,2021-06-02,USD,204700,,,,,,USD,1088.89,ISIN,US62828M2A84,Valor,50738431,SARA,000138717209,US62828M2A84,IN/India,6.125% Muthoot Finance Ltd MT-Notes 2019-2022 Global RegS,USD,2019-10-31,USD,104.095,2021-06-01,.01,200000,200000,USD,208190,,,,,,,,,,,,2022-10-31,6.125,30E/360,2,2020-04-30,USD,BB,,,,,,,,,,,,,,,
,020,POS,"Stock Balance - Jun 2, 2021",lghths-sg,139394548,SAR,139394548,83663279.6000,83663279,83663279.6000,USD,USD,XS2090080172,,,Bond,2021-06-02,USD,254595,,,,,,USD,5695.14,ISIN,XS2090080172,Valor,51830341,SARA,000139292337,XS2090080172,IN/India,5.9% Manappuram Finance Ltd Emt-Notes 2020-2023 Secured,USD,2020-01-13,USD,103.1,2021-06-01,.01,250000,250000,USD,257750,,,,,,,,,,,,2023-01-13,5.9,30/360,2,2020-07-13,USD,B+,,,,,,,,,,,,,,,
,020,POS,"Stock Balance - Jun 2, 2021",lghths-sg,139630789,SAR,139630789,83663279.6000,83663279,83663279.6000,USD,USD,USG9328DAM23,,,Bond,2021-06-02,USD,197922,,,,,,USD,4320.83,ISIN,USG9328DAM23,Valor,35497009,SARA,000131036083,USG9328DAM23,GB/United Kingdom,6.375% Vedanta Resources Ltd Bonds 2017-2022 Global Reg-S,USD,2017-01-30,USD,98.365,2021-06-02,.01,200000,200000,USD,196730,,,,,,,,,,,,2022-07-30,6.375,30E/360,2,2017-07-30,USD,CCC+,,,,,,,,,,,,,,,
,020,POS,"Stock Balance - Jun 2, 2021",lghths-sg,140416493,SAR,140416493,83663279.6000,83663279,83663279.6000,USD,USD,KYG047761039,,,Fund,2021-06-02,USD,150802.5,,,,,,,,ISIN,KYG047761039,Valor,24384793,SARA,000127370797,KYG047761039,KY/Cayman Islands,Aravali Cayman Spc Global Arbitrage Fund (USD) -B- Segregated Portfolio Non Voting Capitalisation,USD,,USD,1616.543,2021-05-03,1,99.572,99.572,USD,160962.42,,,,,,,,,,,,,,,,,,,,,,,,,,,,,,,,,
,020,POS,"Stock Balance - Jun 2, 2021",lghths-sg,141129468,SAR,141129468,83663279.6000,83663279,83663279.6000,USD,SGD,SG2D63974620,,,Share,2021-06-02,SGD,100510.92,USD,73935.69,,,,,,ISIN,SG2D63974620,Valor,13687016,Bloomberg,AAREIT SP,SG2D63974620,SG/Singapore,AIMS APAC REIT,SGD,,SGD,1.42,2021-06-02,1,83500,83500,SGD,118570,USD,89658.06,,,,,,,,,,,,,,,,,SARA,000029481966,,,,,,,,,,,,,
,020,POS,"Stock Balance - Jun 2, 2021",lghths-sg,141787066,SAR,141787066,83663279.6000,83663279,83663279.6000,USD,HKD,HK0941009539,,,Share,2021-06-02,HKD,2546920.93,USD,327317.46,,,,,,ISIN,HK0941009539,Valor,1099448,Bloomberg,941 HK,HK0941009539,HK/Hong Kong,China Mobile Ltd,HKD,,HKD,48.5,2021-06-02,1,54000,54000,HKD,2619000,USD,337529.01,,,,,,,,,,,,,,,,,SARA,000000422519,,,,,,,,,,,,,
,020,POS,"Stock Balance - Jun 2, 2021",lghths-sg,142011178,SAR,142011178,83663279.6000,83663279,83663279.6000,USD,USD,USY7141GAA05,,,Bond,2021-06-02,USD,303665.2,,,,,,USD,990,ISIN,USY7141GAA05,Valor,38942960,SARA,000133207150,USY7141GAA05,ID/Indonesia,4.95% PT Chandra Asri Petrochemical Tbk Notes 2017-2024 RegS,USD,2017-11-08,USD,102.48,2021-06-01,.01,300000,300000,USD,307440,,,,,,,,,,,,2024-11-08,4.95,30E/360,2,2018-05-08,USD,BB-,,,,,,,,,,,,,,,
,020,POS,"Stock Balance - Jun 2, 2021",lghths-sg,142049130,SAR,142049130,83663279.6000,83663279,83663279.6000,USD,USD,IE00BKXBBV70,,,Fund,2021-06-02,USD,200429.08,,,,,,,,ISIN,IE00BKXBBV70,Valor,57922240,SARA,000141776627,IE00BKXBBV70,IE/Ireland,SphereInvest Global UCITS Icav- Credit Strategies Fund (USD) -F- Capitalisation,USD,,USD,184.07168,2021-06-01,1,1122.1069,1122.1069,USD,206548.1,,,,,,,,,,,,,,,,,,,,,,,,,,,,,,,,,
,020,POS,"Stock Balance - Jun 2, 2021",lghths-sg,142246399,SAR,142246399,83663279.6000,83663279,83663279.6000,USD,USD,XS2222660768,,,Share,2021-06-02,USD,199920,,,,,,,,ISIN,XS2222660768,Valor,59267331,SARA,000142236259,XS2222660768,HK/Hong Kong,10% BNP Paribas Alibaba Group Holding Ltd RegS STR 193.76  Callable Fixed Coupon Notes 02.08.2021 Repayment cash or physical,USD,2021-02-01,USD,101.18840567,2021-06-01,.01,200000,200000,USD,202376.81,,,,,,,,,,,,,,,,,,,,,,,,,,,,,,,,,
,020,POS,"Stock Balance - Jun 2, 2021",lghths-sg,142520517,SAR,142520517,83663279.6000,83663279,83663279.6000,USD,USD,US1104481072,,,Share,2021-06-02,USD,149478.79,,,,,,,,ISIN,US1104481072,Valor,949872,SARA,000026925972,US1104481072,GB/United Kingdom,British American Tobacco Plc -ADR-,USD,,USD,39.08,2021-06-01,1,4000,4000,USD,156320,,,,,,,,,,,,,,,,,,,,,,,,,,,,,,,,,
,020,POS,"Stock Balance - Jun 2, 2021",lghths-sg,142651277,SAR,142651277,83663279.6000,83663279,83663279.6000,USD,USD,XS2213954766,,,Bond,2021-06-02,USD,208456.97,,,,,,USD,3888.89,ISIN,XS2213954766,Valor,56387933,SARA,000140909913,XS2213954766,KY/Cayman Islands,6.25% Powerlong Real Estate Holdings Ltd Bonds 2020-2024 Secured,USD,2020-08-10,USD,104.575,2021-06-01,.01,200000,200000,USD,209150,,,,,,,,,,,,2024-08-10,6.25,30/360,2,2021-02-10,USD,B+,,,,,,,,,,,,,,,
,020,POS,"Stock Balance - Jun 2, 2021",lghths-sg,142666878,SAR,142666878,83663279.6000,83663279,83663279.6000,USD,USD,US02079K3059,,,Share,2021-06-02,USD,422126.18,,,,,,,,ISIN,US02079K3059,Valor,29798540,SARA,000126331383,US02079K3059,US/United States of America,Alphabet Inc -A-,USD,,USD,2370.59,2021-06-01,1,200,200,USD,474118,,,,,,,,,,,,,,,,,,,,,,,,,,,,,,,,,
,020,POS,"Stock Balance - Jun 2, 2021",lghths-sg,142702909,SAR,142702909,83663279.6000,83663279,83663279.6000,USD,USD,000142695806,SARA,000142695806,Hybrid,2021-06-02,,,,,,,,,,,,,,,,,,FX Accumulator on GBP/USD 2x Leveraged  Buy GBP / Sell USD at 1.3535 KO:1.45 Period: 22.FEB.21 - 24.FEB.22  12 Fixings One Guaranteed Period,USD,,USD,0.00132169,2021-06-02,1,750600,750600,USD,992.07,,,,,,,,,,,,,,,,,,,,,,,,,,,,,,,,,
,020,POS,"Stock Balance - Jun 2, 2021",lghths-sg,142770063,SAR,142770063,83663279.6000,83663279,83663279.6000,USD,USD,LU1514167219,,,Fund,2021-06-02,USD,401737.47,,,,,,,,ISIN,LU1514167219,Valor,34540233,SARA,000132419171,LU1514167219,LU/Luxembourg,Schroder International Selection  Fund Sicav-Global Credit Income (USD) -C- Distribution,USD,,USD,105.9207,2021-06-02,1,3762.26,3762.26,USD,398501.21,,,,,,,,,,,,,,,,,,,,,,,,,,,,,,,,,
,020,POS,"Stock Balance - Jun 2, 2021",lghths-sg,142983482,SAR,142983482,83663279.6000,83663279,83663279.6000,USD,USD,000142978144,SARA,000142978144,Option,2021-06-02,USD,-622,,,,,,,,,,,,,,,US/United States of America,British American Tobacco PLC Call 18.06.2021 45 (BTI US),USD,,USD,0.02,2021-05-28,100,-40,-40,USD,-80,,,,,100,45,2021-06-18,ISIN,US1104481072,British American Tobacco Plc -ADR-,Share,,,,,,,,,,,,,,,,,,,,,C,S
,020,POS,"Stock Balance - Jun 2, 2021",lghths-sg,143066702,SAR,143066702,83663279.6000,83663279,83663279.6000,USD,HKD,000143060631,SARA,000143060631,Option,2021-06-02,HKD,-14936.29,USD,-6447.97,,,,,,,,,,,,,HK/Hong Kong,China Mobile Ltd Call 29.06.2021 60 (941 HK) XHKF,HKD,,HKD,0.05,2021-06-02,500,-68,-68,HKD,-1700,USD,-219.09,,,500,60,2021-06-29,ISIN,HK0941009539,China Mobile Ltd,Share,,,,,,,,,,,,,,,,,,,,,C,S
,020,POS,"Stock Balance - Jun 2, 2021",lghths-sg,143067704,SAR,143067704,83663279.6000,83663279,83663279.6000,USD,USD,XS2272214458,,,Bond,2021-06-02,USD,202999.63,,,,,,USD,4526.67,ISIN,XS2272214458,Valor,58823075,SARA,000141927463,XS2272214458,KY/Cayman Islands,4.85% Logan Group Co Ltd Notes 2020-2026,USD,2020-12-14,USD,100.875,2021-06-01,.01,200000,200000,USD,201750,,,,,,,,,,,,2026-12-14,4.85,30E/360,2,2021-06-14,USD,BB-,,,,,,,,,,,,,,,
,020,POS,"Stock Balance - Jun 2, 2021",lghths-sg,143154134,SAR,143154134,83663279.6000,83663279,83663279.6000,USD,USD,CH1108195541,,,Bond,2021-06-02,USD,250000,,,,,,,,ISIN,CH1108195541,Valor,110819554,SARA,000143144744,CH1108195541,00939,8% Vontobel Financial Products Ltd Facebook Inc -A- STR 262.4158 Microsoft Corp STR 216.3071 Autocallable Fixed Coupon Notes 27.10.2021 Repayment cash or physical,USD,2021-04-27,USD,98.7,2021-06-01,.01,250000,250000,USD,246750,,,,,,,,,,,,2021-10-29,0.2421,,12,2021-06-01,USD,,,,,,,,,,,,,,,,
,020,POS,"Stock Balance - Jun 2, 2021",lghths-sg,143242706,SAR,143242706,83663279.6000,83663279,83663279.6000,USD,USD,QT1104883389,,,Fund,2021-06-02,USD,150802.5,,,,,,,,ISIN,QT1104883389,Valor,110488338,SARA,000142922383,QT1104883389,SG/Singapore,LC Multi Strategy Fund SG VCC-SF1 (USD) -E- Brevan Howard,USD,,USD,100.0,2020-12-31,1,1500,1500,USD,150000,,,,,,,,,,,,,,,,,,,,,,,,,,,,,,,,,
,020,POS,"Cash Balance - Jun 2, 2021",lghths-sg,125369911,SAR,125369911,81042621.6000,81042621,81042621.4000/USD/KK,USD,USD,USD,CURRENCY,USD,Cash,2021-06-02,USD,0,,,,portfolioID,81042621.6000,,,,,,,,,,,,,,,,,,,,,,,,,,,,,,,,,,,,,,,,,,,,,,,,,,,,,,
,020,POS,"Stock Balance - Jun 2, 2021",lghths-sg,143374729,SAR,143374729,83663279.6000,83663279,83663279.6000,USD,USD,000143125565,SARA,000143125565,Option,2021-06-02,USD,-1886,,,,,,,,,,,,,,,US/United States of America,Facebook Inc Put 16.07.2021 280 (FB US),USD,,USD,1.26,2021-06-01,100,-7,-7,USD,-882,,,,,100,280,2021-07-16,ISIN,US30303M1027,Facebook Inc -A-,Share,,,,,,,,,,,,,,,,,,,,,P,S
,020,POS,"Stock Balance - Jun 2, 2021",lghths-sg,143374763,SAR,143374763,83663279.6000,83663279,83663279.6000,USD,USD,000143370565,SARA,000143370565,Option,2021-06-02,USD,-786,,,,,,,,,,,,,,,US/United States of America,Altria Group Inc Put 18.06.2021 40 (MO US),USD,,USD,0.04,2021-06-01,100,-50,-50,USD,-200,,,,,100,40,2021-06-18,ISIN,US02209S1033,Altria Group Inc,Share,,,,,,,,,,,,,,,,,,,,,P,S
,020,POS,"Stock Balance - Jun 2, 2021",lghths-sg,143374836,SAR,143374836,83663279.6000,83663279,83663279.6000,USD,USD,XS2322976890,,,Share,2021-06-02,USD,200000,,,,,,,,ISIN,XS2322976890,Valor,111442822,SARA,000143369163,XS2322976890,GB/United Kingdom,9.9996% Morgan Stanley & Co International Plc Vipshop Holdings Ltd -ADR- (0.2 Shs) Etsy Inc Equity Linked Notes 17.11.2021 Repayment cash or physical,USD,2021-05-17,USD,94.53,2021-06-01,.01,200000,200000,USD,189060,,,,,,,,,,,,,,,,,,,,,,,,,,,,,,,,,
,020,POS,"Stock Balance - Jun 2, 2021",lghths-sg,143377501,SAR,143377501,83663279.6000,83663279,83663279.6000,USD,USD,000143370585,SARA,000143370585,Option,2021-06-02,USD,-40,,,,,,,,,,,,,,,US/United States of America,British American Tobacco PLC Put 18.06.2021 35 (BTI US),USD,,USD,0.05,2021-06-01,100,-1,-1,USD,-5,,,,,100,35,2021-06-18,ISIN,US1104481072,British American Tobacco Plc -ADR-,Share,,,,,,,,,,,,,,,,,,,,,P,S
,020,POS,"Stock Balance - Jun 2, 2021",lghths-sg,143477994,SAR,143477994,83663279.6000,83663279,83663279.6000,USD,USD,000143473842,SARA,000143473842,Option,2021-06-02,USD,-2226,,,,,,,,,,,,,,,US/United States of America,British American Tobacco PLC Put 20.08.2021 35 (BTI US),USD,,USD,0.55,2021-05-28,100,-40,-40,USD,-2200,,,,,100,35,2021-08-20,ISIN,US1104481072,British American Tobacco Plc -ADR-,Share,,,,,,,,,,,,,,,,,,,,,P,S
,020,POS,"Stock Balance - Jun 2, 2021",lghths-sg,143512908,SAR,143512908,83663279.6000,83663279,83663279.6000,USD,USD,000143507757,SARA,000143507757,Option,2021-06-02,USD,-1086,,,,,,,,,,,,,,,US/United States of America,Alphabet Inc Call 16.07.2021 2600 (GOOGL US),USD,,USD,10.95,2021-06-01,100,-2,-2,USD,-2190,,,,,100,2600,2021-07-16,ISIN,US02079K3059,Alphabet Inc -A-,Share,,,,,,,,,,,,,,,,,,,,,C,S
,020,POS,"Stock Balance - Jun 2, 2021",lghths-sg,143527047,SAR,143527047,83663279.6000,83663279,83663279.6000,USD,USD,000143507763,SARA,000143507763,Option,2021-06-02,USD,-1033,,,,,,,,,,,,,,,US/United States of America,Alphabet Inc Call 16.07.2021 2600 (GOOG US),USD,,USD,18.1,2021-06-01,100,-1,-1,USD,-1810,,,,,100,2600,2021-07-16,ISIN,US02079K1079,Alphabet Inc -C-,Share,,,,,,,,,,,,,,,,,,,,,C,S
,020,POS,"Stock Balance - Jun 2, 2021",lghths-sg,143538948,SAR,143538948,83663279.6000,83663279,83663279.6000,USD,HKD,000143533638,SARA,000143533638,Option,2021-06-02,HKD,-8338.26,USD,-7389.06,,,,,,,,,,,,,HK/Hong Kong,China Mobile Ltd Call 29.07.2021 55 (941 HK) XHKF,HKD,,HKD,0.3,2021-06-02,500,-40,-40,HKD,-6000,USD,-773.26,,,500,55,2021-07-29,ISIN,HK0941009539,China Mobile Ltd,Share,,,,,,,,,,,,,,,,,,,,,C,S
,020,POS,"Stock Balance - Jun 2, 2021",lghths-sg,134237653,SAR,134237653,83663293.6000,83663293,83663293.6000,USD,GBP,XS1025866119,,,Bond,2021-06-02,GBP,295890,USD,413756.62,,,,GBP,4458.33,ISIN,XS1025866119,Valor,23581404,SARA,000106548682,XS1025866119,GB/United Kingdom,5% Jaguar Land Rover Automotive Plc Notes 2014-2022 Senior Reg-S,GBP,2014-01-31,GBP,102.395,2021-06-01,.01,300000,300000,GBP,307185,USD,435111.89,USD,6315,,,,,,,,2022-02-15,5.0,30/360,2,2014-08-15,GBP,B,,,,,,,,,,,,,,,
,020,POS,"Stock Balance - Jun 2, 2021",lghths-sg,134441083,SAR,134441083,83663293.6000,83663293,83663293.6000,USD,USD,USG5002FAM89,,,Bond,2021-06-02,USD,192516.95,,,,,,USD,1525,ISIN,USG5002FAM89,Valor,38586376,SARA,000133049915,USG5002FAM89,GB/United Kingdom,4.5% Jaguar Land Rover Automotive Plc Gtd.Notes 2017-2027 RegS,USD,2017-10-10,USD,96.27,2021-06-02,.01,200000,200000,USD,192540,,,,,,,,,,,,2027-10-01,4.5,30E/360,2,2018-04-01,USD,B,,,,,,,,,,,,,,,
,020,POS,"Stock Balance - Jun 2, 2021",lghths-sg,134575255,SAR,134575255,83663293.6000,83663293,83663293.6000,USD,USD,USG84228CQ91,,,Bond,2021-06-02,USD,211500,,,,,,USD,2500,ISIN,USG84228CQ91,Valor,33623693,SARA,000129796997,USG84228CQ91,GB/United Kingdom,7.5% Standard Chartered Plc Contingent Convertible  Floating Rate Notes 2016-Perpetual Reg-S Subordinated,USD,2016-08-18,USD,104.69,2021-06-02,.01,200000,200000,USD,209380,,,,,,,,,,,,4712-12-31,7.5,30E/360,2,2017-04-02,USD,BB-,,,,,,,,,,,,,,,
,020,POS,"Stock Balance - Jun 2, 2021",lghths-sg,134781098,SAR,134781098,83663293.6000,83663293,83663293.6000,USD,USD,KYG8135U1076,,,Fund,2021-06-02,USD,502675,,,,,,,,ISIN,KYG8135U1076,Valor,28213010,SARA,000131846096,KYG8135U1076,KY/Cayman Islands,Silverdale Fund SPC (USD) -1A- SP Distribution,USD,,USD,117.7384,2021-05-21,1,3929,3929,USD,462594.17,,,,,,,,,,,,,,,,,,,,,,,,,,,,,,,,,
,020,POS,"Stock Balance - Jun 2, 2021",lghths-sg,135200533,SAR,135200533,83663293.6000,83663293,83663293.6000,USD,USD,US30303M1027,,,Share,2021-06-02,USD,6050.16,,,,,,,,ISIN,US30303M1027,Valor,14917609,Bloomberg,FB US,US30303M1027,US/United States of America,Facebook Inc -A-,USD,,USD,329.15,2021-06-01,1,24,24,USD,7899.6,,,,,,,,,,,,,,,,,,,SARA,000031299007,,,,,,,,,,,,,
,020,POS,"Stock Balance - Jun 2, 2021",lghths-sg,135453748,SAR,135453748,83663293.6000,83663293,83663293.6000,USD,USD,XS1492713505,,,Bond,2021-06-02,USD,303750,,,,,,USD,3208.33,ISIN,XS1492713505,Valor,33981821,SARA,000129991155,XS1492713505,00939,5.5% State Bank of India Contingent Convertible Floating Rate Notes 2016-Perpetual,USD,2016-09-22,USD,101.155,2021-06-01,.01,300000,300000,USD,303465,,,,,,,,,,,,4712-12-31,5.5,30/360,2,2017-03-22,USD,B,,,,,,,,,,,,,,,
,020,POS,"Stock Balance - Jun 2, 2021",lghths-sg,138228040,SAR,138228040,83663293.6000,83663293,83663293.6000,USD,USD,XS2016070190,,,Bond,2021-06-02,USD,202880,,,,,,USD,3880.56,ISIN,XS2016070190,Valor,49093025,SARA,000138038641,XS2016070190,BM/Bermuda,5.5% China Oil and Gas Group Ltd Bonds 2019-2023,USD,2019-07-25,USD,102.75,2021-06-01,.01,200000,200000,USD,205500,,,,,,,,,,,,2023-01-25,5.5,30/360,2,2020-01-25,USD,BB,,,,,,,,,,,,,,,
,020,POS,"Stock Balance - Jun 2, 2021",lghths-sg,139165524,SAR,139165524,83663293.6000,83663293,83663293.6000,USD,USD,XS1753595328,,,Bond,2021-06-02,USD,290100,,,,,,USD,5813.33,ISIN,XS1753595328,Valor,40014007,SARA,000133765006,XS1753595328,SG/Singapore,5.45% Abja Investment Co Pte Ltd Notes 2018-2028 Reg-S,USD,2018-01-24,USD,106.875,2021-06-01,.01,300000,300000,USD,320625,,,,,,,,,,,,2028-01-24,5.45,30/360,2,2018-07-24,USD,BB-,,,,,,,,,,,,,,,
,020,POS,"Stock Balance - Jun 2, 2021",lghths-sg,139413184,SAR,139413184,83663293.6000,83663293,83663293.6000,USD,USD,XS2050614796,,,Bond,2021-06-02,USD,251375,,,,,,USD,5330.21,ISIN,XS2050614796,Valor,52120777,SARA,000139403481,XS2050614796,SG/Singapore,5.95% Global Prime Capital Pte Ltd Notes 2020-2025,USD,2020-01-23,USD,104.31,2021-06-01,.01,250000,250000,USD,260775,,,,,,,,,,,,2025-01-23,5.95,30E/360,2,2020-07-23,USD,BB-,,,,,,,,,,,,,,,
,020,POS,"Stock Balance - Jun 2, 2021",lghths-sg,139698558,SAR,139698558,83663293.6000,83663293,83663293.6000,USD,USD,XS2113454115,,,Bond,2021-06-02,USD,244350,,,,,,USD,1713.54,ISIN,XS2113454115,Valor,52582813,SARA,000139600480,XS2113454115,IN/India,5.875% India Infoline Finance Ltd Emt-Notes 2020-2023,USD,2020-02-20,USD,97.115,2021-06-01,.01,250000,250000,USD,242787.5,,,,,,,,,,,,2023-04-20,5.875,30/360,2,2020-04-20,USD,BB-,,,,,,,,,,,,,,,
,020,POS,"Stock Balance - Jun 2, 2021",lghths-sg,139786014,SAR,139786014,83663293.6000,83663293,83663293.6000,USD,GBP,GB00B03MLX29,,,Share,2021-06-02,GBP,208440.68,USD,267184.88,,,,,,ISIN,GB00B03MLX29,Valor,1987674,SARA,000005058836,GB00B03MLX29,GB/United Kingdom,Royal Dutch Shell Plc -A-,EUR,,GBP,14.018,2021-06-02,1,12000,12000,GBP,168216,USD,238269.38,,,,,,,,,,,,,,,,,,,1.160421,,,,,,,,,,,,
,020,POS,"Stock Balance - Jun 2, 2021",lghths-sg,140370383,SAR,140370383,83663293.6000,83663293,83663293.6000,USD,HKD,GB0005405286,,,Share,2021-06-02,HKD,4271729.81,USD,545433.92,,,,,,ISIN,GB0005405286,Valor,411161,Bloomberg,0005 HK,GB0005405286,GB/United Kingdom,HSBC Holdings Plc,GBP,,HKD,49.15,2021-06-02,1,83342,83342,HKD,4096259.3,USD,527913.84,,,,,,,,,,,,,,,,,SARA,000000415042,0.090986,,,,,,,,,,,,
,020,POS,"Stock Balance - Jun 2, 2021",lghths-sg,141383026,SAR,141383026,83663293.6000,83663293,83663293.6000,USD,USD,XS2090080172,,,Bond,2021-06-02,USD,199038.35,,,,,,USD,4556.11,ISIN,XS2090080172,Valor,51830341,SARA,000139292337,XS2090080172,IN/India,5.9% Manappuram Finance Ltd Emt-Notes 2020-2023 Secured,USD,2020-01-13,USD,103.1,2021-06-01,.01,200000,200000,USD,206200,,,,,,,,,,,,2023-01-13,5.9,30/360,2,2020-07-13,USD,B+,,,,,,,,,,,,,,,
,020,POS,"Stock Balance - Jun 2, 2021",lghths-sg,141704679,SAR,141704679,83663293.6000,83663293,83663293.6000,USD,HKD,000141697824,SARA,000141697824,Option,2021-06-02,HKD,-44932.57,USD,-5795.58,,,,,,,,,,,,,HK/Hong Kong,HSBC Holdings PLC Call 29.06.2021 50 (5 HK) XHKF,HKD,,HKD,0.78,2021-06-02,400,-208,-208,HKD,-64896,USD,-8363.61,,,400,50,2021-06-29,ISIN,GB0005405286,HSBC Holdings Plc,Share,,,,,,,,,,,,,,,,,,,,,C,S
,020,POS,"Stock Balance - Jun 2, 2021",lghths-sg,142145548,SAR,142145548,83663293.6000,83663293,83663293.6000,USD,GBP,GB00J8VJZN17,,,Option,2021-06-02,GBP,-4942.07,USD,-6718.88,,,,,,ISIN,GB00J8VJZN17,Valor,83384435,SARA,000142144417,GB00J8VJZN17,GB/United Kingdom,Royal Dutch Shell Plc -A- Call Sep21 18 LIF,GBP,,GBP,0.06,2021-06-01,1000,-12,-12,GBP,-720,USD,-1019.84,,,1000,18,2021-09-17,ISIN,GB00B03MLX29,Royal Dutch Shell Plc -A-,Share,,,,,,,,,,,,,,,,,,,,,C,S
,020,POS,"Stock Balance - Jun 2, 2021",lghths-sg,142282816,SAR,142282816,83663293.6000,83663293,83663293.6000,USD,HKD,HK0688002218,,,Share,2021-06-02,HKD,1505859.64,USD,194266.15,,,,,,ISIN,HK0688002218,Valor,420828,Bloomberg,688 HK,HK0688002218,HK/Hong Kong,China Overseas Land & Investment Ltd,HKD,1992-08-07,HKD,18.52,2021-06-02,1,80000,80000,HKD,1481600,USD,190944.25,,,,,,,,,,,,,,,,,SARA,000000494357,,,,,,,,,,,,,
,020,POS,"Stock Balance - Jun 2, 2021",lghths-sg,142421435,SAR,142421435,83663293.6000,83663293,83663293.6000,USD,USD,LU1226288253,,,Fund,2021-06-02,USD,202742.67,,,,,,,,ISIN,LU1226288253,Valor,27983955,SARA,000126337077,LU1226288253,LU/Luxembourg,UBS (LU) Key Selection Sicav- China Allocation Opportunity (USD) -P- 6% monthly Distribution,USD,,USD,105.57,2021-06-01,1,1771,1771,USD,186964.47,,,,,,,,,,,,,,,,,,,,,,,,,,,,,,,,,
,020,POS,"Stock Balance - Jun 2, 2021",lghths-sg,142502530,SAR,142502530,83663293.6000,83663293,83663293.6000,USD,USD,IE00B8K7V925,,,Fund,2021-06-02,USD,401976,,,,,,,,ISIN,IE00B8K7V925,Valor,19762784,SARA,000064235469,IE00B8K7V925,IE/Ireland,PIMCO Funds Global Investors Series Plc- Income (USD) -E- Distribution,USD,,USD,11.12,2021-06-01,1,35730.415,35730.415,USD,397322.21,,,,,,,,,,,,,,,,,,,,,,,,,,,,,,,,,
,020,POS,"Stock Balance - Jun 2, 2021",lghths-sg,142651243,SAR,142651243,83663293.6000,83663293,83663293.6000,USD,USD,XS2281321799,,,Bond,2021-06-02,USD,202241.12,,,,,,USD,3506.94,ISIN,XS2281321799,Valor,59563558,SARA,000142274177,XS2281321799,VG/British Virgin Islands,5.05% Fortune Star BVI Ltd Gtd.Notes 2021-2027,USD,2021-01-27,USD,101.035,2021-06-01,.01,200000,200000,USD,202070,,,,,,,,,,,,2027-01-27,5.05,30E/360,2,2021-07-27,USD,BB,,,,,,,,,,,,,,,
,020,POS,"Stock Balance - Jun 2, 2021",lghths-sg,142680876,SAR,142680876,83663293.6000,83663293,83663293.6000,USD,USD,XS2304008225,,,Share,2021-06-02,USD,300000,,,,,,,,ISIN,XS2304008225,Valor,59476183,SARA,000142671426,XS2304008225,NL/Netherlands,8% JP Morgan Structured Products BV HDFC Bank Ltd -ADR- (3 Shs) STR 64.2168 Infosys Ltd -ADR- STR 13.9929 Fixed Coupon Notes 04.03.2022 Repayment cash or physical,USD,2021-03-04,USD,97.4947,2021-06-01,.01,300000,300000,USD,292484.1,,,,,,,,,,,,,,,,,,,,,,,,,,,,,,,,,
,020,POS,"Stock Balance - Jun 2, 2021",lghths-sg,142680990,SAR,142680990,83663293.6000,83663293,83663293.6000,USD,USD,XS2304008068,,,Share,2021-06-02,USD,200000,,,,,,,,ISIN,XS2304008068,Valor,59476182,SARA,000142671407,XS2304008068,NL/Netherlands,6% JP Morgan Structured Products BV HDFC Bank Ltd -ADR- (3 Shs) STR 59.535 Infosys Ltd -ADR- STR 12.9728 Fixed Coupon Notes 04.03.2022 Repayment cash or physical,USD,2021-03-04,USD,97.4054,2021-06-01,.01,200000,200000,USD,194810.8,,,,,,,,,,,,,,,,,,,,,,,,,,,,,,,,,
,020,POS,"Stock Balance - Jun 2, 2021",lghths-sg,142681892,SAR,142681892,83663293.6000,83663293,83663293.6000,USD,GBP,GB0004544929,,,Share,2021-06-02,GBP,218480.68,USD,304706.76,,,,,,ISIN,GB0004544929,Valor,517719,SARA,000000416171,GB0004544929,GB/United Kingdom,Imperial Brands Plc,GBP,,GBP,16.165,2021-06-02,1,15406,15406,GBP,249037.99,USD,352749.61,,,,,,,,,,,,,,,,,,,,,,,,,,,,,,,
,020,POS,"Stock Balance - Jun 2, 2021",lghths-sg,142702357,SAR,142702357,83663293.6000,83663293,83663293.6000,USD,GBP,GB00H7W7M167,,,Option,2021-06-02,GBP,-3897.7,USD,-5462.09,,,,,,ISIN,GB00H7W7M167,Valor,71944318,SARA,000142698152,GB00H7W7M167,GB/United Kingdom,Imperial Brands Plc Call Sep21 16 LIF,GBP,,GBP,0.675,2021-06-01,1000,-15,-15,GBP,-10125,USD,-14341.55,,,1000,16,2021-09-17,ISIN,GB0004544929,Imperial Brands Plc,Share,,,,,,,,,,,,,,,,,,,,,C,S
,020,POS,"Stock Balance - Jun 2, 2021",lghths-sg,142867569,SAR,142867569,83663293.6000,83663293,83663293.6000,USD,HKD,000142864352,SARA,000142864352,Option,2021-06-02,HKD,-35089,USD,-4520.57,,,,,,,,,,,,,HK/Hong Kong,WH Group Ltd Put 29.06.2021 6.5 (288 HK) XHKF,HKD,,HKD,0.09,2021-06-01,2500,-48,-48,HKD,-10800,USD,-1391.87,,,2500,6.5,2021-06-29,ISIN,KYG960071028,WH Group Ltd -Unitary 144A / Reg-S-,Share,,,,,,,,,,,,,,,,,,,,,P,S
,020,POS,"Stock Balance - Jun 2, 2021",lghths-sg,142953456,SAR,142953456,83663293.6000,83663293,83663293.6000,USD,HKD,KYG960071028,,,Share,2021-06-02,HKD,921951.71,USD,118738.9,,,,,,ISIN,KYG960071028,Valor,24222514,Bloomberg,288 HK,KYG960071028,KY/Cayman Islands,WH Group Ltd -Unitary 144A / Reg-S-,HKD,,HKD,6.93,2021-06-02,1,130000,130000,HKD,900900,USD,116105.34,,,,,,,,,,,,,,,,,SARA,000115614425,,,,,,,,,,,,,
,020,POS,"Stock Balance - Jun 2, 2021",lghths-sg,142979984,SAR,142979984,83663293.6000,83663293,83663293.6000,USD,HKD,000142975690,SARA,000142975690,Option,2021-06-02,HKD,-19138.03,USD,-2464.76,,,,,,,,,,,,,HK/Hong Kong,WH Group Ltd Call 29.06.2021 8.25 (288 HK) XHKF,HKD,,HKD,0.01,2021-06-01,2500,-52,-52,HKD,-1300,USD,-167.54,,,2500,8.25,2021-06-29,ISIN,KYG960071028,WH Group Ltd -Unitary 144A / Reg-S-,Share,,,,,,,,,,,,,,,,,,,,,C,S
,020,POS,"Stock Balance - Jun 2, 2021",lghths-sg,143066706,SAR,143066706,83663293.6000,83663293,83663293.6000,USD,HKD,000143050891,SARA,000143050891,Option,2021-06-02,HKD,-20736.29,USD,-7194.04,,,,,,,,,,,,,HK/Hong Kong,China Overseas Land & Investment Ltd Call 29.06.2021 24 (688 HK) XHKF,HKD,,HKD,0.01,2021-06-01,2000,-40,-40,HKD,-800,USD,-103.1,,,2000,24,2021-06-29,ISIN,HK0688002218,China Overseas Land & Investment Ltd,Share,,,,,,,,,,,,,,,,,,,,,C,S
,020,POS,"Stock Balance - Jun 2, 2021",lghths-sg,143067709,SAR,143067709,83663293.6000,83663293,83663293.6000,USD,USD,XS2272214458,,,Bond,2021-06-02,USD,202999.63,,,,,,USD,4526.67,ISIN,XS2272214458,Valor,58823075,SARA,000141927463,XS2272214458,KY/Cayman Islands,4.85% Logan Group Co Ltd Notes 2020-2026,USD,2020-12-14,USD,100.875,2021-06-01,.01,200000,200000,USD,201750,,,,,,,,,,,,2026-12-14,4.85,30E/360,2,2021-06-14,USD,BB-,,,,,,,,,,,,,,,
,020,POS,"Stock Balance - Jun 2, 2021",lghths-sg,143206000,SAR,143206000,83663293.6000,83663293,83663293.6000,USD,USD,US01609W1027,,,Share,2021-06-02,USD,140035.6,,,,,,,,ISIN,US01609W1027,Valor,24409862,SARA,000123993236,US01609W1027,KY/Cayman Islands,Alibaba Group Holding Ltd -ADS- (8 Shs),USD,,USD,219.59,2021-06-01,1,600,600,USD,131754,,,,,,,,,,,,,,,,,,,,,,,,,,,,,,,,,
,020,POS,"Stock Balance - Jun 2, 2021",lghths-sg,143225155,SAR,143225155,83663293.6000,83663293,83663293.6000,USD,USD,000142822407,SARA,000142822407,Option,2021-06-02,USD,-1586,,,,,,,,,,,,,,,US/United States of America,Alibaba Group Holding Ltd Call 18.06.2021 260 (BABA US),USD,,USD,0.19,2021-06-01,100,-6,-6,USD,-114,,,,,100,260,2021-06-18,ISIN,US01609W1027,Alibaba Group Holding Ltd -ADS- (8 Shs),Share,,,,,,,,,,,,,,,,,,,,,C,S
,020,POS,"Stock Balance - Jun 2, 2021",lghths-sg,143239698,SAR,143239698,83663293.6000,83663293,83663293.6000,USD,USD,000142255392,SARA,000142255392,Option,2021-06-02,USD,-1586,,,,,,,,,,,,,,,US/United States of America,Lumentum Holdings Inc Put 18.06.2021 80 (LITE US),USD,,USD,2.15,2021-06-01,100,-15,-15,USD,-3225,,,,,100,80,2021-06-18,ISIN,US55024U1097,Lumentum Holdings Inc,Share,,,,,,,,,,,,,,,,,,,,,P,S
,020,POS,"Stock Balance - Jun 2, 2021",lghths-sg,143242630,SAR,143242630,83663293.6000,83663293,83663293.6000,USD,USD,QT1104883389,,,Fund,2021-06-02,USD,150802.5,,,,,,,,ISIN,QT1104883389,Valor,110488338,SARA,000142922383,QT1104883389,SG/Singapore,LC Multi Strategy Fund SG VCC-SF1 (USD) -E- Brevan Howard,USD,,USD,100.0,2020-12-31,1,1500,1500,USD,150000,,,,,,,,,,,,,,,,,,,,,,,,,,,,,,,,,
,020,POS,"Stock Balance - Jun 2, 2021",lghths-sg,143397842,SAR,143397842,83663293.6000,83663293,83663293.6000,USD,USD,XS2253734268,,,Bond,2021-06-02,USD,300000,,,,,,,,ISIN,XS2253734268,Valor,110897270,SARA,000143388446,XS2253734268,HK/Hong Kong,10% BNP Paribas Daqo New Energy Corp -ADR- (5 Shs) Otis Worldwide Corp Callable Fixed Coupon Notes 19.11.2021 Repayment cash or physical,USD,2021-05-19,USD,99.25212706,2021-05-31,.01,300000,300000,USD,297756.38,,,,,,,,,,,,2021-11-29,10.0,,12,2021-06-28,USD,,,,,,,,,,,,,,,,
,020,POS,"Stock Balance - Jun 2, 2021",lghths-sg,143463463,SAR,143463463,83663293.6000,83663293,83663293.6000,USD,USD,GB00BL5C3X11,,,Rights,2021-06-02,,,,,,,,,,ISIN,GB00BL5C3X11,Valor,111375538,SARA,000143437839,GB00BL5C3X11,GB/United Kingdom,Royal Dutch Shell Plc -A- -Rights 2021-,USD,,USD,0.00,2021-05-10,1,12000,12000,,,,,,,,,,,,,,,,,,,,,,,,,,,,,,,,,,,
,020,POS,"Stock Balance - Jun 2, 2021",lghths-sg,143473771,SAR,143473771,83663293.6000,83663293,83663293.6000,USD,EUR,SGXC37098255,,,Share,2021-06-02,EUR,300900.82,USD,334942.33,,,,,,ISIN,SGXC37098255,Valor,111520314,SARA,000143433177,SGXC37098255,SG/Singapore,Cromwell European REIT Reg-S,EUR,,EUR,2.31,2021-06-02,1,118800,118800,EUR,274428,USD,334975.87,,,,,,,,,,,,,,,,,,,,,,,,,,,,,,,
,020,POS,"Stock Balance - Jun 2, 2021",lghths-sg,143492438,SAR,143492438,83663293.6000,83663293,83663293.6000,USD,USD,000142624207,SARA,000142624207,Option,2021-06-02,USD,-2366,,,,,,,,,,,,,,,US/United States of America,Microsoft Corp Put 16.07.2021 220 (MSFT US),USD,,USD,1.17,2021-06-01,100,-10,-10,USD,-1170,,,,,100,220,2021-07-16,ISIN,US5949181045,Microsoft Corp,Share,,,,,,,,,,,,,,,,,,,,,P,S
,020,POS,"Stock Balance - Jun 2, 2021",lghths-sg,143543022,SAR,143543022,83663293.6000,83663293,83663293.6000,USD,GBP,111853495,,,Hybrid,2021-06-02,,,USD,0,,,,,,Valor,111853495,SARA,000143541167,,,,,Stock Forward Accumulator  2x Leveraged on Imperial Brands Plc (IMT LN) Period: 25.MAY.21 - 24.MAY.22  253 Days Strike: GBP 14.5747  Knock-Out: GBP 17.4279,GBP,,GBP,-0.278028746,2021-06-01,1,27830,27830,GBP,-7737.54,USD,-10959.83,,,,,,,,,,,,,,,,,,,,,,,,,,,,,,,
,020,POS,"Stock Balance - Jun 2, 2021",lghths-sg,143556138,SAR,143556138,83663293.6000,83663293,83663293.6000,USD,USD,111853496,,,Hybrid,2021-06-02,,,,,,,,,,Valor,111853496,SARA,000143543452,,,,,Stock Forward Accumulator  2x Leveraged on Facebook Inc -A- (FB UQ) Period: 25.MAY.21 - 24.MAY.22  252 Days Strike: USD 275.007  Knock-Out: USD 346.62,USD,,USD,-1.224675926,2021-06-01,1,1512,1512,USD,-1851.71,,,,,,,,,,,,,,,,,,,,,,,,,,,,,,,,,
,020,POS,"Stock Balance - Jun 2, 2021",lghths-sg,143604569,SAR,143604569,83663293.6000,83663293,83663293.6000,USD,CNH,000143597687,SARA,000143597687,Hybrid,2021-06-02,,,USD,0,,,,,,,,,,,,,,FX Decumulator on USD/CNY 2x Leveraged  Sell USD / Buy CNY at 6.519 KO:6.20 Period: 31.MAY.21 - 02.JUN.22  12 Fixings,CNH,,CNH,-0.04178476,2021-06-02,1,1000800,1000800,CNH,-41818.16,USD,-6554.57,,,,,,,,,,,,,,,,,,,,,,,,,,,,,,,
,020,POS,"Stock Balance - Jun 2, 2021",lghths-sg,137826506,SAR,137826506,83667931.6000,83667931,83667931.6000,USD,EUR,IE00B84J9L26,,,Fund,2021-06-02,EUR,149402.29,USD,169131.76,,,,,,ISIN,IE00B84J9L26,Valor,19930049,SARA,000064235309,IE00B84J9L26,IE/Ireland,PIMCO Funds Global Investors Series Plc- Income (EUR) -E- -Hedged- Capitalisation,EUR,,EUR,13.9,2021-06-01,1,11278.671,11278.671,EUR,156773.53,USD,191362.94,,,,,,,,,,,,,,,,,,,,,,,,,,,,,,,
,020,POS,"Stock Balance - Jun 2, 2021",lghths-sg,140122049,SAR,140122049,83667931.6000,83667931,83667931.6000,USD,USD,US98980L1017,,,Share,2021-06-02,USD,16630.97,,,,,,,,ISIN,US98980L1017,Valor,47101896,Bloomberg,ZM UW,US98980L1017,US/United States of America,Zoom Video Communications Inc -A-,USD,,USD,327.11,2021-06-01,1,43,43,USD,14065.73,,,,,,,,,,,,,,,,,,,SARA,000137372208,,,,,,,,,,,,,
,020,POS,"Stock Balance - Jun 2, 2021",lghths-sg,140258096,SAR,140258096,83667931.6000,83667931,83667931.6000,USD,SGD,SG1V61937297,,,Share,2021-06-02,SGD,19711.22,USD,13925.08,,,,,,ISIN,SG1V61937297,Valor,3106596,Bloomberg,SIA SP,SG1V61937297,SG/Singapore,Singapore Airlines Ltd,SGD,,SGD,4.95,2021-06-02,1,4000,4000,SGD,19800,USD,14972,,,,,,,,,,,,,,,,,SARA,000020750927,,,,,,,,,,,,,
,020,POS,"Stock Balance - Jun 2, 2021",lghths-sg,140996076,SAR,140996076,83667931.6000,83667931,83667931.6000,USD,SGD,MYL7113OO003,,,Share,2021-06-02,SGD,19904.47,USD,14521.64,,,,,,ISIN,MYL7113OO003,Valor,1197605,Bloomberg,TOPG MK,MYL7113OO003,MY/Malaysia,Top Glove Corporation Bhd,MYR,,SGD,1.64,2021-06-02,1,7800,7800,SGD,12792,USD,9672.82,,,,,,,,,,,,,,,,,SARA,000002537305,3.119185,,,,,,,,,,,,
,020,POS,"Stock Balance - Jun 2, 2021",lghths-sg,141022909,SAR,141022909,83667931.6000,83667931,83667931.6000,USD,USD,US81141R1005,,,Share,2021-06-02,USD,16789,,,,,,,,ISIN,US81141R1005,Valor,38497535,SARA,000133148797,US81141R1005,KY/Cayman Islands,Sea Ltd -ADR-,USD,,USD,258.35,2021-06-01,1,85,85,USD,21959.75,,,,,,,,,,,,,,,,,,,,,,,,,,,,,,,,,
,020,POS,"Stock Balance - Jun 2, 2021",lghths-sg,141952076,SAR,141952076,83667931.6000,83667931,83667931.6000,USD,USD,US88160R1014,,,Share,2021-06-02,USD,16281.8,,,,,,,,ISIN,US88160R1014,Valor,11448018,Bloomberg,TSLA UW,US88160R1014,US/United States of America,Tesla Inc,USD,,USD,605.12,2021-06-01,1,28,28,USD,16943.36,,,,,,,,,,,,,,,,,,,SARA,000026499970,,,,,,,,,,,,,
,020,POS,"Stock Balance - Jun 2, 2021",lghths-sg,142190406,SAR,142190406,83667931.6000,83667931,83667931.6000,USD,USD,US62914V1061,,,Share,2021-06-02,USD,19402,,,,,,,,ISIN,US62914V1061,Valor,43286578,Bloomberg,NIO US,US62914V1061,KY/Cayman Islands,Nio Inc -ADR- -A-,USD,,USD,41.16,2021-06-01,1,312,312,USD,12841.92,,,,,,,,,,,,,,,,,,,SARA,000135493931,,,,,,,,,,,,,
