<?xml version="1.0" encoding="UTF-8"?>
<m2:M006 xmlns:m2="http://www.mym2.com" xmlns:xsi="http://www.w3.org/2001/XMLSchema-instance" xsi:schemaLocation="http://www.mym2.com http://www.mym2.com/schemas/M2RequestSchema.xsd"><M001><tkn /><m2xmlReleaseNo>020</m2xmlReleaseNo><mvmtHdr mvmtTp="SEL">
    <cmt>Opening Sell 40 SARA 000142528979 @ 0.35 USD</cmt>
  </mvmtHdr><mvmtSrc>
    <ctlr>lghths-sg</ctlr>
    <ctlrMvmtRef>686006654</ctlrMvmtRef>
    <srcRecType>Security Transaction</srcRecType>
    <srcTransType>Opening Sell</srcTransType>
  </mvmtSrc><extSys>
    <extSysID>SAR</extSysID>
    <extSysRef>686006654</extSysRef>
  </extSys><hldCpt1 amtScheme="m2">
    <hldId>
      <ptfl>83663279.6000</ptfl>
      <ctlrOwnr>83663279</ctlrOwnr>
      <ctlrAcct>83663279.6000</ctlrAcct>
      <ownrRefCcy>USD</ownrRefCcy>
      <ccy>USD</ccy>
      <asst>000142528979</asst>
      <asstIDs>
        <asstRef refType="SARA">000142528979</asstRef>
      </asstIDs>
      <asstDetail>
        <type>Option</type>
        <cntry>US/United States of America</cntry>
        <desc>British American Tobacco PLC Call 19.03.2021 40 (BTI US)</desc>
        <issueCcy>USD</issueCcy>
        <latestPrc ccy="USD">0.41</latestPrc>
        <latestPrcDate>2021-02-05</latestPrcDate>
        <prcFactor>100</prcFactor>
        <asstDerivDetails>
          <contractSize>100</contractSize>
          <strike>40</strike>
          <expDate>2021-03-19</expDate>
          <putCallInd>C</putCallInd>
          <underlyingAsstIDs>
            <asstRef refType="ISIN">US1104481072</asstRef>
          </underlyingAsstIDs>
          <underlyingAsstDesc>British American Tobacco Plc -ADR-</underlyingAsstDesc>
          <underlyingAsstType>Share</underlyingAsstType>
          <longShortInd>S</longShortInd>
        </asstDerivDetails>
      </asstDetail>
    </hldId>
    <effDt>2021-02-05</effDt>
    <settleDt>2021-02-08</settleDt>
    <qty>-40</qty>
    <prc ccy="USD">0.35</prc>
    <grTrdAmt ccy="USD">-1400</grTrdAmt>
    <grAmt ccy="USD">-1400</grAmt>
    <netAmt ccy="USD">-1186</netAmt>
  </hldCpt1><hldCpt2 amtScheme="m2">
    <hldId>
      <ptfl>83663279.6000</ptfl>
      <ctlrOwnr>83663279</ctlrOwnr>
      <ctlrAcct>83663279.4000/USD/KK</ctlrAcct>
      <ccy>USD</ccy>
      <asst>USD</asst>
      <asstIDs>
        <asstRef refType="CURRENCY">USD</asstRef>
      </asstIDs>
    </hldId>
    <effDt>2021-02-05</effDt>
    <grAmt ccy="USD">1186</grAmt>
    <netAmt ccy="USD">1186</netAmt>
  </hldCpt2><chrgGp amtScheme="m2">
    <chrgCpt>
      <ctgy>EXE</ctgy>
      <ctgyAmt ccy="USD">-200</ctgyAmt>
      <chrgDesc>Stex Commissions</chrgDesc>
    </chrgCpt>
    <chrgCpt>
      <ctgy>VAT</ctgy>
      <ctgyAmt ccy="USD">-14</ctgyAmt>
      <chrgDesc>VAT</chrgDesc>
    </chrgCpt>
  </chrgGp></M001><M001><tkn /><m2xmlReleaseNo>020</m2xmlReleaseNo><mvmtHdr mvmtTp="COU">
    <cmt>Interest</cmt>
  </mvmtHdr><mvmtSrc>
    <ctlr>lghths-sg</ctlr>
    <ctlrMvmtRef>686070804</ctlrMvmtRef>
    <srcRecType>Cash Transaction</srcRecType>
    <srcTransType>Interest</srcTransType>
  </mvmtSrc><extSys>
    <extSysID>SAR</extSysID>
    <extSysRef>686070804</extSysRef>
  </extSys><hldCpt1 amtScheme="m2">
    <hldId>
      <ptfl>83676187.6000</ptfl>
      <ctlrOwnr>83676187</ctlrOwnr>
      <ctlrAcct>83676187.6000</ctlrAcct>
      <ownrRefCcy>USD</ownrRefCcy>
      <ccy>USD</ccy>
      <asst>XS1556165477</asst>
      <asstIDs>
        <asstRef refType="ISIN">XS1556165477</asstRef>
        <asstRef refType="Valor">35513710</asstRef>
        <asstRef refType="SARA">000131042001</asstRef>
      </asstIDs>
      <asstDetail>
        <isin>XS1556165477</isin>
        <type>Bond</type>
        <cntry>BM/Bermuda</cntry>
        <desc>5.25% China Water Affairs Group Ltd 2017-2022</desc>
        <issueCcy>USD</issueCcy>
        <issueDate>2017-02-07</issueDate>
        <latestPrc ccy="USD">101.375</latestPrc>
        <latestPrcDate>2021-02-05</latestPrcDate>
        <prcFactor>.01</prcFactor>
        <asstBondDetails>
          <matDate>2022-02-07</matDate>
          <intRate>5.25</intRate>
          <calcBasis>30E/360</calcBasis>
          <intFreq>2</intFreq>
          <intDate>2017-08-07</intDate>
          <intCcy>USD</intCcy>
          <rating>BB+</rating>
        </asstBondDetails>
      </asstDetail>
    </hldId>
    <effDt>2021-02-08</effDt>
    <settleDt>2021-02-08</settleDt>
    <qty>200000</qty>
    <grAmt ccy="USD">5250</grAmt>
    <netAmt ccy="USD">5250</netAmt>
  </hldCpt1><hldCpt2 amtScheme="m2">
    <hldId>
      <ptfl>83676187.6000</ptfl>
      <ctlrOwnr>83676187</ctlrOwnr>
      <ctlrAcct>83676187.4000/USD/KK</ctlrAcct>
      <ccy>USD</ccy>
      <asst>USD</asst>
      <asstIDs>
        <asstRef refType="CURRENCY">USD</asstRef>
      </asstIDs>
    </hldId>
    <effDt>2021-02-08</effDt>
    <grAmt ccy="USD">5250</grAmt>
    <netAmt ccy="USD">5250</netAmt>
  </hldCpt2></M001><M001><tkn /><m2xmlReleaseNo>020</m2xmlReleaseNo><mvmtHdr mvmtTp="COU">
    <cmt>Interest</cmt>
  </mvmtHdr><mvmtSrc>
    <ctlr>lghths-sg</ctlr>
    <ctlrMvmtRef>686070811</ctlrMvmtRef>
    <srcRecType>Cash Transaction</srcRecType>
    <srcTransType>Interest</srcTransType>
  </mvmtSrc><extSys>
    <extSysID>SAR</extSysID>
    <extSysRef>686070811</extSysRef>
  </extSys><hldCpt1 amtScheme="m2">
    <hldId>
      <ptfl>83663279.6000</ptfl>
      <ctlrOwnr>83663279</ctlrOwnr>
      <ctlrAcct>83663279.6000</ctlrAcct>
      <ownrRefCcy>USD</ownrRefCcy>
      <ccy>USD</ccy>
      <asst>XS1556165477</asst>
      <asstIDs>
        <asstRef refType="ISIN">XS1556165477</asstRef>
        <asstRef refType="Valor">35513710</asstRef>
        <asstRef refType="SARA">000131042001</asstRef>
      </asstIDs>
      <asstDetail>
        <isin>XS1556165477</isin>
        <type>Bond</type>
        <cntry>BM/Bermuda</cntry>
        <desc>5.25% China Water Affairs Group Ltd 2017-2022</desc>
        <issueCcy>USD</issueCcy>
        <issueDate>2017-02-07</issueDate>
        <latestPrc ccy="USD">101.375</latestPrc>
        <latestPrcDate>2021-02-05</latestPrcDate>
        <prcFactor>.01</prcFactor>
        <asstBondDetails>
          <matDate>2022-02-07</matDate>
          <intRate>5.25</intRate>
          <calcBasis>30E/360</calcBasis>
          <intFreq>2</intFreq>
          <intDate>2017-08-07</intDate>
          <intCcy>USD</intCcy>
          <rating>BB+</rating>
        </asstBondDetails>
      </asstDetail>
    </hldId>
    <effDt>2021-02-08</effDt>
    <settleDt>2021-02-08</settleDt>
    <qty>200000</qty>
    <grAmt ccy="USD">5250</grAmt>
    <netAmt ccy="USD">5250</netAmt>
  </hldCpt1><hldCpt2 amtScheme="m2">
    <hldId>
      <ptfl>83663279.6000</ptfl>
      <ctlrOwnr>83663279</ctlrOwnr>
      <ctlrAcct>83663279.4000/USD/KK</ctlrAcct>
      <ccy>USD</ccy>
      <asst>USD</asst>
      <asstIDs>
        <asstRef refType="CURRENCY">USD</asstRef>
      </asstIDs>
    </hldId>
    <effDt>2021-02-08</effDt>
    <grAmt ccy="USD">5250</grAmt>
    <netAmt ccy="USD">5250</netAmt>
  </hldCpt2></M001><M001><tkn /><m2xmlReleaseNo>020</m2xmlReleaseNo><mvmtHdr mvmtTp="BUY">
    <cmt>Bought 200,000 ISIN XS2268319089 @ 100 GBP</cmt>
  </mvmtHdr><mvmtSrc>
    <ctlr>lghths-sg</ctlr>
    <ctlrMvmtRef>684609839</ctlrMvmtRef>
    <srcRecType>Security Transaction</srcRecType>
    <srcTransType>Buy</srcTransType>
  </mvmtSrc><extSys>
    <extSysID>SAR</extSysID>
    <extSysRef>684609839</extSysRef>
  </extSys><hldCpt1 amtScheme="m2">
    <hldId>
      <ptfl>83676187.6000</ptfl>
      <ctlrOwnr>83676187</ctlrOwnr>
      <ctlrAcct>83676187.6000</ctlrAcct>
      <ownrRefCcy>USD</ownrRefCcy>
      <ccy>GBP</ccy>
      <asst>XS2268319089</asst>
      <asstIDs>
        <asstRef refType="ISIN">XS2268319089</asstRef>
        <asstRef refType="Valor">59420676</asstRef>
        <asstRef refType="SARA">000142484926</asstRef>
      </asstIDs>
      <asstDetail>
        <isin>XS2268319089</isin>
        <type>Bond</type>
        <cntry>GB/United Kingdom</cntry>
        <desc>8% UBS AG London Standard Chartered Plc STR 3.3447 HSBC Holdings Plc STR 2.8810 Callable Fixed Coupon Notes 15.02.2022 Repayment cash or physical</desc>
        <issueCcy>GBP</issueCcy>
        <issueDate>2021-02-15</issueDate>
        <latestPrc ccy="GBP">98.07</latestPrc>
        <latestPrcDate>2021-02-05</latestPrcDate>
        <prcFactor>.01</prcFactor>
        <asstBondDetails>
          <matDate>2022-02-22</matDate>
          <intRate>0.0</intRate>
          <intFreq>2</intFreq>
          <intDate>2021-08-23</intDate>
          <intCcy>GBP</intCcy>
        </asstBondDetails>
      </asstDetail>
    </hldId>
    <effDt>2021-02-01</effDt>
    <settleDt>2021-02-15</settleDt>
    <qty>200000</qty>
    <prc ccy="GBP">100</prc>
    <grTrdAmt ccy="GBP">198000</grTrdAmt>
    <grAmt ccy="GBP">200000</grAmt>
    <netAmt ccy="GBP">200000</netAmt>
  </hldCpt1><hldCpt2 amtScheme="m2">
    <hldId>
      <ptfl>83676187.6000</ptfl>
      <ctlrOwnr>83676187</ctlrOwnr>
      <ctlrAcct>83676187.4001/GBP/KK</ctlrAcct>
      <ccy>GBP</ccy>
      <asst>GBP</asst>
      <asstIDs>
        <asstRef refType="CURRENCY">GBP</asstRef>
      </asstIDs>
    </hldId>
    <effDt>2021-02-01</effDt>
    <grAmt ccy="GBP">-200000</grAmt>
    <netAmt ccy="GBP">-200000</netAmt>
  </hldCpt2></M001></m2:M006>
