<?xml version="1.0" encoding="UTF-8"?>
<m2:M006 xmlns:m2="http://www.mym2.com" xmlns:xsi="http://www.w3.org/2001/XMLSchema-instance" xsi:schemaLocation="http://www.mym2.com http://www.mym2.com/schemas/M2RequestSchema.xsd"><M001><tkn /><m2xmlReleaseNo>020</m2xmlReleaseNo><mvmtHdr mvmtTp="AOU">
    <cmt>Transfer of FXA/FXD Position 83,200 SARA 000141951826</cmt>
  </mvmtHdr><mvmtSrc>
    <ctlr>lghths-sg</ctlr>
    <ctlrMvmtRef>680606512</ctlrMvmtRef>
    <srcRecType>Security Transaction</srcRecType>
    <srcTransType>Transfer of FXA/FXD Position</srcTransType>
  </mvmtSrc><extSys>
    <extSysID>SAR</extSysID>
    <extSysRef>680606512</extSysRef>
  </extSys><hldCpt1 amtScheme="m2">
    <hldId>
      <ptfl>83663279.6000</ptfl>
      <ctlrOwnr>83663279</ctlrOwnr>
      <ctlrAcct>83663279.6000</ctlrAcct>
      <ownrRefCcy>USD</ownrRefCcy>
      <ccy>GBP</ccy>
      <asst>000141951826</asst>
      <asstIDs>
        <asstRef refType="SARA">000141951826</asstRef>
      </asstIDs>
      <asstDetail>
        <type>Hybrid</type>
        <desc>FX Accumulator on GBP/USD 2x Leveraged  KO:1.376 Buy GBP / Sell USD at 1.275 Period: 10.DEC.20 - 14.DEC.21  12 Fixings</desc>
        <issueCcy>USD</issueCcy>
        <issueCcyExchRt>1.363785</issueCcyExchRt>
        <latestPrc ccy="USD">-9.9624E-4</latestPrc>
        <latestPrcDate>2021-01-13</latestPrcDate>
        <prcFactor>1</prcFactor>
      </asstDetail>
    </hldId>
    <effDt>2021-01-12</effDt>
    <settleDt>2021-01-14</settleDt>
    <qty>-83200</qty>
    <prc ccy="GBP">0</prc>
    <grTrdAmt ccy="GBP">0</grTrdAmt>
    <grAmt ccy="GBP">0</grAmt>
    <netAmt ccy="GBP">0</netAmt>
  </hldCpt1></M001><M001><tkn /><m2xmlReleaseNo>020</m2xmlReleaseNo><mvmtHdr mvmtTp="BUY">
    <cmt>Bought 312 ISIN US62914V1061 @ 61.5 USD</cmt>
  </mvmtHdr><mvmtSrc>
    <ctlr>lghths-sg</ctlr>
    <ctlrMvmtRef>680715947</ctlrMvmtRef>
    <srcRecType>Security Transaction</srcRecType>
    <srcTransType>Buy</srcTransType>
  </mvmtSrc><extSys>
    <extSysID>SAR</extSysID>
    <extSysRef>680715947</extSysRef>
  </extSys><hldCpt1 amtScheme="m2">
    <hldId>
      <ptfl>83667931.6000</ptfl>
      <ctlrOwnr>83667931</ctlrOwnr>
      <ctlrAcct>83667931.6000</ctlrAcct>
      <ownrRefCcy>USD</ownrRefCcy>
      <ccy>USD</ccy>
      <asst>US62914V1061</asst>
      <asstIDs>
        <asstRef refType="ISIN">US62914V1061</asstRef>
        <asstRef refType="Valor">43286578</asstRef>
        <asstRef refType="Bloomberg">NIO US</asstRef>
        <asstRef refType="SARA">000135493931</asstRef>
      </asstIDs>
      <asstDetail>
        <isin>US62914V1061</isin>
        <type>Share</type>
        <cntry>KY/Cayman Islands</cntry>
        <desc>Nio Inc -ADR- -A-</desc>
        <issueCcy>USD</issueCcy>
        <latestPrc ccy="USD">62.15</latestPrc>
        <latestPrcDate>2021-01-12</latestPrcDate>
        <prcFactor>1</prcFactor>
      </asstDetail>
    </hldId>
    <effDt>2021-01-12</effDt>
    <settleDt>2021-01-14</settleDt>
    <qty>312</qty>
    <prc ccy="USD">61.5</prc>
    <grTrdAmt ccy="USD">19188</grTrdAmt>
    <grAmt ccy="USD">19188</grAmt>
    <netAmt ccy="USD">19402</netAmt>
  </hldCpt1><hldCpt2 amtScheme="m2">
    <hldId>
      <ptfl>83667931.6000</ptfl>
      <ctlrOwnr>83667931</ctlrOwnr>
      <ctlrAcct>83667931.4000/USD/KK</ctlrAcct>
      <ccy>USD</ccy>
      <asst>USD</asst>
      <asstIDs>
        <asstRef refType="CURRENCY">USD</asstRef>
      </asstIDs>
    </hldId>
    <effDt>2021-01-12</effDt>
    <grAmt ccy="USD">-19402</grAmt>
    <netAmt ccy="USD">-19402</netAmt>
  </hldCpt2><chrgGp amtScheme="m2">
    <chrgCpt>
      <ctgy>EXE</ctgy>
      <ctgyAmt ccy="USD">-200</ctgyAmt>
      <chrgDesc>Stex Commissions</chrgDesc>
    </chrgCpt>
    <chrgCpt>
      <ctgy>VAT</ctgy>
      <ctgyAmt ccy="USD">-14</ctgyAmt>
      <chrgDesc>VAT</chrgDesc>
    </chrgCpt>
  </chrgGp></M001><M001><tkn /><m2xmlReleaseNo>020</m2xmlReleaseNo><mvmtHdr mvmtTp="COU">
    <cmt>Interest</cmt>
  </mvmtHdr><mvmtSrc>
    <ctlr>lghths-sg</ctlr>
    <ctlrMvmtRef>680856215</ctlrMvmtRef>
    <srcRecType>Cash Transaction</srcRecType>
    <srcTransType>Interest</srcTransType>
  </mvmtSrc><extSys>
    <extSysID>SAR</extSysID>
    <extSysRef>680856215</extSysRef>
  </extSys><hldCpt1 amtScheme="m2">
    <hldId>
      <ptfl>83663279.6000</ptfl>
      <ctlrOwnr>83663279</ctlrOwnr>
      <ctlrAcct>83663279.6000</ctlrAcct>
      <ownrRefCcy>USD</ownrRefCcy>
      <ccy>USD</ccy>
      <asst>XS2090080172</asst>
      <asstIDs>
        <asstRef refType="ISIN">XS2090080172</asstRef>
        <asstRef refType="Valor">51830341</asstRef>
        <asstRef refType="SARA">000139292337</asstRef>
      </asstIDs>
      <asstDetail>
        <isin>XS2090080172</isin>
        <type>Bond</type>
        <cntry>IN/India</cntry>
        <desc>5.9% Manappuram Finance Ltd Emt-Notes 2020-2023 Secured</desc>
        <issueCcy>USD</issueCcy>
        <issueDate>2020-01-13</issueDate>
        <latestPrc ccy="USD">103.175</latestPrc>
        <latestPrcDate>2021-01-12</latestPrcDate>
        <prcFactor>.01</prcFactor>
        <asstBondDetails>
          <matDate>2023-01-13</matDate>
          <intRate>5.9</intRate>
          <calcBasis>30/360</calcBasis>
          <intFreq>2</intFreq>
          <intDate>2020-07-13</intDate>
          <intCcy>USD</intCcy>
          <rating>B+</rating>
        </asstBondDetails>
      </asstDetail>
    </hldId>
    <effDt>2021-01-13</effDt>
    <settleDt>2021-01-13</settleDt>
    <qty>250000</qty>
    <grAmt ccy="USD">7375</grAmt>
    <netAmt ccy="USD">7375</netAmt>
  </hldCpt1><hldCpt2 amtScheme="m2">
    <hldId>
      <ptfl>83663279.6000</ptfl>
      <ctlrOwnr>83663279</ctlrOwnr>
      <ctlrAcct>83663279.4000/USD/KK</ctlrAcct>
      <ccy>USD</ccy>
      <asst>USD</asst>
      <asstIDs>
        <asstRef refType="CURRENCY">USD</asstRef>
      </asstIDs>
    </hldId>
    <effDt>2021-01-13</effDt>
    <grAmt ccy="USD">7375</grAmt>
    <netAmt ccy="USD">7375</netAmt>
  </hldCpt2></M001><M001><tkn /><m2xmlReleaseNo>020</m2xmlReleaseNo><mvmtHdr mvmtTp="COU">
    <cmt>Interest</cmt>
  </mvmtHdr><mvmtSrc>
    <ctlr>lghths-sg</ctlr>
    <ctlrMvmtRef>680856212</ctlrMvmtRef>
    <srcRecType>Cash Transaction</srcRecType>
    <srcTransType>Interest</srcTransType>
  </mvmtSrc><extSys>
    <extSysID>SAR</extSysID>
    <extSysRef>680856212</extSysRef>
  </extSys><hldCpt1 amtScheme="m2">
    <hldId>
      <ptfl>83663293.6000</ptfl>
      <ctlrOwnr>83663293</ctlrOwnr>
      <ctlrAcct>83663293.6000</ctlrAcct>
      <ownrRefCcy>USD</ownrRefCcy>
      <ccy>USD</ccy>
      <asst>XS2090080172</asst>
      <asstIDs>
        <asstRef refType="ISIN">XS2090080172</asstRef>
        <asstRef refType="Valor">51830341</asstRef>
        <asstRef refType="SARA">000139292337</asstRef>
      </asstIDs>
      <asstDetail>
        <isin>XS2090080172</isin>
        <type>Bond</type>
        <cntry>IN/India</cntry>
        <desc>5.9% Manappuram Finance Ltd Emt-Notes 2020-2023 Secured</desc>
        <issueCcy>USD</issueCcy>
        <issueDate>2020-01-13</issueDate>
        <latestPrc ccy="USD">103.175</latestPrc>
        <latestPrcDate>2021-01-12</latestPrcDate>
        <prcFactor>.01</prcFactor>
        <asstBondDetails>
          <matDate>2023-01-13</matDate>
          <intRate>5.9</intRate>
          <calcBasis>30/360</calcBasis>
          <intFreq>2</intFreq>
          <intDate>2020-07-13</intDate>
          <intCcy>USD</intCcy>
          <rating>B+</rating>
        </asstBondDetails>
      </asstDetail>
    </hldId>
    <effDt>2021-01-13</effDt>
    <settleDt>2021-01-13</settleDt>
    <qty>200000</qty>
    <grAmt ccy="USD">5900</grAmt>
    <netAmt ccy="USD">5900</netAmt>
  </hldCpt1><hldCpt2 amtScheme="m2">
    <hldId>
      <ptfl>83663293.6000</ptfl>
      <ctlrOwnr>83663293</ctlrOwnr>
      <ctlrAcct>83663293.4000/USD/KK</ctlrAcct>
      <ccy>USD</ccy>
      <asst>USD</asst>
      <asstIDs>
        <asstRef refType="CURRENCY">USD</asstRef>
      </asstIDs>
    </hldId>
    <effDt>2021-01-13</effDt>
    <grAmt ccy="USD">5900</grAmt>
    <netAmt ccy="USD">5900</netAmt>
  </hldCpt2></M001></m2:M006>
