<?xml version="1.0" encoding="UTF-8"?>
<m2:M006 xmlns:m2="http://www.mym2.com" xmlns:xsi="http://www.w3.org/2001/XMLSchema-instance" xsi:schemaLocation="http://www.mym2.com http://www.mym2.com/schemas/M2RequestSchema.xsd"><M001><tkn /><m2xmlReleaseNo>020</m2xmlReleaseNo><mvmtHdr mvmtTp="COU">
    <cmt>Interest 300,000 ISIN XS2304008225</cmt>
  </mvmtHdr><mvmtSrc>
    <ctlr>lghths-sg</ctlr>
    <ctlrMvmtRef>705168068</ctlrMvmtRef>
    <srcRecType>Cash Transaction</srcRecType>
    <srcTransType>Interest</srcTransType>
  </mvmtSrc><extSys>
    <extSysID>SAR</extSysID>
    <extSysRef>705168068</extSysRef>
  </extSys><hldCpt1 amtScheme="m2">
    <hldId>
      <ptfl>83663293.6000</ptfl>
      <ctlrOwnr>83663293</ctlrOwnr>
      <ctlrAcct>83663293.6000</ctlrAcct>
      <ownrRefCcy>USD</ownrRefCcy>
      <ccy>USD</ccy>
      <asst>XS2304008225</asst>
      <asstIDs>
        <asstRef refType="ISIN">XS2304008225</asstRef>
        <asstRef refType="Valor">59476183</asstRef>
        <asstRef refType="SARA">000142671426</asstRef>
      </asstIDs>
      <asstDetail>
        <isin>XS2304008225</isin>
        <type>Bond</type>
        <cntry>NL/Netherlands</cntry>
        <desc>8% JP Morgan Structured Products BV HDFC Bank Ltd -ADR- (3 Shs) STR 64.2168 Infosys Ltd -ADR- STR 13.9929 Fixed Coupon Notes 04.03.2022 Repayment cash or physical</desc>
        <issueCcy>USD</issueCcy>
        <issueDate>2021-03-04</issueDate>
        <latestPrc ccy="USD">95.8503</latestPrc>
        <latestPrcDate>2021-05-05</latestPrcDate>
        <prcFactor>.01</prcFactor>
        <asstBondDetails>
          <matDate>2022-03-08</matDate>
          <intRate>8.0</intRate>
          <intFreq>12</intFreq>
          <intDate>2021-04-07</intDate>
          <intCcy>USD</intCcy>
        </asstBondDetails>
      </asstDetail>
    </hldId>
    <effDt>2021-05-06</effDt>
    <settleDt>2021-05-06</settleDt>
    <qty>300000</qty>
    <grAmt ccy="USD">2000</grAmt>
    <netAmt ccy="USD">2000</netAmt>
  </hldCpt1><hldCpt2 amtScheme="m2">
    <hldId>
      <ptfl>83663293.6000</ptfl>
      <ctlrOwnr>83663293</ctlrOwnr>
      <ctlrAcct>83663293.4000/USD/KK</ctlrAcct>
      <ccy>USD</ccy>
      <asst>USD</asst>
      <asstIDs>
        <asstRef refType="CURRENCY">USD</asstRef>
      </asstIDs>
    </hldId>
    <effDt>2021-05-06</effDt>
    <grAmt ccy="USD">2000</grAmt>
    <netAmt ccy="USD">2000</netAmt>
  </hldCpt2></M001><M001><tkn /><m2xmlReleaseNo>020</m2xmlReleaseNo><mvmtHdr mvmtTp="COU">
    <cmt>Interest 200,000 ISIN XS2304008068</cmt>
  </mvmtHdr><mvmtSrc>
    <ctlr>lghths-sg</ctlr>
    <ctlrMvmtRef>705166776</ctlrMvmtRef>
    <srcRecType>Cash Transaction</srcRecType>
    <srcTransType>Interest</srcTransType>
  </mvmtSrc><extSys>
    <extSysID>SAR</extSysID>
    <extSysRef>705166776</extSysRef>
  </extSys><hldCpt1 amtScheme="m2">
    <hldId>
      <ptfl>83663293.6000</ptfl>
      <ctlrOwnr>83663293</ctlrOwnr>
      <ctlrAcct>83663293.6000</ctlrAcct>
      <ownrRefCcy>USD</ownrRefCcy>
      <ccy>USD</ccy>
      <asst>XS2304008068</asst>
      <asstIDs>
        <asstRef refType="ISIN">XS2304008068</asstRef>
        <asstRef refType="Valor">59476182</asstRef>
        <asstRef refType="SARA">000142671407</asstRef>
      </asstIDs>
      <asstDetail>
        <isin>XS2304008068</isin>
        <type>Bond</type>
        <cntry>NL/Netherlands</cntry>
        <desc>6% JP Morgan Structured Products BV HDFC Bank Ltd -ADR- (3 Shs) STR 59.535 Infosys Ltd -ADR- STR 12.9728 Fixed Coupon Notes 04.03.2022 Repayment cash or physical</desc>
        <issueCcy>USD</issueCcy>
        <issueDate>2021-03-04</issueDate>
        <latestPrc ccy="USD">96.2357</latestPrc>
        <latestPrcDate>2021-05-05</latestPrcDate>
        <prcFactor>.01</prcFactor>
        <asstBondDetails>
          <matDate>2022-03-08</matDate>
          <intRate>6.0</intRate>
          <intFreq>12</intFreq>
          <intDate>2021-04-07</intDate>
          <intCcy>USD</intCcy>
        </asstBondDetails>
      </asstDetail>
    </hldId>
    <effDt>2021-05-06</effDt>
    <settleDt>2021-05-06</settleDt>
    <qty>200000</qty>
    <grAmt ccy="USD">1000</grAmt>
    <netAmt ccy="USD">1000</netAmt>
  </hldCpt1><hldCpt2 amtScheme="m2">
    <hldId>
      <ptfl>83663293.6000</ptfl>
      <ctlrOwnr>83663293</ctlrOwnr>
      <ctlrAcct>83663293.4000/USD/KK</ctlrAcct>
      <ccy>USD</ccy>
      <asst>USD</asst>
      <asstIDs>
        <asstRef refType="CURRENCY">USD</asstRef>
      </asstIDs>
    </hldId>
    <effDt>2021-05-06</effDt>
    <grAmt ccy="USD">1000</grAmt>
    <netAmt ccy="USD">1000</netAmt>
  </hldCpt2></M001></m2:M006>
