<?xml version="1.0" encoding="UTF-8"?>
<m2:M006 xmlns:m2="http://www.mym2.com" xmlns:xsi="http://www.w3.org/2001/XMLSchema-instance" xsi:schemaLocation="http://www.mym2.com http://www.mym2.com/schemas/M2RequestSchema.xsd"><M001><tkn /><m2xmlReleaseNo>020</m2xmlReleaseNo><mvmtHdr mvmtTp="CLS">
    <cmt>Close Loan</cmt>
  </mvmtHdr><mvmtSrc>
    <ctlr>lghths-sg</ctlr>
    <ctlrMvmtRef>683533723</ctlrMvmtRef>
    <srcRecType>Deposits &amp; Loans Transaction</srcRecType>
    <srcTransType>Close Loan</srcTransType>
  </mvmtSrc><extSys>
    <extSysID>SAR</extSysID>
    <extSysRef>683164913</extSysRef>
  </extSys><hldCpt1 amtScheme="m2">
    <hldId>
      <ptfl>83663279.6000</ptfl>
      <ctlrOwnr>83663279</ctlrOwnr>
      <ctlrAcct>83663279</ctlrAcct>
      <ownrRefCcy>USD</ownrRefCcy>
      <ccy>GBP</ccy>
      <asst>GBP</asst>
      <asstIDs>
        <asstRef refType="CURRENCY">GBP</asstRef>
      </asstIDs>
      <asstDetail>
        <type>MoneyMarket</type>
        <desc>GBP Fixed Loan</desc>
        <asstMnyMktDetails>
          <mnyMktType>Loan</mnyMktType>
          <mnyMktTerm termType="Fixed">2021-01-29</mnyMktTerm>
          <mnyMktAmt ccy="GBP">-2165943.47</mnyMktAmt>
          <intRate>0.88</intRate>
          <mnyMktRef>142088336</mnyMktRef>
          <mnyMktName>s/t Fixed Advance Fix GBP 0.88% 31.12.2020-29.01</mnyMktName>
          <matDate>2021-01-29</matDate>
          <startDate>2020-12-31</startDate>
        </asstMnyMktDetails>
      </asstDetail>
    </hldId>
    <effDt>2021-01-27</effDt>
    <settleDt>2021-01-29</settleDt>
    <grAmt ccy="GBP">2165943.47</grAmt>
    <netAmt ccy="GBP">2165943.47</netAmt>
  </hldCpt1><hldCpt2 amtScheme="m2">
    <hldId>
      <ptfl>83663279.6000</ptfl>
      <ctlrOwnr>83663279</ctlrOwnr>
      <ctlrAcct>83663279.4001/GBP/KK</ctlrAcct>
      <ccy>GBP</ccy>
      <asst>GBP</asst>
      <asstIDs>
        <asstRef refType="CURRENCY">GBP</asstRef>
      </asstIDs>
    </hldId>
    <effDt>2021-01-27</effDt>
    <grAmt ccy="GBP">-2167457.85</grAmt>
    <netAmt ccy="GBP">-2167457.85</netAmt>
  </hldCpt2><chrgGp amtScheme="m2">
    <chrgCpt>
      <ctgy>CIP</ctgy>
      <ctgyAmt ccy="GBP">-1514.38</ctgyAmt>
      <chrgDesc>Interest Paid</chrgDesc>
    </chrgCpt>
  </chrgGp></M001><M001><tkn /><m2xmlReleaseNo>020</m2xmlReleaseNo><mvmtHdr mvmtTp="OPN">
    <cmt>Raise loan</cmt>
  </mvmtHdr><mvmtSrc>
    <ctlr>lghths-sg</ctlr>
    <ctlrMvmtRef>683533728</ctlrMvmtRef>
    <srcRecType>Deposits &amp; Loans Transaction</srcRecType>
    <srcTransType>Raise Loan</srcTransType>
  </mvmtSrc><extSys>
    <extSysID>SAR</extSysID>
    <extSysRef>683164913</extSysRef>
  </extSys><hldCpt1 amtScheme="m2">
    <hldId>
      <ptfl>83663279.6000</ptfl>
      <ctlrOwnr>83663279</ctlrOwnr>
      <ctlrAcct>83663279</ctlrAcct>
      <ownrRefCcy>USD</ownrRefCcy>
      <ccy>GBP</ccy>
      <asst>GBP</asst>
      <asstIDs>
        <asstRef refType="CURRENCY">GBP</asstRef>
      </asstIDs>
      <asstDetail>
        <type>MoneyMarket</type>
        <desc>GBP Fixed Loan</desc>
        <asstMnyMktDetails>
          <mnyMktType>Loan</mnyMktType>
          <mnyMktTerm termType="Fixed">2021-02-26</mnyMktTerm>
          <mnyMktAmt ccy="GBP">-2125857.85</mnyMktAmt>
          <intRate>0.88</intRate>
          <mnyMktRef>142447937</mnyMktRef>
          <mnyMktName>s/t Fixed Advance Fix GBP 0.88% 29.01.2021-26.02</mnyMktName>
          <matDate>2021-02-26</matDate>
          <startDate>2021-01-29</startDate>
        </asstMnyMktDetails>
      </asstDetail>
    </hldId>
    <effDt>2021-01-27</effDt>
    <settleDt>2021-01-29</settleDt>
    <grAmt ccy="GBP">-2125857.85</grAmt>
    <netAmt ccy="GBP">-2125857.85</netAmt>
  </hldCpt1><hldCpt2 amtScheme="m2">
    <hldId>
      <ptfl>83663279.6000</ptfl>
      <ctlrOwnr>83663279</ctlrOwnr>
      <ctlrAcct>83663279.4001/GBP/KK</ctlrAcct>
      <ccy>GBP</ccy>
      <asst>GBP</asst>
      <asstIDs>
        <asstRef refType="CURRENCY">GBP</asstRef>
      </asstIDs>
    </hldId>
    <effDt>2021-01-27</effDt>
    <grAmt ccy="GBP">2125857.85</grAmt>
    <netAmt ccy="GBP">2125857.85</netAmt>
  </hldCpt2></M001><M001><tkn /><m2xmlReleaseNo>020</m2xmlReleaseNo><mvmtHdr mvmtTp="OPN">
    <cmt>Raise loan</cmt>
  </mvmtHdr><mvmtSrc>
    <ctlr>lghths-sg</ctlr>
    <ctlrMvmtRef>683571254</ctlrMvmtRef>
    <srcRecType>Deposits &amp; Loans Transaction</srcRecType>
    <srcTransType>Raise Loan</srcTransType>
  </mvmtSrc><extSys>
    <extSysID>SAR</extSysID>
    <extSysRef>683164913</extSysRef>
  </extSys><hldCpt1 amtScheme="m2">
    <hldId>
      <ptfl>83676187.6000</ptfl>
      <ctlrOwnr>83676187</ctlrOwnr>
      <ctlrAcct>83676187</ctlrAcct>
      <ownrRefCcy>USD</ownrRefCcy>
      <ccy>USD</ccy>
      <asst>USD</asst>
      <asstIDs>
        <asstRef refType="CURRENCY">USD</asstRef>
      </asstIDs>
      <asstDetail>
        <type>MoneyMarket</type>
        <desc>USD Fixed Loan</desc>
        <asstMnyMktDetails>
          <mnyMktType>Loan</mnyMktType>
          <mnyMktTerm termType="Fixed">2021-02-09</mnyMktTerm>
          <mnyMktAmt ccy="USD">-50000</mnyMktAmt>
          <intRate>1.06</intRate>
          <mnyMktRef>142444144</mnyMktRef>
          <mnyMktName>s/t Fixed Advance Fix USD 1.06% 28.01.2021-09.02</mnyMktName>
          <matDate>2021-02-09</matDate>
          <startDate>2021-01-28</startDate>
        </asstMnyMktDetails>
      </asstDetail>
    </hldId>
    <effDt>2021-01-27</effDt>
    <settleDt>2021-01-28</settleDt>
    <grAmt ccy="USD">-50000</grAmt>
    <netAmt ccy="USD">-50000</netAmt>
  </hldCpt1><hldCpt2 amtScheme="m2">
    <hldId>
      <ptfl>83676187.6000</ptfl>
      <ctlrOwnr>83676187</ctlrOwnr>
      <ctlrAcct>83676187.4000/USD/KK</ctlrAcct>
      <ccy>USD</ccy>
      <asst>USD</asst>
      <asstIDs>
        <asstRef refType="CURRENCY">USD</asstRef>
      </asstIDs>
    </hldId>
    <effDt>2021-01-27</effDt>
    <grAmt ccy="USD">50000</grAmt>
    <netAmt ccy="USD">50000</netAmt>
  </hldCpt2></M001><M001><tkn /><m2xmlReleaseNo>020</m2xmlReleaseNo><mvmtHdr mvmtTp="BUY">
    <cmt>Subscription 1,771 ISIN LU1226288253 @ 113.87 USD</cmt>
  </mvmtHdr><mvmtSrc>
    <ctlr>lghths-sg</ctlr>
    <ctlrMvmtRef>683164913</ctlrMvmtRef>
    <srcRecType>Security Transaction</srcRecType>
    <srcTransType>Subscription</srcTransType>
  </mvmtSrc><extSys>
    <extSysID>SAR</extSysID>
    <extSysRef>683164913</extSysRef>
  </extSys><hldCpt1 amtScheme="m2">
    <hldId>
      <ptfl>83663293.6000</ptfl>
      <ctlrOwnr>83663293</ctlrOwnr>
      <ctlrAcct>83663293.6000</ctlrAcct>
      <ownrRefCcy>USD</ownrRefCcy>
      <ccy>USD</ccy>
      <asst>LU1226288253</asst>
      <asstIDs>
        <asstRef refType="ISIN">LU1226288253</asstRef>
        <asstRef refType="Valor">27983955</asstRef>
        <asstRef refType="SARA">000126337077</asstRef>
      </asstIDs>
      <asstDetail>
        <isin>LU1226288253</isin>
        <type>Fund</type>
        <cntry>LU/Luxembourg</cntry>
        <desc>UBS (LU) Key Selection Sicav- China Allocation Opportunity (USD) -P- 6% monthly Distribution</desc>
        <issueCcy>USD</issueCcy>
        <latestPrc ccy="USD">113.23</latestPrc>
        <latestPrcDate>2021-01-26</latestPrcDate>
        <prcFactor>1</prcFactor>
      </asstDetail>
    </hldId>
    <effDt>2021-01-25</effDt>
    <settleDt>2021-01-28</settleDt>
    <qty>1771</qty>
    <prc ccy="USD">113.87</prc>
    <grTrdAmt ccy="USD">201663.77</grTrdAmt>
    <grAmt ccy="USD">201663.77</grAmt>
    <netAmt ccy="USD">202742.67</netAmt>
  </hldCpt1><hldCpt2 amtScheme="m2">
    <hldId>
      <ptfl>83663293.6000</ptfl>
      <ctlrOwnr>83663293</ctlrOwnr>
      <ctlrAcct>83663293.4000/USD/KK</ctlrAcct>
      <ccy>USD</ccy>
      <asst>USD</asst>
      <asstIDs>
        <asstRef refType="CURRENCY">USD</asstRef>
      </asstIDs>
    </hldId>
    <effDt>2021-01-25</effDt>
    <grAmt ccy="USD">-202742.67</grAmt>
    <netAmt ccy="USD">-202742.67</netAmt>
  </hldCpt2><chrgGp amtScheme="m2">
    <chrgCpt>
      <ctgy>EXE</ctgy>
      <ctgyAmt ccy="USD">-1008.32</ctgyAmt>
      <chrgDesc>Stex Commissions</chrgDesc>
    </chrgCpt>
    <chrgCpt>
      <ctgy>VAT</ctgy>
      <ctgyAmt ccy="USD">-70.58</ctgyAmt>
      <chrgDesc>VAT</chrgDesc>
    </chrgCpt>
  </chrgGp></M001><M001><tkn /><m2xmlReleaseNo>020</m2xmlReleaseNo><mvmtHdr mvmtTp="CTF">
    <cmt>Forex spot</cmt>
  </mvmtHdr><mvmtSrc>
    <ctlr>lghths-sg</ctlr>
    <ctlrMvmtRef>683570828</ctlrMvmtRef>
    <srcRecType>Cash Transaction</srcRecType>
    <srcTransType>Forex Spot</srcTransType>
  </mvmtSrc><extSys>
    <extSysID>SAR</extSysID>
    <extSysRef>683570828</extSysRef>
  </extSys><hldCpt1 amtScheme="m2">
    <hldId>
      <ptfl>83676187.6000</ptfl>
      <ctlrOwnr>83676187</ctlrOwnr>
      <ctlrAcct>83676187.4000/USD/KK</ctlrAcct>
      <ownrRefCcy>USD</ownrRefCcy>
      <ccy>USD</ccy>
      <asst>USD</asst>
      <asstIDs>
        <asstRef refType="CURRENCY">USD</asstRef>
      </asstIDs>
    </hldId>
    <effDt>2021-01-27</effDt>
    <settleDt>2021-01-28</settleDt>
    <grAmt ccy="USD">-16576.13</grAmt>
    <netAmt ccy="USD">-16576.13</netAmt>
  </hldCpt1><hldCpt2 amtScheme="m2">
    <hldId>
      <ptfl>83676187.6000</ptfl>
      <ctlrOwnr>83676187</ctlrOwnr>
      <ctlrAcct>83676187.4001/GBP/KK</ctlrAcct>
      <ccy>GBP</ccy>
      <asst>GBP</asst>
      <asstIDs>
        <asstRef refType="CURRENCY">GBP</asstRef>
      </asstIDs>
    </hldId>
    <effDt>2021-01-27</effDt>
    <settleDt>2021-01-28</settleDt>
    <grAmt ccy="GBP">12043.89</grAmt>
    <netAmt ccy="GBP">12043.89</netAmt>
  </hldCpt2></M001></m2:M006>
