<?xml version="1.0" encoding="UTF-8"?>
<m2:M006 xmlns:m2="http://www.mym2.com" xmlns:xsi="http://www.w3.org/2001/XMLSchema-instance" xsi:schemaLocation="http://www.mym2.com http://www.mym2.com/schemas/M2RequestSchema.xsd"><M001><tkn /><m2xmlReleaseNo>020</m2xmlReleaseNo><mvmtHdr mvmtTp="OPN">
    <cmt>Raise loan</cmt>
  </mvmtHdr><mvmtSrc>
    <ctlr>lghths-sg</ctlr>
    <ctlrMvmtRef>683145324</ctlrMvmtRef>
    <srcRecType>Deposits &amp; Loans Transaction</srcRecType>
    <srcTransType>Raise Loan</srcTransType>
  </mvmtSrc><extSys>
    <extSysID>SAR</extSysID>
    <extSysRef>681693053</extSysRef>
  </extSys><hldCpt1 amtScheme="m2">
    <hldId>
      <ptfl>83663293.6000</ptfl>
      <ctlrOwnr>83663293</ctlrOwnr>
      <ctlrAcct>83663293</ctlrAcct>
      <ownrRefCcy>USD</ownrRefCcy>
      <ccy>HKD</ccy>
      <asst>HKD</asst>
      <asstIDs>
        <asstRef refType="CURRENCY">HKD</asstRef>
      </asstIDs>
      <asstDetail>
        <type>MoneyMarket</type>
        <desc>HKD Fixed Loan</desc>
        <asstMnyMktDetails>
          <mnyMktType>Loan</mnyMktType>
          <mnyMktTerm termType="Fixed">2021-02-26</mnyMktTerm>
          <mnyMktAmt ccy="HKD">-1505860.89</mnyMktAmt>
          <intRate>1.41</intRate>
          <mnyMktRef>142419194</mnyMktRef>
          <mnyMktName>s/t Fixed Advance Fix HKD 1.41% 26.01.2021-26.02</mnyMktName>
          <matDate>2021-02-26</matDate>
          <startDate>2021-01-26</startDate>
        </asstMnyMktDetails>
      </asstDetail>
    </hldId>
    <effDt>2021-01-25</effDt>
    <settleDt>2021-01-26</settleDt>
    <grAmt ccy="HKD">-1505860.89</grAmt>
    <netAmt ccy="HKD">-1505860.89</netAmt>
  </hldCpt1><hldCpt2 amtScheme="m2">
    <hldId>
      <ptfl>83663293.6000</ptfl>
      <ctlrOwnr>83663293</ctlrOwnr>
      <ctlrAcct>83663293.4005/HKD/KK</ctlrAcct>
      <ccy>HKD</ccy>
      <asst>HKD</asst>
      <asstIDs>
        <asstRef refType="CURRENCY">HKD</asstRef>
      </asstIDs>
    </hldId>
    <effDt>2021-01-25</effDt>
    <grAmt ccy="HKD">1505860.89</grAmt>
    <netAmt ccy="HKD">1505860.89</netAmt>
  </hldCpt2></M001><M001><tkn /><m2xmlReleaseNo>020</m2xmlReleaseNo><mvmtHdr mvmtTp="BUY">
    <cmt>Bought 200,000 ISIN XS2222660768 @ 99.96 USD</cmt>
  </mvmtHdr><mvmtSrc>
    <ctlr>lghths-sg</ctlr>
    <ctlrMvmtRef>681693053</ctlrMvmtRef>
    <srcRecType>Security Transaction</srcRecType>
    <srcTransType>Buy</srcTransType>
  </mvmtSrc><extSys>
    <extSysID>SAR</extSysID>
    <extSysRef>681693053</extSysRef>
  </extSys><hldCpt1 amtScheme="m2">
    <hldId>
      <ptfl>83663279.6000</ptfl>
      <ctlrOwnr>83663279</ctlrOwnr>
      <ctlrAcct>83663279.6000</ctlrAcct>
      <ownrRefCcy>USD</ownrRefCcy>
      <ccy>USD</ccy>
      <asst>XS2222660768</asst>
      <asstIDs>
        <asstRef refType="ISIN">XS2222660768</asstRef>
        <asstRef refType="Valor">59267331</asstRef>
        <asstRef refType="SARA">000142236259</asstRef>
      </asstIDs>
      <asstDetail>
        <isin>XS2222660768</isin>
        <type>Bond</type>
        <cntry>HK/Hong Kong</cntry>
        <desc>10% BNP Paribas Alibaba Group Holding Ltd RegS STR 193.76  Callable Fixed Coupon Notes 02.08.2021 Repayment cash or physical</desc>
        <issueCcy>USD</issueCcy>
        <issueDate>2021-02-01</issueDate>
        <latestPrc ccy="USD">99.35684013</latestPrc>
        <latestPrcDate>2021-01-22</latestPrcDate>
        <prcFactor>.01</prcFactor>
        <asstBondDetails>
          <matDate>2021-08-09</matDate>
          <intRate>0.0</intRate>
          <intFreq>12</intFreq>
          <intDate>2021-03-08</intDate>
          <intCcy>USD</intCcy>
        </asstBondDetails>
      </asstDetail>
    </hldId>
    <effDt>2021-01-18</effDt>
    <settleDt>2021-02-01</settleDt>
    <qty>200000</qty>
    <prc ccy="USD">99.96</prc>
    <grTrdAmt ccy="USD">197920</grTrdAmt>
    <grAmt ccy="USD">199920</grAmt>
    <netAmt ccy="USD">199920</netAmt>
  </hldCpt1><hldCpt2 amtScheme="m2">
    <hldId>
      <ptfl>83663279.6000</ptfl>
      <ctlrOwnr>83663279</ctlrOwnr>
      <ctlrAcct>83663279.4000/USD/KK</ctlrAcct>
      <ccy>USD</ccy>
      <asst>USD</asst>
      <asstIDs>
        <asstRef refType="CURRENCY">USD</asstRef>
      </asstIDs>
    </hldId>
    <effDt>2021-01-18</effDt>
    <grAmt ccy="USD">-199920</grAmt>
    <netAmt ccy="USD">-199920</netAmt>
  </hldCpt2></M001><M001><tkn /><m2xmlReleaseNo>020</m2xmlReleaseNo><mvmtHdr mvmtTp="COU">
    <cmt>Interest</cmt>
  </mvmtHdr><mvmtSrc>
    <ctlr>lghths-sg</ctlr>
    <ctlrMvmtRef>683232781</ctlrMvmtRef>
    <srcRecType>Cash Transaction</srcRecType>
    <srcTransType>Interest</srcTransType>
  </mvmtSrc><extSys>
    <extSysID>SAR</extSysID>
    <extSysRef>683232781</extSysRef>
  </extSys><hldCpt1 amtScheme="m2">
    <hldId>
      <ptfl>83663279.6000</ptfl>
      <ctlrOwnr>83663279</ctlrOwnr>
      <ctlrAcct>83663279.6000</ctlrAcct>
      <ownrRefCcy>USD</ownrRefCcy>
      <ccy>USD</ccy>
      <asst>XS1753595328</asst>
      <asstIDs>
        <asstRef refType="ISIN">XS1753595328</asstRef>
        <asstRef refType="Valor">40014007</asstRef>
        <asstRef refType="SARA">000133765006</asstRef>
      </asstIDs>
      <asstDetail>
        <isin>XS1753595328</isin>
        <type>Bond</type>
        <cntry>SG/Singapore</cntry>
        <desc>5.45% Abja Investment Co Pte Ltd Notes 2018-2028 Reg-S</desc>
        <issueCcy>USD</issueCcy>
        <issueDate>2018-01-24</issueDate>
        <latestPrc ccy="USD">105.185</latestPrc>
        <latestPrcDate>2021-01-22</latestPrcDate>
        <prcFactor>.01</prcFactor>
        <asstBondDetails>
          <matDate>2028-01-24</matDate>
          <intRate>5.45</intRate>
          <calcBasis>30/360</calcBasis>
          <intFreq>2</intFreq>
          <intDate>2018-07-24</intDate>
          <intCcy>USD</intCcy>
          <rating>B+</rating>
        </asstBondDetails>
      </asstDetail>
    </hldId>
    <effDt>2021-01-25</effDt>
    <settleDt>2021-01-25</settleDt>
    <qty>300000</qty>
    <grAmt ccy="USD">8175</grAmt>
    <netAmt ccy="USD">8175</netAmt>
  </hldCpt1><hldCpt2 amtScheme="m2">
    <hldId>
      <ptfl>83663279.6000</ptfl>
      <ctlrOwnr>83663279</ctlrOwnr>
      <ctlrAcct>83663279.4000/USD/KK</ctlrAcct>
      <ccy>USD</ccy>
      <asst>USD</asst>
      <asstIDs>
        <asstRef refType="CURRENCY">USD</asstRef>
      </asstIDs>
    </hldId>
    <effDt>2021-01-25</effDt>
    <grAmt ccy="USD">8175</grAmt>
    <netAmt ccy="USD">8175</netAmt>
  </hldCpt2></M001><M001><tkn /><m2xmlReleaseNo>020</m2xmlReleaseNo><mvmtHdr mvmtTp="CTF">
    <cmt>Forex spot</cmt>
  </mvmtHdr><mvmtSrc>
    <ctlr>lghths-sg</ctlr>
    <ctlrMvmtRef>683115037</ctlrMvmtRef>
    <srcRecType>Cash Transaction</srcRecType>
    <srcTransType>Forex Spot</srcTransType>
  </mvmtSrc><extSys>
    <extSysID>SAR</extSysID>
    <extSysRef>683115037</extSysRef>
  </extSys><hldCpt1 amtScheme="m2">
    <hldId>
      <ptfl>83663279.6000</ptfl>
      <ctlrOwnr>83663279</ctlrOwnr>
      <ctlrAcct>83663279.4000/USD/KK</ctlrAcct>
      <ownrRefCcy>USD</ownrRefCcy>
      <ccy>USD</ccy>
      <asst>USD</asst>
      <asstIDs>
        <asstRef refType="CURRENCY">USD</asstRef>
      </asstIDs>
    </hldId>
    <effDt>2021-01-25</effDt>
    <settleDt>2021-01-25</settleDt>
    <grAmt ccy="USD">-67.72</grAmt>
    <netAmt ccy="USD">-67.72</netAmt>
  </hldCpt1><hldCpt2 amtScheme="m2">
    <hldId>
      <ptfl>83663279.6000</ptfl>
      <ctlrOwnr>83663279</ctlrOwnr>
      <ctlrAcct>83663279.4004/HKD/KK</ctlrAcct>
      <ccy>HKD</ccy>
      <asst>HKD</asst>
      <asstIDs>
        <asstRef refType="CURRENCY">HKD</asstRef>
      </asstIDs>
    </hldId>
    <effDt>2021-01-25</effDt>
    <settleDt>2021-01-25</settleDt>
    <grAmt ccy="HKD">524.61</grAmt>
    <netAmt ccy="HKD">524.61</netAmt>
  </hldCpt2></M001><M001><tkn /><m2xmlReleaseNo>020</m2xmlReleaseNo><mvmtHdr mvmtTp="PMS">
    <cmt>Payment</cmt>
  </mvmtHdr><mvmtSrc>
    <ctlr>lghths-sg</ctlr>
    <ctlrMvmtRef>683155535</ctlrMvmtRef>
    <srcRecType>Cash Transaction</srcRecType>
    <srcTransType>Payment</srcTransType>
  </mvmtSrc><extSys>
    <extSysID>SAR</extSysID>
    <extSysRef>683155535</extSysRef>
  </extSys><hldCpt1 amtScheme="m2">
    <hldId>
      <ptfl>83676187.6000</ptfl>
      <ctlrOwnr>83676187</ctlrOwnr>
      <ctlrAcct>83676187.4001/GBP/KK</ctlrAcct>
      <ownrRefCcy>USD</ownrRefCcy>
      <ccy>GBP</ccy>
      <asst>GBP</asst>
      <asstIDs>
        <asstRef refType="CURRENCY">GBP</asstRef>
      </asstIDs>
    </hldId>
    <effDt>2021-01-25</effDt>
    <settleDt>2021-01-27</settleDt>
    <grAmt ccy="GBP">-12000</grAmt>
    <netAmt ccy="GBP">-12043.89</netAmt>
  </hldCpt1><chrgGp amtScheme="m2">
    <chrgCpt>
      <ctgy>OTF</ctgy>
      <ctgyAmt ccy="GBP">-43.89</ctgyAmt>
      <chrgDesc>Payment Charges</chrgDesc>
    </chrgCpt>
  </chrgGp></M001><M001><tkn /><m2xmlReleaseNo>020</m2xmlReleaseNo><mvmtHdr mvmtTp="DEP">
    <cmt>Incoming Payment</cmt>
  </mvmtHdr><mvmtSrc>
    <ctlr>lghths-sg</ctlr>
    <ctlrMvmtRef>683123211</ctlrMvmtRef>
    <srcRecType>Cash Transaction</srcRecType>
    <srcTransType>InPayment</srcTransType>
  </mvmtSrc><extSys>
    <extSysID>SAR</extSysID>
    <extSysRef>683123211</extSysRef>
  </extSys><hldCpt1 amtScheme="m2">
    <hldId>
      <ptfl>83663293.6000</ptfl>
      <ctlrOwnr>83663293</ctlrOwnr>
      <ctlrAcct>83663293.4000/USD/KK</ctlrAcct>
      <ownrRefCcy>USD</ownrRefCcy>
      <ccy>USD</ccy>
      <asst>USD</asst>
      <asstIDs>
        <asstRef refType="CURRENCY">USD</asstRef>
      </asstIDs>
    </hldId>
    <effDt>2021-01-25</effDt>
    <settleDt>2021-01-25</settleDt>
    <grAmt ccy="USD">400000</grAmt>
    <netAmt ccy="USD">400000</netAmt>
  </hldCpt1></M001><M001><tkn /><m2xmlReleaseNo>020</m2xmlReleaseNo><mvmtHdr mvmtTp="COU">
    <cmt>Interest</cmt>
  </mvmtHdr><mvmtSrc>
    <ctlr>lghths-sg</ctlr>
    <ctlrMvmtRef>683223522</ctlrMvmtRef>
    <srcRecType>Cash Transaction</srcRecType>
    <srcTransType>Interest</srcTransType>
  </mvmtSrc><extSys>
    <extSysID>SAR</extSysID>
    <extSysRef>683223522</extSysRef>
  </extSys><hldCpt1 amtScheme="m2">
    <hldId>
      <ptfl>83663293.6000</ptfl>
      <ctlrOwnr>83663293</ctlrOwnr>
      <ctlrAcct>83663293.6000</ctlrAcct>
      <ownrRefCcy>USD</ownrRefCcy>
      <ccy>USD</ccy>
      <asst>XS2050614796</asst>
      <asstIDs>
        <asstRef refType="ISIN">XS2050614796</asstRef>
        <asstRef refType="Valor">52120777</asstRef>
        <asstRef refType="SARA">000139403481</asstRef>
      </asstIDs>
      <asstDetail>
        <isin>XS2050614796</isin>
        <type>Bond</type>
        <cntry>SG/Singapore</cntry>
        <desc>5.95% Global Prime Capital Pte Ltd Notes 2020-2025</desc>
        <issueCcy>USD</issueCcy>
        <issueDate>2020-01-23</issueDate>
        <latestPrc ccy="USD">102.875</latestPrc>
        <latestPrcDate>2021-01-22</latestPrcDate>
        <prcFactor>.01</prcFactor>
        <asstBondDetails>
          <matDate>2025-01-23</matDate>
          <intRate>5.95</intRate>
          <calcBasis>30E/360</calcBasis>
          <intFreq>2</intFreq>
          <intDate>2020-07-23</intDate>
          <intCcy>USD</intCcy>
          <rating>BB-</rating>
        </asstBondDetails>
      </asstDetail>
    </hldId>
    <effDt>2021-01-25</effDt>
    <settleDt>2021-01-25</settleDt>
    <qty>250000</qty>
    <grAmt ccy="USD">7437.5</grAmt>
    <netAmt ccy="USD">7437.5</netAmt>
  </hldCpt1><hldCpt2 amtScheme="m2">
    <hldId>
      <ptfl>83663293.6000</ptfl>
      <ctlrOwnr>83663293</ctlrOwnr>
      <ctlrAcct>83663293.4000/USD/KK</ctlrAcct>
      <ccy>USD</ccy>
      <asst>USD</asst>
      <asstIDs>
        <asstRef refType="CURRENCY">USD</asstRef>
      </asstIDs>
    </hldId>
    <effDt>2021-01-25</effDt>
    <grAmt ccy="USD">7437.5</grAmt>
    <netAmt ccy="USD">7437.5</netAmt>
  </hldCpt2></M001><M001><tkn /><m2xmlReleaseNo>020</m2xmlReleaseNo><mvmtHdr mvmtTp="COU">
    <cmt>Interest</cmt>
  </mvmtHdr><mvmtSrc>
    <ctlr>lghths-sg</ctlr>
    <ctlrMvmtRef>683232761</ctlrMvmtRef>
    <srcRecType>Cash Transaction</srcRecType>
    <srcTransType>Interest</srcTransType>
  </mvmtSrc><extSys>
    <extSysID>SAR</extSysID>
    <extSysRef>683232761</extSysRef>
  </extSys><hldCpt1 amtScheme="m2">
    <hldId>
      <ptfl>83663293.6000</ptfl>
      <ctlrOwnr>83663293</ctlrOwnr>
      <ctlrAcct>83663293.6000</ctlrAcct>
      <ownrRefCcy>USD</ownrRefCcy>
      <ccy>USD</ccy>
      <asst>XS1753595328</asst>
      <asstIDs>
        <asstRef refType="ISIN">XS1753595328</asstRef>
        <asstRef refType="Valor">40014007</asstRef>
        <asstRef refType="SARA">000133765006</asstRef>
      </asstIDs>
      <asstDetail>
        <isin>XS1753595328</isin>
        <type>Bond</type>
        <cntry>SG/Singapore</cntry>
        <desc>5.45% Abja Investment Co Pte Ltd Notes 2018-2028 Reg-S</desc>
        <issueCcy>USD</issueCcy>
        <issueDate>2018-01-24</issueDate>
        <latestPrc ccy="USD">105.185</latestPrc>
        <latestPrcDate>2021-01-22</latestPrcDate>
        <prcFactor>.01</prcFactor>
        <asstBondDetails>
          <matDate>2028-01-24</matDate>
          <intRate>5.45</intRate>
          <calcBasis>30/360</calcBasis>
          <intFreq>2</intFreq>
          <intDate>2018-07-24</intDate>
          <intCcy>USD</intCcy>
          <rating>B+</rating>
        </asstBondDetails>
      </asstDetail>
    </hldId>
    <effDt>2021-01-25</effDt>
    <settleDt>2021-01-25</settleDt>
    <qty>500000</qty>
    <grAmt ccy="USD">13625</grAmt>
    <netAmt ccy="USD">13625</netAmt>
  </hldCpt1><hldCpt2 amtScheme="m2">
    <hldId>
      <ptfl>83663293.6000</ptfl>
      <ctlrOwnr>83663293</ctlrOwnr>
      <ctlrAcct>83663293.4000/USD/KK</ctlrAcct>
      <ccy>USD</ccy>
      <asst>USD</asst>
      <asstIDs>
        <asstRef refType="CURRENCY">USD</asstRef>
      </asstIDs>
    </hldId>
    <effDt>2021-01-25</effDt>
    <grAmt ccy="USD">13625</grAmt>
    <netAmt ccy="USD">13625</netAmt>
  </hldCpt2></M001><M001><tkn /><m2xmlReleaseNo>020</m2xmlReleaseNo><mvmtHdr mvmtTp="COU">
    <cmt>Interest</cmt>
  </mvmtHdr><mvmtSrc>
    <ctlr>lghths-sg</ctlr>
    <ctlrMvmtRef>683233833</ctlrMvmtRef>
    <srcRecType>Cash Transaction</srcRecType>
    <srcTransType>Interest</srcTransType>
  </mvmtSrc><extSys>
    <extSysID>SAR</extSysID>
    <extSysRef>683233833</extSysRef>
  </extSys><hldCpt1 amtScheme="m2">
    <hldId>
      <ptfl>83663293.6000</ptfl>
      <ctlrOwnr>83663293</ctlrOwnr>
      <ctlrAcct>83663293.6000</ctlrAcct>
      <ownrRefCcy>USD</ownrRefCcy>
      <ccy>USD</ccy>
      <asst>XS2016070190</asst>
      <asstIDs>
        <asstRef refType="ISIN">XS2016070190</asstRef>
        <asstRef refType="Valor">49093025</asstRef>
        <asstRef refType="SARA">000138038641</asstRef>
      </asstIDs>
      <asstDetail>
        <isin>XS2016070190</isin>
        <type>Bond</type>
        <cntry>BM/Bermuda</cntry>
        <desc>5.5% China Oil and Gas Group Ltd Bonds 2019-2023</desc>
        <issueCcy>USD</issueCcy>
        <issueDate>2019-07-25</issueDate>
        <latestPrc ccy="USD">103.28</latestPrc>
        <latestPrcDate>2021-01-22</latestPrcDate>
        <prcFactor>.01</prcFactor>
        <asstBondDetails>
          <matDate>2023-01-25</matDate>
          <intRate>5.5</intRate>
          <calcBasis>30/360</calcBasis>
          <intFreq>2</intFreq>
          <intDate>2020-01-25</intDate>
          <intCcy>USD</intCcy>
          <rating>BB</rating>
        </asstBondDetails>
      </asstDetail>
    </hldId>
    <effDt>2021-01-25</effDt>
    <settleDt>2021-01-25</settleDt>
    <qty>200000</qty>
    <grAmt ccy="USD">5500</grAmt>
    <netAmt ccy="USD">5500</netAmt>
  </hldCpt1><hldCpt2 amtScheme="m2">
    <hldId>
      <ptfl>83663293.6000</ptfl>
      <ctlrOwnr>83663293</ctlrOwnr>
      <ctlrAcct>83663293.4000/USD/KK</ctlrAcct>
      <ccy>USD</ccy>
      <asst>USD</asst>
      <asstIDs>
        <asstRef refType="CURRENCY">USD</asstRef>
      </asstIDs>
    </hldId>
    <effDt>2021-01-25</effDt>
    <grAmt ccy="USD">5500</grAmt>
    <netAmt ccy="USD">5500</netAmt>
  </hldCpt2></M001></m2:M006>
