<?xml version="1.0" encoding="UTF-8"?>
<m2:M006 xmlns:m2="http://www.mym2.com" xmlns:xsi="http://www.w3.org/2001/XMLSchema-instance" xsi:schemaLocation="http://www.mym2.com http://www.mym2.com/schemas/M2RequestSchema.xsd"><M001><tkn /><m2xmlReleaseNo>020</m2xmlReleaseNo><mvmtHdr mvmtTp="BUY">
    <cmt>Bought 1,512 SARA 000143543452</cmt>
  </mvmtHdr><mvmtSrc>
    <ctlr>lghths-sg</ctlr>
    <ctlrMvmtRef>709018170</ctlrMvmtRef>
    <srcRecType>Security Transaction</srcRecType>
    <srcTransType>Buy</srcTransType>
  </mvmtSrc><extSys>
    <extSysID>SAR</extSysID>
    <extSysRef>709018170</extSysRef>
  </extSys><hldCpt1 amtScheme="m2">
    <hldId>
      <ptfl>83663293.6000</ptfl>
      <ctlrOwnr>83663293</ctlrOwnr>
      <ctlrAcct>83663293.6000</ctlrAcct>
      <ownrRefCcy>USD</ownrRefCcy>
      <ccy>USD</ccy>
      <asst>000143543452</asst>
      <asstIDs>
        <asstRef refType="SARA">000143543452</asstRef>
      </asstIDs>
      <asstDetail>
        <type>Hybrid</type>
        <desc>Stock Forward Accumulator  2x Leveraged on Facebook Inc -A- (FB UQ) Period: 25.MAY.21 - 24.MAY.22  252 Days Strike: USD 275.007  Knock-Out: USD 346.62</desc>
        <issueCcy>USD</issueCcy>
        <latestPrc ccy="USD">0.00</latestPrc>
        <latestPrcDate>2021-05-24</latestPrcDate>
        <prcFactor>1</prcFactor>
      </asstDetail>
    </hldId>
    <effDt>2021-05-25</effDt>
    <settleDt>2021-05-27</settleDt>
    <qty>1512</qty>
    <prc ccy="USD">0</prc>
    <grTrdAmt ccy="USD">-0</grTrdAmt>
    <grAmt ccy="USD">-0</grAmt>
    <netAmt ccy="USD">-0</netAmt>
  </hldCpt1><hldCpt2 amtScheme="m2">
    <hldId>
      <ctlrOwnr>83663293</ctlrOwnr>
      <ctlrAcct>83663293</ctlrAcct>
      <ccy>USD</ccy>
      <asst>USD</asst>
      <asstIDs>
        <asstRef refType="CURRENCY">USD</asstRef>
      </asstIDs>
    </hldId>
    <effDt>2021-05-25</effDt>
    <grAmt ccy="USD">0</grAmt>
    <netAmt ccy="USD">0</netAmt>
  </hldCpt2></M001><M001><tkn /><m2xmlReleaseNo>020</m2xmlReleaseNo><mvmtHdr mvmtTp="DIV">
    <cmt>Dividend Cash 5,000 ISIN US1729674242 @ 0.51 USD</cmt>
  </mvmtHdr><mvmtSrc>
    <ctlr>lghths-sg</ctlr>
    <ctlrMvmtRef>709268986</ctlrMvmtRef>
    <srcRecType>Cash Transaction</srcRecType>
    <srcTransType>Dividend Cash</srcTransType>
  </mvmtSrc><extSys>
    <extSysID>SAR</extSysID>
    <extSysRef>709268986</extSysRef>
  </extSys><hldCpt1 amtScheme="m2">
    <hldId>
      <ptfl>83677193.6000</ptfl>
      <ctlrOwnr>83677193</ctlrOwnr>
      <ctlrAcct>83677193.6000</ctlrAcct>
      <ownrRefCcy>USD</ownrRefCcy>
      <ccy>USD</ccy>
      <asst>US1729674242</asst>
      <asstIDs>
        <asstRef refType="ISIN">US1729674242</asstRef>
        <asstRef refType="Valor">12915350</asstRef>
        <asstRef refType="Bloomberg">C US</asstRef>
        <asstRef refType="SARA">000028584584</asstRef>
      </asstIDs>
      <asstDetail>
        <isin>US1729674242</isin>
        <type>Share</type>
        <cntry>US/United States of America</cntry>
        <desc>Citigroup Inc</desc>
        <issueCcy>USD</issueCcy>
        <latestPrc ccy="USD">77.28</latestPrc>
        <latestPrcDate>2021-05-25</latestPrcDate>
        <prcFactor>1</prcFactor>
      </asstDetail>
    </hldId>
    <effDt>2021-05-26</effDt>
    <settleDt>2021-05-28</settleDt>
    <qty>5000</qty>
    <grDivPerShare ccy="USD">0.51</grDivPerShare>
    <netDivPerShare ccy="USD">0.357</netDivPerShare>
    <grAmt ccy="USD">2550</grAmt>
    <netAmt ccy="USD">1785</netAmt>
  </hldCpt1><hldCpt2 amtScheme="m2">
    <hldId>
      <ptfl>83677193.6000</ptfl>
      <ctlrOwnr>83677193</ctlrOwnr>
      <ctlrAcct>83677193.4000/USD/KK</ctlrAcct>
      <ccy>USD</ccy>
      <asst>USD</asst>
      <asstIDs>
        <asstRef refType="CURRENCY">USD</asstRef>
      </asstIDs>
    </hldId>
    <effDt>2021-05-26</effDt>
    <grAmt ccy="USD">1785</grAmt>
    <netAmt ccy="USD">1785</netAmt>
  </hldCpt2><chrgGp amtScheme="m2">
    <chrgCpt>
      <ctgy>WTH</ctgy>
      <ctgyAmt ccy="USD">-765</ctgyAmt>
      <chrgDesc>Withholding Tax</chrgDesc>
    </chrgCpt>
  </chrgGp></M001></m2:M006>
