<?xml version="1.0" encoding="UTF-8"?>
<m2:M006 xmlns:m2="http://www.mym2.com" xmlns:xsi="http://www.w3.org/2001/XMLSchema-instance" xsi:schemaLocation="http://www.mym2.com http://www.mym2.com/schemas/M2RequestSchema.xsd"><M001><tkn /><m2xmlReleaseNo>020</m2xmlReleaseNo><mvmtHdr mvmtTp="OPN">
    <cmt>Raise loan</cmt>
  </mvmtHdr><mvmtSrc>
    <ctlr>lghths-sg</ctlr>
    <ctlrMvmtRef>694104228</ctlrMvmtRef>
    <srcRecType>Deposits &amp; Loans Transaction</srcRecType>
    <srcTransType>Raise Loan</srcTransType>
  </mvmtSrc><extSys>
    <extSysID>SAR</extSysID>
    <extSysRef>694571293</extSysRef>
  </extSys><hldCpt1 amtScheme="m2">
    <hldId>
      <ptfl>83676187.6000</ptfl>
      <ctlrOwnr>83676187</ctlrOwnr>
      <ctlrAcct>83676187</ctlrAcct>
      <ownrRefCcy>USD</ownrRefCcy>
      <ccy>USD</ccy>
      <asst>USD</asst>
      <asstIDs>
        <asstRef refType="CURRENCY">USD</asstRef>
      </asstIDs>
      <asstDetail>
        <type>MoneyMarket</type>
        <desc>USD Fixed Loan</desc>
        <asstMnyMktDetails>
          <mnyMktType>Loan</mnyMktType>
          <mnyMktTerm termType="Fixed">2021-03-30</mnyMktTerm>
          <mnyMktAmt ccy="USD">-261386.72</mnyMktAmt>
          <intRate>1.03</intRate>
          <mnyMktRef>142970806</mnyMktRef>
          <mnyMktName>s/t Fixed Advance Fix USD 1.03% 23.03.2021-30.03</mnyMktName>
          <matDate>2021-03-30</matDate>
          <startDate>2021-03-23</startDate>
        </asstMnyMktDetails>
      </asstDetail>
    </hldId>
    <effDt>2021-03-22</effDt>
    <settleDt>2021-03-23</settleDt>
    <grAmt ccy="USD">-261386.72</grAmt>
    <netAmt ccy="USD">-261386.72</netAmt>
  </hldCpt1><hldCpt2 amtScheme="m2">
    <hldId>
      <ptfl>83676187.6000</ptfl>
      <ctlrOwnr>83676187</ctlrOwnr>
      <ctlrAcct>83676187.4000/USD/KK</ctlrAcct>
      <ccy>USD</ccy>
      <asst>USD</asst>
      <asstIDs>
        <asstRef refType="CURRENCY">USD</asstRef>
      </asstIDs>
    </hldId>
    <effDt>2021-03-22</effDt>
    <grAmt ccy="USD">261386.72</grAmt>
    <netAmt ccy="USD">261386.72</netAmt>
  </hldCpt2></M001><M001><tkn /><m2xmlReleaseNo>020</m2xmlReleaseNo><mvmtHdr mvmtTp="CTF">
    <cmt>Forex spot</cmt>
  </mvmtHdr><mvmtSrc>
    <ctlr>lghths-sg</ctlr>
    <ctlrMvmtRef>694605331</ctlrMvmtRef>
    <srcRecType>Cash Transaction</srcRecType>
    <srcTransType>Forex Spot</srcTransType>
  </mvmtSrc><extSys>
    <extSysID>SAR</extSysID>
    <extSysRef>694605331</extSysRef>
  </extSys><hldCpt1 amtScheme="m2">
    <hldId>
      <ptfl>83663293.6000</ptfl>
      <ctlrOwnr>83663293</ctlrOwnr>
      <ctlrAcct>83663293.4000/USD/KK</ctlrAcct>
      <ownrRefCcy>USD</ownrRefCcy>
      <ccy>USD</ccy>
      <asst>USD</asst>
      <asstIDs>
        <asstRef refType="CURRENCY">USD</asstRef>
      </asstIDs>
    </hldId>
    <effDt>2021-03-22</effDt>
    <settleDt>2021-03-23</settleDt>
    <grAmt ccy="USD">-114217.25</grAmt>
    <netAmt ccy="USD">-114217.25</netAmt>
  </hldCpt1><hldCpt2 amtScheme="m2">
    <hldId>
      <ptfl>83663293.6000</ptfl>
      <ctlrOwnr>83663293</ctlrOwnr>
      <ctlrAcct>83663293.4005/HKD/KK</ctlrAcct>
      <ccy>HKD</ccy>
      <asst>HKD</asst>
      <asstIDs>
        <asstRef refType="CURRENCY">HKD</asstRef>
      </asstIDs>
    </hldId>
    <effDt>2021-03-22</effDt>
    <settleDt>2021-03-23</settleDt>
    <grAmt ccy="HKD">886862.71</grAmt>
    <netAmt ccy="HKD">886862.71</netAmt>
  </hldCpt2></M001><M001><tkn /><m2xmlReleaseNo>020</m2xmlReleaseNo><mvmtHdr mvmtTp="COU">
    <cmt>Interest 300,000 ISIN XS1492713505</cmt>
  </mvmtHdr><mvmtSrc>
    <ctlr>lghths-sg</ctlr>
    <ctlrMvmtRef>694636639</ctlrMvmtRef>
    <srcRecType>Cash Transaction</srcRecType>
    <srcTransType>Interest</srcTransType>
  </mvmtSrc><extSys>
    <extSysID>SAR</extSysID>
    <extSysRef>694636639</extSysRef>
  </extSys><hldCpt1 amtScheme="m2">
    <hldId>
      <ptfl>83663293.6000</ptfl>
      <ctlrOwnr>83663293</ctlrOwnr>
      <ctlrAcct>83663293.6000</ctlrAcct>
      <ownrRefCcy>USD</ownrRefCcy>
      <ccy>USD</ccy>
      <asst>XS1492713505</asst>
      <asstIDs>
        <asstRef refType="ISIN">XS1492713505</asstRef>
        <asstRef refType="Valor">33981821</asstRef>
        <asstRef refType="SARA">000129991155</asstRef>
      </asstIDs>
      <asstDetail>
        <isin>XS1492713505</isin>
        <type>Bond</type>
        <cntry>00939</cntry>
        <desc>5.5% State Bank of India Contingent Convertible Floating Rate Notes 2016-Perpetual</desc>
        <issueCcy>USD</issueCcy>
        <issueDate>2016-09-22</issueDate>
        <latestPrc ccy="USD">101.365</latestPrc>
        <latestPrcDate>2021-03-19</latestPrcDate>
        <prcFactor>.01</prcFactor>
        <asstBondDetails>
          <matDate>2021-09-22</matDate>
          <intRate>5.5</intRate>
          <calcBasis>30/360</calcBasis>
          <intFreq>2</intFreq>
          <intDate>2017-03-22</intDate>
          <intCcy>USD</intCcy>
          <rating>B</rating>
        </asstBondDetails>
      </asstDetail>
    </hldId>
    <effDt>2021-03-22</effDt>
    <settleDt>2021-03-22</settleDt>
    <qty>300000</qty>
    <grAmt ccy="USD">8250</grAmt>
    <netAmt ccy="USD">8250</netAmt>
  </hldCpt1><hldCpt2 amtScheme="m2">
    <hldId>
      <ptfl>83663293.6000</ptfl>
      <ctlrOwnr>83663293</ctlrOwnr>
      <ctlrAcct>83663293.4000/USD/KK</ctlrAcct>
      <ccy>USD</ccy>
      <asst>USD</asst>
      <asstIDs>
        <asstRef refType="CURRENCY">USD</asstRef>
      </asstIDs>
    </hldId>
    <effDt>2021-03-22</effDt>
    <grAmt ccy="USD">8250</grAmt>
    <netAmt ccy="USD">8250</netAmt>
  </hldCpt2></M001><M001><tkn /><m2xmlReleaseNo>020</m2xmlReleaseNo><mvmtHdr mvmtTp="CTF">
    <cmt>Forex spot</cmt>
  </mvmtHdr><mvmtSrc>
    <ctlr>lghths-sg</ctlr>
    <ctlrMvmtRef>694571290</ctlrMvmtRef>
    <srcRecType>Cash Transaction</srcRecType>
    <srcTransType>Forex Spot</srcTransType>
  </mvmtSrc><extSys>
    <extSysID>SAR</extSysID>
    <extSysRef>694571290</extSysRef>
  </extSys><hldCpt1 amtScheme="m2">
    <hldId>
      <ptfl>83663279.6000</ptfl>
      <ctlrOwnr>83663279</ctlrOwnr>
      <ctlrAcct>83663279.4000/USD/KK</ctlrAcct>
      <ownrRefCcy>USD</ownrRefCcy>
      <ccy>USD</ccy>
      <asst>USD</asst>
      <asstIDs>
        <asstRef refType="CURRENCY">USD</asstRef>
      </asstIDs>
    </hldId>
    <effDt>2021-03-22</effDt>
    <settleDt>2021-03-24</settleDt>
    <grAmt ccy="USD">-56440.95</grAmt>
    <netAmt ccy="USD">-56440.95</netAmt>
  </hldCpt1><hldCpt2 amtScheme="m2">
    <hldId>
      <ptfl>83663279.6000</ptfl>
      <ctlrOwnr>83663279</ctlrOwnr>
      <ctlrAcct>83663279.4001/GBP/KK</ctlrAcct>
      <ccy>GBP</ccy>
      <asst>GBP</asst>
      <asstIDs>
        <asstRef refType="CURRENCY">GBP</asstRef>
      </asstIDs>
    </hldId>
    <effDt>2021-03-22</effDt>
    <settleDt>2021-03-24</settleDt>
    <grAmt ccy="GBP">41700</grAmt>
    <netAmt ccy="GBP">41700</netAmt>
  </hldCpt2></M001><M001><tkn /><m2xmlReleaseNo>020</m2xmlReleaseNo><mvmtHdr mvmtTp="COU">
    <cmt>Interest 400,000 ISIN XS1492713505</cmt>
  </mvmtHdr><mvmtSrc>
    <ctlr>lghths-sg</ctlr>
    <ctlrMvmtRef>694636638</ctlrMvmtRef>
    <srcRecType>Cash Transaction</srcRecType>
    <srcTransType>Interest</srcTransType>
  </mvmtSrc><extSys>
    <extSysID>SAR</extSysID>
    <extSysRef>694636638</extSysRef>
  </extSys><hldCpt1 amtScheme="m2">
    <hldId>
      <ptfl>83663279.6000</ptfl>
      <ctlrOwnr>83663279</ctlrOwnr>
      <ctlrAcct>83663279.6000</ctlrAcct>
      <ownrRefCcy>USD</ownrRefCcy>
      <ccy>USD</ccy>
      <asst>XS1492713505</asst>
      <asstIDs>
        <asstRef refType="ISIN">XS1492713505</asstRef>
        <asstRef refType="Valor">33981821</asstRef>
        <asstRef refType="SARA">000129991155</asstRef>
      </asstIDs>
      <asstDetail>
        <isin>XS1492713505</isin>
        <type>Bond</type>
        <cntry>00939</cntry>
        <desc>5.5% State Bank of India Contingent Convertible Floating Rate Notes 2016-Perpetual</desc>
        <issueCcy>USD</issueCcy>
        <issueDate>2016-09-22</issueDate>
        <latestPrc ccy="USD">101.365</latestPrc>
        <latestPrcDate>2021-03-19</latestPrcDate>
        <prcFactor>.01</prcFactor>
        <asstBondDetails>
          <matDate>2021-09-22</matDate>
          <intRate>5.5</intRate>
          <calcBasis>30/360</calcBasis>
          <intFreq>2</intFreq>
          <intDate>2017-03-22</intDate>
          <intCcy>USD</intCcy>
          <rating>B</rating>
        </asstBondDetails>
      </asstDetail>
    </hldId>
    <effDt>2021-03-22</effDt>
    <settleDt>2021-03-22</settleDt>
    <qty>400000</qty>
    <grAmt ccy="USD">11000</grAmt>
    <netAmt ccy="USD">11000</netAmt>
  </hldCpt1><hldCpt2 amtScheme="m2">
    <hldId>
      <ptfl>83663279.6000</ptfl>
      <ctlrOwnr>83663279</ctlrOwnr>
      <ctlrAcct>83663279.4000/USD/KK</ctlrAcct>
      <ccy>USD</ccy>
      <asst>USD</asst>
      <asstIDs>
        <asstRef refType="CURRENCY">USD</asstRef>
      </asstIDs>
    </hldId>
    <effDt>2021-03-22</effDt>
    <grAmt ccy="USD">11000</grAmt>
    <netAmt ccy="USD">11000</netAmt>
  </hldCpt2></M001><M001><tkn /><m2xmlReleaseNo>020</m2xmlReleaseNo><mvmtHdr mvmtTp="BUY">
    <cmt>Subscription 150,000 Valor 110488338 @ 100 USD</cmt>
  </mvmtHdr><mvmtSrc>
    <ctlr>lghths-sg</ctlr>
    <ctlrMvmtRef>694296590</ctlrMvmtRef>
    <srcRecType>Security Transaction</srcRecType>
    <srcTransType>Subscription</srcTransType>
  </mvmtSrc><extSys>
    <extSysID>SAR</extSysID>
    <extSysRef>694296590</extSysRef>
  </extSys><hldCpt1 amtScheme="m2">
    <hldId>
      <ptfl>83663293.6000</ptfl>
      <ctlrOwnr>83663293</ctlrOwnr>
      <ctlrAcct>83663293.6000</ctlrAcct>
      <ownrRefCcy>USD</ownrRefCcy>
      <ccy>USD</ccy>
      <asst>110488338</asst>
      <asstIDs>
        <asstRef refType="Valor">110488338</asstRef>
        <asstRef refType="SARA">000142922575</asstRef>
      </asstIDs>
      <asstDetail>
        <type>Fund</type>
        <cntry>SG/Singapore</cntry>
        <desc>LC Multi Strategy Fund SG VCC-SF1 (USD) -E- Brevan Howard **Anspruch/Claim/Ayant droit**</desc>
        <issueCcy>USD</issueCcy>
        <latestPrc ccy="USD">100.0</latestPrc>
        <latestPrcDate>2021-02-26</latestPrcDate>
        <prcFactor>.01</prcFactor>
      </asstDetail>
    </hldId>
    <effDt>2021-03-19</effDt>
    <settleDt>2021-03-24</settleDt>
    <qty>150000</qty>
    <prc ccy="USD">100</prc>
    <grTrdAmt ccy="USD">150000</grTrdAmt>
    <grAmt ccy="USD">150000</grAmt>
    <netAmt ccy="USD">150802.5</netAmt>
  </hldCpt1><hldCpt2 amtScheme="m2">
    <hldId>
      <ptfl>83663293.6000</ptfl>
      <ctlrOwnr>83663293</ctlrOwnr>
      <ctlrAcct>83663293.4000/USD/KK</ctlrAcct>
      <ccy>USD</ccy>
      <asst>USD</asst>
      <asstIDs>
        <asstRef refType="CURRENCY">USD</asstRef>
      </asstIDs>
    </hldId>
    <effDt>2021-03-19</effDt>
    <grAmt ccy="USD">-150802.5</grAmt>
    <netAmt ccy="USD">-150802.5</netAmt>
  </hldCpt2><chrgGp amtScheme="m2">
    <chrgCpt>
      <ctgy>EXE</ctgy>
      <ctgyAmt ccy="USD">-750</ctgyAmt>
      <chrgDesc>Stex Commissions</chrgDesc>
    </chrgCpt>
    <chrgCpt>
      <ctgy>VAT</ctgy>
      <ctgyAmt ccy="USD">-52.5</ctgyAmt>
      <chrgDesc>VAT</chrgDesc>
    </chrgCpt>
  </chrgGp></M001><M001><tkn /><m2xmlReleaseNo>020</m2xmlReleaseNo><mvmtHdr mvmtTp="OPN">
    <cmt>Raise loan</cmt>
  </mvmtHdr><mvmtSrc>
    <ctlr>lghths-sg</ctlr>
    <ctlrMvmtRef>694104629</ctlrMvmtRef>
    <srcRecType>Deposits &amp; Loans Transaction</srcRecType>
    <srcTransType>Raise Loan</srcTransType>
  </mvmtSrc><extSys>
    <extSysID>SAR</extSysID>
    <extSysRef>694571293</extSysRef>
  </extSys><hldCpt1 amtScheme="m2">
    <hldId>
      <ptfl>83667931.6000</ptfl>
      <ctlrOwnr>83667931</ctlrOwnr>
      <ctlrAcct>83667931</ctlrAcct>
      <ownrRefCcy>USD</ownrRefCcy>
      <ccy>USD</ccy>
      <asst>USD</asst>
      <asstIDs>
        <asstRef refType="CURRENCY">USD</asstRef>
      </asstIDs>
      <asstDetail>
        <type>MoneyMarket</type>
        <desc>USD Fixed Loan</desc>
        <asstMnyMktDetails>
          <mnyMktType>Loan</mnyMktType>
          <mnyMktTerm termType="Fixed">2021-03-30</mnyMktTerm>
          <mnyMktAmt ccy="USD">-333256.76</mnyMktAmt>
          <intRate>1.18</intRate>
          <mnyMktRef>142970644</mnyMktRef>
          <mnyMktName>s/t Fixed Advance Fix USD 1.18% 23.03.2021-30.03</mnyMktName>
          <matDate>2021-03-30</matDate>
          <startDate>2021-03-23</startDate>
        </asstMnyMktDetails>
      </asstDetail>
    </hldId>
    <effDt>2021-03-22</effDt>
    <settleDt>2021-03-23</settleDt>
    <grAmt ccy="USD">-333256.76</grAmt>
    <netAmt ccy="USD">-333256.76</netAmt>
  </hldCpt1><hldCpt2 amtScheme="m2">
    <hldId>
      <ptfl>83667931.6000</ptfl>
      <ctlrOwnr>83667931</ctlrOwnr>
      <ctlrAcct>83667931.4000/USD/KK</ctlrAcct>
      <ccy>USD</ccy>
      <asst>USD</asst>
      <asstIDs>
        <asstRef refType="CURRENCY">USD</asstRef>
      </asstIDs>
    </hldId>
    <effDt>2021-03-22</effDt>
    <grAmt ccy="USD">333256.76</grAmt>
    <netAmt ccy="USD">333256.76</netAmt>
  </hldCpt2></M001><M001><tkn /><m2xmlReleaseNo>020</m2xmlReleaseNo><mvmtHdr mvmtTp="BUY">
    <cmt>Subscription 150,000 Valor 110488338 @ 100 USD</cmt>
  </mvmtHdr><mvmtSrc>
    <ctlr>lghths-sg</ctlr>
    <ctlrMvmtRef>694295538</ctlrMvmtRef>
    <srcRecType>Security Transaction</srcRecType>
    <srcTransType>Subscription</srcTransType>
  </mvmtSrc><extSys>
    <extSysID>SAR</extSysID>
    <extSysRef>694295538</extSysRef>
  </extSys><hldCpt1 amtScheme="m2">
    <hldId>
      <ptfl>83663279.6000</ptfl>
      <ctlrOwnr>83663279</ctlrOwnr>
      <ctlrAcct>83663279.6000</ctlrAcct>
      <ownrRefCcy>USD</ownrRefCcy>
      <ccy>USD</ccy>
      <asst>110488338</asst>
      <asstIDs>
        <asstRef refType="Valor">110488338</asstRef>
        <asstRef refType="SARA">000142922575</asstRef>
      </asstIDs>
      <asstDetail>
        <type>Fund</type>
        <cntry>SG/Singapore</cntry>
        <desc>LC Multi Strategy Fund SG VCC-SF1 (USD) -E- Brevan Howard **Anspruch/Claim/Ayant droit**</desc>
        <issueCcy>USD</issueCcy>
        <latestPrc ccy="USD">100.0</latestPrc>
        <latestPrcDate>2021-02-26</latestPrcDate>
        <prcFactor>.01</prcFactor>
      </asstDetail>
    </hldId>
    <effDt>2021-03-19</effDt>
    <settleDt>2021-03-24</settleDt>
    <qty>150000</qty>
    <prc ccy="USD">100</prc>
    <grTrdAmt ccy="USD">150000</grTrdAmt>
    <grAmt ccy="USD">150000</grAmt>
    <netAmt ccy="USD">150802.5</netAmt>
  </hldCpt1><hldCpt2 amtScheme="m2">
    <hldId>
      <ptfl>83663279.6000</ptfl>
      <ctlrOwnr>83663279</ctlrOwnr>
      <ctlrAcct>83663279.4000/USD/KK</ctlrAcct>
      <ccy>USD</ccy>
      <asst>USD</asst>
      <asstIDs>
        <asstRef refType="CURRENCY">USD</asstRef>
      </asstIDs>
    </hldId>
    <effDt>2021-03-19</effDt>
    <grAmt ccy="USD">-150802.5</grAmt>
    <netAmt ccy="USD">-150802.5</netAmt>
  </hldCpt2><chrgGp amtScheme="m2">
    <chrgCpt>
      <ctgy>EXE</ctgy>
      <ctgyAmt ccy="USD">-750</ctgyAmt>
      <chrgDesc>Stex Commissions</chrgDesc>
    </chrgCpt>
    <chrgCpt>
      <ctgy>VAT</ctgy>
      <ctgyAmt ccy="USD">-52.5</ctgyAmt>
      <chrgDesc>VAT</chrgDesc>
    </chrgCpt>
  </chrgGp></M001><M001><tkn /><m2xmlReleaseNo>020</m2xmlReleaseNo><mvmtHdr mvmtTp="AOU">
    <cmt>Transfer of FXA/FXD Position 83,400 SARA 000142695806</cmt>
  </mvmtHdr><mvmtSrc>
    <ctlr>lghths-sg</ctlr>
    <ctlrMvmtRef>694571293</ctlrMvmtRef>
    <srcRecType>Security Transaction</srcRecType>
    <srcTransType>Transfer of FXA/FXD Position</srcTransType>
  </mvmtSrc><extSys>
    <extSysID>SAR</extSysID>
    <extSysRef>694571293</extSysRef>
  </extSys><hldCpt1 amtScheme="m2">
    <hldId>
      <ptfl>83663279.6000</ptfl>
      <ctlrOwnr>83663279</ctlrOwnr>
      <ctlrAcct>83663279.6000</ctlrAcct>
      <ownrRefCcy>USD</ownrRefCcy>
      <ccy>GBP</ccy>
      <asst>000142695806</asst>
      <asstIDs>
        <asstRef refType="SARA">000142695806</asstRef>
      </asstIDs>
      <asstDetail>
        <type>Hybrid</type>
        <desc>FX Accumulator on GBP/USD 2x Leveraged  KO:1.45 Buy GBP / Sell USD at 1.3535 Period: 22.FEB.21 - 24.FEB.22  12 Fixings One Guaranteed Period</desc>
        <issueCcy>USD</issueCcy>
        <issueCcyExchRt>1.38539</issueCcyExchRt>
        <latestPrc ccy="USD">-0.00847986</latestPrc>
        <latestPrcDate>2021-03-22</latestPrcDate>
        <prcFactor>1</prcFactor>
      </asstDetail>
    </hldId>
    <effDt>2021-03-22</effDt>
    <settleDt>2021-03-24</settleDt>
    <qty>-83400</qty>
    <prc ccy="GBP">0</prc>
    <grTrdAmt ccy="GBP">0</grTrdAmt>
    <grAmt ccy="GBP">0</grAmt>
    <netAmt ccy="GBP">0</netAmt>
  </hldCpt1></M001><M001><tkn /><m2xmlReleaseNo>020</m2xmlReleaseNo><mvmtHdr mvmtTp="CLS">
    <cmt>Close Loan</cmt>
  </mvmtHdr><mvmtSrc>
    <ctlr>lghths-sg</ctlr>
    <ctlrMvmtRef>694377958</ctlrMvmtRef>
    <srcRecType>Deposits &amp; Loans Transaction</srcRecType>
    <srcTransType>Close Loan</srcTransType>
  </mvmtSrc><extSys>
    <extSysID>SAR</extSysID>
    <extSysRef>694571293</extSysRef>
  </extSys><hldCpt1 amtScheme="m2">
    <hldId>
      <ptfl>83663279.6000</ptfl>
      <ctlrOwnr>83663279</ctlrOwnr>
      <ctlrAcct>83663279</ctlrAcct>
      <ownrRefCcy>USD</ownrRefCcy>
      <ccy>GBP</ccy>
      <asst>GBP</asst>
      <asstIDs>
        <asstRef refType="CURRENCY">GBP</asstRef>
      </asstIDs>
      <asstDetail>
        <type>MoneyMarket</type>
        <desc>GBP Fixed Loan</desc>
        <asstMnyMktDetails>
          <mnyMktType>Loan</mnyMktType>
          <mnyMktTerm termType="Fixed">2021-03-24</mnyMktTerm>
          <mnyMktAmt ccy="GBP">-2127292.95</mnyMktAmt>
          <intRate>0.893</intRate>
          <mnyMktRef>142732272</mnyMktRef>
          <mnyMktName>s/t Fixed Advance Fix GBP 0.893% 26.02.2021-24.0</mnyMktName>
          <matDate>2021-03-24</matDate>
          <startDate>2021-02-26</startDate>
        </asstMnyMktDetails>
      </asstDetail>
    </hldId>
    <effDt>2021-03-22</effDt>
    <settleDt>2021-03-24</settleDt>
    <grAmt ccy="GBP">2127292.95</grAmt>
    <netAmt ccy="GBP">2127292.95</netAmt>
  </hldCpt1><hldCpt2 amtScheme="m2">
    <hldId>
      <ptfl>83663279.6000</ptfl>
      <ctlrOwnr>83663279</ctlrOwnr>
      <ctlrAcct>83663279.4001/GBP/KK</ctlrAcct>
      <ccy>GBP</ccy>
      <asst>GBP</asst>
      <asstIDs>
        <asstRef refType="CURRENCY">GBP</asstRef>
      </asstIDs>
    </hldId>
    <effDt>2021-03-22</effDt>
    <grAmt ccy="GBP">-2128646.14</grAmt>
    <netAmt ccy="GBP">-2128646.14</netAmt>
  </hldCpt2><chrgGp amtScheme="m2">
    <chrgCpt>
      <ctgy>CIP</ctgy>
      <ctgyAmt ccy="GBP">-1353.19</ctgyAmt>
      <chrgDesc>Interest Paid</chrgDesc>
    </chrgCpt>
  </chrgGp></M001><M001><tkn /><m2xmlReleaseNo>020</m2xmlReleaseNo><mvmtHdr mvmtTp="OPN">
    <cmt>Raise loan</cmt>
  </mvmtHdr><mvmtSrc>
    <ctlr>lghths-sg</ctlr>
    <ctlrMvmtRef>694377961</ctlrMvmtRef>
    <srcRecType>Deposits &amp; Loans Transaction</srcRecType>
    <srcTransType>Raise Loan</srcTransType>
  </mvmtSrc><extSys>
    <extSysID>SAR</extSysID>
    <extSysRef>694571293</extSysRef>
  </extSys><hldCpt1 amtScheme="m2">
    <hldId>
      <ptfl>83663279.6000</ptfl>
      <ctlrOwnr>83663279</ctlrOwnr>
      <ctlrAcct>83663279</ctlrAcct>
      <ownrRefCcy>USD</ownrRefCcy>
      <ccy>GBP</ccy>
      <asst>GBP</asst>
      <asstIDs>
        <asstRef refType="CURRENCY">GBP</asstRef>
      </asstIDs>
      <asstDetail>
        <type>MoneyMarket</type>
        <desc>GBP Fixed Loan</desc>
        <asstMnyMktDetails>
          <mnyMktType>Loan</mnyMktType>
          <mnyMktTerm termType="Fixed">2021-04-26</mnyMktTerm>
          <mnyMktAmt ccy="GBP">-2086946.14</mnyMktAmt>
          <intRate>0.90013</intRate>
          <mnyMktRef>142969694</mnyMktRef>
          <mnyMktName>s/t Fixed Advance Fix GBP 0.90013% 24.03.2021-26</mnyMktName>
          <matDate>2021-04-26</matDate>
          <startDate>2021-03-24</startDate>
        </asstMnyMktDetails>
      </asstDetail>
    </hldId>
    <effDt>2021-03-22</effDt>
    <settleDt>2021-03-24</settleDt>
    <grAmt ccy="GBP">-2086946.14</grAmt>
    <netAmt ccy="GBP">-2086946.14</netAmt>
  </hldCpt1><hldCpt2 amtScheme="m2">
    <hldId>
      <ptfl>83663279.6000</ptfl>
      <ctlrOwnr>83663279</ctlrOwnr>
      <ctlrAcct>83663279.4001/GBP/KK</ctlrAcct>
      <ccy>GBP</ccy>
      <asst>GBP</asst>
      <asstIDs>
        <asstRef refType="CURRENCY">GBP</asstRef>
      </asstIDs>
    </hldId>
    <effDt>2021-03-22</effDt>
    <grAmt ccy="GBP">2086946.14</grAmt>
    <netAmt ccy="GBP">2086946.14</netAmt>
  </hldCpt2></M001><M001><tkn /><m2xmlReleaseNo>020</m2xmlReleaseNo><mvmtHdr mvmtTp="OPN">
    <cmt>Raise loan</cmt>
  </mvmtHdr><mvmtSrc>
    <ctlr>lghths-sg</ctlr>
    <ctlrMvmtRef>694104252</ctlrMvmtRef>
    <srcRecType>Deposits &amp; Loans Transaction</srcRecType>
    <srcTransType>Raise Loan</srcTransType>
  </mvmtSrc><extSys>
    <extSysID>SAR</extSysID>
    <extSysRef>694571293</extSysRef>
  </extSys><hldCpt1 amtScheme="m2">
    <hldId>
      <ptfl>83663293.6000</ptfl>
      <ctlrOwnr>83663293</ctlrOwnr>
      <ctlrAcct>83663293</ctlrAcct>
      <ownrRefCcy>USD</ownrRefCcy>
      <ccy>GBP</ccy>
      <asst>GBP</asst>
      <asstIDs>
        <asstRef refType="CURRENCY">GBP</asstRef>
      </asstIDs>
      <asstDetail>
        <type>MoneyMarket</type>
        <desc>GBP Fixed Loan</desc>
        <asstMnyMktDetails>
          <mnyMktType>Loan</mnyMktType>
          <mnyMktTerm termType="Fixed">2021-04-01</mnyMktTerm>
          <mnyMktAmt ccy="GBP">-219956.69</mnyMktAmt>
          <intRate>0.9</intRate>
          <mnyMktRef>142969522</mnyMktRef>
          <mnyMktName>s/t Fixed Advance Fix GBP 0.9% 23.03.2021-01.04.</mnyMktName>
          <matDate>2021-04-01</matDate>
          <startDate>2021-03-23</startDate>
        </asstMnyMktDetails>
      </asstDetail>
    </hldId>
    <effDt>2021-03-22</effDt>
    <settleDt>2021-03-23</settleDt>
    <grAmt ccy="GBP">-219956.69</grAmt>
    <netAmt ccy="GBP">-219956.69</netAmt>
  </hldCpt1><hldCpt2 amtScheme="m2">
    <hldId>
      <ptfl>83663293.6000</ptfl>
      <ctlrOwnr>83663293</ctlrOwnr>
      <ctlrAcct>83663293.4001/GBP/KK</ctlrAcct>
      <ccy>GBP</ccy>
      <asst>GBP</asst>
      <asstIDs>
        <asstRef refType="CURRENCY">GBP</asstRef>
      </asstIDs>
    </hldId>
    <effDt>2021-03-22</effDt>
    <grAmt ccy="GBP">219956.69</grAmt>
    <netAmt ccy="GBP">219956.69</netAmt>
  </hldCpt2></M001></m2:M006>
