<?xml version="1.0" encoding="UTF-8"?>
<m2:M006 xmlns:m2="http://www.mym2.com" xmlns:xsi="http://www.w3.org/2001/XMLSchema-instance" xsi:schemaLocation="http://www.mym2.com http://www.mym2.com/schemas/M2RequestSchema.xsd"><M001><tkn /><m2xmlReleaseNo>020</m2xmlReleaseNo><mvmtHdr mvmtTp="PCI">
    <cmt>Interest payment</cmt>
  </mvmtHdr><mvmtSrc>
    <ctlr>lghths-sg</ctlr>
    <ctlrMvmtRef>681274040</ctlrMvmtRef>
    <srcRecType>Cash Transaction</srcRecType>
    <srcTransType>Interest Payment</srcTransType>
  </mvmtSrc><extSys>
    <extSysID>SAR</extSysID>
    <extSysRef>681274040</extSysRef>
  </extSys><hldCpt1 amtScheme="m2">
    <hldId>
      <ptfl>83667931.6000</ptfl>
      <ctlrOwnr>83667931</ctlrOwnr>
      <ctlrAcct>83667931.4000/USD/KK</ctlrAcct>
      <ownrRefCcy>USD</ownrRefCcy>
      <ccy>USD</ccy>
      <asst>USD</asst>
      <asstIDs>
        <asstRef refType="CURRENCY">USD</asstRef>
      </asstIDs>
    </hldId>
    <effDt>2021-01-15</effDt>
    <settleDt>2021-01-19</settleDt>
    <grAmt ccy="USD">-16.84</grAmt>
    <netAmt ccy="USD">-16.84</netAmt>
  </hldCpt1></M001><M001><tkn /><m2xmlReleaseNo>020</m2xmlReleaseNo><mvmtHdr mvmtTp="OPN">
    <cmt>Raise loan</cmt>
  </mvmtHdr><mvmtSrc>
    <ctlr>lghths-sg</ctlr>
    <ctlrMvmtRef>681153216</ctlrMvmtRef>
    <srcRecType>Deposits &amp; Loans Transaction</srcRecType>
    <srcTransType>Raise Loan</srcTransType>
  </mvmtSrc><extSys>
    <extSysID>SAR</extSysID>
    <extSysRef>681274040</extSysRef>
  </extSys><hldCpt1 amtScheme="m2">
    <hldId>
      <ptfl>83667931.6000</ptfl>
      <ctlrOwnr>83667931</ctlrOwnr>
      <ctlrAcct>83667931</ctlrAcct>
      <ownrRefCcy>USD</ownrRefCcy>
      <ccy>USD</ccy>
      <asst>USD</asst>
      <asstIDs>
        <asstRef refType="CURRENCY">USD</asstRef>
      </asstIDs>
      <asstDetail>
        <type>MoneyMarket</type>
        <desc>USD Fixed Loan</desc>
        <asstMnyMktDetails>
          <mnyMktType>Loan</mnyMktType>
          <mnyMktTerm termType="Fixed">2021-01-26</mnyMktTerm>
          <mnyMktAmt ccy="USD">-332562.91</mnyMktAmt>
          <intRate>1.2</intRate>
          <mnyMktRef>142222529</mnyMktRef>
          <mnyMktName>s/t Fixed Advance Fix USD 1.2% 19.01.2021-26.01.</mnyMktName>
          <matDate>2021-01-26</matDate>
          <startDate>2021-01-19</startDate>
        </asstMnyMktDetails>
      </asstDetail>
    </hldId>
    <effDt>2021-01-15</effDt>
    <settleDt>2021-01-19</settleDt>
    <grAmt ccy="USD">-332562.91</grAmt>
    <netAmt ccy="USD">-332562.91</netAmt>
  </hldCpt1><hldCpt2 amtScheme="m2">
    <hldId>
      <ptfl>83667931.6000</ptfl>
      <ctlrOwnr>83667931</ctlrOwnr>
      <ctlrAcct>83667931.4000/USD/KK</ctlrAcct>
      <ccy>USD</ccy>
      <asst>USD</asst>
      <asstIDs>
        <asstRef refType="CURRENCY">USD</asstRef>
      </asstIDs>
    </hldId>
    <effDt>2021-01-15</effDt>
    <grAmt ccy="USD">332562.91</grAmt>
    <netAmt ccy="USD">332562.91</netAmt>
  </hldCpt2></M001><M001><tkn /><m2xmlReleaseNo>020</m2xmlReleaseNo><mvmtHdr mvmtTp="CLS">
    <cmt>Close Loan</cmt>
  </mvmtHdr><mvmtSrc>
    <ctlr>lghths-sg</ctlr>
    <ctlrMvmtRef>681153203</ctlrMvmtRef>
    <srcRecType>Deposits &amp; Loans Transaction</srcRecType>
    <srcTransType>Close Loan</srcTransType>
  </mvmtSrc><extSys>
    <extSysID>SAR</extSysID>
    <extSysRef>681274040</extSysRef>
  </extSys><hldCpt1 amtScheme="m2">
    <hldId>
      <ptfl>83667931.6000</ptfl>
      <ctlrOwnr>83667931</ctlrOwnr>
      <ctlrAcct>83667931</ctlrAcct>
      <ownrRefCcy>USD</ownrRefCcy>
      <ccy>USD</ccy>
      <asst>USD</asst>
      <asstIDs>
        <asstRef refType="CURRENCY">USD</asstRef>
      </asstIDs>
      <asstDetail>
        <type>MoneyMarket</type>
        <desc>USD Fixed Loan</desc>
        <asstMnyMktDetails>
          <mnyMktType>Loan</mnyMktType>
          <mnyMktTerm termType="Fixed">2021-01-19</mnyMktTerm>
          <mnyMktAmt ccy="USD">0</mnyMktAmt>
          <intRate>1.21</intRate>
          <mnyMktRef>142154187</mnyMktRef>
          <mnyMktName>s/t Fixed Advance Fix USD 1.21% 12.01.2021-19.01</mnyMktName>
          <matDate>2021-01-19</matDate>
          <startDate>2021-01-12</startDate>
        </asstMnyMktDetails>
      </asstDetail>
    </hldId>
    <effDt>2021-01-15</effDt>
    <settleDt>2021-01-19</settleDt>
    <grAmt ccy="USD">313070.41</grAmt>
    <netAmt ccy="USD">313070.41</netAmt>
  </hldCpt1><hldCpt2 amtScheme="m2">
    <hldId>
      <ptfl>83667931.6000</ptfl>
      <ctlrOwnr>83667931</ctlrOwnr>
      <ctlrAcct>83667931.4000/USD/KK</ctlrAcct>
      <ccy>USD</ccy>
      <asst>USD</asst>
      <asstIDs>
        <asstRef refType="CURRENCY">USD</asstRef>
      </asstIDs>
    </hldId>
    <effDt>2021-01-15</effDt>
    <grAmt ccy="USD">-313144.07</grAmt>
    <netAmt ccy="USD">-313144.07</netAmt>
  </hldCpt2><chrgGp amtScheme="m2">
    <chrgCpt>
      <ctgy>CIP</ctgy>
      <ctgyAmt ccy="USD">-73.66</ctgyAmt>
      <chrgDesc>Interest Paid</chrgDesc>
    </chrgCpt>
  </chrgGp></M001></m2:M006>
