<?xml version="1.0" encoding="UTF-8"?>
<m2:M006 xmlns:m2="http://www.mym2.com" xmlns:xsi="http://www.w3.org/2001/XMLSchema-instance" xsi:schemaLocation="http://www.mym2.com http://www.mym2.com/schemas/M2RequestSchema.xsd"><M001><tkn /><m2xmlReleaseNo>020</m2xmlReleaseNo><mvmtHdr mvmtTp="DIV">
    <cmt>Dividend Cash 83,500 ISIN SG2D63974620 @ 0 SGD</cmt>
  </mvmtHdr><mvmtSrc>
    <ctlr>lghths-sg</ctlr>
    <ctlrMvmtRef>694320271</ctlrMvmtRef>
    <srcRecType>Cash Transaction</srcRecType>
    <srcTransType>Dividend Cash</srcTransType>
  </mvmtSrc><extSys>
    <extSysID>SAR</extSysID>
    <extSysRef>694320271</extSysRef>
  </extSys><hldCpt1 amtScheme="m2">
    <hldId>
      <ptfl>83663279.6000</ptfl>
      <ctlrOwnr>83663279</ctlrOwnr>
      <ctlrAcct>83663279.6000</ctlrAcct>
      <ownrRefCcy>USD</ownrRefCcy>
      <ccy>SGD</ccy>
      <asst>SG2D63974620</asst>
      <asstIDs>
        <asstRef refType="ISIN">SG2D63974620</asstRef>
        <asstRef refType="Valor">13687016</asstRef>
        <asstRef refType="Bloomberg">AAREIT SP</asstRef>
        <asstRef refType="SARA">000029481966</asstRef>
      </asstIDs>
      <asstDetail>
        <isin>SG2D63974620</isin>
        <type>Share</type>
        <cntry>SG/Singapore</cntry>
        <desc>AIMS APAC REIT</desc>
        <issueCcy>SGD</issueCcy>
        <latestPrc ccy="SGD">1.30</latestPrc>
        <latestPrcDate>2021-03-19</latestPrcDate>
        <prcFactor>1</prcFactor>
      </asstDetail>
    </hldId>
    <effDt>2021-03-19</effDt>
    <settleDt>2021-03-19</settleDt>
    <qty>83500</qty>
    <grDivPerShare ccy="SGD">0.0005</grDivPerShare>
    <netDivPerShare ccy="SGD">0.0005</netDivPerShare>
    <grAmt ccy="SGD">41.75</grAmt>
    <netAmt ccy="SGD">41.75</netAmt>
  </hldCpt1><hldCpt2 amtScheme="m2">
    <hldId>
      <ptfl>83663279.6000</ptfl>
      <ctlrOwnr>83663279</ctlrOwnr>
      <ctlrAcct>83663279.4002/SGD/KK</ctlrAcct>
      <ccy>SGD</ccy>
      <asst>SGD</asst>
      <asstIDs>
        <asstRef refType="CURRENCY">SGD</asstRef>
      </asstIDs>
    </hldId>
    <effDt>2021-03-19</effDt>
    <grAmt ccy="SGD">41.75</grAmt>
    <netAmt ccy="SGD">41.75</netAmt>
  </hldCpt2></M001><M001><tkn /><m2xmlReleaseNo>020</m2xmlReleaseNo><mvmtHdr mvmtTp="DIV">
    <cmt>Dividend Cash 83,500 ISIN SG2D63974620 @ 0.019 SGD</cmt>
  </mvmtHdr><mvmtSrc>
    <ctlr>lghths-sg</ctlr>
    <ctlrMvmtRef>694320197</ctlrMvmtRef>
    <srcRecType>Cash Transaction</srcRecType>
    <srcTransType>Dividend Cash</srcTransType>
  </mvmtSrc><extSys>
    <extSysID>SAR</extSysID>
    <extSysRef>694320197</extSysRef>
  </extSys><hldCpt1 amtScheme="m2">
    <hldId>
      <ptfl>83663279.6000</ptfl>
      <ctlrOwnr>83663279</ctlrOwnr>
      <ctlrAcct>83663279.6000</ctlrAcct>
      <ownrRefCcy>USD</ownrRefCcy>
      <ccy>SGD</ccy>
      <asst>SG2D63974620</asst>
      <asstIDs>
        <asstRef refType="ISIN">SG2D63974620</asstRef>
        <asstRef refType="Valor">13687016</asstRef>
        <asstRef refType="Bloomberg">AAREIT SP</asstRef>
        <asstRef refType="SARA">000029481966</asstRef>
      </asstIDs>
      <asstDetail>
        <isin>SG2D63974620</isin>
        <type>Share</type>
        <cntry>SG/Singapore</cntry>
        <desc>AIMS APAC REIT</desc>
        <issueCcy>SGD</issueCcy>
        <latestPrc ccy="SGD">1.30</latestPrc>
        <latestPrcDate>2021-03-19</latestPrcDate>
        <prcFactor>1</prcFactor>
      </asstDetail>
    </hldId>
    <effDt>2021-03-19</effDt>
    <settleDt>2021-03-19</settleDt>
    <qty>83500</qty>
    <grDivPerShare ccy="SGD">0.0195</grDivPerShare>
    <netDivPerShare ccy="SGD">0.0195</netDivPerShare>
    <grAmt ccy="SGD">1628.25</grAmt>
    <netAmt ccy="SGD">1628.25</netAmt>
  </hldCpt1><hldCpt2 amtScheme="m2">
    <hldId>
      <ptfl>83663279.6000</ptfl>
      <ctlrOwnr>83663279</ctlrOwnr>
      <ctlrAcct>83663279.4002/SGD/KK</ctlrAcct>
      <ccy>SGD</ccy>
      <asst>SGD</asst>
      <asstIDs>
        <asstRef refType="CURRENCY">SGD</asstRef>
      </asstIDs>
    </hldId>
    <effDt>2021-03-19</effDt>
    <grAmt ccy="SGD">1628.25</grAmt>
    <netAmt ccy="SGD">1628.25</netAmt>
  </hldCpt2></M001><M001><tkn /><m2xmlReleaseNo>020</m2xmlReleaseNo><mvmtHdr mvmtTp="DIV">
    <cmt>Dividend Cash 83,500 ISIN SG2D63974620 @ 0 SGD</cmt>
  </mvmtHdr><mvmtSrc>
    <ctlr>lghths-sg</ctlr>
    <ctlrMvmtRef>694312263</ctlrMvmtRef>
    <srcRecType>Cash Transaction</srcRecType>
    <srcTransType>Dividend Cash</srcTransType>
  </mvmtSrc><extSys>
    <extSysID>SAR</extSysID>
    <extSysRef>694312263</extSysRef>
  </extSys><hldCpt1 amtScheme="m2">
    <hldId>
      <ptfl>83663279.6000</ptfl>
      <ctlrOwnr>83663279</ctlrOwnr>
      <ctlrAcct>83663279.6000</ctlrAcct>
      <ownrRefCcy>USD</ownrRefCcy>
      <ccy>SGD</ccy>
      <asst>SG2D63974620</asst>
      <asstIDs>
        <asstRef refType="ISIN">SG2D63974620</asstRef>
        <asstRef refType="Valor">13687016</asstRef>
        <asstRef refType="Bloomberg">AAREIT SP</asstRef>
        <asstRef refType="SARA">000029481966</asstRef>
      </asstIDs>
      <asstDetail>
        <isin>SG2D63974620</isin>
        <type>Share</type>
        <cntry>SG/Singapore</cntry>
        <desc>AIMS APAC REIT</desc>
        <issueCcy>SGD</issueCcy>
        <latestPrc ccy="SGD">1.30</latestPrc>
        <latestPrcDate>2021-03-19</latestPrcDate>
        <prcFactor>1</prcFactor>
      </asstDetail>
    </hldId>
    <effDt>2021-03-19</effDt>
    <settleDt>2021-03-19</settleDt>
    <qty>83500</qty>
    <grDivPerShare ccy="SGD">0.0005</grDivPerShare>
    <netDivPerShare ccy="SGD">0.0005</netDivPerShare>
    <grAmt ccy="SGD">41.75</grAmt>
    <netAmt ccy="SGD">41.75</netAmt>
  </hldCpt1><hldCpt2 amtScheme="m2">
    <hldId>
      <ptfl>83663279.6000</ptfl>
      <ctlrOwnr>83663279</ctlrOwnr>
      <ctlrAcct>83663279.4002/SGD/KK</ctlrAcct>
      <ccy>SGD</ccy>
      <asst>SGD</asst>
      <asstIDs>
        <asstRef refType="CURRENCY">SGD</asstRef>
      </asstIDs>
    </hldId>
    <effDt>2021-03-19</effDt>
    <grAmt ccy="SGD">41.75</grAmt>
    <netAmt ccy="SGD">41.75</netAmt>
  </hldCpt2></M001><M001><tkn /><m2xmlReleaseNo>020</m2xmlReleaseNo><mvmtHdr mvmtTp="BUY">
    <cmt>Bought 130,000 ISIN KYG960071028 @ 7.065 HKD</cmt>
  </mvmtHdr><mvmtSrc>
    <ctlr>lghths-sg</ctlr>
    <ctlrMvmtRef>694108144</ctlrMvmtRef>
    <srcRecType>Security Transaction</srcRecType>
    <srcTransType>Buy</srcTransType>
  </mvmtSrc><extSys>
    <extSysID>SAR</extSysID>
    <extSysRef>694108144</extSysRef>
  </extSys><hldCpt1 amtScheme="m2">
    <hldId>
      <ptfl>83663293.6000</ptfl>
      <ctlrOwnr>83663293</ctlrOwnr>
      <ctlrAcct>83663293.6000</ctlrAcct>
      <ownrRefCcy>USD</ownrRefCcy>
      <ccy>HKD</ccy>
      <asst>KYG960071028</asst>
      <asstIDs>
        <asstRef refType="ISIN">KYG960071028</asstRef>
        <asstRef refType="Valor">24222514</asstRef>
        <asstRef refType="Bloomberg">288 HK</asstRef>
        <asstRef refType="SARA">000115614425</asstRef>
      </asstIDs>
      <asstDetail>
        <isin>KYG960071028</isin>
        <type>Share</type>
        <cntry>KY/Cayman Islands</cntry>
        <desc>WH Group Ltd -Unitary 144A / Reg-S-</desc>
        <issueCcy>HKD</issueCcy>
        <latestPrc ccy="HKD">7.04</latestPrc>
        <latestPrcDate>2021-03-19</latestPrcDate>
        <prcFactor>1</prcFactor>
      </asstDetail>
    </hldId>
    <effDt>2021-03-19</effDt>
    <settleDt>2021-03-23</settleDt>
    <qty>130000</qty>
    <prc ccy="HKD">7.065423</prc>
    <grTrdAmt ccy="HKD">918504.99</grTrdAmt>
    <grAmt ccy="HKD">918504.99</grAmt>
    <netAmt ccy="HKD">921951.71</netAmt>
  </hldCpt1><hldCpt2 amtScheme="m2">
    <hldId>
      <ptfl>83663293.6000</ptfl>
      <ctlrOwnr>83663293</ctlrOwnr>
      <ctlrAcct>83663293.4005/HKD/KK</ctlrAcct>
      <ccy>HKD</ccy>
      <asst>HKD</asst>
      <asstIDs>
        <asstRef refType="CURRENCY">HKD</asstRef>
      </asstIDs>
    </hldId>
    <effDt>2021-03-19</effDt>
    <grAmt ccy="HKD">-921951.71</grAmt>
    <netAmt ccy="HKD">-921951.71</netAmt>
  </hldCpt2><chrgGp amtScheme="m2">
    <chrgCpt>
      <ctgy>OTF</ctgy>
      <ctgyAmt ccy="HKD">-919</ctgyAmt>
      <chrgDesc>Stamp Duty (HK)</chrgDesc>
    </chrgCpt>
    <chrgCpt>
      <ctgy>FOR</ctgy>
      <ctgyAmt ccy="HKD">-45.92</ctgyAmt>
      <chrgDesc>Foreign Charges Stex</chrgDesc>
    </chrgCpt>
    <chrgCpt>
      <ctgy>EXE</ctgy>
      <ctgyAmt ccy="HKD">-2296.26</ctgyAmt>
      <chrgDesc>Stex Commissions</chrgDesc>
    </chrgCpt>
    <chrgCpt>
      <ctgy>OTF</ctgy>
      <ctgyAmt ccy="HKD">-24.8</ctgyAmt>
      <chrgDesc>Levy</chrgDesc>
    </chrgCpt>
    <chrgCpt>
      <ctgy>VAT</ctgy>
      <ctgyAmt ccy="HKD">-160.74</ctgyAmt>
      <chrgDesc>VAT</chrgDesc>
    </chrgCpt>
  </chrgGp></M001><M001><tkn /><m2xmlReleaseNo>020</m2xmlReleaseNo><mvmtHdr mvmtTp="AOU">
    <cmt>Structured Products 1,320 Valor 110542306 @ 5.997 GBP</cmt>
  </mvmtHdr><mvmtSrc>
    <ctlr>lghths-sg</ctlr>
    <ctlrMvmtRef>694102653</ctlrMvmtRef>
    <srcRecType>Security Transaction</srcRecType>
    <srcTransType>Structured Products</srcTransType>
  </mvmtSrc><extSys>
    <extSysID>SAR</extSysID>
    <extSysRef>694102653</extSysRef>
  </extSys><hldCpt1 amtScheme="m2">
    <hldId>
      <ptfl>83663293.6000</ptfl>
      <ctlrOwnr>83663293</ctlrOwnr>
      <ctlrAcct>83663293.6000</ctlrAcct>
      <ownrRefCcy>USD</ownrRefCcy>
      <ccy>GBP</ccy>
      <asst>110542306</asst>
      <asstIDs>
        <asstRef refType="Valor">110542306</asstRef>
        <asstRef refType="SARA">000142812001</asstRef>
      </asstIDs>
      <asstDetail>
        <type>Hybrid</type>
        <desc>Stock Forward Accumulator  2x Leveraged on Imperial Brands Plc (IMB LN) Period: 04.MAR.21 - 03.MAR.22  252 Days Strike: GBP 11.9331  Knock-Out: GBP 14.6809</desc>
        <issueCcy>GBP</issueCcy>
        <latestPrc ccy="GBP">0.00128419</latestPrc>
        <latestPrcDate>2021-03-18</latestPrcDate>
        <prcFactor>1</prcFactor>
      </asstDetail>
    </hldId>
    <effDt>2021-03-18</effDt>
    <settleDt>2021-03-22</settleDt>
    <qty>-1320</qty>
    <prc ccy="GBP">5.9971</prc>
    <grTrdAmt ccy="GBP">-7916.23</grTrdAmt>
    <grAmt ccy="GBP">-7916.23</grAmt>
    <netAmt ccy="GBP">-7916.23</netAmt>
  </hldCpt1></M001><M001><tkn /><m2xmlReleaseNo>020</m2xmlReleaseNo><mvmtHdr mvmtTp="BUY">
    <cmt>Structured Products 660 ISIN GB0004544929</cmt>
  </mvmtHdr><mvmtSrc>
    <ctlr>lghths-sg</ctlr>
    <ctlrMvmtRef>694102653</ctlrMvmtRef>
    <srcRecType>Security Transaction</srcRecType>
    <srcTransType>Structured Products</srcTransType>
  </mvmtSrc><extSys>
    <extSysID>SAR</extSysID>
    <extSysRef>694102653</extSysRef>
  </extSys><hldCpt1 amtScheme="m2">
    <hldId>
      <ptfl>83663293.6000</ptfl>
      <ctlrOwnr>83663293</ctlrOwnr>
      <ctlrAcct>83663293.6000</ctlrAcct>
      <ownrRefCcy>USD</ownrRefCcy>
      <ccy>GBP</ccy>
      <asst>GB0004544929</asst>
      <asstIDs>
        <asstRef refType="ISIN">GB0004544929</asstRef>
        <asstRef refType="Valor">517719</asstRef>
        <asstRef refType="SARA">000000416171</asstRef>
      </asstIDs>
      <asstDetail>
        <isin>GB0004544929</isin>
        <type>Share</type>
        <cntry>GB/United Kingdom</cntry>
        <desc>Imperial Brands Plc</desc>
        <issueCcy>GBP</issueCcy>
        <latestPrc ccy="GBP">14.58</latestPrc>
        <latestPrcDate>2021-03-19</latestPrcDate>
        <prcFactor>1</prcFactor>
      </asstDetail>
    </hldId>
    <effDt>2021-03-18</effDt>
    <settleDt>2021-03-22</settleDt>
    <qty>660</qty>
    <prc ccy="GBP">11.9331</prc>
    <grTrdAmt ccy="GBP">7875.85</grTrdAmt>
    <grAmt ccy="GBP">7875.85</grAmt>
    <netAmt ccy="GBP">7916.23</netAmt>
  </hldCpt1><hldCpt2 amtScheme="m2">
    <hldId>
      <ptfl>83663293.6000</ptfl>
      <ctlrOwnr>83663293</ctlrOwnr>
      <ctlrAcct>83663293.4001/GBP/KK</ctlrAcct>
      <ccy>GBP</ccy>
      <asst>GBP</asst>
      <asstIDs>
        <asstRef refType="CURRENCY">GBP</asstRef>
      </asstIDs>
    </hldId>
    <effDt>2021-03-18</effDt>
    <grAmt ccy="GBP">-7916.23</grAmt>
    <netAmt ccy="GBP">-7916.23</netAmt>
  </hldCpt2><chrgGp amtScheme="m2">
    <chrgCpt>
      <ctgy>STM</ctgy>
      <ctgyAmt ccy="GBP">-40.38</ctgyAmt>
      <chrgDesc>UK Stamp Tax</chrgDesc>
    </chrgCpt>
  </chrgGp></M001><M001><tkn /><m2xmlReleaseNo>020</m2xmlReleaseNo><mvmtHdr mvmtTp="CLS">
    <cmt>Close Loan</cmt>
  </mvmtHdr><mvmtSrc>
    <ctlr>lghths-sg</ctlr>
    <ctlrMvmtRef>694104224</ctlrMvmtRef>
    <srcRecType>Deposits &amp; Loans Transaction</srcRecType>
    <srcTransType>Close Loan</srcTransType>
  </mvmtSrc><extSys>
    <extSysID>SAR</extSysID>
    <extSysRef>694102653</extSysRef>
  </extSys><hldCpt1 amtScheme="m2">
    <hldId>
      <ptfl>83676187.6000</ptfl>
      <ctlrOwnr>83676187</ctlrOwnr>
      <ctlrAcct>83676187</ctlrAcct>
      <ownrRefCcy>USD</ownrRefCcy>
      <ccy>USD</ccy>
      <asst>USD</asst>
      <asstIDs>
        <asstRef refType="CURRENCY">USD</asstRef>
      </asstIDs>
      <asstDetail>
        <type>MoneyMarket</type>
        <desc>USD Fixed Loan</desc>
        <asstMnyMktDetails>
          <mnyMktType>Loan</mnyMktType>
          <mnyMktTerm termType="Fixed">2021-03-23</mnyMktTerm>
          <mnyMktAmt ccy="USD">0</mnyMktAmt>
          <intRate>1.03</intRate>
          <mnyMktRef>142909426</mnyMktRef>
          <mnyMktName>s/t Fixed Advance Fix USD 1.03% 16.03.2021-23.03</mnyMktName>
          <matDate>2021-03-23</matDate>
          <startDate>2021-03-16</startDate>
        </asstMnyMktDetails>
      </asstDetail>
    </hldId>
    <effDt>2021-03-19</effDt>
    <settleDt>2021-03-23</settleDt>
    <grAmt ccy="USD">261334.38</grAmt>
    <netAmt ccy="USD">261334.38</netAmt>
  </hldCpt1><hldCpt2 amtScheme="m2">
    <hldId>
      <ptfl>83676187.6000</ptfl>
      <ctlrOwnr>83676187</ctlrOwnr>
      <ctlrAcct>83676187.4000/USD/KK</ctlrAcct>
      <ccy>USD</ccy>
      <asst>USD</asst>
      <asstIDs>
        <asstRef refType="CURRENCY">USD</asstRef>
      </asstIDs>
    </hldId>
    <effDt>2021-03-19</effDt>
    <grAmt ccy="USD">-261386.72</grAmt>
    <netAmt ccy="USD">-261386.72</netAmt>
  </hldCpt2><chrgGp amtScheme="m2">
    <chrgCpt>
      <ctgy>CIP</ctgy>
      <ctgyAmt ccy="USD">-52.34</ctgyAmt>
      <chrgDesc>Interest Paid</chrgDesc>
    </chrgCpt>
  </chrgGp></M001><M001><tkn /><m2xmlReleaseNo>020</m2xmlReleaseNo><mvmtHdr mvmtTp="CLS">
    <cmt>Close Loan</cmt>
  </mvmtHdr><mvmtSrc>
    <ctlr>lghths-sg</ctlr>
    <ctlrMvmtRef>694104625</ctlrMvmtRef>
    <srcRecType>Deposits &amp; Loans Transaction</srcRecType>
    <srcTransType>Close Loan</srcTransType>
  </mvmtSrc><extSys>
    <extSysID>SAR</extSysID>
    <extSysRef>694102653</extSysRef>
  </extSys><hldCpt1 amtScheme="m2">
    <hldId>
      <ptfl>83667931.6000</ptfl>
      <ctlrOwnr>83667931</ctlrOwnr>
      <ctlrAcct>83667931</ctlrAcct>
      <ownrRefCcy>USD</ownrRefCcy>
      <ccy>USD</ccy>
      <asst>USD</asst>
      <asstIDs>
        <asstRef refType="CURRENCY">USD</asstRef>
      </asstIDs>
      <asstDetail>
        <type>MoneyMarket</type>
        <desc>USD Fixed Loan</desc>
        <asstMnyMktDetails>
          <mnyMktType>Loan</mnyMktType>
          <mnyMktTerm termType="Fixed">2021-03-23</mnyMktTerm>
          <mnyMktAmt ccy="USD">-333179.67</mnyMktAmt>
          <intRate>1.19</intRate>
          <mnyMktRef>142918632</mnyMktRef>
          <mnyMktName>s/t Fixed Advance Fix USD 1.19% 16.03.2021-23.03</mnyMktName>
          <matDate>2021-03-23</matDate>
          <startDate>2021-03-16</startDate>
        </asstMnyMktDetails>
      </asstDetail>
    </hldId>
    <effDt>2021-03-19</effDt>
    <settleDt>2021-03-23</settleDt>
    <grAmt ccy="USD">333179.67</grAmt>
    <netAmt ccy="USD">333179.67</netAmt>
  </hldCpt1><hldCpt2 amtScheme="m2">
    <hldId>
      <ptfl>83667931.6000</ptfl>
      <ctlrOwnr>83667931</ctlrOwnr>
      <ctlrAcct>83667931.4000/USD/KK</ctlrAcct>
      <ccy>USD</ccy>
      <asst>USD</asst>
      <asstIDs>
        <asstRef refType="CURRENCY">USD</asstRef>
      </asstIDs>
    </hldId>
    <effDt>2021-03-19</effDt>
    <grAmt ccy="USD">-333256.76</grAmt>
    <netAmt ccy="USD">-333256.76</netAmt>
  </hldCpt2><chrgGp amtScheme="m2">
    <chrgCpt>
      <ctgy>CIP</ctgy>
      <ctgyAmt ccy="USD">-77.09</ctgyAmt>
      <chrgDesc>Interest Paid</chrgDesc>
    </chrgCpt>
  </chrgGp></M001><M001><tkn /><m2xmlReleaseNo>020</m2xmlReleaseNo><mvmtHdr mvmtTp="CLS">
    <cmt>Close Loan</cmt>
  </mvmtHdr><mvmtSrc>
    <ctlr>lghths-sg</ctlr>
    <ctlrMvmtRef>694104249</ctlrMvmtRef>
    <srcRecType>Deposits &amp; Loans Transaction</srcRecType>
    <srcTransType>Close Loan</srcTransType>
  </mvmtSrc><extSys>
    <extSysID>SAR</extSysID>
    <extSysRef>694102653</extSysRef>
  </extSys><hldCpt1 amtScheme="m2">
    <hldId>
      <ptfl>83663293.6000</ptfl>
      <ctlrOwnr>83663293</ctlrOwnr>
      <ctlrAcct>83663293</ctlrAcct>
      <ownrRefCcy>USD</ownrRefCcy>
      <ccy>GBP</ccy>
      <asst>GBP</asst>
      <asstIDs>
        <asstRef refType="CURRENCY">GBP</asstRef>
      </asstIDs>
      <asstDetail>
        <type>MoneyMarket</type>
        <desc>GBP Fixed Loan</desc>
        <asstMnyMktDetails>
          <mnyMktType>Loan</mnyMktType>
          <mnyMktTerm termType="Fixed">2021-03-23</mnyMktTerm>
          <mnyMktAmt ccy="GBP">0</mnyMktAmt>
          <intRate>0.9</intRate>
          <mnyMktRef>142909616</mnyMktRef>
          <mnyMktName>s/t Fixed Advance Fix GBP 0.9% 16.03.2021-23.03.</mnyMktName>
          <matDate>2021-03-23</matDate>
          <startDate>2021-03-16</startDate>
        </asstMnyMktDetails>
      </asstDetail>
    </hldId>
    <effDt>2021-03-19</effDt>
    <settleDt>2021-03-23</settleDt>
    <grAmt ccy="GBP">212003.87</grAmt>
    <netAmt ccy="GBP">212003.87</netAmt>
  </hldCpt1><hldCpt2 amtScheme="m2">
    <hldId>
      <ptfl>83663293.6000</ptfl>
      <ctlrOwnr>83663293</ctlrOwnr>
      <ctlrAcct>83663293.4001/GBP/KK</ctlrAcct>
      <ccy>GBP</ccy>
      <asst>GBP</asst>
      <asstIDs>
        <asstRef refType="CURRENCY">GBP</asstRef>
      </asstIDs>
    </hldId>
    <effDt>2021-03-19</effDt>
    <grAmt ccy="GBP">-212040.46</grAmt>
    <netAmt ccy="GBP">-212040.46</netAmt>
  </hldCpt2><chrgGp amtScheme="m2">
    <chrgCpt>
      <ctgy>CIP</ctgy>
      <ctgyAmt ccy="GBP">-36.59</ctgyAmt>
      <chrgDesc>Interest Paid</chrgDesc>
    </chrgCpt>
  </chrgGp></M001></m2:M006>
