<?xml version="1.0" encoding="UTF-8"?>
<m2:M006 xmlns:m2="http://www.mym2.com" xmlns:xsi="http://www.w3.org/2001/XMLSchema-instance" xsi:schemaLocation="http://www.mym2.com http://www.mym2.com/schemas/M2RequestSchema.xsd"><M001><tkn /><m2xmlReleaseNo>020</m2xmlReleaseNo><mvmtHdr mvmtTp="AIN">
    <cmt>Rights 8,360 ISIN SGXN93802555</cmt>
  </mvmtHdr><mvmtSrc>
    <ctlr>lghths-sg</ctlr>
    <ctlrMvmtRef>711483056</ctlrMvmtRef>
    <srcRecType>Security Transaction</srcRecType>
    <srcTransType>Rights</srcTransType>
  </mvmtSrc><extSys>
    <extSysID>SAR</extSysID>
    <extSysRef>711483056</extSysRef>
  </extSys><hldCpt1 amtScheme="m2">
    <hldId>
      <ptfl>83667931.6000</ptfl>
      <ctlrOwnr>83667931</ctlrOwnr>
      <ctlrAcct>83667931.6000</ctlrAcct>
      <ownrRefCcy>USD</ownrRefCcy>
      <ccy>SGD</ccy>
      <asst>SGXN93802555</asst>
      <asstIDs>
        <asstRef refType="ISIN">SGXN93802555</asstRef>
        <asstRef refType="Valor">111735462</asstRef>
        <asstRef refType="SARA">000143635464</asstRef>
      </asstIDs>
      <asstDetail>
        <isin>SGXN93802555</isin>
        <type>Rights</type>
        <cntry>SG/Singapore</cntry>
        <desc>Singapore Airlines Ltd Rights 2021</desc>
        <issueCcy>SGD</issueCcy>
        <latestPrc ccy="SGD">0.00</latestPrc>
        <latestPrcDate>2021-05-26</latestPrcDate>
        <prcFactor>1</prcFactor>
      </asstDetail>
    </hldId>
    <effDt>2021-06-03</effDt>
    <settleDt>2021-05-31</settleDt>
    <qty>8360</qty>
    <prc ccy="SGD">0</prc>
    <grTrdAmt ccy="SGD">0</grTrdAmt>
    <grAmt ccy="SGD">0</grAmt>
    <netAmt ccy="SGD">0</netAmt>
  </hldCpt1></M001><M001><tkn /><m2xmlReleaseNo>020</m2xmlReleaseNo><mvmtHdr mvmtTp="DIV">
    <cmt>Dividend Cash 2,000 ISIN US92826C8394 @ 0.32 USD</cmt>
  </mvmtHdr><mvmtSrc>
    <ctlr>lghths-sg</ctlr>
    <ctlrMvmtRef>711491833</ctlrMvmtRef>
    <srcRecType>Cash Transaction</srcRecType>
    <srcTransType>Dividend Cash</srcTransType>
  </mvmtSrc><extSys>
    <extSysID>SAR</extSysID>
    <extSysRef>711491833</extSysRef>
  </extSys><hldCpt1 amtScheme="m2">
    <hldId>
      <ptfl>83677193.6000</ptfl>
      <ctlrOwnr>83677193</ctlrOwnr>
      <ctlrAcct>83677193.6000</ctlrAcct>
      <ownrRefCcy>USD</ownrRefCcy>
      <ccy>USD</ccy>
      <asst>US92826C8394</asst>
      <asstIDs>
        <asstRef refType="ISIN">US92826C8394</asstRef>
        <asstRef refType="Valor">3826452</asstRef>
        <asstRef refType="Bloomberg">V UN</asstRef>
        <asstRef refType="SARA">000021485316</asstRef>
      </asstIDs>
      <asstDetail>
        <isin>US92826C8394</isin>
        <type>Share</type>
        <cntry>US/United States of America</cntry>
        <desc>Visa Inc -A-</desc>
        <issueCcy>USD</issueCcy>
        <latestPrc ccy="USD">229.66</latestPrc>
        <latestPrcDate>2021-06-02</latestPrcDate>
        <prcFactor>1</prcFactor>
      </asstDetail>
    </hldId>
    <effDt>2021-06-03</effDt>
    <settleDt>2021-06-01</settleDt>
    <qty>2000</qty>
    <grDivPerShare ccy="USD">0.32</grDivPerShare>
    <netDivPerShare ccy="USD">0.224</netDivPerShare>
    <grAmt ccy="USD">640</grAmt>
    <netAmt ccy="USD">448</netAmt>
  </hldCpt1><hldCpt2 amtScheme="m2">
    <hldId>
      <ptfl>83677193.6000</ptfl>
      <ctlrOwnr>83677193</ctlrOwnr>
      <ctlrAcct>83677193.4000/USD/KK</ctlrAcct>
      <ccy>USD</ccy>
      <asst>USD</asst>
      <asstIDs>
        <asstRef refType="CURRENCY">USD</asstRef>
      </asstIDs>
    </hldId>
    <effDt>2021-06-03</effDt>
    <grAmt ccy="USD">448</grAmt>
    <netAmt ccy="USD">448</netAmt>
  </hldCpt2><chrgGp amtScheme="m2">
    <chrgCpt>
      <ctgy>WTH</ctgy>
      <ctgyAmt ccy="USD">-192</ctgyAmt>
      <chrgDesc>Withholding Tax</chrgDesc>
    </chrgCpt>
  </chrgGp></M001></m2:M006>
