<?xml version="1.0" encoding="UTF-8"?>
<m2:M006 xmlns:m2="http://www.mym2.com" xmlns:xsi="http://www.w3.org/2001/XMLSchema-instance" xsi:schemaLocation="http://www.mym2.com http://www.mym2.com/schemas/M2RequestSchema.xsd"><M001><tkn /><m2xmlReleaseNo>020</m2xmlReleaseNo><mvmtHdr mvmtTp="CLS">
    <cmt>Close Loan</cmt>
  </mvmtHdr><mvmtSrc>
    <ctlr>lghths-sg</ctlr>
    <ctlrMvmtRef>703009721</ctlrMvmtRef>
    <srcRecType>Deposits &amp; Loans Transaction</srcRecType>
    <srcTransType>Close Loan</srcTransType>
  </mvmtSrc><extSys>
    <extSysID>SAR</extSysID>
    <extSysRef>703195288</extSysRef>
  </extSys><hldCpt1 amtScheme="m2">
    <hldId>
      <ptfl>83663293.6000</ptfl>
      <ctlrOwnr>83663293</ctlrOwnr>
      <ctlrAcct>83663293</ctlrAcct>
      <ownrRefCcy>USD</ownrRefCcy>
      <ccy>EUR</ccy>
      <asst>EUR</asst>
      <asstIDs>
        <asstRef refType="CURRENCY">EUR</asstRef>
      </asstIDs>
      <asstDetail>
        <type>MoneyMarket</type>
        <desc>EUR Fixed Loan</desc>
        <asstMnyMktDetails>
          <mnyMktType>Loan</mnyMktType>
          <mnyMktTerm termType="Fixed">2021-05-03</mnyMktTerm>
          <mnyMktAmt ccy="EUR">-278435.08</mnyMktAmt>
          <intRate>0.65</intRate>
          <mnyMktRef>143067640</mnyMktRef>
          <mnyMktName>s/t Fixed Advance Fix EUR 0.65% 01.04.2021-03.05</mnyMktName>
          <matDate>2021-05-03</matDate>
          <startDate>2021-04-01</startDate>
        </asstMnyMktDetails>
      </asstDetail>
    </hldId>
    <effDt>2021-04-29</effDt>
    <settleDt>2021-05-03</settleDt>
    <grAmt ccy="EUR">278435.08</grAmt>
    <netAmt ccy="EUR">278435.08</netAmt>
  </hldCpt1><hldCpt2 amtScheme="m2">
    <hldId>
      <ptfl>83663293.6000</ptfl>
      <ctlrOwnr>83663293</ctlrOwnr>
      <ctlrAcct>83663293.4003/EUR/KK</ctlrAcct>
      <ccy>EUR</ccy>
      <asst>EUR</asst>
      <asstIDs>
        <asstRef refType="CURRENCY">EUR</asstRef>
      </asstIDs>
    </hldId>
    <effDt>2021-04-29</effDt>
    <grAmt ccy="EUR">-278595.95</grAmt>
    <netAmt ccy="EUR">-278595.95</netAmt>
  </hldCpt2><chrgGp amtScheme="m2">
    <chrgCpt>
      <ctgy>CIP</ctgy>
      <ctgyAmt ccy="EUR">-160.87</ctgyAmt>
      <chrgDesc>Interest Paid</chrgDesc>
    </chrgCpt>
  </chrgGp></M001><M001><tkn /><m2xmlReleaseNo>020</m2xmlReleaseNo><mvmtHdr mvmtTp="SEL">
    <cmt>Sell 200,000 ISIN XS1958658509 @ 105.26 USD</cmt>
  </mvmtHdr><mvmtSrc>
    <ctlr>lghths-sg</ctlr>
    <ctlrMvmtRef>703195288</ctlrMvmtRef>
    <srcRecType>Security Transaction</srcRecType>
    <srcTransType>Sell</srcTransType>
  </mvmtSrc><extSys>
    <extSysID>SAR</extSysID>
    <extSysRef>703195288</extSysRef>
  </extSys><hldCpt1 amtScheme="m2">
    <hldId>
      <ptfl>83663279.6000</ptfl>
      <ctlrOwnr>83663279</ctlrOwnr>
      <ctlrAcct>83663279.6000</ctlrAcct>
      <ownrRefCcy>USD</ownrRefCcy>
      <ccy>USD</ccy>
      <asst>XS1958658509</asst>
      <asstIDs>
        <asstRef refType="ISIN">XS1958658509</asstRef>
        <asstRef refType="Valor">46710638</asstRef>
        <asstRef refType="SARA">000136837239</asstRef>
      </asstIDs>
      <asstDetail>
        <isin>XS1958658509</isin>
        <type>Bond</type>
        <cntry>SG/Singapore</cntry>
        <desc>6% Jubilant Pharma Ltd Bonds 2019-2024 RegS</desc>
        <issueCcy>USD</issueCcy>
        <issueDate>2019-03-05</issueDate>
        <latestPrc ccy="USD">105.5</latestPrc>
        <latestPrcDate>2021-04-28</latestPrcDate>
        <prcFactor>.01</prcFactor>
        <asstBondDetails>
          <matDate>2024-03-05</matDate>
          <intRate>6.0</intRate>
          <calcBasis>30E/360</calcBasis>
          <intFreq>2</intFreq>
          <intDate>2019-09-05</intDate>
          <intCcy>USD</intCcy>
          <rating>BB-</rating>
        </asstBondDetails>
      </asstDetail>
    </hldId>
    <effDt>2021-04-29</effDt>
    <settleDt>2021-05-03</settleDt>
    <qty>-200000</qty>
    <prc ccy="USD">105.26</prc>
    <grTrdAmt ccy="USD">-210520</grTrdAmt>
    <grAmt ccy="USD">-212453.33</grAmt>
    <netAmt ccy="USD">-211885.02</netAmt>
  </hldCpt1><hldCpt2 amtScheme="m2">
    <hldId>
      <ptfl>83663279.6000</ptfl>
      <ctlrOwnr>83663279</ctlrOwnr>
      <ctlrAcct>83663279.4000/USD/KK</ctlrAcct>
      <ccy>USD</ccy>
      <asst>USD</asst>
      <asstIDs>
        <asstRef refType="CURRENCY">USD</asstRef>
      </asstIDs>
    </hldId>
    <effDt>2021-04-29</effDt>
    <grAmt ccy="USD">211885.02</grAmt>
    <netAmt ccy="USD">211885.02</netAmt>
  </hldCpt2><chrgGp amtScheme="m2">
    <chrgCpt>
      <ctgy>EXE</ctgy>
      <ctgyAmt ccy="USD">-531.13</ctgyAmt>
      <chrgDesc>Stex Commissions</chrgDesc>
    </chrgCpt>
    <chrgCpt>
      <ctgy>CPN</ctgy>
      <ctgyAmt ccy="USD">1933.33</ctgyAmt>
      <chrgDesc>Accrued Interest</chrgDesc>
    </chrgCpt>
    <chrgCpt>
      <ctgy>VAT</ctgy>
      <ctgyAmt ccy="USD">-37.18</ctgyAmt>
      <chrgDesc>VAT</chrgDesc>
    </chrgCpt>
  </chrgGp></M001></m2:M006>
