<?xml version="1.0" encoding="UTF-8"?>
<m2:M006 xmlns:m2="http://www.mym2.com" xmlns:xsi="http://www.w3.org/2001/XMLSchema-instance" xsi:schemaLocation="http://www.mym2.com http://www.mym2.com/schemas/M2RequestSchema.xsd"><M001><tkn /><m2xmlReleaseNo>020</m2xmlReleaseNo><mvmtHdr mvmtTp="DIV">
    <cmt>Dividend Cash 5,290 ISIN US9229087104 @ 1.262 USD</cmt>
  </mvmtHdr><mvmtSrc>
    <ctlr>lghths-sg</ctlr>
    <ctlrMvmtRef>696116254</ctlrMvmtRef>
    <srcRecType>Cash Transaction</srcRecType>
    <srcTransType>Dividend Cash</srcTransType>
  </mvmtSrc><extSys>
    <extSysID>SAR</extSysID>
    <extSysRef>696116254</extSysRef>
  </extSys><hldCpt1 amtScheme="m2">
    <hldId>
      <ptfl>83677193.6000</ptfl>
      <ctlrOwnr>83677193</ctlrOwnr>
      <ctlrAcct>83677193.6000</ctlrAcct>
      <ownrRefCcy>USD</ownrRefCcy>
      <ccy>USD</ccy>
      <asst>US9229087104</asst>
      <asstIDs>
        <asstRef refType="ISIN">US9229087104</asstRef>
        <asstRef refType="Valor">1156931</asstRef>
        <asstRef refType="SARA">000129754681</asstRef>
      </asstIDs>
      <asstDetail>
        <isin>US9229087104</isin>
        <type>Fund</type>
        <cntry>US/United States of America</cntry>
        <desc>Vanguard 500 Index Fund (EUR) -Admiral- Distribution</desc>
        <issueCcy>USD</issueCcy>
        <latestPrc ccy="USD">360.78</latestPrc>
        <latestPrcDate>2021-03-25</latestPrcDate>
        <prcFactor>1</prcFactor>
      </asstDetail>
    </hldId>
    <effDt>2021-03-29</effDt>
    <settleDt>2021-03-26</settleDt>
    <qty>5290</qty>
    <grDivPerShare ccy="USD">1.2615</grDivPerShare>
    <netDivPerShare ccy="USD">0.883051</netDivPerShare>
    <grAmt ccy="USD">6673.34</grAmt>
    <netAmt ccy="USD">4671.34</netAmt>
  </hldCpt1><hldCpt2 amtScheme="m2">
    <hldId>
      <ptfl>83677193.6000</ptfl>
      <ctlrOwnr>83677193</ctlrOwnr>
      <ctlrAcct>83677193.4000/USD/KK</ctlrAcct>
      <ccy>USD</ccy>
      <asst>USD</asst>
      <asstIDs>
        <asstRef refType="CURRENCY">USD</asstRef>
      </asstIDs>
    </hldId>
    <effDt>2021-03-29</effDt>
    <grAmt ccy="USD">4671.34</grAmt>
    <netAmt ccy="USD">4671.34</netAmt>
  </hldCpt2><chrgGp amtScheme="m2">
    <chrgCpt>
      <ctgy>WTH</ctgy>
      <ctgyAmt ccy="USD">-2002</ctgyAmt>
      <chrgDesc>Withholding Tax</chrgDesc>
    </chrgCpt>
  </chrgGp></M001><M001><tkn /><m2xmlReleaseNo>020</m2xmlReleaseNo><mvmtHdr mvmtTp="DIV">
    <cmt>Dividend Cash 12,000 ISIN GB00B03MLX29 @ 0.167 USD</cmt>
  </mvmtHdr><mvmtSrc>
    <ctlr>lghths-sg</ctlr>
    <ctlrMvmtRef>696110753</ctlrMvmtRef>
    <srcRecType>Cash Transaction</srcRecType>
    <srcTransType>Dividend Cash</srcTransType>
  </mvmtSrc><extSys>
    <extSysID>SAR</extSysID>
    <extSysRef>696110753</extSysRef>
  </extSys><hldCpt1 amtScheme="m2">
    <hldId>
      <ptfl>83663293.6000</ptfl>
      <ctlrOwnr>83663293</ctlrOwnr>
      <ctlrAcct>83663293.6000</ctlrAcct>
      <ownrRefCcy>USD</ownrRefCcy>
      <ccy>USD</ccy>
      <asst>GB00B03MLX29</asst>
      <asstIDs>
        <asstRef refType="ISIN">GB00B03MLX29</asstRef>
        <asstRef refType="Valor">1987674</asstRef>
        <asstRef refType="SARA">000005058836</asstRef>
      </asstIDs>
      <asstDetail>
        <isin>GB00B03MLX29</isin>
        <type>Share</type>
        <cntry>GB/United Kingdom</cntry>
        <desc>Royal Dutch Shell Plc -A-</desc>
        <issueCcy>EUR</issueCcy>
        <issueCcyExchRt>0.8501</issueCcyExchRt>
        <latestPrc ccy="EUR">17.074</latestPrc>
        <latestPrcDate>2021-03-29</latestPrcDate>
        <prcFactor>1</prcFactor>
      </asstDetail>
    </hldId>
    <effDt>2021-03-29</effDt>
    <settleDt>2021-03-29</settleDt>
    <qty>12000</qty>
    <grDivPerShare ccy="USD">0.1665</grDivPerShare>
    <netDivPerShare ccy="USD">0.141525</netDivPerShare>
    <grAmt ccy="USD">1998</grAmt>
    <netAmt ccy="USD">1698.3</netAmt>
  </hldCpt1><hldCpt2 amtScheme="m2">
    <hldId>
      <ptfl>83663293.6000</ptfl>
      <ctlrOwnr>83663293</ctlrOwnr>
      <ctlrAcct>83663293.4000/USD/KK</ctlrAcct>
      <ccy>USD</ccy>
      <asst>USD</asst>
      <asstIDs>
        <asstRef refType="CURRENCY">USD</asstRef>
      </asstIDs>
    </hldId>
    <effDt>2021-03-29</effDt>
    <grAmt ccy="USD">1698.3</grAmt>
    <netAmt ccy="USD">1698.3</netAmt>
  </hldCpt2><chrgGp amtScheme="m2">
    <chrgCpt>
      <ctgy>WTH</ctgy>
      <ctgyAmt ccy="USD">-299.7</ctgyAmt>
      <chrgDesc>Withholding Tax</chrgDesc>
    </chrgCpt>
  </chrgGp></M001><M001><tkn /><m2xmlReleaseNo>020</m2xmlReleaseNo><mvmtHdr mvmtTp="BUY">
    <cmt>Bought 300,000 ISIN XS2253807916 @ 100 USD</cmt>
  </mvmtHdr><mvmtSrc>
    <ctlr>lghths-sg</ctlr>
    <ctlrMvmtRef>694557764</ctlrMvmtRef>
    <srcRecType>Security Transaction</srcRecType>
    <srcTransType>Buy</srcTransType>
  </mvmtSrc><extSys>
    <extSysID>SAR</extSysID>
    <extSysRef>694557764</extSysRef>
  </extSys><hldCpt1 amtScheme="m2">
    <hldId>
      <ptfl>83663293.6000</ptfl>
      <ctlrOwnr>83663293</ctlrOwnr>
      <ctlrAcct>83663293.6000</ctlrAcct>
      <ownrRefCcy>USD</ownrRefCcy>
      <ccy>USD</ccy>
      <asst>XS2253807916</asst>
      <asstIDs>
        <asstRef refType="ISIN">XS2253807916</asstRef>
        <asstRef refType="Valor">59742682</asstRef>
        <asstRef refType="SARA">000142939496</asstRef>
      </asstIDs>
      <asstDetail>
        <isin>XS2253807916</isin>
        <type>Bond</type>
        <cntry>HK/Hong Kong</cntry>
        <desc>8% BNP Paribas BristolMyers Squibb Co / Sanofi SA Humana Inc Callable Fixed Coupon Notes 01.10.2021 Repayment cash or physical</desc>
        <issueCcy>USD</issueCcy>
        <issueDate>2021-04-01</issueDate>
        <latestPrc ccy="USD">100.2468907</latestPrc>
        <latestPrcDate>2021-03-26</latestPrcDate>
        <prcFactor>.01</prcFactor>
        <asstBondDetails>
          <matDate>2021-10-08</matDate>
          <intRate>0.0</intRate>
          <intFreq>12</intFreq>
          <intDate>2021-05-10</intDate>
          <intCcy>USD</intCcy>
        </asstBondDetails>
      </asstDetail>
    </hldId>
    <effDt>2021-03-18</effDt>
    <settleDt>2021-04-01</settleDt>
    <qty>300000</qty>
    <prc ccy="USD">100</prc>
    <grTrdAmt ccy="USD">297000</grTrdAmt>
    <grAmt ccy="USD">300000</grAmt>
    <netAmt ccy="USD">300000</netAmt>
  </hldCpt1><hldCpt2 amtScheme="m2">
    <hldId>
      <ptfl>83663293.6000</ptfl>
      <ctlrOwnr>83663293</ctlrOwnr>
      <ctlrAcct>83663293.4000/USD/KK</ctlrAcct>
      <ccy>USD</ccy>
      <asst>USD</asst>
      <asstIDs>
        <asstRef refType="CURRENCY">USD</asstRef>
      </asstIDs>
    </hldId>
    <effDt>2021-03-18</effDt>
    <grAmt ccy="USD">-300000</grAmt>
    <netAmt ccy="USD">-300000</netAmt>
  </hldCpt2></M001></m2:M006>
