<?xml version="1.0" encoding="UTF-8"?>
<m2:M006 xmlns:m2="http://www.mym2.com" xmlns:xsi="http://www.w3.org/2001/XMLSchema-instance" xsi:schemaLocation="http://www.mym2.com http://www.mym2.com/schemas/M2RequestSchema.xsd"><M001><tkn /><m2xmlReleaseNo>020</m2xmlReleaseNo><mvmtHdr mvmtTp="CLS">
    <cmt>Cancellation: Raise loan</cmt>
    <cancelTransaction ref="696156433">true</cancelTransaction>
  </mvmtHdr><mvmtSrc>
    <ctlr>lghths-sg</ctlr>
    <ctlrMvmtRef>696156433</ctlrMvmtRef>
    <srcRecType>Deposits &amp; Loans Transaction</srcRecType>
    <srcTransType>Raise Loan</srcTransType>
  </mvmtSrc><extSys>
    <extSysID>SAR</extSysID>
    <extSysRef>696874835</extSysRef>
  </extSys><hldCpt1 amtScheme="m2">
    <hldId>
      <ptfl>83663293.6000</ptfl>
      <ctlrOwnr>83663293</ctlrOwnr>
      <ctlrAcct>83663293</ctlrAcct>
      <ownrRefCcy>USD</ownrRefCcy>
      <ccy>EUR</ccy>
      <asst>EUR</asst>
      <asstIDs>
        <asstRef refType="CURRENCY">EUR</asstRef>
      </asstIDs>
      <asstDetail>
        <type>MoneyMarket</type>
        <desc>EUR Fixed Loan</desc>
        <asstMnyMktDetails>
          <mnyMktType>Loan</mnyMktType>
          <mnyMktTerm termType="Fixed">2021-05-03</mnyMktTerm>
          <mnyMktAmt ccy="EUR">-292239.64</mnyMktAmt>
          <intRate>0.65</intRate>
          <mnyMktRef>143060296</mnyMktRef>
          <mnyMktName>s/t Fixed Advance Fix EUR 0.65% 01.04.2021-03.05</mnyMktName>
          <matDate>2021-05-03</matDate>
          <startDate>2021-04-01</startDate>
        </asstMnyMktDetails>
      </asstDetail>
    </hldId>
    <effDt>2021-04-01</effDt>
    <settleDt>2021-04-01</settleDt>
    <grAmt ccy="EUR">292239.64</grAmt>
    <netAmt ccy="EUR">292239.64</netAmt>
  </hldCpt1><hldCpt2 amtScheme="m2">
    <hldId>
      <ptfl>83663293.6000</ptfl>
      <ctlrOwnr>83663293</ctlrOwnr>
      <ctlrAcct>83663293.4003/EUR/KK</ctlrAcct>
      <ccy>EUR</ccy>
      <asst>EUR</asst>
      <asstIDs>
        <asstRef refType="CURRENCY">EUR</asstRef>
      </asstIDs>
    </hldId>
    <effDt>2021-04-01</effDt>
    <grAmt ccy="EUR">292239.64</grAmt>
    <netAmt ccy="EUR">292239.64</netAmt>
  </hldCpt2></M001><M001><tkn /><m2xmlReleaseNo>020</m2xmlReleaseNo><mvmtHdr mvmtTp="OPN">
    <cmt>Raise loan</cmt>
  </mvmtHdr><mvmtSrc>
    <ctlr>lghths-sg</ctlr>
    <ctlrMvmtRef>696891672</ctlrMvmtRef>
    <srcRecType>Deposits &amp; Loans Transaction</srcRecType>
    <srcTransType>Raise Loan</srcTransType>
  </mvmtSrc><extSys>
    <extSysID>SAR</extSysID>
    <extSysRef>696874835</extSysRef>
  </extSys><hldCpt1 amtScheme="m2">
    <hldId>
      <ptfl>83663293.6000</ptfl>
      <ctlrOwnr>83663293</ctlrOwnr>
      <ctlrAcct>83663293</ctlrAcct>
      <ownrRefCcy>USD</ownrRefCcy>
      <ccy>EUR</ccy>
      <asst>EUR</asst>
      <asstIDs>
        <asstRef refType="CURRENCY">EUR</asstRef>
      </asstIDs>
      <asstDetail>
        <type>MoneyMarket</type>
        <desc>EUR Fixed Loan</desc>
        <asstMnyMktDetails>
          <mnyMktType>Loan</mnyMktType>
          <mnyMktTerm termType="Fixed">2021-05-03</mnyMktTerm>
          <mnyMktAmt ccy="EUR">-278435.08</mnyMktAmt>
          <intRate>0.65</intRate>
          <mnyMktRef>143067640</mnyMktRef>
          <mnyMktName>s/t Fixed Advance Fix EUR 0.65% 01.04.2021-03.05</mnyMktName>
          <matDate>2021-05-03</matDate>
          <startDate>2021-04-01</startDate>
        </asstMnyMktDetails>
      </asstDetail>
    </hldId>
    <effDt>2021-04-01</effDt>
    <settleDt>2021-04-01</settleDt>
    <grAmt ccy="EUR">-278435.08</grAmt>
    <netAmt ccy="EUR">-278435.08</netAmt>
  </hldCpt1><hldCpt2 amtScheme="m2">
    <hldId>
      <ptfl>83663293.6000</ptfl>
      <ctlrOwnr>83663293</ctlrOwnr>
      <ctlrAcct>83663293.4003/EUR/KK</ctlrAcct>
      <ccy>EUR</ccy>
      <asst>EUR</asst>
      <asstIDs>
        <asstRef refType="CURRENCY">EUR</asstRef>
      </asstIDs>
    </hldId>
    <effDt>2021-04-01</effDt>
    <grAmt ccy="EUR">278435.08</grAmt>
    <netAmt ccy="EUR">278435.08</netAmt>
  </hldCpt2></M001><M001><tkn /><m2xmlReleaseNo>020</m2xmlReleaseNo><mvmtHdr mvmtTp="SEL">
    <cmt>Opening Sell 68 SARA 000143060631 @ 0.488 HKD</cmt>
  </mvmtHdr><mvmtSrc>
    <ctlr>lghths-sg</ctlr>
    <ctlrMvmtRef>696874835</ctlrMvmtRef>
    <srcRecType>Security Transaction</srcRecType>
    <srcTransType>Opening Sell</srcTransType>
  </mvmtSrc><extSys>
    <extSysID>SAR</extSysID>
    <extSysRef>696874835</extSysRef>
  </extSys><hldCpt1 amtScheme="m2">
    <hldId>
      <ptfl>83663279.6000</ptfl>
      <ctlrOwnr>83663279</ctlrOwnr>
      <ctlrAcct>83663279.6000</ctlrAcct>
      <ownrRefCcy>USD</ownrRefCcy>
      <ccy>HKD</ccy>
      <asst>000143060631</asst>
      <asstIDs>
        <asstRef refType="SARA">000143060631</asstRef>
      </asstIDs>
      <asstDetail>
        <type>Option</type>
        <cntry>HK/Hong Kong</cntry>
        <desc>China Mobile Ltd Call 29.06.2021 60 (941 HK) XHKF</desc>
        <issueCcy>HKD</issueCcy>
        <latestPrc ccy="HKD">0.49</latestPrc>
        <latestPrcDate>2021-04-01</latestPrcDate>
        <prcFactor>500</prcFactor>
        <asstDerivDetails>
          <contractSize>500</contractSize>
          <strike>60</strike>
          <expDate>2021-06-29</expDate>
          <putCallInd>C</putCallInd>
          <underlyingAsstIDs>
            <asstRef refType="ISIN">HK0941009539</asstRef>
          </underlyingAsstIDs>
          <underlyingAsstDesc>China Mobile Ltd</underlyingAsstDesc>
          <underlyingAsstType>Share</underlyingAsstType>
          <longShortInd>S</longShortInd>
        </asstDerivDetails>
      </asstDetail>
    </hldId>
    <effDt>2021-03-31</effDt>
    <settleDt>2021-04-01</settleDt>
    <qty>-68</qty>
    <prc ccy="HKD">0.48823529</prc>
    <grTrdAmt ccy="HKD">-16600</grTrdAmt>
    <grAmt ccy="HKD">-16600</grAmt>
    <netAmt ccy="HKD">-14936.29</netAmt>
  </hldCpt1><hldCpt2 amtScheme="m2">
    <hldId>
      <ptfl>83663279.6000</ptfl>
      <ctlrOwnr>83663279</ctlrOwnr>
      <ctlrAcct>83663279.4004/HKD/KK</ctlrAcct>
      <ccy>HKD</ccy>
      <asst>HKD</asst>
      <asstIDs>
        <asstRef refType="CURRENCY">HKD</asstRef>
      </asstIDs>
    </hldId>
    <effDt>2021-03-31</effDt>
    <grAmt ccy="HKD">14936.29</grAmt>
    <netAmt ccy="HKD">14936.29</netAmt>
  </hldCpt2><chrgGp amtScheme="m2">
    <chrgCpt>
      <ctgy>EXE</ctgy>
      <ctgyAmt ccy="HKD">-1554.87</ctgyAmt>
      <chrgDesc>Stex Commissions</chrgDesc>
    </chrgCpt>
    <chrgCpt>
      <ctgy>VAT</ctgy>
      <ctgyAmt ccy="HKD">-108.84</ctgyAmt>
      <chrgDesc>VAT</chrgDesc>
    </chrgCpt>
  </chrgGp></M001><M001><tkn /><m2xmlReleaseNo>020</m2xmlReleaseNo><mvmtHdr mvmtTp="BUY">
    <cmt>Bought 200,000 ISIN XS2272214458 @ 101.225 USD</cmt>
  </mvmtHdr><mvmtSrc>
    <ctlr>lghths-sg</ctlr>
    <ctlrMvmtRef>696895711</ctlrMvmtRef>
    <srcRecType>Security Transaction</srcRecType>
    <srcTransType>Buy</srcTransType>
  </mvmtSrc><extSys>
    <extSysID>SAR</extSysID>
    <extSysRef>696895711</extSysRef>
  </extSys><hldCpt1 amtScheme="m2">
    <hldId>
      <ptfl>83663279.6000</ptfl>
      <ctlrOwnr>83663279</ctlrOwnr>
      <ctlrAcct>83663279.6000</ctlrAcct>
      <ownrRefCcy>USD</ownrRefCcy>
      <ccy>USD</ccy>
      <asst>XS2272214458</asst>
      <asstIDs>
        <asstRef refType="ISIN">XS2272214458</asstRef>
        <asstRef refType="Valor">58823075</asstRef>
        <asstRef refType="SARA">000141927463</asstRef>
      </asstIDs>
      <asstDetail>
        <isin>XS2272214458</isin>
        <type>Bond</type>
        <cntry>KY/Cayman Islands</cntry>
        <desc>4.85% Logan Group Co Ltd Notes 2020-2026</desc>
        <issueCcy>USD</issueCcy>
        <issueDate>2020-12-14</issueDate>
        <latestPrc ccy="USD">101.09</latestPrc>
        <latestPrcDate>2021-03-31</latestPrcDate>
        <prcFactor>.01</prcFactor>
        <asstBondDetails>
          <matDate>2026-12-14</matDate>
          <intRate>4.85</intRate>
          <calcBasis>30E/360</calcBasis>
          <intFreq>2</intFreq>
          <intDate>2021-06-14</intDate>
          <intCcy>USD</intCcy>
          <rating>BB-</rating>
        </asstBondDetails>
      </asstDetail>
    </hldId>
    <effDt>2021-04-01</effDt>
    <settleDt>2021-04-06</settleDt>
    <qty>200000</qty>
    <prc ccy="USD">101.225</prc>
    <grTrdAmt ccy="USD">202450</grTrdAmt>
    <grAmt ccy="USD">205467.78</grAmt>
    <netAmt ccy="USD">206017.41</netAmt>
  </hldCpt1><hldCpt2 amtScheme="m2">
    <hldId>
      <ptfl>83663279.6000</ptfl>
      <ctlrOwnr>83663279</ctlrOwnr>
      <ctlrAcct>83663279.4000/USD/KK</ctlrAcct>
      <ccy>USD</ccy>
      <asst>USD</asst>
      <asstIDs>
        <asstRef refType="CURRENCY">USD</asstRef>
      </asstIDs>
    </hldId>
    <effDt>2021-04-01</effDt>
    <grAmt ccy="USD">-206017.41</grAmt>
    <netAmt ccy="USD">-206017.41</netAmt>
  </hldCpt2><chrgGp amtScheme="m2">
    <chrgCpt>
      <ctgy>EXE</ctgy>
      <ctgyAmt ccy="USD">-513.67</ctgyAmt>
      <chrgDesc>Stex Commissions</chrgDesc>
    </chrgCpt>
    <chrgCpt>
      <ctgy>CPN</ctgy>
      <ctgyAmt ccy="USD">-3017.78</ctgyAmt>
      <chrgDesc>Accrued Interest</chrgDesc>
    </chrgCpt>
    <chrgCpt>
      <ctgy>VAT</ctgy>
      <ctgyAmt ccy="USD">-35.96</ctgyAmt>
      <chrgDesc>VAT</chrgDesc>
    </chrgCpt>
  </chrgGp></M001><M001><tkn /><m2xmlReleaseNo>020</m2xmlReleaseNo><mvmtHdr mvmtTp="SEL">
    <cmt>Opening Sell 40 SARA 000143050891 @ 0.28 HKD</cmt>
  </mvmtHdr><mvmtSrc>
    <ctlr>lghths-sg</ctlr>
    <ctlrMvmtRef>696876061</ctlrMvmtRef>
    <srcRecType>Security Transaction</srcRecType>
    <srcTransType>Opening Sell</srcTransType>
  </mvmtSrc><extSys>
    <extSysID>SAR</extSysID>
    <extSysRef>696876061</extSysRef>
  </extSys><hldCpt1 amtScheme="m2">
    <hldId>
      <ptfl>83663293.6000</ptfl>
      <ctlrOwnr>83663293</ctlrOwnr>
      <ctlrAcct>83663293.6000</ctlrAcct>
      <ownrRefCcy>USD</ownrRefCcy>
      <ccy>HKD</ccy>
      <asst>000143050891</asst>
      <asstIDs>
        <asstRef refType="SARA">000143050891</asstRef>
      </asstIDs>
      <asstDetail>
        <type>Option</type>
        <cntry>HK/Hong Kong</cntry>
        <desc>China Overseas Land &amp; Investment Ltd Call 29.06.2021 24 (688 HK) XHKF</desc>
        <issueCcy>HKD</issueCcy>
        <latestPrc ccy="HKD">0.2</latestPrc>
        <latestPrcDate>2021-04-01</latestPrcDate>
        <prcFactor>2000</prcFactor>
        <asstDerivDetails>
          <contractSize>2000</contractSize>
          <strike>24</strike>
          <expDate>2021-06-29</expDate>
          <putCallInd>C</putCallInd>
          <underlyingAsstIDs>
            <asstRef refType="ISIN">HK0688002218</asstRef>
          </underlyingAsstIDs>
          <underlyingAsstDesc>China Overseas Land &amp; Investment Ltd</underlyingAsstDesc>
          <underlyingAsstType>Share</underlyingAsstType>
          <longShortInd>S</longShortInd>
        </asstDerivDetails>
      </asstDetail>
    </hldId>
    <effDt>2021-03-31</effDt>
    <settleDt>2021-04-01</settleDt>
    <qty>-40</qty>
    <prc ccy="HKD">0.28</prc>
    <grTrdAmt ccy="HKD">-22400</grTrdAmt>
    <grAmt ccy="HKD">-22400</grAmt>
    <netAmt ccy="HKD">-20736.29</netAmt>
  </hldCpt1><hldCpt2 amtScheme="m2">
    <hldId>
      <ptfl>83663293.6000</ptfl>
      <ctlrOwnr>83663293</ctlrOwnr>
      <ctlrAcct>83663293.4005/HKD/KK</ctlrAcct>
      <ccy>HKD</ccy>
      <asst>HKD</asst>
      <asstIDs>
        <asstRef refType="CURRENCY">HKD</asstRef>
      </asstIDs>
    </hldId>
    <effDt>2021-03-31</effDt>
    <grAmt ccy="HKD">20736.29</grAmt>
    <netAmt ccy="HKD">20736.29</netAmt>
  </hldCpt2><chrgGp amtScheme="m2">
    <chrgCpt>
      <ctgy>EXE</ctgy>
      <ctgyAmt ccy="HKD">-1554.87</ctgyAmt>
      <chrgDesc>Stex Commissions</chrgDesc>
    </chrgCpt>
    <chrgCpt>
      <ctgy>VAT</ctgy>
      <ctgyAmt ccy="HKD">-108.84</ctgyAmt>
      <chrgDesc>VAT</chrgDesc>
    </chrgCpt>
  </chrgGp></M001><M001><tkn /><m2xmlReleaseNo>020</m2xmlReleaseNo><mvmtHdr mvmtTp="SEL">
    <cmt>Opening Sell 10 SARA 000143062005 @ 1.81 USD</cmt>
  </mvmtHdr><mvmtSrc>
    <ctlr>lghths-sg</ctlr>
    <ctlrMvmtRef>696876517</ctlrMvmtRef>
    <srcRecType>Security Transaction</srcRecType>
    <srcTransType>Opening Sell</srcTransType>
  </mvmtSrc><extSys>
    <extSysID>SAR</extSysID>
    <extSysRef>696876517</extSysRef>
  </extSys><hldCpt1 amtScheme="m2">
    <hldId>
      <ptfl>83663293.6000</ptfl>
      <ctlrOwnr>83663293</ctlrOwnr>
      <ctlrAcct>83663293.6000</ctlrAcct>
      <ownrRefCcy>USD</ownrRefCcy>
      <ccy>USD</ccy>
      <asst>000143062005</asst>
      <asstIDs>
        <asstRef refType="SARA">000143062005</asstRef>
      </asstIDs>
      <asstDetail>
        <type>Option</type>
        <cntry>US/United States of America</cntry>
        <desc>Baidu Inc Put 21.05.2021 165 (BIDU US)</desc>
        <issueCcy>USD</issueCcy>
        <latestPrc ccy="USD">1.83</latestPrc>
        <latestPrcDate>2021-03-31</latestPrcDate>
        <prcFactor>100</prcFactor>
        <asstDerivDetails>
          <contractSize>100</contractSize>
          <strike>165</strike>
          <expDate>2021-05-21</expDate>
          <putCallInd>P</putCallInd>
          <underlyingAsstIDs>
            <asstRef refType="ISIN">US0567521085</asstRef>
          </underlyingAsstIDs>
          <underlyingAsstDesc>Baidu Inc -ADR- -A- (8 Shs)</underlyingAsstDesc>
          <underlyingAsstType>Share</underlyingAsstType>
          <longShortInd>S</longShortInd>
        </asstDerivDetails>
      </asstDetail>
    </hldId>
    <effDt>2021-03-31</effDt>
    <settleDt>2021-04-01</settleDt>
    <qty>-10</qty>
    <prc ccy="USD">1.81</prc>
    <grTrdAmt ccy="USD">-1810</grTrdAmt>
    <grAmt ccy="USD">-1810</grAmt>
    <netAmt ccy="USD">-1596</netAmt>
  </hldCpt1><hldCpt2 amtScheme="m2">
    <hldId>
      <ptfl>83663293.6000</ptfl>
      <ctlrOwnr>83663293</ctlrOwnr>
      <ctlrAcct>83663293.4000/USD/KK</ctlrAcct>
      <ccy>USD</ccy>
      <asst>USD</asst>
      <asstIDs>
        <asstRef refType="CURRENCY">USD</asstRef>
      </asstIDs>
    </hldId>
    <effDt>2021-03-31</effDt>
    <grAmt ccy="USD">1596</grAmt>
    <netAmt ccy="USD">1596</netAmt>
  </hldCpt2><chrgGp amtScheme="m2">
    <chrgCpt>
      <ctgy>EXE</ctgy>
      <ctgyAmt ccy="USD">-200</ctgyAmt>
      <chrgDesc>Stex Commissions</chrgDesc>
    </chrgCpt>
    <chrgCpt>
      <ctgy>VAT</ctgy>
      <ctgyAmt ccy="USD">-14</ctgyAmt>
      <chrgDesc>VAT</chrgDesc>
    </chrgCpt>
  </chrgGp></M001><M001><tkn /><m2xmlReleaseNo>020</m2xmlReleaseNo><mvmtHdr mvmtTp="BUY">
    <cmt>Bought 200,000 ISIN XS2272214458 @ 101.225 USD</cmt>
  </mvmtHdr><mvmtSrc>
    <ctlr>lghths-sg</ctlr>
    <ctlrMvmtRef>696895945</ctlrMvmtRef>
    <srcRecType>Security Transaction</srcRecType>
    <srcTransType>Buy</srcTransType>
  </mvmtSrc><extSys>
    <extSysID>SAR</extSysID>
    <extSysRef>696895945</extSysRef>
  </extSys><hldCpt1 amtScheme="m2">
    <hldId>
      <ptfl>83663293.6000</ptfl>
      <ctlrOwnr>83663293</ctlrOwnr>
      <ctlrAcct>83663293.6000</ctlrAcct>
      <ownrRefCcy>USD</ownrRefCcy>
      <ccy>USD</ccy>
      <asst>XS2272214458</asst>
      <asstIDs>
        <asstRef refType="ISIN">XS2272214458</asstRef>
        <asstRef refType="Valor">58823075</asstRef>
        <asstRef refType="SARA">000141927463</asstRef>
      </asstIDs>
      <asstDetail>
        <isin>XS2272214458</isin>
        <type>Bond</type>
        <cntry>KY/Cayman Islands</cntry>
        <desc>4.85% Logan Group Co Ltd Notes 2020-2026</desc>
        <issueCcy>USD</issueCcy>
        <issueDate>2020-12-14</issueDate>
        <latestPrc ccy="USD">101.09</latestPrc>
        <latestPrcDate>2021-03-31</latestPrcDate>
        <prcFactor>.01</prcFactor>
        <asstBondDetails>
          <matDate>2026-12-14</matDate>
          <intRate>4.85</intRate>
          <calcBasis>30E/360</calcBasis>
          <intFreq>2</intFreq>
          <intDate>2021-06-14</intDate>
          <intCcy>USD</intCcy>
          <rating>BB-</rating>
        </asstBondDetails>
      </asstDetail>
    </hldId>
    <effDt>2021-04-01</effDt>
    <settleDt>2021-04-06</settleDt>
    <qty>200000</qty>
    <prc ccy="USD">101.225</prc>
    <grTrdAmt ccy="USD">202450</grTrdAmt>
    <grAmt ccy="USD">205467.78</grAmt>
    <netAmt ccy="USD">206017.41</netAmt>
  </hldCpt1><hldCpt2 amtScheme="m2">
    <hldId>
      <ptfl>83663293.6000</ptfl>
      <ctlrOwnr>83663293</ctlrOwnr>
      <ctlrAcct>83663293.4000/USD/KK</ctlrAcct>
      <ccy>USD</ccy>
      <asst>USD</asst>
      <asstIDs>
        <asstRef refType="CURRENCY">USD</asstRef>
      </asstIDs>
    </hldId>
    <effDt>2021-04-01</effDt>
    <grAmt ccy="USD">-206017.41</grAmt>
    <netAmt ccy="USD">-206017.41</netAmt>
  </hldCpt2><chrgGp amtScheme="m2">
    <chrgCpt>
      <ctgy>EXE</ctgy>
      <ctgyAmt ccy="USD">-513.67</ctgyAmt>
      <chrgDesc>Stex Commissions</chrgDesc>
    </chrgCpt>
    <chrgCpt>
      <ctgy>CPN</ctgy>
      <ctgyAmt ccy="USD">-3017.78</ctgyAmt>
      <chrgDesc>Accrued Interest</chrgDesc>
    </chrgCpt>
    <chrgCpt>
      <ctgy>VAT</ctgy>
      <ctgyAmt ccy="USD">-35.96</ctgyAmt>
      <chrgDesc>VAT</chrgDesc>
    </chrgCpt>
  </chrgGp></M001></m2:M006>
