<?xml version="1.0" encoding="UTF-8"?>
<m2:M006 xmlns:m2="http://www.mym2.com" xmlns:xsi="http://www.w3.org/2001/XMLSchema-instance" xsi:schemaLocation="http://www.mym2.com http://www.mym2.com/schemas/M2RequestSchema.xsd"><M001><tkn /><m2xmlReleaseNo>020</m2xmlReleaseNo><mvmtHdr mvmtTp="BUY">
    <cmt>Bought 200,000 ISIN USG5002FAM89 @ 96 USD</cmt>
  </mvmtHdr><mvmtSrc>
    <ctlr>lghths-sg</ctlr>
    <ctlrMvmtRef>707773093</ctlrMvmtRef>
    <srcRecType>Security Transaction</srcRecType>
    <srcTransType>Buy</srcTransType>
  </mvmtSrc><extSys>
    <extSysID>SAR</extSysID>
    <extSysRef>707773093</extSysRef>
  </extSys><hldCpt1 amtScheme="m2">
    <hldId>
      <ptfl>83663293.6000</ptfl>
      <ctlrOwnr>83663293</ctlrOwnr>
      <ctlrAcct>83663293.6000</ctlrAcct>
      <ownrRefCcy>USD</ownrRefCcy>
      <ccy>USD</ccy>
      <asst>USG5002FAM89</asst>
      <asstIDs>
        <asstRef refType="ISIN">USG5002FAM89</asstRef>
        <asstRef refType="Valor">38586376</asstRef>
        <asstRef refType="SARA">000133049915</asstRef>
      </asstIDs>
      <asstDetail>
        <isin>USG5002FAM89</isin>
        <type>Bond</type>
        <cntry>GB/United Kingdom</cntry>
        <desc>4.5% Jaguar Land Rover Automotive Plc Gtd.Notes 2017-2027 RegS</desc>
        <issueCcy>USD</issueCcy>
        <issueDate>2017-10-10</issueDate>
        <latestPrc ccy="USD">95.56</latestPrc>
        <latestPrcDate>2021-05-19</latestPrcDate>
        <prcFactor>.01</prcFactor>
        <asstBondDetails>
          <matDate>2027-10-01</matDate>
          <intRate>4.5</intRate>
          <calcBasis>30E/360</calcBasis>
          <intFreq>2</intFreq>
          <intDate>2018-04-01</intDate>
          <intCcy>USD</intCcy>
          <rating>B</rating>
        </asstBondDetails>
      </asstDetail>
    </hldId>
    <effDt>2021-05-19</effDt>
    <settleDt>2021-05-21</settleDt>
    <qty>200000</qty>
    <prc ccy="USD">96</prc>
    <grTrdAmt ccy="USD">192000</grTrdAmt>
    <grAmt ccy="USD">193250</grAmt>
    <netAmt ccy="USD">193766.95</netAmt>
  </hldCpt1><hldCpt2 amtScheme="m2">
    <hldId>
      <ptfl>83663293.6000</ptfl>
      <ctlrOwnr>83663293</ctlrOwnr>
      <ctlrAcct>83663293.4000/USD/KK</ctlrAcct>
      <ccy>USD</ccy>
      <asst>USD</asst>
      <asstIDs>
        <asstRef refType="CURRENCY">USD</asstRef>
      </asstIDs>
    </hldId>
    <effDt>2021-05-19</effDt>
    <grAmt ccy="USD">-193766.95</grAmt>
    <netAmt ccy="USD">-193766.95</netAmt>
  </hldCpt2><chrgGp amtScheme="m2">
    <chrgCpt>
      <ctgy>EXE</ctgy>
      <ctgyAmt ccy="USD">-483.13</ctgyAmt>
      <chrgDesc>Stex Commissions</chrgDesc>
    </chrgCpt>
    <chrgCpt>
      <ctgy>CPN</ctgy>
      <ctgyAmt ccy="USD">-1250</ctgyAmt>
      <chrgDesc>Accrued Interest</chrgDesc>
    </chrgCpt>
    <chrgCpt>
      <ctgy>VAT</ctgy>
      <ctgyAmt ccy="USD">-33.82</ctgyAmt>
      <chrgDesc>VAT</chrgDesc>
    </chrgCpt>
  </chrgGp></M001><M001><tkn /><m2xmlReleaseNo>020</m2xmlReleaseNo><mvmtHdr mvmtTp="SEL">
    <cmt>Sell 200,000 ISIN XS1753595328 @ 105.27 USD</cmt>
  </mvmtHdr><mvmtSrc>
    <ctlr>lghths-sg</ctlr>
    <ctlrMvmtRef>707771672</ctlrMvmtRef>
    <srcRecType>Security Transaction</srcRecType>
    <srcTransType>Sell</srcTransType>
  </mvmtSrc><extSys>
    <extSysID>SAR</extSysID>
    <extSysRef>707771672</extSysRef>
  </extSys><hldCpt1 amtScheme="m2">
    <hldId>
      <ptfl>83663293.6000</ptfl>
      <ctlrOwnr>83663293</ctlrOwnr>
      <ctlrAcct>83663293.6000</ctlrAcct>
      <ownrRefCcy>USD</ownrRefCcy>
      <ccy>USD</ccy>
      <asst>XS1753595328</asst>
      <asstIDs>
        <asstRef refType="ISIN">XS1753595328</asstRef>
        <asstRef refType="Valor">40014007</asstRef>
        <asstRef refType="SARA">000133765006</asstRef>
      </asstIDs>
      <asstDetail>
        <isin>XS1753595328</isin>
        <type>Bond</type>
        <cntry>SG/Singapore</cntry>
        <desc>5.45% Abja Investment Co Pte Ltd Notes 2018-2028 Reg-S</desc>
        <issueCcy>USD</issueCcy>
        <issueDate>2018-01-24</issueDate>
        <latestPrc ccy="USD">105.155</latestPrc>
        <latestPrcDate>2021-05-18</latestPrcDate>
        <prcFactor>.01</prcFactor>
        <asstBondDetails>
          <matDate>2028-01-24</matDate>
          <intRate>5.45</intRate>
          <calcBasis>30/360</calcBasis>
          <intFreq>2</intFreq>
          <intDate>2018-07-24</intDate>
          <intCcy>USD</intCcy>
          <rating>BB-</rating>
        </asstBondDetails>
      </asstDetail>
    </hldId>
    <effDt>2021-05-19</effDt>
    <settleDt>2021-05-21</settleDt>
    <qty>-200000</qty>
    <prc ccy="USD">105.27</prc>
    <grTrdAmt ccy="USD">-210540</grTrdAmt>
    <grAmt ccy="USD">-214082.5</grAmt>
    <netAmt ccy="USD">-213509.83</netAmt>
  </hldCpt1><hldCpt2 amtScheme="m2">
    <hldId>
      <ptfl>83663293.6000</ptfl>
      <ctlrOwnr>83663293</ctlrOwnr>
      <ctlrAcct>83663293.4000/USD/KK</ctlrAcct>
      <ccy>USD</ccy>
      <asst>USD</asst>
      <asstIDs>
        <asstRef refType="CURRENCY">USD</asstRef>
      </asstIDs>
    </hldId>
    <effDt>2021-05-19</effDt>
    <grAmt ccy="USD">213509.83</grAmt>
    <netAmt ccy="USD">213509.83</netAmt>
  </hldCpt2><chrgGp amtScheme="m2">
    <chrgCpt>
      <ctgy>EXE</ctgy>
      <ctgyAmt ccy="USD">-535.21</ctgyAmt>
      <chrgDesc>Stex Commissions</chrgDesc>
    </chrgCpt>
    <chrgCpt>
      <ctgy>CPN</ctgy>
      <ctgyAmt ccy="USD">3542.5</ctgyAmt>
      <chrgDesc>Accrued Interest</chrgDesc>
    </chrgCpt>
    <chrgCpt>
      <ctgy>VAT</ctgy>
      <ctgyAmt ccy="USD">-37.46</ctgyAmt>
      <chrgDesc>VAT</chrgDesc>
    </chrgCpt>
  </chrgGp></M001><M001><tkn /><m2xmlReleaseNo>020</m2xmlReleaseNo><mvmtHdr mvmtTp="BUY">
    <cmt>Bought 300,000 ISIN XS2253734268 @ 100 USD</cmt>
  </mvmtHdr><mvmtSrc>
    <ctlr>lghths-sg</ctlr>
    <ctlrMvmtRef>704984000</ctlrMvmtRef>
    <srcRecType>Security Transaction</srcRecType>
    <srcTransType>Buy</srcTransType>
  </mvmtSrc><extSys>
    <extSysID>SAR</extSysID>
    <extSysRef>704984000</extSysRef>
  </extSys><hldCpt1 amtScheme="m2">
    <hldId>
      <ptfl>83663293.6000</ptfl>
      <ctlrOwnr>83663293</ctlrOwnr>
      <ctlrAcct>83663293.6000</ctlrAcct>
      <ownrRefCcy>USD</ownrRefCcy>
      <ccy>USD</ccy>
      <asst>XS2253734268</asst>
      <asstIDs>
        <asstRef refType="ISIN">XS2253734268</asstRef>
        <asstRef refType="Valor">110897270</asstRef>
        <asstRef refType="SARA">000143388446</asstRef>
      </asstIDs>
      <asstDetail>
        <isin>XS2253734268</isin>
        <type>Bond</type>
        <cntry>HK/Hong Kong</cntry>
        <desc>10% BNP Paribas Daqo New Energy Corp -ADR- (5 Shs) Otis Worldwide Corp Callable Fixed Coupon Notes 19.11.2021 Repayment cash or physical</desc>
        <issueCcy>USD</issueCcy>
        <issueDate>2021-05-19</issueDate>
        <latestPrc ccy="USD">100.0</latestPrc>
        <latestPrcDate>2021-05-03</latestPrcDate>
        <prcFactor>.01</prcFactor>
        <asstBondDetails>
          <matDate>2021-11-29</matDate>
          <intRate>10.0</intRate>
          <intFreq>12</intFreq>
          <intDate>2021-06-28</intDate>
          <intCcy>USD</intCcy>
        </asstBondDetails>
      </asstDetail>
    </hldId>
    <effDt>2021-05-05</effDt>
    <settleDt>2021-05-19</settleDt>
    <qty>300000</qty>
    <prc ccy="USD">100</prc>
    <grTrdAmt ccy="USD">297000</grTrdAmt>
    <grAmt ccy="USD">300000</grAmt>
    <netAmt ccy="USD">300000</netAmt>
  </hldCpt1><hldCpt2 amtScheme="m2">
    <hldId>
      <ptfl>83663293.6000</ptfl>
      <ctlrOwnr>83663293</ctlrOwnr>
      <ctlrAcct>83663293.4000/USD/KK</ctlrAcct>
      <ccy>USD</ccy>
      <asst>USD</asst>
      <asstIDs>
        <asstRef refType="CURRENCY">USD</asstRef>
      </asstIDs>
    </hldId>
    <effDt>2021-05-05</effDt>
    <grAmt ccy="USD">-300000</grAmt>
    <netAmt ccy="USD">-300000</netAmt>
  </hldCpt2></M001><M001><tkn /><m2xmlReleaseNo>020</m2xmlReleaseNo><mvmtHdr mvmtTp="DIV">
    <cmt>Dividend Cash 12,000 ISIN IE00BG7PJ914 @ 0.033 EUR</cmt>
  </mvmtHdr><mvmtSrc>
    <ctlr>lghths-sg</ctlr>
    <ctlrMvmtRef>707796738</ctlrMvmtRef>
    <srcRecType>Cash Transaction</srcRecType>
    <srcTransType>Dividend Cash</srcTransType>
  </mvmtSrc><extSys>
    <extSysID>SAR</extSysID>
    <extSysRef>707796738</extSysRef>
  </extSys><hldCpt1 amtScheme="m2">
    <hldId>
      <ptfl>83677193.6000</ptfl>
      <ctlrOwnr>83677193</ctlrOwnr>
      <ctlrAcct>83677193.6000</ctlrAcct>
      <ownrRefCcy>USD</ownrRefCcy>
      <ccy>EUR</ccy>
      <asst>IE00BG7PJ914</asst>
      <asstIDs>
        <asstRef refType="ISIN">IE00BG7PJ914</asstRef>
        <asstRef refType="Valor">45464924</asstRef>
        <asstRef refType="SARA">000137710631</asstRef>
      </asstIDs>
      <asstDetail>
        <isin>IE00BG7PJ914</isin>
        <type>Fund</type>
        <cntry>IE/Ireland</cntry>
        <desc>Barings Investment Funds Plc- Europe Select (EUR) -B- Unhedged Distribution</desc>
        <issueCcy>EUR</issueCcy>
        <latestPrc ccy="EUR">59.36</latestPrc>
        <latestPrcDate>2021-05-19</latestPrcDate>
        <prcFactor>1</prcFactor>
      </asstDetail>
    </hldId>
    <effDt>2021-05-19</effDt>
    <settleDt>2021-05-18</settleDt>
    <qty>12000</qty>
    <grDivPerShare ccy="EUR">0.03261</grDivPerShare>
    <netDivPerShare ccy="EUR">0.03261</netDivPerShare>
    <grAmt ccy="EUR">391.32</grAmt>
    <netAmt ccy="EUR">391.32</netAmt>
  </hldCpt1><hldCpt2 amtScheme="m2">
    <hldId>
      <ptfl>83677193.6000</ptfl>
      <ctlrOwnr>83677193</ctlrOwnr>
      <ctlrAcct>83677193.4001/EUR/KK</ctlrAcct>
      <ccy>EUR</ccy>
      <asst>EUR</asst>
      <asstIDs>
        <asstRef refType="CURRENCY">EUR</asstRef>
      </asstIDs>
    </hldId>
    <effDt>2021-05-19</effDt>
    <grAmt ccy="EUR">391.32</grAmt>
    <netAmt ccy="EUR">391.32</netAmt>
  </hldCpt2></M001></m2:M006>
