<?xml version="1.0" encoding="UTF-8"?>
<m2:M006 xmlns:m2="http://www.mym2.com" xmlns:xsi="http://www.w3.org/2001/XMLSchema-instance" xsi:schemaLocation="http://www.mym2.com http://www.mym2.com/schemas/M2RequestSchema.xsd"><M001><tkn /><m2xmlReleaseNo>020</m2xmlReleaseNo><mvmtHdr mvmtTp="AIN">
    <cmt>Assignment 5 SARA 000141052670</cmt>
  </mvmtHdr><mvmtSrc>
    <ctlr>lghths-sg</ctlr>
    <ctlrMvmtRef>681522134</ctlrMvmtRef>
    <srcRecType>Security Transaction</srcRecType>
    <srcTransType>Assignment</srcTransType>
  </mvmtSrc><extSys>
    <extSysID>SAR</extSysID>
    <extSysRef>681522134</extSysRef>
  </extSys><hldCpt1 amtScheme="m2">
    <hldId>
      <ptfl>83663279.6000</ptfl>
      <ctlrOwnr>83663279</ctlrOwnr>
      <ctlrAcct>83663279.6000</ctlrAcct>
      <ownrRefCcy>USD</ownrRefCcy>
      <ccy>USD</ccy>
      <asst>000141052670</asst>
      <asstIDs>
        <asstRef refType="SARA">000141052670</asstRef>
      </asstIDs>
      <asstDetail>
        <type>Option</type>
        <cntry>US/United States of America</cntry>
        <desc>Berkshire Hathaway Inc Call 15.01.2021 225 (BRK/B US)</desc>
        <issueCcy>USD</issueCcy>
        <latestPrc ccy="USD">8.44</latestPrc>
        <latestPrcDate>2021-01-15</latestPrcDate>
        <prcFactor>100</prcFactor>
        <asstDerivDetails>
          <contractSize>100</contractSize>
          <strike>225</strike>
          <expDate>2021-01-15</expDate>
          <putCallInd>C</putCallInd>
          <underlyingAsstIDs>
            <asstRef refType="ISIN">US0846707026</asstRef>
          </underlyingAsstIDs>
          <underlyingAsstDesc>Berkshire Hathaway Inc -B-</underlyingAsstDesc>
          <underlyingAsstType>Share</underlyingAsstType>
          <longShortInd>S</longShortInd>
        </asstDerivDetails>
      </asstDetail>
    </hldId>
    <effDt>2021-01-15</effDt>
    <settleDt>2021-01-20</settleDt>
    <qty>5</qty>
    <prc ccy="USD">0</prc>
    <grTrdAmt ccy="USD">0</grTrdAmt>
    <grAmt ccy="USD">0</grAmt>
    <netAmt ccy="USD">0</netAmt>
  </hldCpt1></M001><M001><tkn /><m2xmlReleaseNo>020</m2xmlReleaseNo><mvmtHdr mvmtTp="SEL">
    <cmt>Assignment 1,000 ISIN US30303M1027</cmt>
  </mvmtHdr><mvmtSrc>
    <ctlr>lghths-sg</ctlr>
    <ctlrMvmtRef>681522354</ctlrMvmtRef>
    <srcRecType>Security Transaction</srcRecType>
    <srcTransType>Assignment</srcTransType>
  </mvmtSrc><extSys>
    <extSysID>SAR</extSysID>
    <extSysRef>681522354</extSysRef>
  </extSys><hldCpt1 amtScheme="m2">
    <hldId>
      <ptfl>83663279.6000</ptfl>
      <ctlrOwnr>83663279</ctlrOwnr>
      <ctlrAcct>83663279.6000</ctlrAcct>
      <ownrRefCcy>USD</ownrRefCcy>
      <ccy>USD</ccy>
      <asst>US30303M1027</asst>
      <asstIDs>
        <asstRef refType="ISIN">US30303M1027</asstRef>
        <asstRef refType="Valor">14917609</asstRef>
        <asstRef refType="Bloomberg">FB US</asstRef>
        <asstRef refType="SARA">000031299007</asstRef>
      </asstIDs>
      <asstDetail>
        <isin>US30303M1027</isin>
        <type>Share</type>
        <cntry>US/United States of America</cntry>
        <desc>Facebook Inc -A-</desc>
        <issueCcy>USD</issueCcy>
        <latestPrc ccy="USD">251.36</latestPrc>
        <latestPrcDate>2021-01-15</latestPrcDate>
        <prcFactor>1</prcFactor>
      </asstDetail>
    </hldId>
    <effDt>2021-01-15</effDt>
    <settleDt>2021-01-20</settleDt>
    <qty>-1000</qty>
    <prc ccy="USD">240</prc>
    <grTrdAmt ccy="USD">-240000</grTrdAmt>
    <grAmt ccy="USD">-240000</grAmt>
    <netAmt ccy="USD">-239969.69</netAmt>
  </hldCpt1><hldCpt2 amtScheme="m2">
    <hldId>
      <ptfl>83663279.6000</ptfl>
      <ctlrOwnr>83663279</ctlrOwnr>
      <ctlrAcct>83663279.4000/USD/KK</ctlrAcct>
      <ccy>USD</ccy>
      <asst>USD</asst>
      <asstIDs>
        <asstRef refType="CURRENCY">USD</asstRef>
      </asstIDs>
    </hldId>
    <effDt>2021-01-15</effDt>
    <grAmt ccy="USD">239969.69</grAmt>
    <netAmt ccy="USD">239969.69</netAmt>
  </hldCpt2><chrgGp amtScheme="m2">
    <chrgCpt>
      <ctgy>FOR</ctgy>
      <ctgyAmt ccy="USD">-30.31</ctgyAmt>
      <chrgDesc>Foreign Charges</chrgDesc>
    </chrgCpt>
  </chrgGp></M001><M001><tkn /><m2xmlReleaseNo>020</m2xmlReleaseNo><mvmtHdr mvmtTp="AIN">
    <cmt>Assignment 10 SARA 000139234337</cmt>
  </mvmtHdr><mvmtSrc>
    <ctlr>lghths-sg</ctlr>
    <ctlrMvmtRef>681522354</ctlrMvmtRef>
    <srcRecType>Security Transaction</srcRecType>
    <srcTransType>Assignment</srcTransType>
  </mvmtSrc><extSys>
    <extSysID>SAR</extSysID>
    <extSysRef>681522354</extSysRef>
  </extSys><hldCpt1 amtScheme="m2">
    <hldId>
      <ptfl>83663279.6000</ptfl>
      <ctlrOwnr>83663279</ctlrOwnr>
      <ctlrAcct>83663279.6000</ctlrAcct>
      <ownrRefCcy>USD</ownrRefCcy>
      <ccy>USD</ccy>
      <asst>000139234337</asst>
      <asstIDs>
        <asstRef refType="SARA">000139234337</asstRef>
      </asstIDs>
      <asstDetail>
        <type>Option</type>
        <cntry>US/United States of America</cntry>
        <desc>Facebook Inc Call 15.01.2021 240 (FB US)</desc>
        <issueCcy>USD</issueCcy>
        <latestPrc ccy="USD">11.55</latestPrc>
        <latestPrcDate>2021-01-15</latestPrcDate>
        <prcFactor>100</prcFactor>
        <asstDerivDetails>
          <contractSize>100</contractSize>
          <strike>240</strike>
          <expDate>2021-01-15</expDate>
          <putCallInd>C</putCallInd>
          <underlyingAsstIDs>
            <asstRef refType="ISIN">US30303M1027</asstRef>
          </underlyingAsstIDs>
          <underlyingAsstDesc>Facebook Inc -A-</underlyingAsstDesc>
          <underlyingAsstType>Share</underlyingAsstType>
          <longShortInd>S</longShortInd>
        </asstDerivDetails>
      </asstDetail>
    </hldId>
    <effDt>2021-01-15</effDt>
    <settleDt>2021-01-20</settleDt>
    <qty>10</qty>
    <prc ccy="USD">0</prc>
    <grTrdAmt ccy="USD">0</grTrdAmt>
    <grAmt ccy="USD">0</grAmt>
    <netAmt ccy="USD">0</netAmt>
  </hldCpt1></M001><M001><tkn /><m2xmlReleaseNo>020</m2xmlReleaseNo><mvmtHdr mvmtTp="SEL">
    <cmt>Assignment 500 ISIN US0846707026</cmt>
  </mvmtHdr><mvmtSrc>
    <ctlr>lghths-sg</ctlr>
    <ctlrMvmtRef>681522134</ctlrMvmtRef>
    <srcRecType>Security Transaction</srcRecType>
    <srcTransType>Assignment</srcTransType>
  </mvmtSrc><extSys>
    <extSysID>SAR</extSysID>
    <extSysRef>681522134</extSysRef>
  </extSys><hldCpt1 amtScheme="m2">
    <hldId>
      <ptfl>83663279.6000</ptfl>
      <ctlrOwnr>83663279</ctlrOwnr>
      <ctlrAcct>83663279.6000</ctlrAcct>
      <ownrRefCcy>USD</ownrRefCcy>
      <ccy>USD</ccy>
      <asst>US0846707026</asst>
      <asstIDs>
        <asstRef refType="ISIN">US0846707026</asstRef>
        <asstRef refType="Valor">10926529</asstRef>
        <asstRef refType="Bloomberg">BRK/B US</asstRef>
        <asstRef refType="SARA">000025610650</asstRef>
      </asstIDs>
      <asstDetail>
        <isin>US0846707026</isin>
        <type>Share</type>
        <cntry>US/United States of America</cntry>
        <desc>Berkshire Hathaway Inc -B-</desc>
        <issueCcy>USD</issueCcy>
        <latestPrc ccy="USD">233.49</latestPrc>
        <latestPrcDate>2021-01-15</latestPrcDate>
        <prcFactor>1</prcFactor>
      </asstDetail>
    </hldId>
    <effDt>2021-01-15</effDt>
    <settleDt>2021-01-20</settleDt>
    <qty>-500</qty>
    <prc ccy="USD">225</prc>
    <grTrdAmt ccy="USD">-112500</grTrdAmt>
    <grAmt ccy="USD">-112500</grAmt>
    <netAmt ccy="USD">-112472.51</netAmt>
  </hldCpt1><hldCpt2 amtScheme="m2">
    <hldId>
      <ptfl>83663279.6000</ptfl>
      <ctlrOwnr>83663279</ctlrOwnr>
      <ctlrAcct>83663279.4000/USD/KK</ctlrAcct>
      <ccy>USD</ccy>
      <asst>USD</asst>
      <asstIDs>
        <asstRef refType="CURRENCY">USD</asstRef>
      </asstIDs>
    </hldId>
    <effDt>2021-01-15</effDt>
    <grAmt ccy="USD">112472.51</grAmt>
    <netAmt ccy="USD">112472.51</netAmt>
  </hldCpt2><chrgGp amtScheme="m2">
    <chrgCpt>
      <ctgy>FOR</ctgy>
      <ctgyAmt ccy="USD">-27.49</ctgyAmt>
      <chrgDesc>Foreign Charges</chrgDesc>
    </chrgCpt>
  </chrgGp></M001><M001><tkn /><m2xmlReleaseNo>020</m2xmlReleaseNo><mvmtHdr mvmtTp="SEL">
    <cmt>Assignment 300 ISIN US40415F1012</cmt>
  </mvmtHdr><mvmtSrc>
    <ctlr>lghths-sg</ctlr>
    <ctlrMvmtRef>681522479</ctlrMvmtRef>
    <srcRecType>Security Transaction</srcRecType>
    <srcTransType>Assignment</srcTransType>
  </mvmtSrc><extSys>
    <extSysID>SAR</extSysID>
    <extSysRef>681522479</extSysRef>
  </extSys><hldCpt1 amtScheme="m2">
    <hldId>
      <ptfl>83663279.6000</ptfl>
      <ctlrOwnr>83663279</ctlrOwnr>
      <ctlrAcct>83663279.6000</ctlrAcct>
      <ownrRefCcy>USD</ownrRefCcy>
      <ccy>USD</ccy>
      <asst>US40415F1012</asst>
      <asstIDs>
        <asstRef refType="ISIN">US40415F1012</asstRef>
        <asstRef refType="Valor">1266337</asstRef>
        <asstRef refType="Bloomberg">HDB US</asstRef>
        <asstRef refType="SARA">000021362947</asstRef>
      </asstIDs>
      <asstDetail>
        <isin>US40415F1012</isin>
        <type>Share</type>
        <cntry>IN/India</cntry>
        <desc>HDFC Bank Ltd -ADR- (3 Shs)</desc>
        <issueCcy>USD</issueCcy>
        <latestPrc ccy="USD">74.88</latestPrc>
        <latestPrcDate>2021-01-15</latestPrcDate>
        <prcFactor>1</prcFactor>
      </asstDetail>
    </hldId>
    <effDt>2021-01-15</effDt>
    <settleDt>2021-01-20</settleDt>
    <qty>-300</qty>
    <prc ccy="USD">50</prc>
    <grTrdAmt ccy="USD">-15000</grTrdAmt>
    <grAmt ccy="USD">-15000</grAmt>
    <netAmt ccy="USD">-14974.66</netAmt>
  </hldCpt1><hldCpt2 amtScheme="m2">
    <hldId>
      <ptfl>83663279.6000</ptfl>
      <ctlrOwnr>83663279</ctlrOwnr>
      <ctlrAcct>83663279.4000/USD/KK</ctlrAcct>
      <ccy>USD</ccy>
      <asst>USD</asst>
      <asstIDs>
        <asstRef refType="CURRENCY">USD</asstRef>
      </asstIDs>
    </hldId>
    <effDt>2021-01-15</effDt>
    <grAmt ccy="USD">14974.66</grAmt>
    <netAmt ccy="USD">14974.66</netAmt>
  </hldCpt2><chrgGp amtScheme="m2">
    <chrgCpt>
      <ctgy>FOR</ctgy>
      <ctgyAmt ccy="USD">-25.34</ctgyAmt>
      <chrgDesc>Foreign Charges</chrgDesc>
    </chrgCpt>
  </chrgGp></M001><M001><tkn /><m2xmlReleaseNo>020</m2xmlReleaseNo><mvmtHdr mvmtTp="AIN">
    <cmt>Assignment 3 SARA 000141052673</cmt>
  </mvmtHdr><mvmtSrc>
    <ctlr>lghths-sg</ctlr>
    <ctlrMvmtRef>681522479</ctlrMvmtRef>
    <srcRecType>Security Transaction</srcRecType>
    <srcTransType>Assignment</srcTransType>
  </mvmtSrc><extSys>
    <extSysID>SAR</extSysID>
    <extSysRef>681522479</extSysRef>
  </extSys><hldCpt1 amtScheme="m2">
    <hldId>
      <ptfl>83663279.6000</ptfl>
      <ctlrOwnr>83663279</ctlrOwnr>
      <ctlrAcct>83663279.6000</ctlrAcct>
      <ownrRefCcy>USD</ownrRefCcy>
      <ccy>USD</ccy>
      <asst>000141052673</asst>
      <asstIDs>
        <asstRef refType="SARA">000141052673</asstRef>
      </asstIDs>
      <asstDetail>
        <type>Option</type>
        <cntry>US/United States of America</cntry>
        <desc>HDFC Bank Ltd Call 15.01.2021 50 (HDB US)</desc>
        <issueCcy>USD</issueCcy>
        <latestPrc ccy="USD">24.30</latestPrc>
        <latestPrcDate>2021-01-13</latestPrcDate>
        <prcFactor>100</prcFactor>
        <asstDerivDetails>
          <contractSize>100</contractSize>
          <strike>50</strike>
          <expDate>2021-01-15</expDate>
          <putCallInd>C</putCallInd>
          <underlyingAsstIDs>
            <asstRef refType="ISIN">US40415F1012</asstRef>
          </underlyingAsstIDs>
          <underlyingAsstDesc>HDFC Bank Ltd -ADR- (3 Shs)</underlyingAsstDesc>
          <underlyingAsstType>Share</underlyingAsstType>
          <longShortInd>S</longShortInd>
        </asstDerivDetails>
      </asstDetail>
    </hldId>
    <effDt>2021-01-15</effDt>
    <settleDt>2021-01-20</settleDt>
    <qty>3</qty>
    <prc ccy="USD">0</prc>
    <grTrdAmt ccy="USD">0</grTrdAmt>
    <grAmt ccy="USD">0</grAmt>
    <netAmt ccy="USD">0</netAmt>
  </hldCpt1></M001><M001><tkn /><m2xmlReleaseNo>020</m2xmlReleaseNo><mvmtHdr mvmtTp="AIN">
    <cmt>Option Expiry 1 SARA 000141080710</cmt>
  </mvmtHdr><mvmtSrc>
    <ctlr>lghths-sg</ctlr>
    <ctlrMvmtRef>681593343</ctlrMvmtRef>
    <srcRecType>Security Transaction</srcRecType>
    <srcTransType>Option Expiry</srcTransType>
  </mvmtSrc><extSys>
    <extSysID>SAR</extSysID>
    <extSysRef>681593343</extSysRef>
  </extSys><hldCpt1 amtScheme="m2">
    <hldId>
      <ptfl>83663279.6000</ptfl>
      <ctlrOwnr>83663279</ctlrOwnr>
      <ctlrAcct>83663279.6000</ctlrAcct>
      <ownrRefCcy>USD</ownrRefCcy>
      <ccy>USD</ccy>
      <asst>000141080710</asst>
      <asstIDs>
        <asstRef refType="SARA">000141080710</asstRef>
      </asstIDs>
      <asstDetail>
        <type>Option</type>
        <cntry>US/United States of America</cntry>
        <desc>Alphabet Inc Call 15.01.2021 1900 (GOOG US)</desc>
        <issueCcy>USD</issueCcy>
        <latestPrc ccy="USD">0.04</latestPrc>
        <latestPrcDate>2021-01-15</latestPrcDate>
        <prcFactor>100</prcFactor>
        <asstDerivDetails>
          <contractSize>100</contractSize>
          <strike>1900</strike>
          <expDate>2021-01-15</expDate>
          <putCallInd>C</putCallInd>
          <underlyingAsstIDs>
            <asstRef refType="ISIN">US02079K1079</asstRef>
          </underlyingAsstIDs>
          <underlyingAsstDesc>Alphabet Inc -C-</underlyingAsstDesc>
          <underlyingAsstType>Share</underlyingAsstType>
          <longShortInd>S</longShortInd>
        </asstDerivDetails>
      </asstDetail>
    </hldId>
    <effDt>2021-01-19</effDt>
    <settleDt>2021-01-15</settleDt>
    <qty>1</qty>
    <prc ccy="USD">0</prc>
    <grTrdAmt ccy="USD">0</grTrdAmt>
    <grAmt ccy="USD">0</grAmt>
    <netAmt ccy="USD">0</netAmt>
  </hldCpt1></M001><M001><tkn /><m2xmlReleaseNo>020</m2xmlReleaseNo><mvmtHdr mvmtTp="SEL">
    <cmt>Assignment 1,000 ISIN US0153511094</cmt>
  </mvmtHdr><mvmtSrc>
    <ctlr>lghths-sg</ctlr>
    <ctlrMvmtRef>681521839</ctlrMvmtRef>
    <srcRecType>Security Transaction</srcRecType>
    <srcTransType>Assignment</srcTransType>
  </mvmtSrc><extSys>
    <extSysID>SAR</extSysID>
    <extSysRef>681521839</extSysRef>
  </extSys><hldCpt1 amtScheme="m2">
    <hldId>
      <ptfl>83663279.6000</ptfl>
      <ctlrOwnr>83663279</ctlrOwnr>
      <ctlrAcct>83663279.6000</ctlrAcct>
      <ownrRefCcy>USD</ownrRefCcy>
      <ccy>USD</ccy>
      <asst>US0153511094</asst>
      <asstIDs>
        <asstRef refType="ISIN">US0153511094</asstRef>
        <asstRef refType="Valor">440290</asstRef>
        <asstRef refType="SARA">000026251317</asstRef>
      </asstIDs>
      <asstDetail>
        <isin>US0153511094</isin>
        <type>Share</type>
        <cntry>US/United States of America</cntry>
        <desc>Alexion Pharmaceuticals Inc</desc>
        <issueCcy>USD</issueCcy>
        <latestPrc ccy="USD">156.70</latestPrc>
        <latestPrcDate>2021-01-15</latestPrcDate>
        <prcFactor>1</prcFactor>
      </asstDetail>
    </hldId>
    <effDt>2021-01-15</effDt>
    <settleDt>2021-01-20</settleDt>
    <qty>-1000</qty>
    <prc ccy="USD">130</prc>
    <grTrdAmt ccy="USD">-130000</grTrdAmt>
    <grAmt ccy="USD">-130000</grAmt>
    <netAmt ccy="USD">-129980.46</netAmt>
  </hldCpt1><hldCpt2 amtScheme="m2">
    <hldId>
      <ptfl>83663279.6000</ptfl>
      <ctlrOwnr>83663279</ctlrOwnr>
      <ctlrAcct>83663279.4000/USD/KK</ctlrAcct>
      <ccy>USD</ccy>
      <asst>USD</asst>
      <asstIDs>
        <asstRef refType="CURRENCY">USD</asstRef>
      </asstIDs>
    </hldId>
    <effDt>2021-01-15</effDt>
    <grAmt ccy="USD">129980.46</grAmt>
    <netAmt ccy="USD">129980.46</netAmt>
  </hldCpt2><chrgGp amtScheme="m2">
    <chrgCpt>
      <ctgy>FOR</ctgy>
      <ctgyAmt ccy="USD">-19.54</ctgyAmt>
      <chrgDesc>Foreign Charges</chrgDesc>
    </chrgCpt>
  </chrgGp></M001><M001><tkn /><m2xmlReleaseNo>020</m2xmlReleaseNo><mvmtHdr mvmtTp="AIN">
    <cmt>Assignment 10 SARA 000141427538</cmt>
  </mvmtHdr><mvmtSrc>
    <ctlr>lghths-sg</ctlr>
    <ctlrMvmtRef>681521839</ctlrMvmtRef>
    <srcRecType>Security Transaction</srcRecType>
    <srcTransType>Assignment</srcTransType>
  </mvmtSrc><extSys>
    <extSysID>SAR</extSysID>
    <extSysRef>681521839</extSysRef>
  </extSys><hldCpt1 amtScheme="m2">
    <hldId>
      <ptfl>83663279.6000</ptfl>
      <ctlrOwnr>83663279</ctlrOwnr>
      <ctlrAcct>83663279.6000</ctlrAcct>
      <ownrRefCcy>USD</ownrRefCcy>
      <ccy>USD</ccy>
      <asst>000141427538</asst>
      <asstIDs>
        <asstRef refType="SARA">000141427538</asstRef>
      </asstIDs>
      <asstDetail>
        <type>Option</type>
        <cntry>US/United States of America</cntry>
        <desc>Alexion Pharmaceuticals Inc Call 15.01.2021 130 (ALXN US)</desc>
        <issueCcy>USD</issueCcy>
        <latestPrc ccy="USD">26.00</latestPrc>
        <latestPrcDate>2021-01-15</latestPrcDate>
        <prcFactor>100</prcFactor>
        <asstDerivDetails>
          <contractSize>100</contractSize>
          <strike>130</strike>
          <expDate>2021-01-15</expDate>
          <putCallInd>C</putCallInd>
          <underlyingAsstIDs>
            <asstRef refType="ISIN">US0153511094</asstRef>
          </underlyingAsstIDs>
          <underlyingAsstDesc>Alexion Pharmaceuticals Inc</underlyingAsstDesc>
          <underlyingAsstType>Share</underlyingAsstType>
          <longShortInd>S</longShortInd>
        </asstDerivDetails>
      </asstDetail>
    </hldId>
    <effDt>2021-01-15</effDt>
    <settleDt>2021-01-20</settleDt>
    <qty>10</qty>
    <prc ccy="USD">0</prc>
    <grTrdAmt ccy="USD">0</grTrdAmt>
    <grAmt ccy="USD">0</grAmt>
    <netAmt ccy="USD">0</netAmt>
  </hldCpt1></M001><M001><tkn /><m2xmlReleaseNo>020</m2xmlReleaseNo><mvmtHdr mvmtTp="AIN">
    <cmt>Option Expiry 20 SARA 000141264190</cmt>
  </mvmtHdr><mvmtSrc>
    <ctlr>lghths-sg</ctlr>
    <ctlrMvmtRef>681593362</ctlrMvmtRef>
    <srcRecType>Security Transaction</srcRecType>
    <srcTransType>Option Expiry</srcTransType>
  </mvmtSrc><extSys>
    <extSysID>SAR</extSysID>
    <extSysRef>681593362</extSysRef>
  </extSys><hldCpt1 amtScheme="m2">
    <hldId>
      <ptfl>83663293.6000</ptfl>
      <ctlrOwnr>83663293</ctlrOwnr>
      <ctlrAcct>83663293.6000</ctlrAcct>
      <ownrRefCcy>USD</ownrRefCcy>
      <ccy>USD</ccy>
      <asst>000141264190</asst>
      <asstIDs>
        <asstRef refType="SARA">000141264190</asstRef>
      </asstIDs>
      <asstDetail>
        <type>Option</type>
        <cntry>US/United States of America</cntry>
        <desc>Enphase Energy Inc Put 15.01.2021 47.5 (ENPH US)</desc>
        <issueCcy>USD</issueCcy>
        <latestPrc ccy="USD">0.02</latestPrc>
        <latestPrcDate>2020-12-11</latestPrcDate>
        <prcFactor>100</prcFactor>
        <asstDerivDetails>
          <contractSize>100</contractSize>
          <strike>47.5</strike>
          <expDate>2021-01-15</expDate>
          <putCallInd>P</putCallInd>
          <underlyingAsstIDs>
            <asstRef refType="ISIN">US29355A1079</asstRef>
          </underlyingAsstIDs>
          <underlyingAsstDesc>Enphase Energy Inc</underlyingAsstDesc>
          <underlyingAsstType>Share</underlyingAsstType>
          <longShortInd>S</longShortInd>
        </asstDerivDetails>
      </asstDetail>
    </hldId>
    <effDt>2021-01-19</effDt>
    <settleDt>2021-01-15</settleDt>
    <qty>20</qty>
    <prc ccy="USD">0</prc>
    <grTrdAmt ccy="USD">0</grTrdAmt>
    <grAmt ccy="USD">0</grAmt>
    <netAmt ccy="USD">0</netAmt>
  </hldCpt1></M001><M001><tkn /><m2xmlReleaseNo>020</m2xmlReleaseNo><mvmtHdr mvmtTp="AIN">
    <cmt>Option Expiry 10 SARA 000139717797</cmt>
  </mvmtHdr><mvmtSrc>
    <ctlr>lghths-sg</ctlr>
    <ctlrMvmtRef>681593199</ctlrMvmtRef>
    <srcRecType>Security Transaction</srcRecType>
    <srcTransType>Option Expiry</srcTransType>
  </mvmtSrc><extSys>
    <extSysID>SAR</extSysID>
    <extSysRef>681593199</extSysRef>
  </extSys><hldCpt1 amtScheme="m2">
    <hldId>
      <ptfl>83663293.6000</ptfl>
      <ctlrOwnr>83663293</ctlrOwnr>
      <ctlrAcct>83663293.6000</ctlrAcct>
      <ownrRefCcy>USD</ownrRefCcy>
      <ccy>USD</ccy>
      <asst>000139717797</asst>
      <asstIDs>
        <asstRef refType="SARA">000139717797</asstRef>
      </asstIDs>
      <asstDetail>
        <type>Option</type>
        <cntry>US/United States of America</cntry>
        <desc>Microsoft Corp Put 15.01.2021 190 (MSFT US)</desc>
        <issueCcy>USD</issueCcy>
        <latestPrc ccy="USD">0.01</latestPrc>
        <latestPrcDate>2021-01-15</latestPrcDate>
        <prcFactor>100</prcFactor>
        <asstDerivDetails>
          <contractSize>100</contractSize>
          <strike>190</strike>
          <expDate>2021-01-15</expDate>
          <putCallInd>P</putCallInd>
          <underlyingAsstIDs>
            <asstRef refType="ISIN">US5949181045</asstRef>
          </underlyingAsstIDs>
          <underlyingAsstDesc>Microsoft Corp</underlyingAsstDesc>
          <underlyingAsstType>Share</underlyingAsstType>
          <longShortInd>S</longShortInd>
        </asstDerivDetails>
      </asstDetail>
    </hldId>
    <effDt>2021-01-19</effDt>
    <settleDt>2021-01-15</settleDt>
    <qty>10</qty>
    <prc ccy="USD">0</prc>
    <grTrdAmt ccy="USD">0</grTrdAmt>
    <grAmt ccy="USD">0</grAmt>
    <netAmt ccy="USD">0</netAmt>
  </hldCpt1></M001><M001><tkn /><m2xmlReleaseNo>020</m2xmlReleaseNo><mvmtHdr mvmtTp="AIN">
    <cmt>Option Expiry 10 SARA 000141679589</cmt>
  </mvmtHdr><mvmtSrc>
    <ctlr>lghths-sg</ctlr>
    <ctlrMvmtRef>681593415</ctlrMvmtRef>
    <srcRecType>Security Transaction</srcRecType>
    <srcTransType>Option Expiry</srcTransType>
  </mvmtSrc><extSys>
    <extSysID>SAR</extSysID>
    <extSysRef>681593415</extSysRef>
  </extSys><hldCpt1 amtScheme="m2">
    <hldId>
      <ptfl>83663293.6000</ptfl>
      <ctlrOwnr>83663293</ctlrOwnr>
      <ctlrAcct>83663293.6000</ctlrAcct>
      <ownrRefCcy>USD</ownrRefCcy>
      <ccy>USD</ccy>
      <asst>000141679589</asst>
      <asstIDs>
        <asstRef refType="SARA">000141679589</asstRef>
      </asstIDs>
      <asstDetail>
        <type>Option</type>
        <cntry>US/United States of America</cntry>
        <desc>Alibaba Group Holding Ltd Put 15.01.2021 240 (BABA US)</desc>
        <issueCcy>USD</issueCcy>
        <latestPrc ccy="USD">0.01</latestPrc>
        <latestPrcDate>2021-01-15</latestPrcDate>
        <prcFactor>100</prcFactor>
        <asstDerivDetails>
          <contractSize>100</contractSize>
          <strike>240</strike>
          <expDate>2021-01-15</expDate>
          <putCallInd>P</putCallInd>
          <underlyingAsstIDs>
            <asstRef refType="ISIN">US01609W1027</asstRef>
          </underlyingAsstIDs>
          <underlyingAsstDesc>Alibaba Group Holding Ltd -ADS- (8 Shs)</underlyingAsstDesc>
          <underlyingAsstType>Share</underlyingAsstType>
          <longShortInd>S</longShortInd>
        </asstDerivDetails>
      </asstDetail>
    </hldId>
    <effDt>2021-01-19</effDt>
    <settleDt>2021-01-15</settleDt>
    <qty>10</qty>
    <prc ccy="USD">0</prc>
    <grTrdAmt ccy="USD">0</grTrdAmt>
    <grAmt ccy="USD">0</grAmt>
    <netAmt ccy="USD">0</netAmt>
  </hldCpt1></M001><M001><tkn /><m2xmlReleaseNo>020</m2xmlReleaseNo><mvmtHdr mvmtTp="AIN">
    <cmt>Option Expiry 30 SARA 000141797780</cmt>
  </mvmtHdr><mvmtSrc>
    <ctlr>lghths-sg</ctlr>
    <ctlrMvmtRef>681593427</ctlrMvmtRef>
    <srcRecType>Security Transaction</srcRecType>
    <srcTransType>Option Expiry</srcTransType>
  </mvmtSrc><extSys>
    <extSysID>SAR</extSysID>
    <extSysRef>681593427</extSysRef>
  </extSys><hldCpt1 amtScheme="m2">
    <hldId>
      <ptfl>83663293.6000</ptfl>
      <ctlrOwnr>83663293</ctlrOwnr>
      <ctlrAcct>83663293.6000</ctlrAcct>
      <ownrRefCcy>USD</ownrRefCcy>
      <ccy>USD</ccy>
      <asst>000141797780</asst>
      <asstIDs>
        <asstRef refType="SARA">000141797780</asstRef>
      </asstIDs>
      <asstDetail>
        <type>Option</type>
        <cntry>US/United States of America</cntry>
        <desc>Inmode Ltd Put 15.01.2021 35 (INMD US)</desc>
        <issueCcy>USD</issueCcy>
        <latestPrc ccy="USD">0.20</latestPrc>
        <latestPrcDate>2021-01-06</latestPrcDate>
        <prcFactor>100</prcFactor>
        <asstDerivDetails>
          <contractSize>100</contractSize>
          <strike>35</strike>
          <expDate>2021-01-15</expDate>
          <putCallInd>P</putCallInd>
          <underlyingAsstIDs>
            <asstRef refType="ISIN">IL0011595993</asstRef>
          </underlyingAsstIDs>
          <underlyingAsstDesc>InMode Ltd</underlyingAsstDesc>
          <underlyingAsstType>Share</underlyingAsstType>
          <longShortInd>S</longShortInd>
        </asstDerivDetails>
      </asstDetail>
    </hldId>
    <effDt>2021-01-19</effDt>
    <settleDt>2021-01-15</settleDt>
    <qty>30</qty>
    <prc ccy="USD">0</prc>
    <grTrdAmt ccy="USD">0</grTrdAmt>
    <grAmt ccy="USD">0</grAmt>
    <netAmt ccy="USD">0</netAmt>
  </hldCpt1></M001><M001><tkn /><m2xmlReleaseNo>020</m2xmlReleaseNo><mvmtHdr mvmtTp="SEL">
    <cmt>Opening Sell 10 SARA 000142240743 @ 5.38 USD</cmt>
  </mvmtHdr><mvmtSrc>
    <ctlr>lghths-sg</ctlr>
    <ctlrMvmtRef>681590715</ctlrMvmtRef>
    <srcRecType>Security Transaction</srcRecType>
    <srcTransType>Opening Sell</srcTransType>
  </mvmtSrc><extSys>
    <extSysID>SAR</extSysID>
    <extSysRef>681590715</extSysRef>
  </extSys><hldCpt1 amtScheme="m2">
    <hldId>
      <ptfl>83663293.6000</ptfl>
      <ctlrOwnr>83663293</ctlrOwnr>
      <ctlrAcct>83663293.6000</ctlrAcct>
      <ownrRefCcy>USD</ownrRefCcy>
      <ccy>USD</ccy>
      <asst>000142240743</asst>
      <asstIDs>
        <asstRef refType="SARA">000142240743</asstRef>
      </asstIDs>
      <asstDetail>
        <type>Option</type>
        <cntry>US/United States of America</cntry>
        <desc>Microsoft Corp Put 16.04.2021 195 (MSFT US)</desc>
        <issueCcy>USD</issueCcy>
        <latestPrc ccy="USD">5.65</latestPrc>
        <latestPrcDate>2021-01-15</latestPrcDate>
        <prcFactor>100</prcFactor>
        <asstDerivDetails>
          <contractSize>100</contractSize>
          <strike>195</strike>
          <expDate>2021-04-16</expDate>
          <putCallInd>P</putCallInd>
          <underlyingAsstIDs>
            <asstRef refType="ISIN">US5949181045</asstRef>
          </underlyingAsstIDs>
          <underlyingAsstDesc>Microsoft Corp</underlyingAsstDesc>
          <underlyingAsstType>Share</underlyingAsstType>
          <longShortInd>S</longShortInd>
        </asstDerivDetails>
      </asstDetail>
    </hldId>
    <effDt>2021-01-15</effDt>
    <settleDt>2021-01-19</settleDt>
    <qty>-10</qty>
    <prc ccy="USD">5.38</prc>
    <grTrdAmt ccy="USD">-5380</grTrdAmt>
    <grAmt ccy="USD">-5380</grAmt>
    <netAmt ccy="USD">-5166</netAmt>
  </hldCpt1><hldCpt2 amtScheme="m2">
    <hldId>
      <ptfl>83663293.6000</ptfl>
      <ctlrOwnr>83663293</ctlrOwnr>
      <ctlrAcct>83663293.4000/USD/KK</ctlrAcct>
      <ccy>USD</ccy>
      <asst>USD</asst>
      <asstIDs>
        <asstRef refType="CURRENCY">USD</asstRef>
      </asstIDs>
    </hldId>
    <effDt>2021-01-15</effDt>
    <grAmt ccy="USD">5166</grAmt>
    <netAmt ccy="USD">5166</netAmt>
  </hldCpt2><chrgGp amtScheme="m2">
    <chrgCpt>
      <ctgy>EXE</ctgy>
      <ctgyAmt ccy="USD">-200</ctgyAmt>
      <chrgDesc>Stex Commissions</chrgDesc>
    </chrgCpt>
    <chrgCpt>
      <ctgy>VAT</ctgy>
      <ctgyAmt ccy="USD">-14</ctgyAmt>
      <chrgDesc>VAT</chrgDesc>
    </chrgCpt>
  </chrgGp></M001><M001><tkn /><m2xmlReleaseNo>020</m2xmlReleaseNo><mvmtHdr mvmtTp="CTF">
    <cmt>Forex spot</cmt>
  </mvmtHdr><mvmtSrc>
    <ctlr>lghths-sg</ctlr>
    <ctlrMvmtRef>681716958</ctlrMvmtRef>
    <srcRecType>Cash Transaction</srcRecType>
    <srcTransType>Forex Spot</srcTransType>
  </mvmtSrc><extSys>
    <extSysID>SAR</extSysID>
    <extSysRef>681716958</extSysRef>
  </extSys><hldCpt1 amtScheme="m2">
    <hldId>
      <ptfl>83663279.6000</ptfl>
      <ctlrOwnr>83663279</ctlrOwnr>
      <ctlrAcct>83663279.4000/USD/KK</ctlrAcct>
      <ownrRefCcy>USD</ownrRefCcy>
      <ccy>USD</ccy>
      <asst>USD</asst>
      <asstIDs>
        <asstRef refType="CURRENCY">USD</asstRef>
      </asstIDs>
    </hldId>
    <effDt>2021-01-19</effDt>
    <settleDt>2021-01-20</settleDt>
    <grAmt ccy="USD">-4953.04</grAmt>
    <netAmt ccy="USD">-4953.04</netAmt>
  </hldCpt1><hldCpt2 amtScheme="m2">
    <hldId>
      <ptfl>83663279.6000</ptfl>
      <ctlrOwnr>83663279</ctlrOwnr>
      <ctlrAcct>83663279.4004/HKD/KK</ctlrAcct>
      <ccy>HKD</ccy>
      <asst>HKD</asst>
      <asstIDs>
        <asstRef refType="CURRENCY">HKD</asstRef>
      </asstIDs>
    </hldId>
    <effDt>2021-01-19</effDt>
    <settleDt>2021-01-20</settleDt>
    <grAmt ccy="HKD">38364.26</grAmt>
    <netAmt ccy="HKD">38364.26</netAmt>
  </hldCpt2></M001></m2:M006>
