<?xml version="1.0" encoding="UTF-8"?>
<m2:M006 xmlns:m2="http://www.mym2.com" xmlns:xsi="http://www.w3.org/2001/XMLSchema-instance" xsi:schemaLocation="http://www.mym2.com http://www.mym2.com/schemas/M2RequestSchema.xsd"><M001><tkn /><m2xmlReleaseNo>020</m2xmlReleaseNo><mvmtHdr mvmtTp="SEL">
    <cmt>Bond Redemption prior to Maturity 250,000 ISIN CH0588786894</cmt>
  </mvmtHdr><mvmtSrc>
    <ctlr>lghths-sg</ctlr>
    <ctlrMvmtRef>701496277</ctlrMvmtRef>
    <srcRecType>Security Transaction</srcRecType>
    <srcTransType>Bond Redemption prior to Maturity</srcTransType>
  </mvmtSrc><extSys>
    <extSysID>SAR</extSysID>
    <extSysRef>701496277</extSysRef>
  </extSys><hldCpt1 amtScheme="m2">
    <hldId>
      <ptfl>83663279.6000</ptfl>
      <ctlrOwnr>83663279</ctlrOwnr>
      <ctlrAcct>83663279.6000</ctlrAcct>
      <ownrRefCcy>USD</ownrRefCcy>
      <ccy>EUR</ccy>
      <asst>CH0588786894</asst>
      <asstIDs>
        <asstRef refType="ISIN">CH0588786894</asstRef>
        <asstRef refType="Valor">58878689</asstRef>
        <asstRef refType="SARA">000142770051</asstRef>
      </asstIDs>
      <asstDetail>
        <isin>CH0588786894</isin>
        <type>Bond</type>
        <cntry>NL/Netherlands</cntry>
        <desc>10% Raiffeisen Switzerland BV  Amsterdam Bayer AG Nam STR 43.0371 Orange SA STR 7.9657 Autocallable Fixed Coupon Notes 16.09.2021 Repayment cash or physical</desc>
        <issueCcy>EUR</issueCcy>
        <issueDate>2021-03-16</issueDate>
        <latestPrc ccy="EUR">100.30</latestPrc>
        <latestPrcDate>2021-04-16</latestPrcDate>
        <prcFactor>.01</prcFactor>
        <asstBondDetails>
          <matDate>2021-09-21</matDate>
          <intRate>0.0</intRate>
          <intFreq>12</intFreq>
          <intDate>2021-04-21</intDate>
          <intCcy>EUR</intCcy>
        </asstBondDetails>
      </asstDetail>
    </hldId>
    <effDt>2021-04-21</effDt>
    <settleDt>2021-04-21</settleDt>
    <qty>-250000</qty>
    <prc ccy="EUR">100</prc>
    <grTrdAmt ccy="EUR">-250000</grTrdAmt>
    <grAmt ccy="EUR">-250000</grAmt>
    <netAmt ccy="EUR">-250000</netAmt>
  </hldCpt1><hldCpt2 amtScheme="m2">
    <hldId>
      <ptfl>83663279.6000</ptfl>
      <ctlrOwnr>83663279</ctlrOwnr>
      <ctlrAcct>83663279.4003/EUR/KK</ctlrAcct>
      <ccy>EUR</ccy>
      <asst>EUR</asst>
      <asstIDs>
        <asstRef refType="CURRENCY">EUR</asstRef>
      </asstIDs>
    </hldId>
    <effDt>2021-04-21</effDt>
    <grAmt ccy="EUR">250000</grAmt>
    <netAmt ccy="EUR">250000</netAmt>
  </hldCpt2></M001><M001><tkn /><m2xmlReleaseNo>020</m2xmlReleaseNo><mvmtHdr mvmtTp="COU">
    <cmt>Interest 250,000 ISIN CH0588786894</cmt>
  </mvmtHdr><mvmtSrc>
    <ctlr>lghths-sg</ctlr>
    <ctlrMvmtRef>701496298</ctlrMvmtRef>
    <srcRecType>Cash Transaction</srcRecType>
    <srcTransType>Interest</srcTransType>
  </mvmtSrc><extSys>
    <extSysID>SAR</extSysID>
    <extSysRef>701496298</extSysRef>
  </extSys><hldCpt1 amtScheme="m2">
    <hldId>
      <ptfl>83663279.6000</ptfl>
      <ctlrOwnr>83663279</ctlrOwnr>
      <ctlrAcct>83663279.6000</ctlrAcct>
      <ownrRefCcy>USD</ownrRefCcy>
      <ccy>EUR</ccy>
      <asst>CH0588786894</asst>
      <asstIDs>
        <asstRef refType="ISIN">CH0588786894</asstRef>
        <asstRef refType="Valor">58878689</asstRef>
        <asstRef refType="SARA">000142770051</asstRef>
      </asstIDs>
      <asstDetail>
        <isin>CH0588786894</isin>
        <type>Bond</type>
        <cntry>NL/Netherlands</cntry>
        <desc>10% Raiffeisen Switzerland BV  Amsterdam Bayer AG Nam STR 43.0371 Orange SA STR 7.9657 Autocallable Fixed Coupon Notes 16.09.2021 Repayment cash or physical</desc>
        <issueCcy>EUR</issueCcy>
        <issueDate>2021-03-16</issueDate>
        <latestPrc ccy="EUR">100.30</latestPrc>
        <latestPrcDate>2021-04-16</latestPrcDate>
        <prcFactor>.01</prcFactor>
        <asstBondDetails>
          <matDate>2021-09-21</matDate>
          <intRate>0.0</intRate>
          <intFreq>12</intFreq>
          <intDate>2021-04-21</intDate>
          <intCcy>EUR</intCcy>
        </asstBondDetails>
      </asstDetail>
    </hldId>
    <effDt>2021-04-21</effDt>
    <settleDt>2021-04-21</settleDt>
    <qty>250000</qty>
    <grAmt ccy="EUR">2082.5</grAmt>
    <netAmt ccy="EUR">2082.5</netAmt>
  </hldCpt1><hldCpt2 amtScheme="m2">
    <hldId>
      <ptfl>83663279.6000</ptfl>
      <ctlrOwnr>83663279</ctlrOwnr>
      <ctlrAcct>83663279.4003/EUR/KK</ctlrAcct>
      <ccy>EUR</ccy>
      <asst>EUR</asst>
      <asstIDs>
        <asstRef refType="CURRENCY">EUR</asstRef>
      </asstIDs>
    </hldId>
    <effDt>2021-04-21</effDt>
    <grAmt ccy="EUR">2082.5</grAmt>
    <netAmt ccy="EUR">2082.5</netAmt>
  </hldCpt2></M001></m2:M006>
