<?xml version="1.0" encoding="UTF-8"?>
<m2:M006 xmlns:m2="http://www.mym2.com" xmlns:xsi="http://www.w3.org/2001/XMLSchema-instance" xsi:schemaLocation="http://www.mym2.com http://www.mym2.com/schemas/M2RequestSchema.xsd"><M001><tkn /><m2xmlReleaseNo>020</m2xmlReleaseNo><mvmtHdr mvmtTp="PMS">
    <cmt>Payment</cmt>
  </mvmtHdr><mvmtSrc>
    <ctlr>lghths-sg</ctlr>
    <ctlrMvmtRef>688367062</ctlrMvmtRef>
    <srcRecType>Cash Transaction</srcRecType>
    <srcTransType>Payment</srcTransType>
  </mvmtSrc><extSys>
    <extSysID>SAR</extSysID>
    <extSysRef>688367062</extSysRef>
  </extSys><hldCpt1 amtScheme="m2">
    <hldId>
      <ptfl>83676187.6000</ptfl>
      <ctlrOwnr>83676187</ctlrOwnr>
      <ctlrAcct>83676187.4000/USD/KK</ctlrAcct>
      <ownrRefCcy>USD</ownrRefCcy>
      <ccy>USD</ccy>
      <asst>USD</asst>
      <asstIDs>
        <asstRef refType="CURRENCY">USD</asstRef>
      </asstIDs>
    </hldId>
    <effDt>2021-02-23</effDt>
    <settleDt>2021-02-23</settleDt>
    <grAmt ccy="USD">-30000</grAmt>
    <netAmt ccy="USD">-30060</netAmt>
  </hldCpt1><chrgGp amtScheme="m2">
    <chrgCpt>
      <ctgy>OTF</ctgy>
      <ctgyAmt ccy="USD">-60</ctgyAmt>
      <chrgDesc>Payment Charges</chrgDesc>
    </chrgCpt>
  </chrgGp></M001><M001><tkn /><m2xmlReleaseNo>020</m2xmlReleaseNo><mvmtHdr mvmtTp="COU">
    <cmt>Interest</cmt>
  </mvmtHdr><mvmtSrc>
    <ctlr>lghths-sg</ctlr>
    <ctlrMvmtRef>688615237</ctlrMvmtRef>
    <srcRecType>Cash Transaction</srcRecType>
    <srcTransType>Interest</srcTransType>
  </mvmtSrc><extSys>
    <extSysID>SAR</extSysID>
    <extSysRef>688615237</extSysRef>
  </extSys><hldCpt1 amtScheme="m2">
    <hldId>
      <ptfl>83663293.6000</ptfl>
      <ctlrOwnr>83663293</ctlrOwnr>
      <ctlrAcct>83663293.6000</ctlrAcct>
      <ownrRefCcy>USD</ownrRefCcy>
      <ccy>USD</ccy>
      <asst>XS2062211359</asst>
      <asstIDs>
        <asstRef refType="ISIN">XS2062211359</asstRef>
        <asstRef refType="Valor">52268214</asstRef>
        <asstRef refType="SARA">000139486293</asstRef>
      </asstIDs>
      <asstDetail>
        <isin>XS2062211359</isin>
        <type>Bond</type>
        <cntry>GB/United Kingdom</cntry>
        <desc>8% Credit Suisse International HDFC Bank Ltd -ADR- / Infosys Ltd -ADR- / ICICI Bank -ADR- Callable Fixed Coupon Notes 16.02.2021 Repayment cash or physical</desc>
        <issueCcy>USD</issueCcy>
        <issueDate>2020-02-13</issueDate>
        <latestPrc ccy="USD">100.9953</latestPrc>
        <latestPrcDate>2021-02-16</latestPrcDate>
        <prcFactor>.01</prcFactor>
        <asstBondDetails>
          <matDate>2021-02-23</matDate>
          <intRate>0.0</intRate>
          <intFreq>4</intFreq>
          <intDate>2020-05-20</intDate>
          <intCcy>USD</intCcy>
        </asstBondDetails>
      </asstDetail>
    </hldId>
    <effDt>2021-02-23</effDt>
    <settleDt>2021-02-23</settleDt>
    <qty>300000</qty>
    <grAmt ccy="USD">6000</grAmt>
    <netAmt ccy="USD">6000</netAmt>
  </hldCpt1><hldCpt2 amtScheme="m2">
    <hldId>
      <ptfl>83663293.6000</ptfl>
      <ctlrOwnr>83663293</ctlrOwnr>
      <ctlrAcct>83663293.4000/USD/KK</ctlrAcct>
      <ccy>USD</ccy>
      <asst>USD</asst>
      <asstIDs>
        <asstRef refType="CURRENCY">USD</asstRef>
      </asstIDs>
    </hldId>
    <effDt>2021-02-23</effDt>
    <grAmt ccy="USD">6000</grAmt>
    <netAmt ccy="USD">6000</netAmt>
  </hldCpt2></M001><M001><tkn /><m2xmlReleaseNo>020</m2xmlReleaseNo><mvmtHdr mvmtTp="AIN">
    <cmt>Assignment 9 SARA 000142075721</cmt>
  </mvmtHdr><mvmtSrc>
    <ctlr>lghths-sg</ctlr>
    <ctlrMvmtRef>688345763</ctlrMvmtRef>
    <srcRecType>Security Transaction</srcRecType>
    <srcTransType>Assignment</srcTransType>
  </mvmtSrc><extSys>
    <extSysID>SAR</extSysID>
    <extSysRef>688345763</extSysRef>
  </extSys><hldCpt1 amtScheme="m2">
    <hldId>
      <ptfl>83663279.6000</ptfl>
      <ctlrOwnr>83663279</ctlrOwnr>
      <ctlrAcct>83663279.6000</ctlrAcct>
      <ownrRefCcy>USD</ownrRefCcy>
      <ccy>USD</ccy>
      <asst>000142075721</asst>
      <asstIDs>
        <asstRef refType="SARA">000142075721</asstRef>
      </asstIDs>
      <asstDetail>
        <type>Option</type>
        <cntry>US/United States of America</cntry>
        <desc>Intel Corp Call 19.02.2021 52.5 (INTC US)</desc>
        <issueCcy>USD</issueCcy>
        <latestPrc ccy="USD">10.60</latestPrc>
        <latestPrcDate>2021-02-19</latestPrcDate>
        <prcFactor>100</prcFactor>
        <asstDerivDetails>
          <contractSize>100</contractSize>
          <strike>52.5</strike>
          <expDate>2021-02-19</expDate>
          <putCallInd>C</putCallInd>
          <underlyingAsstIDs>
            <asstRef refType="ISIN">US4581401001</asstRef>
          </underlyingAsstIDs>
          <underlyingAsstDesc>Intel Corp</underlyingAsstDesc>
          <underlyingAsstType>Share</underlyingAsstType>
          <longShortInd>S</longShortInd>
        </asstDerivDetails>
      </asstDetail>
    </hldId>
    <effDt>2021-02-19</effDt>
    <settleDt>2021-02-23</settleDt>
    <qty>9</qty>
    <prc ccy="USD">0</prc>
    <grTrdAmt ccy="USD">0</grTrdAmt>
    <grAmt ccy="USD">0</grAmt>
    <netAmt ccy="USD">0</netAmt>
  </hldCpt1></M001><M001><tkn /><m2xmlReleaseNo>020</m2xmlReleaseNo><mvmtHdr mvmtTp="SEL">
    <cmt>Redemption 1,442.13 ISIN KYG7777A1067 @ 164.599 USD</cmt>
  </mvmtHdr><mvmtSrc>
    <ctlr>lghths-sg</ctlr>
    <ctlrMvmtRef>681598193</ctlrMvmtRef>
    <srcRecType>Security Transaction</srcRecType>
    <srcTransType>Redemption</srcTransType>
  </mvmtSrc><extSys>
    <extSysID>SAR</extSysID>
    <extSysRef>681598193</extSysRef>
  </extSys><hldCpt1 amtScheme="m2">
    <hldId>
      <ptfl>83676187.6000</ptfl>
      <ctlrOwnr>83676187</ctlrOwnr>
      <ctlrAcct>83676187.6000</ctlrAcct>
      <ownrRefCcy>USD</ownrRefCcy>
      <ccy>USD</ccy>
      <asst>KYG7777A1067</asst>
      <asstIDs>
        <asstRef refType="ISIN">KYG7777A1067</asstRef>
        <asstRef refType="Valor">25908072</asstRef>
        <asstRef refType="SARA">000133713887</asstRef>
      </asstIDs>
      <asstDetail>
        <isin>KYG7777A1067</isin>
        <type>Fund</type>
        <cntry>KY/Cayman Islands</cntry>
        <desc>SageOne India Growth Fund (USD) -A-</desc>
        <issueCcy>USD</issueCcy>
        <latestPrc ccy="USD">164.5994</latestPrc>
        <latestPrcDate>2021-01-29</latestPrcDate>
        <prcFactor>1</prcFactor>
      </asstDetail>
    </hldId>
    <effDt>2021-02-01</effDt>
    <settleDt>2021-02-19</settleDt>
    <qty>-1442.130328</qty>
    <prc ccy="USD">164.59939</prc>
    <grTrdAmt ccy="USD">-237373.77</grTrdAmt>
    <grAmt ccy="USD">-237373.77</grAmt>
    <netAmt ccy="USD">-237373.77</netAmt>
  </hldCpt1><hldCpt2 amtScheme="m2">
    <hldId>
      <ptfl>83676187.6000</ptfl>
      <ctlrOwnr>83676187</ctlrOwnr>
      <ctlrAcct>83676187.4000/USD/KK</ctlrAcct>
      <ccy>USD</ccy>
      <asst>USD</asst>
      <asstIDs>
        <asstRef refType="CURRENCY">USD</asstRef>
      </asstIDs>
    </hldId>
    <effDt>2021-02-01</effDt>
    <grAmt ccy="USD">237373.77</grAmt>
    <netAmt ccy="USD">237373.77</netAmt>
  </hldCpt2></M001><M001><tkn /><m2xmlReleaseNo>020</m2xmlReleaseNo><mvmtHdr mvmtTp="SEL">
    <cmt>Opening Sell 15 ISIN GB00H7W7M167 @ 0.27 GBP</cmt>
  </mvmtHdr><mvmtSrc>
    <ctlr>lghths-sg</ctlr>
    <ctlrMvmtRef>688444486</ctlrMvmtRef>
    <srcRecType>Security Transaction</srcRecType>
    <srcTransType>Opening Sell</srcTransType>
  </mvmtSrc><extSys>
    <extSysID>SAR</extSysID>
    <extSysRef>688444486</extSysRef>
  </extSys><hldCpt1 amtScheme="m2">
    <hldId>
      <ptfl>83663293.6000</ptfl>
      <ctlrOwnr>83663293</ctlrOwnr>
      <ctlrAcct>83663293.6000</ctlrAcct>
      <ownrRefCcy>USD</ownrRefCcy>
      <ccy>GBP</ccy>
      <asst>GB00H7W7M167</asst>
      <asstIDs>
        <asstRef refType="ISIN">GB00H7W7M167</asstRef>
        <asstRef refType="Valor">71944318</asstRef>
        <asstRef refType="SARA">000142698152</asstRef>
      </asstIDs>
      <asstDetail>
        <isin>GB00H7W7M167</isin>
        <type>Option</type>
        <cntry>GB/United Kingdom</cntry>
        <desc>Imperial Brands Plc Call Sep21 16 LIF</desc>
        <issueCcy>GBP</issueCcy>
        <latestPrc ccy="GBP">0.32</latestPrc>
        <latestPrcDate>2021-02-22</latestPrcDate>
        <prcFactor>1000</prcFactor>
        <asstDerivDetails>
          <contractSize>1000</contractSize>
          <strike>16</strike>
          <expDate>2021-09-17</expDate>
          <putCallInd>C</putCallInd>
          <underlyingAsstIDs>
            <asstRef refType="ISIN">GB0004544929</asstRef>
          </underlyingAsstIDs>
          <underlyingAsstDesc>Imperial Brands Plc</underlyingAsstDesc>
          <underlyingAsstType>Share</underlyingAsstType>
          <longShortInd>S</longShortInd>
        </asstDerivDetails>
      </asstDetail>
    </hldId>
    <effDt>2021-02-22</effDt>
    <settleDt>2021-02-23</settleDt>
    <qty>-15</qty>
    <prc ccy="GBP">0.27</prc>
    <grTrdAmt ccy="GBP">-4050</grTrdAmt>
    <grAmt ccy="GBP">-4050</grAmt>
    <netAmt ccy="GBP">-3897.7</netAmt>
  </hldCpt1><hldCpt2 amtScheme="m2">
    <hldId>
      <ptfl>83663293.6000</ptfl>
      <ctlrOwnr>83663293</ctlrOwnr>
      <ctlrAcct>83663293.4001/GBP/KK</ctlrAcct>
      <ccy>GBP</ccy>
      <asst>GBP</asst>
      <asstIDs>
        <asstRef refType="CURRENCY">GBP</asstRef>
      </asstIDs>
    </hldId>
    <effDt>2021-02-22</effDt>
    <grAmt ccy="GBP">3897.7</grAmt>
    <netAmt ccy="GBP">3897.7</netAmt>
  </hldCpt2><chrgGp amtScheme="m2">
    <chrgCpt>
      <ctgy>EXE</ctgy>
      <ctgyAmt ccy="GBP">-142.34</ctgyAmt>
      <chrgDesc>Stex Commissions</chrgDesc>
    </chrgCpt>
    <chrgCpt>
      <ctgy>VAT</ctgy>
      <ctgyAmt ccy="GBP">-9.96</ctgyAmt>
      <chrgDesc>VAT</chrgDesc>
    </chrgCpt>
  </chrgGp></M001><M001><tkn /><m2xmlReleaseNo>020</m2xmlReleaseNo><mvmtHdr mvmtTp="SEL">
    <cmt>Bond Redemption 300,000 ISIN XS2062211359 @ 100 USD</cmt>
  </mvmtHdr><mvmtSrc>
    <ctlr>lghths-sg</ctlr>
    <ctlrMvmtRef>688633318</ctlrMvmtRef>
    <srcRecType>Security Transaction</srcRecType>
    <srcTransType>Bond Redemption</srcTransType>
  </mvmtSrc><extSys>
    <extSysID>SAR</extSysID>
    <extSysRef>688633318</extSysRef>
  </extSys><hldCpt1 amtScheme="m2">
    <hldId>
      <ptfl>83663293.6000</ptfl>
      <ctlrOwnr>83663293</ctlrOwnr>
      <ctlrAcct>83663293.6000</ctlrAcct>
      <ownrRefCcy>USD</ownrRefCcy>
      <ccy>USD</ccy>
      <asst>XS2062211359</asst>
      <asstIDs>
        <asstRef refType="ISIN">XS2062211359</asstRef>
        <asstRef refType="Valor">52268214</asstRef>
        <asstRef refType="SARA">000139486293</asstRef>
      </asstIDs>
      <asstDetail>
        <isin>XS2062211359</isin>
        <type>Bond</type>
        <cntry>GB/United Kingdom</cntry>
        <desc>8% Credit Suisse International HDFC Bank Ltd -ADR- / Infosys Ltd -ADR- / ICICI Bank -ADR- Callable Fixed Coupon Notes 16.02.2021 Repayment cash or physical</desc>
        <issueCcy>USD</issueCcy>
        <issueDate>2020-02-13</issueDate>
        <latestPrc ccy="USD">100.9953</latestPrc>
        <latestPrcDate>2021-02-16</latestPrcDate>
        <prcFactor>.01</prcFactor>
        <asstBondDetails>
          <matDate>2021-02-23</matDate>
          <intRate>0.0</intRate>
          <intFreq>4</intFreq>
          <intDate>2020-05-20</intDate>
          <intCcy>USD</intCcy>
        </asstBondDetails>
      </asstDetail>
    </hldId>
    <effDt>2021-02-23</effDt>
    <settleDt>2021-02-23</settleDt>
    <qty>-300000</qty>
    <prc ccy="USD">100</prc>
    <grTrdAmt ccy="USD">-300000</grTrdAmt>
    <grAmt ccy="USD">-300000</grAmt>
    <netAmt ccy="USD">-300000</netAmt>
  </hldCpt1><hldCpt2 amtScheme="m2">
    <hldId>
      <ptfl>83663293.6000</ptfl>
      <ctlrOwnr>83663293</ctlrOwnr>
      <ctlrAcct>83663293.4000/USD/KK</ctlrAcct>
      <ccy>USD</ccy>
      <asst>USD</asst>
      <asstIDs>
        <asstRef refType="CURRENCY">USD</asstRef>
      </asstIDs>
    </hldId>
    <effDt>2021-02-23</effDt>
    <grAmt ccy="USD">300000</grAmt>
    <netAmt ccy="USD">300000</netAmt>
  </hldCpt2></M001><M001><tkn /><m2xmlReleaseNo>020</m2xmlReleaseNo><mvmtHdr mvmtTp="BUY">
    <cmt>Bought 1,000,800 SARA 000142695806</cmt>
  </mvmtHdr><mvmtSrc>
    <ctlr>lghths-sg</ctlr>
    <ctlrMvmtRef>688448222</ctlrMvmtRef>
    <srcRecType>Security Transaction</srcRecType>
    <srcTransType>Buy</srcTransType>
  </mvmtSrc><extSys>
    <extSysID>SAR</extSysID>
    <extSysRef>688448222</extSysRef>
  </extSys><hldCpt1 amtScheme="m2">
    <hldId>
      <ptfl>83663279.6000</ptfl>
      <ctlrOwnr>83663279</ctlrOwnr>
      <ctlrAcct>83663279.6000</ctlrAcct>
      <ownrRefCcy>USD</ownrRefCcy>
      <ccy>GBP</ccy>
      <asst>000142695806</asst>
      <asstIDs>
        <asstRef refType="SARA">000142695806</asstRef>
      </asstIDs>
      <asstDetail>
        <type>Hybrid</type>
        <desc>FX Accumulator on GBP/USD 2x Leveraged  KO:1.45 Buy GBP / Sell USD at 1.3535 Period: 22.FEB.21 - 24.FEB.22  12 Fixings One Guaranteed Period</desc>
        <issueCcy>USD</issueCcy>
        <issueCcyExchRt>1.410451</issueCcyExchRt>
        <latestPrc ccy="USD">-0.00411961</latestPrc>
        <latestPrcDate>2021-02-23</latestPrcDate>
        <prcFactor>1</prcFactor>
      </asstDetail>
    </hldId>
    <effDt>2021-02-22</effDt>
    <settleDt>2021-02-24</settleDt>
    <qty>1000800</qty>
    <prc ccy="GBP">0</prc>
    <grTrdAmt ccy="GBP">-0</grTrdAmt>
    <grAmt ccy="GBP">-0</grAmt>
    <netAmt ccy="GBP">-0</netAmt>
  </hldCpt1><hldCpt2 amtScheme="m2">
    <hldId>
      <ctlrOwnr>83663279</ctlrOwnr>
      <ctlrAcct>83663279</ctlrAcct>
      <ccy>GBP</ccy>
      <asst>GBP</asst>
      <asstIDs>
        <asstRef refType="CURRENCY">GBP</asstRef>
      </asstIDs>
    </hldId>
    <effDt>2021-02-22</effDt>
    <grAmt ccy="GBP">0</grAmt>
    <netAmt ccy="GBP">0</netAmt>
  </hldCpt2></M001><M001><tkn /><m2xmlReleaseNo>020</m2xmlReleaseNo><mvmtHdr mvmtTp="SEL">
    <cmt>Opening Sell 1 SARA 000142701602 @ 20 USD</cmt>
  </mvmtHdr><mvmtSrc>
    <ctlr>lghths-sg</ctlr>
    <ctlrMvmtRef>688444934</ctlrMvmtRef>
    <srcRecType>Security Transaction</srcRecType>
    <srcTransType>Opening Sell</srcTransType>
  </mvmtSrc><extSys>
    <extSysID>SAR</extSysID>
    <extSysRef>688444934</extSysRef>
  </extSys><hldCpt1 amtScheme="m2">
    <hldId>
      <ptfl>83663279.6000</ptfl>
      <ctlrOwnr>83663279</ctlrOwnr>
      <ctlrAcct>83663279.6000</ctlrAcct>
      <ownrRefCcy>USD</ownrRefCcy>
      <ccy>USD</ccy>
      <asst>000142701602</asst>
      <asstIDs>
        <asstRef refType="SARA">000142701602</asstRef>
      </asstIDs>
      <asstDetail>
        <type>Option</type>
        <cntry>US/United States of America</cntry>
        <desc>Alphabet Inc Call 21.05.2021 2500 (GOOG US)</desc>
        <issueCcy>USD</issueCcy>
        <latestPrc ccy="USD">18.6</latestPrc>
        <latestPrcDate>2021-02-22</latestPrcDate>
        <prcFactor>100</prcFactor>
        <asstDerivDetails>
          <contractSize>100</contractSize>
          <strike>2500</strike>
          <expDate>2021-05-21</expDate>
          <putCallInd>C</putCallInd>
          <underlyingAsstIDs>
            <asstRef refType="ISIN">US02079K1079</asstRef>
          </underlyingAsstIDs>
          <underlyingAsstDesc>Alphabet Inc -C-</underlyingAsstDesc>
          <underlyingAsstType>Share</underlyingAsstType>
          <longShortInd>S</longShortInd>
        </asstDerivDetails>
      </asstDetail>
    </hldId>
    <effDt>2021-02-22</effDt>
    <settleDt>2021-02-23</settleDt>
    <qty>-1</qty>
    <prc ccy="USD">20</prc>
    <grTrdAmt ccy="USD">-2000</grTrdAmt>
    <grAmt ccy="USD">-2000</grAmt>
    <netAmt ccy="USD">-1786</netAmt>
  </hldCpt1><hldCpt2 amtScheme="m2">
    <hldId>
      <ptfl>83663279.6000</ptfl>
      <ctlrOwnr>83663279</ctlrOwnr>
      <ctlrAcct>83663279.4000/USD/KK</ctlrAcct>
      <ccy>USD</ccy>
      <asst>USD</asst>
      <asstIDs>
        <asstRef refType="CURRENCY">USD</asstRef>
      </asstIDs>
    </hldId>
    <effDt>2021-02-22</effDt>
    <grAmt ccy="USD">1786</grAmt>
    <netAmt ccy="USD">1786</netAmt>
  </hldCpt2><chrgGp amtScheme="m2">
    <chrgCpt>
      <ctgy>EXE</ctgy>
      <ctgyAmt ccy="USD">-200</ctgyAmt>
      <chrgDesc>Stex Commissions</chrgDesc>
    </chrgCpt>
    <chrgCpt>
      <ctgy>VAT</ctgy>
      <ctgyAmt ccy="USD">-14</ctgyAmt>
      <chrgDesc>VAT</chrgDesc>
    </chrgCpt>
  </chrgGp></M001><M001><tkn /><m2xmlReleaseNo>020</m2xmlReleaseNo><mvmtHdr mvmtTp="SEL">
    <cmt>Opening Sell 2 SARA 000142685168 @ 23.3 USD</cmt>
  </mvmtHdr><mvmtSrc>
    <ctlr>lghths-sg</ctlr>
    <ctlrMvmtRef>688370845</ctlrMvmtRef>
    <srcRecType>Security Transaction</srcRecType>
    <srcTransType>Opening Sell</srcTransType>
  </mvmtSrc><extSys>
    <extSysID>SAR</extSysID>
    <extSysRef>688370845</extSysRef>
  </extSys><hldCpt1 amtScheme="m2">
    <hldId>
      <ptfl>83663279.6000</ptfl>
      <ctlrOwnr>83663279</ctlrOwnr>
      <ctlrAcct>83663279.6000</ctlrAcct>
      <ownrRefCcy>USD</ownrRefCcy>
      <ccy>USD</ccy>
      <asst>000142685168</asst>
      <asstIDs>
        <asstRef refType="SARA">000142685168</asstRef>
      </asstIDs>
      <asstDetail>
        <type>Option</type>
        <cntry>US/United States of America</cntry>
        <desc>Alphabet Inc Call 21.05.2021 2500 (GOOGL US)</desc>
        <issueCcy>USD</issueCcy>
        <latestPrc ccy="USD">17.55</latestPrc>
        <latestPrcDate>2021-02-22</latestPrcDate>
        <prcFactor>100</prcFactor>
        <asstDerivDetails>
          <contractSize>100</contractSize>
          <strike>2500</strike>
          <expDate>2021-05-21</expDate>
          <putCallInd>C</putCallInd>
          <underlyingAsstIDs>
            <asstRef refType="ISIN">US02079K3059</asstRef>
          </underlyingAsstIDs>
          <underlyingAsstDesc>Alphabet Inc -A-</underlyingAsstDesc>
          <underlyingAsstType>Share</underlyingAsstType>
          <longShortInd>S</longShortInd>
        </asstDerivDetails>
      </asstDetail>
    </hldId>
    <effDt>2021-02-19</effDt>
    <settleDt>2021-02-22</settleDt>
    <qty>-2</qty>
    <prc ccy="USD">23.3</prc>
    <grTrdAmt ccy="USD">-4660</grTrdAmt>
    <grAmt ccy="USD">-4660</grAmt>
    <netAmt ccy="USD">-4446</netAmt>
  </hldCpt1><hldCpt2 amtScheme="m2">
    <hldId>
      <ptfl>83663279.6000</ptfl>
      <ctlrOwnr>83663279</ctlrOwnr>
      <ctlrAcct>83663279.4000/USD/KK</ctlrAcct>
      <ccy>USD</ccy>
      <asst>USD</asst>
      <asstIDs>
        <asstRef refType="CURRENCY">USD</asstRef>
      </asstIDs>
    </hldId>
    <effDt>2021-02-19</effDt>
    <grAmt ccy="USD">4446</grAmt>
    <netAmt ccy="USD">4446</netAmt>
  </hldCpt2><chrgGp amtScheme="m2">
    <chrgCpt>
      <ctgy>EXE</ctgy>
      <ctgyAmt ccy="USD">-200</ctgyAmt>
      <chrgDesc>Stex Commissions</chrgDesc>
    </chrgCpt>
    <chrgCpt>
      <ctgy>VAT</ctgy>
      <ctgyAmt ccy="USD">-14</ctgyAmt>
      <chrgDesc>VAT</chrgDesc>
    </chrgCpt>
  </chrgGp></M001><M001><tkn /><m2xmlReleaseNo>020</m2xmlReleaseNo><mvmtHdr mvmtTp="SEL">
    <cmt>Assignment 900 ISIN US4581401001</cmt>
  </mvmtHdr><mvmtSrc>
    <ctlr>lghths-sg</ctlr>
    <ctlrMvmtRef>688345763</ctlrMvmtRef>
    <srcRecType>Security Transaction</srcRecType>
    <srcTransType>Assignment</srcTransType>
  </mvmtSrc><extSys>
    <extSysID>SAR</extSysID>
    <extSysRef>688345763</extSysRef>
  </extSys><hldCpt1 amtScheme="m2">
    <hldId>
      <ptfl>83663279.6000</ptfl>
      <ctlrOwnr>83663279</ctlrOwnr>
      <ctlrAcct>83663279.6000</ctlrAcct>
      <ownrRefCcy>USD</ownrRefCcy>
      <ccy>USD</ccy>
      <asst>US4581401001</asst>
      <asstIDs>
        <asstRef refType="ISIN">US4581401001</asstRef>
        <asstRef refType="Valor">941595</asstRef>
        <asstRef refType="Bloomberg">INTC UQ</asstRef>
        <asstRef refType="SARA">000000419639</asstRef>
      </asstIDs>
      <asstDetail>
        <isin>US4581401001</isin>
        <type>Share</type>
        <cntry>US/United States of America</cntry>
        <desc>Intel Corp</desc>
        <issueCcy>USD</issueCcy>
        <latestPrc ccy="USD">60.71</latestPrc>
        <latestPrcDate>2021-02-22</latestPrcDate>
        <prcFactor>1</prcFactor>
      </asstDetail>
    </hldId>
    <effDt>2021-02-19</effDt>
    <settleDt>2021-02-23</settleDt>
    <qty>-900</qty>
    <prc ccy="USD">52.5</prc>
    <grTrdAmt ccy="USD">-47250</grTrdAmt>
    <grAmt ccy="USD">-47250</grAmt>
    <netAmt ccy="USD">-47223.95</netAmt>
  </hldCpt1><hldCpt2 amtScheme="m2">
    <hldId>
      <ptfl>83663279.6000</ptfl>
      <ctlrOwnr>83663279</ctlrOwnr>
      <ctlrAcct>83663279.4000/USD/KK</ctlrAcct>
      <ccy>USD</ccy>
      <asst>USD</asst>
      <asstIDs>
        <asstRef refType="CURRENCY">USD</asstRef>
      </asstIDs>
    </hldId>
    <effDt>2021-02-19</effDt>
    <grAmt ccy="USD">47223.95</grAmt>
    <netAmt ccy="USD">47223.95</netAmt>
  </hldCpt2><chrgGp amtScheme="m2">
    <chrgCpt>
      <ctgy>FOR</ctgy>
      <ctgyAmt ccy="USD">-26.05</ctgyAmt>
      <chrgDesc>Foreign Charges</chrgDesc>
    </chrgCpt>
  </chrgGp></M001><M001><tkn /><m2xmlReleaseNo>020</m2xmlReleaseNo><mvmtHdr mvmtTp="AIN">
    <cmt>Assignment 2 SARA 000141594283</cmt>
  </mvmtHdr><mvmtSrc>
    <ctlr>lghths-sg</ctlr>
    <ctlrMvmtRef>688345764</ctlrMvmtRef>
    <srcRecType>Security Transaction</srcRecType>
    <srcTransType>Assignment</srcTransType>
  </mvmtSrc><extSys>
    <extSysID>SAR</extSysID>
    <extSysRef>688345764</extSysRef>
  </extSys><hldCpt1 amtScheme="m2">
    <hldId>
      <ptfl>83663279.6000</ptfl>
      <ctlrOwnr>83663279</ctlrOwnr>
      <ctlrAcct>83663279.6000</ctlrAcct>
      <ownrRefCcy>USD</ownrRefCcy>
      <ccy>USD</ccy>
      <asst>000141594283</asst>
      <asstIDs>
        <asstRef refType="SARA">000141594283</asstRef>
      </asstIDs>
      <asstDetail>
        <type>Option</type>
        <cntry>US/United States of America</cntry>
        <desc>Alphabet Inc Call 19.02.2021 1900 (GOOG US)</desc>
        <issueCcy>USD</issueCcy>
        <latestPrc ccy="USD">205.50</latestPrc>
        <latestPrcDate>2021-02-19</latestPrcDate>
        <prcFactor>100</prcFactor>
        <asstDerivDetails>
          <contractSize>100</contractSize>
          <strike>1900</strike>
          <expDate>2021-02-19</expDate>
          <putCallInd>C</putCallInd>
          <underlyingAsstIDs>
            <asstRef refType="ISIN">US02079K1079</asstRef>
          </underlyingAsstIDs>
          <underlyingAsstDesc>Alphabet Inc -C-</underlyingAsstDesc>
          <underlyingAsstType>Share</underlyingAsstType>
          <longShortInd>S</longShortInd>
        </asstDerivDetails>
      </asstDetail>
    </hldId>
    <effDt>2021-02-19</effDt>
    <settleDt>2021-02-23</settleDt>
    <qty>2</qty>
    <prc ccy="USD">0</prc>
    <grTrdAmt ccy="USD">0</grTrdAmt>
    <grAmt ccy="USD">0</grAmt>
    <netAmt ccy="USD">0</netAmt>
  </hldCpt1></M001><M001><tkn /><m2xmlReleaseNo>020</m2xmlReleaseNo><mvmtHdr mvmtTp="SEL">
    <cmt>Assignment 200 ISIN US02079K1079</cmt>
  </mvmtHdr><mvmtSrc>
    <ctlr>lghths-sg</ctlr>
    <ctlrMvmtRef>688345764</ctlrMvmtRef>
    <srcRecType>Security Transaction</srcRecType>
    <srcTransType>Assignment</srcTransType>
  </mvmtSrc><extSys>
    <extSysID>SAR</extSysID>
    <extSysRef>688345764</extSysRef>
  </extSys><hldCpt1 amtScheme="m2">
    <hldId>
      <ptfl>83663279.6000</ptfl>
      <ctlrOwnr>83663279</ctlrOwnr>
      <ctlrAcct>83663279.6000</ctlrAcct>
      <ownrRefCcy>USD</ownrRefCcy>
      <ccy>USD</ccy>
      <asst>US02079K1079</asst>
      <asstIDs>
        <asstRef refType="ISIN">US02079K1079</asstRef>
        <asstRef refType="Valor">29798545</asstRef>
        <asstRef refType="SARA">000126334673</asstRef>
      </asstIDs>
      <asstDetail>
        <isin>US02079K1079</isin>
        <type>Share</type>
        <cntry>US/United States of America</cntry>
        <desc>Alphabet Inc -C-</desc>
        <issueCcy>USD</issueCcy>
        <latestPrc ccy="USD">2070.86</latestPrc>
        <latestPrcDate>2021-02-22</latestPrcDate>
        <prcFactor>1</prcFactor>
      </asstDetail>
    </hldId>
    <effDt>2021-02-19</effDt>
    <settleDt>2021-02-23</settleDt>
    <qty>-200</qty>
    <prc ccy="USD">1900</prc>
    <grTrdAmt ccy="USD">-380000</grTrdAmt>
    <grAmt ccy="USD">-380000</grAmt>
    <netAmt ccy="USD">-379966.6</netAmt>
  </hldCpt1><hldCpt2 amtScheme="m2">
    <hldId>
      <ptfl>83663279.6000</ptfl>
      <ctlrOwnr>83663279</ctlrOwnr>
      <ctlrAcct>83663279.4000/USD/KK</ctlrAcct>
      <ccy>USD</ccy>
      <asst>USD</asst>
      <asstIDs>
        <asstRef refType="CURRENCY">USD</asstRef>
      </asstIDs>
    </hldId>
    <effDt>2021-02-19</effDt>
    <grAmt ccy="USD">379966.6</grAmt>
    <netAmt ccy="USD">379966.6</netAmt>
  </hldCpt2><chrgGp amtScheme="m2">
    <chrgCpt>
      <ctgy>FOR</ctgy>
      <ctgyAmt ccy="USD">-33.4</ctgyAmt>
      <chrgDesc>Foreign Charges</chrgDesc>
    </chrgCpt>
  </chrgGp></M001><M001><tkn /><m2xmlReleaseNo>020</m2xmlReleaseNo><mvmtHdr mvmtTp="OPN">
    <cmt>Raise loan</cmt>
  </mvmtHdr><mvmtSrc>
    <ctlr>lghths-sg</ctlr>
    <ctlrMvmtRef>687976423</ctlrMvmtRef>
    <srcRecType>Deposits &amp; Loans Transaction</srcRecType>
    <srcTransType>Raise Loan</srcTransType>
  </mvmtSrc><extSys>
    <extSysID>SAR</extSysID>
    <extSysRef>688345764</extSysRef>
  </extSys><hldCpt1 amtScheme="m2">
    <hldId>
      <ptfl>83676187.6000</ptfl>
      <ctlrOwnr>83676187</ctlrOwnr>
      <ctlrAcct>83676187</ctlrAcct>
      <ownrRefCcy>USD</ownrRefCcy>
      <ccy>USD</ccy>
      <asst>USD</asst>
      <asstIDs>
        <asstRef refType="CURRENCY">USD</asstRef>
      </asstIDs>
      <asstDetail>
        <type>MoneyMarket</type>
        <desc>USD Fixed Loan</desc>
        <asstMnyMktDetails>
          <mnyMktType>Loan</mnyMktType>
          <mnyMktTerm termType="Fixed">2021-03-09</mnyMktTerm>
          <mnyMktAmt ccy="USD">-261174.89</mnyMktAmt>
          <intRate>1.05</intRate>
          <mnyMktRef>142706620</mnyMktRef>
          <mnyMktName>s/t Fixed Advance Fix USD 1.05% 23.02.2021-09.03</mnyMktName>
          <matDate>2021-03-09</matDate>
          <startDate>2021-02-23</startDate>
        </asstMnyMktDetails>
      </asstDetail>
    </hldId>
    <effDt>2021-02-23</effDt>
    <settleDt>2021-02-23</settleDt>
    <grAmt ccy="USD">-261174.89</grAmt>
    <netAmt ccy="USD">-261174.89</netAmt>
  </hldCpt1><hldCpt2 amtScheme="m2">
    <hldId>
      <ptfl>83676187.6000</ptfl>
      <ctlrOwnr>83676187</ctlrOwnr>
      <ctlrAcct>83676187.4000/USD/KK</ctlrAcct>
      <ccy>USD</ccy>
      <asst>USD</asst>
      <asstIDs>
        <asstRef refType="CURRENCY">USD</asstRef>
      </asstIDs>
    </hldId>
    <effDt>2021-02-23</effDt>
    <grAmt ccy="USD">261174.89</grAmt>
    <netAmt ccy="USD">261174.89</netAmt>
  </hldCpt2></M001><M001><tkn /><m2xmlReleaseNo>020</m2xmlReleaseNo><mvmtHdr mvmtTp="CLS">
    <cmt>Close Loan</cmt>
  </mvmtHdr><mvmtSrc>
    <ctlr>lghths-sg</ctlr>
    <ctlrMvmtRef>688449191</ctlrMvmtRef>
    <srcRecType>Deposits &amp; Loans Transaction</srcRecType>
    <srcTransType>Close Loan</srcTransType>
  </mvmtSrc><extSys>
    <extSysID>SAR</extSysID>
    <extSysRef>688345764</extSysRef>
  </extSys><hldCpt1 amtScheme="m2">
    <hldId>
      <ptfl>83663279.6000</ptfl>
      <ctlrOwnr>83663279</ctlrOwnr>
      <ctlrAcct>83663279</ctlrAcct>
      <ownrRefCcy>USD</ownrRefCcy>
      <ccy>USD</ccy>
      <asst>USD</asst>
      <asstIDs>
        <asstRef refType="CURRENCY">USD</asstRef>
      </asstIDs>
      <asstDetail>
        <type>MoneyMarket</type>
        <desc>USD Fixed Loan</desc>
        <asstMnyMktDetails>
          <mnyMktType>Loan</mnyMktType>
          <mnyMktTerm termType="Fixed">2021-02-23</mnyMktTerm>
          <mnyMktAmt ccy="USD">-383182.71</mnyMktAmt>
          <intRate>0.93</intRate>
          <mnyMktRef>142695446</mnyMktRef>
          <mnyMktName>s/t Fixed Advance Fix USD 0.93% 22.02.2021-23.02</mnyMktName>
          <matDate>2021-02-23</matDate>
          <startDate>2021-02-22</startDate>
        </asstMnyMktDetails>
      </asstDetail>
    </hldId>
    <effDt>2021-02-23</effDt>
    <settleDt>2021-02-23</settleDt>
    <grAmt ccy="USD">383182.71</grAmt>
    <netAmt ccy="USD">383182.71</netAmt>
  </hldCpt1><hldCpt2 amtScheme="m2">
    <hldId>
      <ptfl>83663279.6000</ptfl>
      <ctlrOwnr>83663279</ctlrOwnr>
      <ctlrAcct>83663279.4000/USD/KK</ctlrAcct>
      <ccy>USD</ccy>
      <asst>USD</asst>
      <asstIDs>
        <asstRef refType="CURRENCY">USD</asstRef>
      </asstIDs>
    </hldId>
    <effDt>2021-02-23</effDt>
    <grAmt ccy="USD">-383192.61</grAmt>
    <netAmt ccy="USD">-383192.61</netAmt>
  </hldCpt2><chrgGp amtScheme="m2">
    <chrgCpt>
      <ctgy>CIP</ctgy>
      <ctgyAmt ccy="USD">-9.9</ctgyAmt>
      <chrgDesc>Interest Paid</chrgDesc>
    </chrgCpt>
  </chrgGp></M001></m2:M006>
