<?xml version="1.0" encoding="UTF-8"?>
<m2:M006 xmlns:m2="http://www.mym2.com" xmlns:xsi="http://www.w3.org/2001/XMLSchema-instance" xsi:schemaLocation="http://www.mym2.com http://www.mym2.com/schemas/M2RequestSchema.xsd"><M001><tkn /><m2xmlReleaseNo>020</m2xmlReleaseNo><mvmtHdr mvmtTp="SEL">
    <cmt>Opening Sell 68 SARA 000142491593 @ 0.8 HKD</cmt>
  </mvmtHdr><mvmtSrc>
    <ctlr>lghths-sg</ctlr>
    <ctlrMvmtRef>684688539</ctlrMvmtRef>
    <srcRecType>Security Transaction</srcRecType>
    <srcTransType>Opening Sell</srcTransType>
  </mvmtSrc><extSys>
    <extSysID>SAR</extSysID>
    <extSysRef>684688539</extSysRef>
  </extSys><hldCpt1 amtScheme="m2">
    <hldId>
      <ptfl>83663279.6000</ptfl>
      <ctlrOwnr>83663279</ctlrOwnr>
      <ctlrAcct>83663279.6000</ctlrAcct>
      <ownrRefCcy>USD</ownrRefCcy>
      <ccy>HKD</ccy>
      <asst>000142491593</asst>
      <asstIDs>
        <asstRef refType="SARA">000142491593</asstRef>
      </asstIDs>
      <asstDetail>
        <type>Option</type>
        <cntry>HK/Hong Kong</cntry>
        <desc>China Mobile Ltd Call 30.03.2021 57.5 (941 HK) XHKF</desc>
        <issueCcy>HKD</issueCcy>
        <latestPrc ccy="HKD">0.84</latestPrc>
        <latestPrcDate>2021-02-02</latestPrcDate>
        <prcFactor>500</prcFactor>
        <asstDerivDetails>
          <contractSize>500</contractSize>
          <strike>57.5</strike>
          <expDate>2021-03-30</expDate>
          <putCallInd>C</putCallInd>
          <underlyingAsstIDs>
            <asstRef refType="ISIN">HK0941009539</asstRef>
          </underlyingAsstIDs>
          <underlyingAsstDesc>China Mobile Ltd</underlyingAsstDesc>
          <underlyingAsstType>Share</underlyingAsstType>
          <longShortInd>S</longShortInd>
        </asstDerivDetails>
      </asstDetail>
    </hldId>
    <effDt>2021-02-01</effDt>
    <settleDt>2021-02-02</settleDt>
    <qty>-68</qty>
    <prc ccy="HKD">0.8</prc>
    <grTrdAmt ccy="HKD">-27200</grTrdAmt>
    <grAmt ccy="HKD">-27200</grAmt>
    <netAmt ccy="HKD">-24316.88</netAmt>
  </hldCpt1><hldCpt2 amtScheme="m2">
    <hldId>
      <ptfl>83663279.6000</ptfl>
      <ctlrOwnr>83663279</ctlrOwnr>
      <ctlrAcct>83663279.4004/HKD/KK</ctlrAcct>
      <ccy>HKD</ccy>
      <asst>HKD</asst>
      <asstIDs>
        <asstRef refType="CURRENCY">HKD</asstRef>
      </asstIDs>
    </hldId>
    <effDt>2021-02-01</effDt>
    <grAmt ccy="HKD">24316.88</grAmt>
    <netAmt ccy="HKD">24316.88</netAmt>
  </hldCpt2><chrgGp amtScheme="m2">
    <chrgCpt>
      <ctgy>FOR</ctgy>
      <ctgyAmt ccy="HKD">-1224</ctgyAmt>
      <chrgDesc>Foreign Charges Stex</chrgDesc>
    </chrgCpt>
    <chrgCpt>
      <ctgy>EXE</ctgy>
      <ctgyAmt ccy="HKD">-1550.58</ctgyAmt>
      <chrgDesc>Stex Commissions</chrgDesc>
    </chrgCpt>
    <chrgCpt>
      <ctgy>VAT</ctgy>
      <ctgyAmt ccy="HKD">-108.54</ctgyAmt>
      <chrgDesc>VAT</chrgDesc>
    </chrgCpt>
  </chrgGp></M001><M001><tkn /><m2xmlReleaseNo>020</m2xmlReleaseNo><mvmtHdr mvmtTp="SEL">
    <cmt>Sell 200,000 ISIN USG5002FAM89 @ 97.26 USD</cmt>
  </mvmtHdr><mvmtSrc>
    <ctlr>lghths-sg</ctlr>
    <ctlrMvmtRef>684686226</ctlrMvmtRef>
    <srcRecType>Security Transaction</srcRecType>
    <srcTransType>Sell</srcTransType>
  </mvmtSrc><extSys>
    <extSysID>SAR</extSysID>
    <extSysRef>684686226</extSysRef>
  </extSys><hldCpt1 amtScheme="m2">
    <hldId>
      <ptfl>83663293.6000</ptfl>
      <ctlrOwnr>83663293</ctlrOwnr>
      <ctlrAcct>83663293.6000</ctlrAcct>
      <ownrRefCcy>USD</ownrRefCcy>
      <ccy>USD</ccy>
      <asst>USG5002FAM89</asst>
      <asstIDs>
        <asstRef refType="ISIN">USG5002FAM89</asstRef>
        <asstRef refType="Valor">38586376</asstRef>
        <asstRef refType="SARA">000133049915</asstRef>
      </asstIDs>
      <asstDetail>
        <isin>USG5002FAM89</isin>
        <type>Bond</type>
        <cntry>GB/United Kingdom</cntry>
        <desc>4.5% Jaguar Land Rover Automotive Plc Gtd.Notes 2017-2027 RegS</desc>
        <issueCcy>USD</issueCcy>
        <issueDate>2017-10-10</issueDate>
        <latestPrc ccy="USD">98.10</latestPrc>
        <latestPrcDate>2021-02-02</latestPrcDate>
        <prcFactor>.01</prcFactor>
        <asstBondDetails>
          <matDate>2027-10-01</matDate>
          <intRate>4.5</intRate>
          <calcBasis>30E/360</calcBasis>
          <intFreq>2</intFreq>
          <intDate>2018-04-01</intDate>
          <intCcy>USD</intCcy>
          <rating>B</rating>
        </asstBondDetails>
      </asstDetail>
    </hldId>
    <effDt>2021-02-02</effDt>
    <settleDt>2021-02-04</settleDt>
    <qty>-200000</qty>
    <prc ccy="USD">97.26</prc>
    <grTrdAmt ccy="USD">-194520</grTrdAmt>
    <grAmt ccy="USD">-197595</grAmt>
    <netAmt ccy="USD">-197066.43</netAmt>
  </hldCpt1><hldCpt2 amtScheme="m2">
    <hldId>
      <ptfl>83663293.6000</ptfl>
      <ctlrOwnr>83663293</ctlrOwnr>
      <ctlrAcct>83663293.4000/USD/KK</ctlrAcct>
      <ccy>USD</ccy>
      <asst>USD</asst>
      <asstIDs>
        <asstRef refType="CURRENCY">USD</asstRef>
      </asstIDs>
    </hldId>
    <effDt>2021-02-02</effDt>
    <grAmt ccy="USD">197066.43</grAmt>
    <netAmt ccy="USD">197066.43</netAmt>
  </hldCpt2><chrgGp amtScheme="m2">
    <chrgCpt>
      <ctgy>EXE</ctgy>
      <ctgyAmt ccy="USD">-493.99</ctgyAmt>
      <chrgDesc>Stex Commissions</chrgDesc>
    </chrgCpt>
    <chrgCpt>
      <ctgy>CPN</ctgy>
      <ctgyAmt ccy="USD">3075</ctgyAmt>
      <chrgDesc>Accrued Interest</chrgDesc>
    </chrgCpt>
    <chrgCpt>
      <ctgy>VAT</ctgy>
      <ctgyAmt ccy="USD">-34.58</ctgyAmt>
      <chrgDesc>VAT</chrgDesc>
    </chrgCpt>
  </chrgGp></M001></m2:M006>
