<?xml version="1.0" encoding="UTF-8"?>
<m2:M006 xmlns:m2="http://www.mym2.com" xmlns:xsi="http://www.w3.org/2001/XMLSchema-instance" xsi:schemaLocation="http://www.mym2.com http://www.mym2.com/schemas/M2RequestSchema.xsd"><M001><tkn /><m2xmlReleaseNo>020</m2xmlReleaseNo><mvmtHdr mvmtTp="BUY">
    <cmt>Bought 250,000 ISIN CH0588786894 @ 100 EUR</cmt>
  </mvmtHdr><mvmtSrc>
    <ctlr>lghths-sg</ctlr>
    <ctlrMvmtRef>690092267</ctlrMvmtRef>
    <srcRecType>Security Transaction</srcRecType>
    <srcTransType>Buy</srcTransType>
  </mvmtSrc><extSys>
    <extSysID>SAR</extSysID>
    <extSysRef>690092267</extSysRef>
  </extSys><hldCpt1 amtScheme="m2">
    <hldId>
      <ptfl>83663279.6000</ptfl>
      <ctlrOwnr>83663279</ctlrOwnr>
      <ctlrAcct>83663279.6000</ctlrAcct>
      <ownrRefCcy>USD</ownrRefCcy>
      <ccy>EUR</ccy>
      <asst>CH0588786894</asst>
      <asstIDs>
        <asstRef refType="ISIN">CH0588786894</asstRef>
        <asstRef refType="Valor">58878689</asstRef>
        <asstRef refType="SARA">000142770051</asstRef>
      </asstIDs>
      <asstDetail>
        <isin>CH0588786894</isin>
        <type>Bond</type>
        <cntry>NL/Netherlands</cntry>
        <desc>10% Raiffeisen Switzerland BV  Amsterdam Bayer AG Nam STR 43.0371 Orange SA STR 7.9657 Autocallable Fixed Coupon Notes 16.09.2021 Repayment cash or physical</desc>
        <issueCcy>EUR</issueCcy>
        <issueDate>2021-03-16</issueDate>
        <latestPrc ccy="EUR">100.0</latestPrc>
        <latestPrcDate>2021-03-01</latestPrcDate>
        <prcFactor>.01</prcFactor>
        <asstBondDetails>
          <matDate>2021-09-21</matDate>
          <intRate>0.0</intRate>
          <intFreq>12</intFreq>
          <intDate>2021-04-21</intDate>
          <intCcy>EUR</intCcy>
        </asstBondDetails>
      </asstDetail>
    </hldId>
    <effDt>2021-03-02</effDt>
    <settleDt>2021-03-16</settleDt>
    <qty>250000</qty>
    <prc ccy="EUR">100</prc>
    <grTrdAmt ccy="EUR">247500</grTrdAmt>
    <grAmt ccy="EUR">250000</grAmt>
    <netAmt ccy="EUR">250000</netAmt>
  </hldCpt1><hldCpt2 amtScheme="m2">
    <hldId>
      <ptfl>83663279.6000</ptfl>
      <ctlrOwnr>83663279</ctlrOwnr>
      <ctlrAcct>83663279.4003/EUR/KK</ctlrAcct>
      <ccy>EUR</ccy>
      <asst>EUR</asst>
      <asstIDs>
        <asstRef refType="CURRENCY">EUR</asstRef>
      </asstIDs>
    </hldId>
    <effDt>2021-03-02</effDt>
    <grAmt ccy="EUR">-250000</grAmt>
    <netAmt ccy="EUR">-250000</netAmt>
  </hldCpt2></M001><M001><tkn /><m2xmlReleaseNo>020</m2xmlReleaseNo><mvmtHdr mvmtTp="OPN">
    <cmt>Raise loan</cmt>
  </mvmtHdr><mvmtSrc>
    <ctlr>lghths-sg</ctlr>
    <ctlrMvmtRef>691478007</ctlrMvmtRef>
    <srcRecType>Deposits &amp; Loans Transaction</srcRecType>
    <srcTransType>Raise Loan</srcTransType>
  </mvmtSrc><extSys>
    <extSysID>SAR</extSysID>
    <extSysRef>690092267</extSysRef>
  </extSys><hldCpt1 amtScheme="m2">
    <hldId>
      <ptfl>83663293.6000</ptfl>
      <ctlrOwnr>83663293</ctlrOwnr>
      <ctlrAcct>83663293</ctlrAcct>
      <ownrRefCcy>USD</ownrRefCcy>
      <ccy>USD</ccy>
      <asst>USD</asst>
      <asstIDs>
        <asstRef refType="CURRENCY">USD</asstRef>
      </asstIDs>
      <asstDetail>
        <type>MoneyMarket</type>
        <desc>USD Fixed Loan</desc>
        <asstMnyMktDetails>
          <mnyMktType>Loan</mnyMktType>
          <mnyMktTerm termType="Fixed">2021-03-19</mnyMktTerm>
          <mnyMktAmt ccy="USD">-102817.94</mnyMktAmt>
          <intRate>0.94</intRate>
          <mnyMktRef>142857215</mnyMktRef>
          <mnyMktName>s/t Fixed Advance Fix USD 0.94% 11.03.2021-19.03</mnyMktName>
          <matDate>2021-03-19</matDate>
          <startDate>2021-03-11</startDate>
        </asstMnyMktDetails>
      </asstDetail>
    </hldId>
    <effDt>2021-03-10</effDt>
    <settleDt>2021-03-11</settleDt>
    <grAmt ccy="USD">-102817.94</grAmt>
    <netAmt ccy="USD">-102817.94</netAmt>
  </hldCpt1><hldCpt2 amtScheme="m2">
    <hldId>
      <ptfl>83663293.6000</ptfl>
      <ctlrOwnr>83663293</ctlrOwnr>
      <ctlrAcct>83663293.4000/USD/KK</ctlrAcct>
      <ccy>USD</ccy>
      <asst>USD</asst>
      <asstIDs>
        <asstRef refType="CURRENCY">USD</asstRef>
      </asstIDs>
    </hldId>
    <effDt>2021-03-10</effDt>
    <grAmt ccy="USD">102817.94</grAmt>
    <netAmt ccy="USD">102817.94</netAmt>
  </hldCpt2></M001><M001><tkn /><m2xmlReleaseNo>020</m2xmlReleaseNo><mvmtHdr mvmtTp="CLS">
    <cmt>Close Loan</cmt>
  </mvmtHdr><mvmtSrc>
    <ctlr>lghths-sg</ctlr>
    <ctlrMvmtRef>691714579</ctlrMvmtRef>
    <srcRecType>Deposits &amp; Loans Transaction</srcRecType>
    <srcTransType>Close Loan</srcTransType>
  </mvmtSrc><extSys>
    <extSysID>SAR</extSysID>
    <extSysRef>690092267</extSysRef>
  </extSys><hldCpt1 amtScheme="m2">
    <hldId>
      <ptfl>83663293.6000</ptfl>
      <ctlrOwnr>83663293</ctlrOwnr>
      <ctlrAcct>83663293</ctlrAcct>
      <ownrRefCcy>USD</ownrRefCcy>
      <ccy>USD</ccy>
      <asst>USD</asst>
      <asstIDs>
        <asstRef refType="CURRENCY">USD</asstRef>
      </asstIDs>
      <asstDetail>
        <type>MoneyMarket</type>
        <desc>USD Fixed Loan</desc>
        <asstMnyMktDetails>
          <mnyMktType>Loan</mnyMktType>
          <mnyMktTerm termType="Fixed">2021-03-12</mnyMktTerm>
          <mnyMktAmt ccy="USD">-379601.26</mnyMktAmt>
          <intRate>0.94038</intRate>
          <mnyMktRef>142809879</mnyMktRef>
          <mnyMktName>s/t Fixed Advance Fix USD 0.94038% 05.03.2021-12</mnyMktName>
          <matDate>2021-03-12</matDate>
          <startDate>2021-03-05</startDate>
        </asstMnyMktDetails>
      </asstDetail>
    </hldId>
    <effDt>2021-03-10</effDt>
    <settleDt>2021-03-12</settleDt>
    <grAmt ccy="USD">379601.26</grAmt>
    <netAmt ccy="USD">379601.26</netAmt>
  </hldCpt1><hldCpt2 amtScheme="m2">
    <hldId>
      <ptfl>83663293.6000</ptfl>
      <ctlrOwnr>83663293</ctlrOwnr>
      <ctlrAcct>83663293.4000/USD/KK</ctlrAcct>
      <ccy>USD</ccy>
      <asst>USD</asst>
      <asstIDs>
        <asstRef refType="CURRENCY">USD</asstRef>
      </asstIDs>
    </hldId>
    <effDt>2021-03-10</effDt>
    <grAmt ccy="USD">-379670.67</grAmt>
    <netAmt ccy="USD">-379670.67</netAmt>
  </hldCpt2><chrgGp amtScheme="m2">
    <chrgCpt>
      <ctgy>CIP</ctgy>
      <ctgyAmt ccy="USD">-69.41</ctgyAmt>
      <chrgDesc>Interest Paid</chrgDesc>
    </chrgCpt>
  </chrgGp></M001></m2:M006>
