<?xml version="1.0" encoding="UTF-8"?>
<m2:M006 xmlns:m2="http://www.mym2.com" xmlns:xsi="http://www.w3.org/2001/XMLSchema-instance" xsi:schemaLocation="http://www.mym2.com http://www.mym2.com/schemas/M2RequestSchema.xsd"><M001><tkn /><m2xmlReleaseNo>020</m2xmlReleaseNo><mvmtHdr mvmtTp="OPN">
    <cmt>Raise loan</cmt>
  </mvmtHdr><mvmtSrc>
    <ctlr>lghths-sg</ctlr>
    <ctlrMvmtRef>687855430</ctlrMvmtRef>
    <srcRecType>Deposits &amp; Loans Transaction</srcRecType>
    <srcTransType>Raise Loan</srcTransType>
  </mvmtSrc><extSys>
    <extSysID>SAR</extSysID>
    <extSysRef>687749346</extSysRef>
  </extSys><hldCpt1 amtScheme="m2">
    <hldId>
      <ptfl>83663293.6000</ptfl>
      <ctlrOwnr>83663293</ctlrOwnr>
      <ctlrAcct>83663293</ctlrAcct>
      <ownrRefCcy>USD</ownrRefCcy>
      <ccy>USD</ccy>
      <asst>USD</asst>
      <asstIDs>
        <asstRef refType="CURRENCY">USD</asstRef>
      </asstIDs>
      <asstDetail>
        <type>MoneyMarket</type>
        <desc>USD Fixed Loan</desc>
        <asstMnyMktDetails>
          <mnyMktType>Loan</mnyMktType>
          <mnyMktTerm termType="Fixed">2021-02-19</mnyMktTerm>
          <mnyMktAmt ccy="USD">-198175.29</mnyMktAmt>
          <intRate>0.93</intRate>
          <mnyMktRef>142668095</mnyMktRef>
          <mnyMktName>s/t Fixed Advance Fix USD 0.93% 18.02.2021-19.02</mnyMktName>
          <matDate>2021-02-19</matDate>
          <startDate>2021-02-18</startDate>
        </asstMnyMktDetails>
      </asstDetail>
    </hldId>
    <effDt>2021-02-18</effDt>
    <settleDt>2021-02-18</settleDt>
    <grAmt ccy="USD">-198175.29</grAmt>
    <netAmt ccy="USD">-198175.29</netAmt>
  </hldCpt1><hldCpt2 amtScheme="m2">
    <hldId>
      <ptfl>83663293.6000</ptfl>
      <ctlrOwnr>83663293</ctlrOwnr>
      <ctlrAcct>83663293.4000/USD/KK</ctlrAcct>
      <ccy>USD</ccy>
      <asst>USD</asst>
      <asstIDs>
        <asstRef refType="CURRENCY">USD</asstRef>
      </asstIDs>
    </hldId>
    <effDt>2021-02-18</effDt>
    <grAmt ccy="USD">198175.29</grAmt>
    <netAmt ccy="USD">198175.29</netAmt>
  </hldCpt2></M001><M001><tkn /><m2xmlReleaseNo>020</m2xmlReleaseNo><mvmtHdr mvmtTp="CTF">
    <cmt>Forex spot</cmt>
  </mvmtHdr><mvmtSrc>
    <ctlr>lghths-sg</ctlr>
    <ctlrMvmtRef>687742288</ctlrMvmtRef>
    <srcRecType>Cash Transaction</srcRecType>
    <srcTransType>Forex Spot</srcTransType>
  </mvmtSrc><extSys>
    <extSysID>SAR</extSysID>
    <extSysRef>687742288</extSysRef>
  </extSys><hldCpt1 amtScheme="m2">
    <hldId>
      <ptfl>83663293.6000</ptfl>
      <ctlrOwnr>83663293</ctlrOwnr>
      <ctlrAcct>83663293.4001/GBP/KK</ctlrAcct>
      <ownrRefCcy>USD</ownrRefCcy>
      <ccy>GBP</ccy>
      <asst>GBP</asst>
      <asstIDs>
        <asstRef refType="CURRENCY">GBP</asstRef>
      </asstIDs>
    </hldId>
    <effDt>2021-02-18</effDt>
    <settleDt>2021-02-19</settleDt>
    <grAmt ccy="GBP">-7500</grAmt>
    <netAmt ccy="GBP">-7500</netAmt>
  </hldCpt1><hldCpt2 amtScheme="m2">
    <hldId>
      <ptfl>83663293.6000</ptfl>
      <ctlrOwnr>83663293</ctlrOwnr>
      <ctlrAcct>83663293.4000/USD/KK</ctlrAcct>
      <ccy>USD</ccy>
      <asst>USD</asst>
      <asstIDs>
        <asstRef refType="CURRENCY">USD</asstRef>
      </asstIDs>
    </hldId>
    <effDt>2021-02-18</effDt>
    <settleDt>2021-02-19</settleDt>
    <grAmt ccy="USD">10352.94</grAmt>
    <netAmt ccy="USD">10352.94</netAmt>
  </hldCpt2></M001><M001><tkn /><m2xmlReleaseNo>020</m2xmlReleaseNo><mvmtHdr mvmtTp="DIV">
    <cmt>Dividend Cash</cmt>
  </mvmtHdr><mvmtSrc>
    <ctlr>lghths-sg</ctlr>
    <ctlrMvmtRef>687862285</ctlrMvmtRef>
    <srcRecType>Cash Transaction</srcRecType>
    <srcTransType>Dividend Cash</srcTransType>
  </mvmtSrc><extSys>
    <extSysID>SAR</extSysID>
    <extSysRef>687862285</extSysRef>
  </extSys><hldCpt1 amtScheme="m2">
    <hldId>
      <ptfl>83663293.6000</ptfl>
      <ctlrOwnr>83663293</ctlrOwnr>
      <ctlrAcct>83663293.6000</ctlrAcct>
      <ownrRefCcy>USD</ownrRefCcy>
      <ccy>USD</ccy>
      <asst>LU1226288253</asst>
      <asstIDs>
        <asstRef refType="ISIN">LU1226288253</asstRef>
        <asstRef refType="Valor">27983955</asstRef>
        <asstRef refType="SARA">000126337077</asstRef>
      </asstIDs>
      <asstDetail>
        <isin>LU1226288253</isin>
        <type>Fund</type>
        <cntry>LU/Luxembourg</cntry>
        <desc>UBS (LU) Key Selection Sicav- China Allocation Opportunity (USD) -P- 6% monthly Distribution</desc>
        <issueCcy>USD</issueCcy>
        <latestPrc ccy="USD">116.03</latestPrc>
        <latestPrcDate>2021-02-10</latestPrcDate>
        <prcFactor>1</prcFactor>
      </asstDetail>
    </hldId>
    <effDt>2021-02-18</effDt>
    <settleDt>2021-02-16</settleDt>
    <qty>1771</qty>
    <grDivPerShare ccy="USD">0.56</grDivPerShare>
    <netDivPerShare ccy="USD">0.56</netDivPerShare>
    <grAmt ccy="USD">991.76</grAmt>
    <netAmt ccy="USD">991.76</netAmt>
  </hldCpt1><hldCpt2 amtScheme="m2">
    <hldId>
      <ptfl>83663293.6000</ptfl>
      <ctlrOwnr>83663293</ctlrOwnr>
      <ctlrAcct>83663293.4000/USD/KK</ctlrAcct>
      <ccy>USD</ccy>
      <asst>USD</asst>
      <asstIDs>
        <asstRef refType="CURRENCY">USD</asstRef>
      </asstIDs>
    </hldId>
    <effDt>2021-02-18</effDt>
    <grAmt ccy="USD">991.76</grAmt>
    <netAmt ccy="USD">991.76</netAmt>
  </hldCpt2></M001><M001><tkn /><m2xmlReleaseNo>020</m2xmlReleaseNo><mvmtHdr mvmtTp="COU">
    <cmt>Interest</cmt>
  </mvmtHdr><mvmtSrc>
    <ctlr>lghths-sg</ctlr>
    <ctlrMvmtRef>687885643</ctlrMvmtRef>
    <srcRecType>Cash Transaction</srcRecType>
    <srcTransType>Interest</srcTransType>
  </mvmtSrc><extSys>
    <extSysID>SAR</extSysID>
    <extSysRef>687885643</extSysRef>
  </extSys><hldCpt1 amtScheme="m2">
    <hldId>
      <ptfl>83663279.6000</ptfl>
      <ctlrOwnr>83663279</ctlrOwnr>
      <ctlrAcct>83663279.6000</ctlrAcct>
      <ownrRefCcy>USD</ownrRefCcy>
      <ccy>USD</ccy>
      <asst>USG9328DAM23</asst>
      <asstIDs>
        <asstRef refType="ISIN">USG9328DAM23</asstRef>
        <asstRef refType="Valor">35497009</asstRef>
        <asstRef refType="SARA">000131036083</asstRef>
      </asstIDs>
      <asstDetail>
        <isin>USG9328DAM23</isin>
        <type>Bond</type>
        <cntry>GB/United Kingdom</cntry>
        <desc>6.375% Vedanta Resources Ltd Bonds 2017-2022 Global Reg-S</desc>
        <issueCcy>USD</issueCcy>
        <issueDate>2017-01-30</issueDate>
        <latestPrc ccy="USD">97.31</latestPrc>
        <latestPrcDate>2021-02-18</latestPrcDate>
        <prcFactor>.01</prcFactor>
        <asstBondDetails>
          <matDate>2022-07-30</matDate>
          <intRate>6.375</intRate>
          <calcBasis>30E/360</calcBasis>
          <intFreq>2</intFreq>
          <intDate>2017-07-30</intDate>
          <intCcy>USD</intCcy>
          <rating>CCC+</rating>
        </asstBondDetails>
      </asstDetail>
    </hldId>
    <effDt>2021-02-18</effDt>
    <settleDt>2021-02-17</settleDt>
    <qty>200000</qty>
    <grAmt ccy="USD">200</grAmt>
    <netAmt ccy="USD">200</netAmt>
  </hldCpt1><hldCpt2 amtScheme="m2">
    <hldId>
      <ptfl>83663279.6000</ptfl>
      <ctlrOwnr>83663279</ctlrOwnr>
      <ctlrAcct>83663279.4000/USD/KK</ctlrAcct>
      <ccy>USD</ccy>
      <asst>USD</asst>
      <asstIDs>
        <asstRef refType="CURRENCY">USD</asstRef>
      </asstIDs>
    </hldId>
    <effDt>2021-02-18</effDt>
    <grAmt ccy="USD">200</grAmt>
    <netAmt ccy="USD">200</netAmt>
  </hldCpt2></M001><M001><tkn /><m2xmlReleaseNo>020</m2xmlReleaseNo><mvmtHdr mvmtTp="BUY">
    <cmt>Bought 200 ISIN US02079K3059 @ 2105 USD</cmt>
  </mvmtHdr><mvmtSrc>
    <ctlr>lghths-sg</ctlr>
    <ctlrMvmtRef>687749346</ctlrMvmtRef>
    <srcRecType>Security Transaction</srcRecType>
    <srcTransType>Buy</srcTransType>
  </mvmtSrc><extSys>
    <extSysID>SAR</extSysID>
    <extSysRef>687749346</extSysRef>
  </extSys><hldCpt1 amtScheme="m2">
    <hldId>
      <ptfl>83663279.6000</ptfl>
      <ctlrOwnr>83663279</ctlrOwnr>
      <ctlrAcct>83663279.6000</ctlrAcct>
      <ownrRefCcy>USD</ownrRefCcy>
      <ccy>USD</ccy>
      <asst>US02079K3059</asst>
      <asstIDs>
        <asstRef refType="ISIN">US02079K3059</asstRef>
        <asstRef refType="Valor">29798540</asstRef>
        <asstRef refType="SARA">000126331383</asstRef>
      </asstIDs>
      <asstDetail>
        <isin>US02079K3059</isin>
        <type>Share</type>
        <cntry>US/United States of America</cntry>
        <desc>Alphabet Inc -A-</desc>
        <issueCcy>USD</issueCcy>
        <latestPrc ccy="USD">2105.81</latestPrc>
        <latestPrcDate>2021-02-17</latestPrcDate>
        <prcFactor>1</prcFactor>
      </asstDetail>
    </hldId>
    <effDt>2021-02-18</effDt>
    <settleDt>2021-02-22</settleDt>
    <qty>200</qty>
    <prc ccy="USD">2105</prc>
    <grTrdAmt ccy="USD">421000</grTrdAmt>
    <grAmt ccy="USD">421000</grAmt>
    <netAmt ccy="USD">422126.18</netAmt>
  </hldCpt1><hldCpt2 amtScheme="m2">
    <hldId>
      <ptfl>83663279.6000</ptfl>
      <ctlrOwnr>83663279</ctlrOwnr>
      <ctlrAcct>83663279.4000/USD/KK</ctlrAcct>
      <ccy>USD</ccy>
      <asst>USD</asst>
      <asstIDs>
        <asstRef refType="CURRENCY">USD</asstRef>
      </asstIDs>
    </hldId>
    <effDt>2021-02-18</effDt>
    <grAmt ccy="USD">-422126.18</grAmt>
    <netAmt ccy="USD">-422126.18</netAmt>
  </hldCpt2><chrgGp amtScheme="m2">
    <chrgCpt>
      <ctgy>EXE</ctgy>
      <ctgyAmt ccy="USD">-1052.5</ctgyAmt>
      <chrgDesc>Stex Commissions</chrgDesc>
    </chrgCpt>
    <chrgCpt>
      <ctgy>VAT</ctgy>
      <ctgyAmt ccy="USD">-73.68</ctgyAmt>
      <chrgDesc>VAT</chrgDesc>
    </chrgCpt>
  </chrgGp></M001></m2:M006>
