<?xml version="1.0" encoding="UTF-8"?>
<m2:M006 xmlns:m2="http://www.mym2.com" xmlns:xsi="http://www.w3.org/2001/XMLSchema-instance" xsi:schemaLocation="http://www.mym2.com http://www.mym2.com/schemas/M2RequestSchema.xsd"><M001><tkn /><m2xmlReleaseNo>020</m2xmlReleaseNo><mvmtHdr mvmtTp="BUY">
    <cmt>Bought 200,000 ISIN XS2281321799 @ 100.85 USD</cmt>
  </mvmtHdr><mvmtSrc>
    <ctlr>lghths-sg</ctlr>
    <ctlrMvmtRef>687438857</ctlrMvmtRef>
    <srcRecType>Security Transaction</srcRecType>
    <srcTransType>Buy</srcTransType>
  </mvmtSrc><extSys>
    <extSysID>SAR</extSysID>
    <extSysRef>687438857</extSysRef>
  </extSys><hldCpt1 amtScheme="m2">
    <hldId>
      <ptfl>83663293.6000</ptfl>
      <ctlrOwnr>83663293</ctlrOwnr>
      <ctlrAcct>83663293.6000</ctlrAcct>
      <ownrRefCcy>USD</ownrRefCcy>
      <ccy>USD</ccy>
      <asst>XS2281321799</asst>
      <asstIDs>
        <asstRef refType="ISIN">XS2281321799</asstRef>
        <asstRef refType="Valor">59563558</asstRef>
        <asstRef refType="SARA">000142274177</asstRef>
      </asstIDs>
      <asstDetail>
        <isin>XS2281321799</isin>
        <type>Bond</type>
        <cntry>VG/British Virgin Islands</cntry>
        <desc>5.05% Fortune Star BVI Ltd Gtd.Notes 2021-2027</desc>
        <issueCcy>USD</issueCcy>
        <issueDate>2021-01-27</issueDate>
        <latestPrc ccy="USD">100.825</latestPrc>
        <latestPrcDate>2021-02-16</latestPrcDate>
        <prcFactor>.01</prcFactor>
        <asstBondDetails>
          <matDate>2027-01-27</matDate>
          <intRate>5.05</intRate>
          <calcBasis>30E/360</calcBasis>
          <intFreq>2</intFreq>
          <intDate>2021-07-27</intDate>
          <intCcy>USD</intCcy>
          <rating>BB</rating>
        </asstBondDetails>
      </asstDetail>
    </hldId>
    <effDt>2021-02-16</effDt>
    <settleDt>2021-02-18</settleDt>
    <qty>200000</qty>
    <prc ccy="USD">100.85</prc>
    <grTrdAmt ccy="USD">201700</grTrdAmt>
    <grAmt ccy="USD">202289.17</grAmt>
    <netAmt ccy="USD">202830.29</netAmt>
  </hldCpt1><hldCpt2 amtScheme="m2">
    <hldId>
      <ptfl>83663293.6000</ptfl>
      <ctlrOwnr>83663293</ctlrOwnr>
      <ctlrAcct>83663293.4000/USD/KK</ctlrAcct>
      <ccy>USD</ccy>
      <asst>USD</asst>
      <asstIDs>
        <asstRef refType="CURRENCY">USD</asstRef>
      </asstIDs>
    </hldId>
    <effDt>2021-02-16</effDt>
    <grAmt ccy="USD">-202830.29</grAmt>
    <netAmt ccy="USD">-202830.29</netAmt>
  </hldCpt2><chrgGp amtScheme="m2">
    <chrgCpt>
      <ctgy>EXE</ctgy>
      <ctgyAmt ccy="USD">-505.72</ctgyAmt>
      <chrgDesc>Stex Commissions</chrgDesc>
    </chrgCpt>
    <chrgCpt>
      <ctgy>CPN</ctgy>
      <ctgyAmt ccy="USD">-589.17</ctgyAmt>
      <chrgDesc>Accrued Interest</chrgDesc>
    </chrgCpt>
    <chrgCpt>
      <ctgy>VAT</ctgy>
      <ctgyAmt ccy="USD">-35.4</ctgyAmt>
      <chrgDesc>VAT</chrgDesc>
    </chrgCpt>
  </chrgGp></M001><M001><tkn /><m2xmlReleaseNo>020</m2xmlReleaseNo><mvmtHdr mvmtTp="BUY">
    <cmt>Bought 200,000 ISIN XS2213954766 @ 103.95 USD</cmt>
  </mvmtHdr><mvmtSrc>
    <ctlr>lghths-sg</ctlr>
    <ctlrMvmtRef>687439036</ctlrMvmtRef>
    <srcRecType>Security Transaction</srcRecType>
    <srcTransType>Buy</srcTransType>
  </mvmtSrc><extSys>
    <extSysID>SAR</extSysID>
    <extSysRef>687439036</extSysRef>
  </extSys><hldCpt1 amtScheme="m2">
    <hldId>
      <ptfl>83663279.6000</ptfl>
      <ctlrOwnr>83663279</ctlrOwnr>
      <ctlrAcct>83663279.6000</ctlrAcct>
      <ownrRefCcy>USD</ownrRefCcy>
      <ccy>USD</ccy>
      <asst>XS2213954766</asst>
      <asstIDs>
        <asstRef refType="ISIN">XS2213954766</asstRef>
        <asstRef refType="Valor">56387933</asstRef>
        <asstRef refType="SARA">000140909913</asstRef>
      </asstIDs>
      <asstDetail>
        <isin>XS2213954766</isin>
        <type>Bond</type>
        <cntry>KY/Cayman Islands</cntry>
        <desc>6.25% Powerlong Real Estate Holdings Ltd Bonds 2020-2024 Secured</desc>
        <issueCcy>USD</issueCcy>
        <issueDate>2020-08-10</issueDate>
        <latestPrc ccy="USD">103.705</latestPrc>
        <latestPrcDate>2021-02-16</latestPrcDate>
        <prcFactor>.01</prcFactor>
        <asstBondDetails>
          <matDate>2024-08-10</matDate>
          <intRate>6.25</intRate>
          <calcBasis>30/360</calcBasis>
          <intFreq>2</intFreq>
          <intDate>2021-02-10</intDate>
          <intCcy>USD</intCcy>
          <rating>B</rating>
        </asstBondDetails>
      </asstDetail>
    </hldId>
    <effDt>2021-02-17</effDt>
    <settleDt>2021-02-19</settleDt>
    <qty>200000</qty>
    <prc ccy="USD">103.95</prc>
    <grTrdAmt ccy="USD">207900</grTrdAmt>
    <grAmt ccy="USD">208212.5</grAmt>
    <netAmt ccy="USD">208769.47</netAmt>
  </hldCpt1><hldCpt2 amtScheme="m2">
    <hldId>
      <ptfl>83663279.6000</ptfl>
      <ctlrOwnr>83663279</ctlrOwnr>
      <ctlrAcct>83663279.4000/USD/KK</ctlrAcct>
      <ccy>USD</ccy>
      <asst>USD</asst>
      <asstIDs>
        <asstRef refType="CURRENCY">USD</asstRef>
      </asstIDs>
    </hldId>
    <effDt>2021-02-17</effDt>
    <grAmt ccy="USD">-208769.47</grAmt>
    <netAmt ccy="USD">-208769.47</netAmt>
  </hldCpt2><chrgGp amtScheme="m2">
    <chrgCpt>
      <ctgy>EXE</ctgy>
      <ctgyAmt ccy="USD">-520.53</ctgyAmt>
      <chrgDesc>Stex Commissions</chrgDesc>
    </chrgCpt>
    <chrgCpt>
      <ctgy>CPN</ctgy>
      <ctgyAmt ccy="USD">-312.5</ctgyAmt>
      <chrgDesc>Accrued Interest</chrgDesc>
    </chrgCpt>
    <chrgCpt>
      <ctgy>VAT</ctgy>
      <ctgyAmt ccy="USD">-36.44</ctgyAmt>
      <chrgDesc>VAT</chrgDesc>
    </chrgCpt>
  </chrgGp></M001><M001><tkn /><m2xmlReleaseNo>020</m2xmlReleaseNo><mvmtHdr mvmtTp="SEL">
    <cmt>Bond Redemption 200,000 ISIN USU31433AA03 @ 100 USD</cmt>
  </mvmtHdr><mvmtSrc>
    <ctlr>lghths-sg</ctlr>
    <ctlrMvmtRef>687667603</ctlrMvmtRef>
    <srcRecType>Security Transaction</srcRecType>
    <srcTransType>Bond Redemption</srcTransType>
  </mvmtSrc><extSys>
    <extSysID>SAR</extSysID>
    <extSysRef>687667603</extSysRef>
  </extSys><hldCpt1 amtScheme="m2">
    <hldId>
      <ptfl>83663293.6000</ptfl>
      <ctlrOwnr>83663293</ctlrOwnr>
      <ctlrAcct>83663293.6000</ctlrAcct>
      <ownrRefCcy>USD</ownrRefCcy>
      <ccy>USD</ccy>
      <asst>USU31433AA03</asst>
      <asstIDs>
        <asstRef refType="ISIN">USU31433AA03</asstRef>
        <asstRef refType="Valor">12412477</asstRef>
        <asstRef refType="SARA">000027939570</asstRef>
      </asstIDs>
      <asstDetail>
        <isin>USU31433AA03</isin>
        <type>Bond</type>
        <cntry>US/United States of America</cntry>
        <desc>5.75% Fresenius Medical Care US Finance Inc Notes 2011-2021 Senior Reg-S</desc>
        <issueCcy>USD</issueCcy>
        <issueDate>2011-02-03</issueDate>
        <latestPrc ccy="USD">100.025</latestPrc>
        <latestPrcDate>2021-02-11</latestPrcDate>
        <prcFactor>.01</prcFactor>
        <asstBondDetails>
          <matDate>2021-02-15</matDate>
          <intRate>0.0</intRate>
          <calcBasis>30E/360</calcBasis>
          <intFreq>2</intFreq>
          <intDate>2011-08-15</intDate>
          <intCcy>USD</intCcy>
          <rating>BBB</rating>
        </asstBondDetails>
      </asstDetail>
    </hldId>
    <effDt>2021-02-15</effDt>
    <settleDt>2021-02-16</settleDt>
    <qty>-200000</qty>
    <prc ccy="USD">100</prc>
    <grTrdAmt ccy="USD">-200000</grTrdAmt>
    <grAmt ccy="USD">-200000</grAmt>
    <netAmt ccy="USD">-200000</netAmt>
  </hldCpt1><hldCpt2 amtScheme="m2">
    <hldId>
      <ptfl>83663293.6000</ptfl>
      <ctlrOwnr>83663293</ctlrOwnr>
      <ctlrAcct>83663293.4000/USD/KK</ctlrAcct>
      <ccy>USD</ccy>
      <asst>USD</asst>
      <asstIDs>
        <asstRef refType="CURRENCY">USD</asstRef>
      </asstIDs>
    </hldId>
    <effDt>2021-02-15</effDt>
    <grAmt ccy="USD">200000</grAmt>
    <netAmt ccy="USD">200000</netAmt>
  </hldCpt2></M001><M001><tkn /><m2xmlReleaseNo>020</m2xmlReleaseNo><mvmtHdr mvmtTp="BUY">
    <cmt>Subscription 17,825.31 ISIN IE00B8K7V925 @ 11.22 USD</cmt>
  </mvmtHdr><mvmtSrc>
    <ctlr>lghths-sg</ctlr>
    <ctlrMvmtRef>687436793</ctlrMvmtRef>
    <srcRecType>Security Transaction</srcRecType>
    <srcTransType>Subscription</srcTransType>
  </mvmtSrc><extSys>
    <extSysID>SAR</extSysID>
    <extSysRef>687436793</extSysRef>
  </extSys><hldCpt1 amtScheme="m2">
    <hldId>
      <ptfl>83663293.6000</ptfl>
      <ctlrOwnr>83663293</ctlrOwnr>
      <ctlrAcct>83663293.6000</ctlrAcct>
      <ownrRefCcy>USD</ownrRefCcy>
      <ccy>USD</ccy>
      <asst>IE00B8K7V925</asst>
      <asstIDs>
        <asstRef refType="ISIN">IE00B8K7V925</asstRef>
        <asstRef refType="Valor">19762784</asstRef>
        <asstRef refType="SARA">000064235469</asstRef>
      </asstIDs>
      <asstDetail>
        <isin>IE00B8K7V925</isin>
        <type>Fund</type>
        <cntry>IE/Ireland</cntry>
        <desc>PIMCO Funds Global Investors Series Plc- Income (USD) -E- Distribution</desc>
        <issueCcy>USD</issueCcy>
        <latestPrc ccy="USD">11.22</latestPrc>
        <latestPrcDate>2021-02-16</latestPrcDate>
        <prcFactor>1</prcFactor>
      </asstDetail>
    </hldId>
    <effDt>2021-02-16</effDt>
    <settleDt>2021-02-18</settleDt>
    <qty>17825.312</qty>
    <prc ccy="USD">11.22</prc>
    <grTrdAmt ccy="USD">200000</grTrdAmt>
    <grAmt ccy="USD">200000</grAmt>
    <netAmt ccy="USD">201095</netAmt>
  </hldCpt1><hldCpt2 amtScheme="m2">
    <hldId>
      <ptfl>83663293.6000</ptfl>
      <ctlrOwnr>83663293</ctlrOwnr>
      <ctlrAcct>83663293.4000/USD/KK</ctlrAcct>
      <ccy>USD</ccy>
      <asst>USD</asst>
      <asstIDs>
        <asstRef refType="CURRENCY">USD</asstRef>
      </asstIDs>
    </hldId>
    <effDt>2021-02-16</effDt>
    <grAmt ccy="USD">-201095</grAmt>
    <netAmt ccy="USD">-201095</netAmt>
  </hldCpt2><chrgGp amtScheme="m2">
    <chrgCpt>
      <ctgy>FOR</ctgy>
      <ctgyAmt ccy="USD">-25</ctgyAmt>
      <chrgDesc>Foreign Charges</chrgDesc>
    </chrgCpt>
    <chrgCpt>
      <ctgy>EXE</ctgy>
      <ctgyAmt ccy="USD">-1000</ctgyAmt>
      <chrgDesc>Stex Commissions</chrgDesc>
    </chrgCpt>
    <chrgCpt>
      <ctgy>VAT</ctgy>
      <ctgyAmt ccy="USD">-70</ctgyAmt>
      <chrgDesc>VAT</chrgDesc>
    </chrgCpt>
  </chrgGp></M001><M001><tkn /><m2xmlReleaseNo>020</m2xmlReleaseNo><mvmtHdr mvmtTp="COU">
    <cmt>Interest</cmt>
  </mvmtHdr><mvmtSrc>
    <ctlr>lghths-sg</ctlr>
    <ctlrMvmtRef>687667514</ctlrMvmtRef>
    <srcRecType>Cash Transaction</srcRecType>
    <srcTransType>Interest</srcTransType>
  </mvmtSrc><extSys>
    <extSysID>SAR</extSysID>
    <extSysRef>687667514</extSysRef>
  </extSys><hldCpt1 amtScheme="m2">
    <hldId>
      <ptfl>83663293.6000</ptfl>
      <ctlrOwnr>83663293</ctlrOwnr>
      <ctlrAcct>83663293.6000</ctlrAcct>
      <ownrRefCcy>USD</ownrRefCcy>
      <ccy>USD</ccy>
      <asst>USU31433AA03</asst>
      <asstIDs>
        <asstRef refType="ISIN">USU31433AA03</asstRef>
        <asstRef refType="Valor">12412477</asstRef>
        <asstRef refType="SARA">000027939570</asstRef>
      </asstIDs>
      <asstDetail>
        <isin>USU31433AA03</isin>
        <type>Bond</type>
        <cntry>US/United States of America</cntry>
        <desc>5.75% Fresenius Medical Care US Finance Inc Notes 2011-2021 Senior Reg-S</desc>
        <issueCcy>USD</issueCcy>
        <issueDate>2011-02-03</issueDate>
        <latestPrc ccy="USD">100.025</latestPrc>
        <latestPrcDate>2021-02-11</latestPrcDate>
        <prcFactor>.01</prcFactor>
        <asstBondDetails>
          <matDate>2021-02-15</matDate>
          <intRate>0.0</intRate>
          <calcBasis>30E/360</calcBasis>
          <intFreq>2</intFreq>
          <intDate>2011-08-15</intDate>
          <intCcy>USD</intCcy>
          <rating>BBB</rating>
        </asstBondDetails>
      </asstDetail>
    </hldId>
    <effDt>2021-02-17</effDt>
    <settleDt>2021-02-16</settleDt>
    <qty>200000</qty>
    <grAmt ccy="USD">5750</grAmt>
    <netAmt ccy="USD">5750</netAmt>
  </hldCpt1><hldCpt2 amtScheme="m2">
    <hldId>
      <ptfl>83663293.6000</ptfl>
      <ctlrOwnr>83663293</ctlrOwnr>
      <ctlrAcct>83663293.4000/USD/KK</ctlrAcct>
      <ccy>USD</ccy>
      <asst>USD</asst>
      <asstIDs>
        <asstRef refType="CURRENCY">USD</asstRef>
      </asstIDs>
    </hldId>
    <effDt>2021-02-17</effDt>
    <grAmt ccy="USD">5750</grAmt>
    <netAmt ccy="USD">5750</netAmt>
  </hldCpt2></M001><M001><tkn /><m2xmlReleaseNo>020</m2xmlReleaseNo><mvmtHdr mvmtTp="COU">
    <cmt>Interest</cmt>
  </mvmtHdr><mvmtSrc>
    <ctlr>lghths-sg</ctlr>
    <ctlrMvmtRef>687669235</ctlrMvmtRef>
    <srcRecType>Cash Transaction</srcRecType>
    <srcTransType>Interest</srcTransType>
  </mvmtSrc><extSys>
    <extSysID>SAR</extSysID>
    <extSysRef>687669235</extSysRef>
  </extSys><hldCpt1 amtScheme="m2">
    <hldId>
      <ptfl>83663293.6000</ptfl>
      <ctlrOwnr>83663293</ctlrOwnr>
      <ctlrAcct>83663293.6000</ctlrAcct>
      <ownrRefCcy>USD</ownrRefCcy>
      <ccy>GBP</ccy>
      <asst>XS1025866119</asst>
      <asstIDs>
        <asstRef refType="ISIN">XS1025866119</asstRef>
        <asstRef refType="Valor">23581404</asstRef>
        <asstRef refType="SARA">000106548682</asstRef>
      </asstIDs>
      <asstDetail>
        <isin>XS1025866119</isin>
        <type>Bond</type>
        <cntry>GB/United Kingdom</cntry>
        <desc>5% Jaguar Land Rover Automotive Plc Notes 2014-2022 Senior Reg-S</desc>
        <issueCcy>GBP</issueCcy>
        <issueDate>2014-01-31</issueDate>
        <latestPrc ccy="GBP">102.99</latestPrc>
        <latestPrcDate>2021-02-16</latestPrcDate>
        <prcFactor>.01</prcFactor>
        <asstBondDetails>
          <matDate>2022-02-15</matDate>
          <intRate>5.0</intRate>
          <calcBasis>30/360</calcBasis>
          <intFreq>2</intFreq>
          <intDate>2014-08-15</intDate>
          <intCcy>GBP</intCcy>
          <rating>B</rating>
        </asstBondDetails>
      </asstDetail>
    </hldId>
    <effDt>2021-02-17</effDt>
    <settleDt>2021-02-15</settleDt>
    <qty>300000</qty>
    <grAmt ccy="GBP">7500</grAmt>
    <netAmt ccy="GBP">7500</netAmt>
  </hldCpt1><hldCpt2 amtScheme="m2">
    <hldId>
      <ptfl>83663293.6000</ptfl>
      <ctlrOwnr>83663293</ctlrOwnr>
      <ctlrAcct>83663293.4001/GBP/KK</ctlrAcct>
      <ccy>GBP</ccy>
      <asst>GBP</asst>
      <asstIDs>
        <asstRef refType="CURRENCY">GBP</asstRef>
      </asstIDs>
    </hldId>
    <effDt>2021-02-17</effDt>
    <grAmt ccy="GBP">7500</grAmt>
    <netAmt ccy="GBP">7500</netAmt>
  </hldCpt2></M001></m2:M006>
