<?xml version="1.0" encoding="UTF-8"?>
<m2:M006 xmlns:m2="http://www.mym2.com" xmlns:xsi="http://www.w3.org/2001/XMLSchema-instance" xsi:schemaLocation="http://www.mym2.com http://www.mym2.com/schemas/M2RequestSchema.xsd"><M001><tkn /><m2xmlReleaseNo>020</m2xmlReleaseNo><mvmtHdr mvmtTp="DIV">
    <cmt>Dividend Cash 5,858 ISIN US5949181045 @ 0.56 USD</cmt>
  </mvmtHdr><mvmtSrc>
    <ctlr>lghths-sg</ctlr>
    <ctlrMvmtRef>692130045</ctlrMvmtRef>
    <srcRecType>Cash Transaction</srcRecType>
    <srcTransType>Dividend Cash</srcTransType>
  </mvmtSrc><extSys>
    <extSysID>SAR</extSysID>
    <extSysRef>692130045</extSysRef>
  </extSys><hldCpt1 amtScheme="m2">
    <hldId>
      <ptfl>83677193.6000</ptfl>
      <ctlrOwnr>83677193</ctlrOwnr>
      <ctlrAcct>83677193.6000</ctlrAcct>
      <ownrRefCcy>USD</ownrRefCcy>
      <ccy>USD</ccy>
      <asst>US5949181045</asst>
      <asstIDs>
        <asstRef refType="ISIN">US5949181045</asstRef>
        <asstRef refType="Valor">951692</asstRef>
        <asstRef refType="Bloomberg">MSFT US</asstRef>
        <asstRef refType="SARA">000000420853</asstRef>
      </asstIDs>
      <asstDetail>
        <isin>US5949181045</isin>
        <type>Share</type>
        <cntry>US/United States of America</cntry>
        <desc>Microsoft Corp</desc>
        <issueCcy>USD</issueCcy>
        <latestPrc ccy="USD">234.81</latestPrc>
        <latestPrcDate>2021-03-15</latestPrcDate>
        <prcFactor>1</prcFactor>
      </asstDetail>
    </hldId>
    <effDt>2021-03-16</effDt>
    <settleDt>2021-03-11</settleDt>
    <qty>5858</qty>
    <grDivPerShare ccy="USD">0.56</grDivPerShare>
    <netDivPerShare ccy="USD">0.392001</netDivPerShare>
    <grAmt ccy="USD">3280.48</grAmt>
    <netAmt ccy="USD">2296.34</netAmt>
  </hldCpt1><hldCpt2 amtScheme="m2">
    <hldId>
      <ptfl>83677193.6000</ptfl>
      <ctlrOwnr>83677193</ctlrOwnr>
      <ctlrAcct>83677193.4000/USD/KK</ctlrAcct>
      <ccy>USD</ccy>
      <asst>USD</asst>
      <asstIDs>
        <asstRef refType="CURRENCY">USD</asstRef>
      </asstIDs>
    </hldId>
    <effDt>2021-03-16</effDt>
    <grAmt ccy="USD">2296.34</grAmt>
    <netAmt ccy="USD">2296.34</netAmt>
  </hldCpt2><chrgGp amtScheme="m2">
    <chrgCpt>
      <ctgy>WTH</ctgy>
      <ctgyAmt ccy="USD">-984.14</ctgyAmt>
      <chrgDesc>Withholding Tax</chrgDesc>
    </chrgCpt>
  </chrgGp></M001><M001><tkn /><m2xmlReleaseNo>020</m2xmlReleaseNo><mvmtHdr mvmtTp="DIV">
    <cmt>Dividend Cash 1,771 ISIN LU1226288253 @ 0.55 USD</cmt>
  </mvmtHdr><mvmtSrc>
    <ctlr>lghths-sg</ctlr>
    <ctlrMvmtRef>693388826</ctlrMvmtRef>
    <srcRecType>Cash Transaction</srcRecType>
    <srcTransType>Dividend Cash</srcTransType>
  </mvmtSrc><extSys>
    <extSysID>SAR</extSysID>
    <extSysRef>693388826</extSysRef>
  </extSys><hldCpt1 amtScheme="m2">
    <hldId>
      <ptfl>83663293.6000</ptfl>
      <ctlrOwnr>83663293</ctlrOwnr>
      <ctlrAcct>83663293.6000</ctlrAcct>
      <ownrRefCcy>USD</ownrRefCcy>
      <ccy>USD</ccy>
      <asst>LU1226288253</asst>
      <asstIDs>
        <asstRef refType="ISIN">LU1226288253</asstRef>
        <asstRef refType="Valor">27983955</asstRef>
        <asstRef refType="SARA">000126337077</asstRef>
      </asstIDs>
      <asstDetail>
        <isin>LU1226288253</isin>
        <type>Fund</type>
        <cntry>LU/Luxembourg</cntry>
        <desc>UBS (LU) Key Selection Sicav- China Allocation Opportunity (USD) -P- 6% monthly Distribution</desc>
        <issueCcy>USD</issueCcy>
        <latestPrc ccy="USD">107.46</latestPrc>
        <latestPrcDate>2021-03-15</latestPrcDate>
        <prcFactor>1</prcFactor>
      </asstDetail>
    </hldId>
    <effDt>2021-03-16</effDt>
    <settleDt>2021-03-15</settleDt>
    <qty>1771</qty>
    <grDivPerShare ccy="USD">0.55</grDivPerShare>
    <netDivPerShare ccy="USD">0.55</netDivPerShare>
    <grAmt ccy="USD">974.05</grAmt>
    <netAmt ccy="USD">974.05</netAmt>
  </hldCpt1><hldCpt2 amtScheme="m2">
    <hldId>
      <ptfl>83663293.6000</ptfl>
      <ctlrOwnr>83663293</ctlrOwnr>
      <ctlrAcct>83663293.4000/USD/KK</ctlrAcct>
      <ccy>USD</ccy>
      <asst>USD</asst>
      <asstIDs>
        <asstRef refType="CURRENCY">USD</asstRef>
      </asstIDs>
    </hldId>
    <effDt>2021-03-16</effDt>
    <grAmt ccy="USD">974.05</grAmt>
    <netAmt ccy="USD">974.05</netAmt>
  </hldCpt2></M001><M001><tkn /><m2xmlReleaseNo>020</m2xmlReleaseNo><mvmtHdr mvmtTp="SEL">
    <cmt>Sell 300,000 ISIN XS1076957700 @ 109.875 USD</cmt>
  </mvmtHdr><mvmtSrc>
    <ctlr>lghths-sg</ctlr>
    <ctlrMvmtRef>693324942</ctlrMvmtRef>
    <srcRecType>Security Transaction</srcRecType>
    <srcTransType>Sell</srcTransType>
  </mvmtSrc><extSys>
    <extSysID>SAR</extSysID>
    <extSysRef>693324942</extSysRef>
  </extSys><hldCpt1 amtScheme="m2">
    <hldId>
      <ptfl>83663293.6000</ptfl>
      <ctlrOwnr>83663293</ctlrOwnr>
      <ctlrAcct>83663293.6000</ctlrAcct>
      <ownrRefCcy>USD</ownrRefCcy>
      <ccy>USD</ccy>
      <asst>XS1076957700</asst>
      <asstIDs>
        <asstRef refType="ISIN">XS1076957700</asstRef>
        <asstRef refType="Valor">24686478</asstRef>
        <asstRef refType="SARA">000123591011</asstRef>
      </asstIDs>
      <asstDetail>
        <isin>XS1076957700</isin>
        <type>Bond</type>
        <cntry>CH/Switzerland</cntry>
        <desc>6.25% Credit Suisse Group AG Contingent Convertible Floating Rate Notes  2014-Perpetual Reg-S Subordinated</desc>
        <issueCcy>USD</issueCcy>
        <issueDate>2014-06-18</issueDate>
        <latestPrc ccy="USD">109.75</latestPrc>
        <latestPrcDate>2021-03-16</latestPrcDate>
        <prcFactor>.01</prcFactor>
        <asstBondDetails>
          <matDate>2024-12-18</matDate>
          <intRate>4.85</intRate>
          <calcBasis>30/360</calcBasis>
          <intFreq>2</intFreq>
          <intDate>2015-06-18</intDate>
          <intCcy>USD</intCcy>
          <rating>BB</rating>
        </asstBondDetails>
      </asstDetail>
    </hldId>
    <effDt>2021-03-16</effDt>
    <settleDt>2021-03-18</settleDt>
    <qty>-300000</qty>
    <prc ccy="USD">109.875</prc>
    <grTrdAmt ccy="USD">-329625</grTrdAmt>
    <grAmt ccy="USD">-334312.5</grAmt>
    <netAmt ccy="USD">-333418.22</netAmt>
  </hldCpt1><hldCpt2 amtScheme="m2">
    <hldId>
      <ptfl>83663293.6000</ptfl>
      <ctlrOwnr>83663293</ctlrOwnr>
      <ctlrAcct>83663293.4000/USD/KK</ctlrAcct>
      <ccy>USD</ccy>
      <asst>USD</asst>
      <asstIDs>
        <asstRef refType="CURRENCY">USD</asstRef>
      </asstIDs>
    </hldId>
    <effDt>2021-03-16</effDt>
    <grAmt ccy="USD">333418.22</grAmt>
    <netAmt ccy="USD">333418.22</netAmt>
  </hldCpt2><chrgGp amtScheme="m2">
    <chrgCpt>
      <ctgy>EXE</ctgy>
      <ctgyAmt ccy="USD">-835.78</ctgyAmt>
      <chrgDesc>Stex Commissions</chrgDesc>
    </chrgCpt>
    <chrgCpt>
      <ctgy>CPN</ctgy>
      <ctgyAmt ccy="USD">4687.5</ctgyAmt>
      <chrgDesc>Accrued Interest</chrgDesc>
    </chrgCpt>
    <chrgCpt>
      <ctgy>VAT</ctgy>
      <ctgyAmt ccy="USD">-58.5</ctgyAmt>
      <chrgDesc>VAT</chrgDesc>
    </chrgCpt>
  </chrgGp></M001><M001><tkn /><m2xmlReleaseNo>020</m2xmlReleaseNo><mvmtHdr mvmtTp="OPN">
    <cmt>Raise loan</cmt>
  </mvmtHdr><mvmtSrc>
    <ctlr>lghths-sg</ctlr>
    <ctlrMvmtRef>692221286</ctlrMvmtRef>
    <srcRecType>Deposits &amp; Loans Transaction</srcRecType>
    <srcTransType>Raise Loan</srcTransType>
  </mvmtSrc><extSys>
    <extSysID>SAR</extSysID>
    <extSysRef>693324942</extSysRef>
  </extSys><hldCpt1 amtScheme="m2">
    <hldId>
      <ptfl>83667931.6000</ptfl>
      <ctlrOwnr>83667931</ctlrOwnr>
      <ctlrAcct>83667931</ctlrAcct>
      <ownrRefCcy>USD</ownrRefCcy>
      <ccy>USD</ccy>
      <asst>USD</asst>
      <asstIDs>
        <asstRef refType="CURRENCY">USD</asstRef>
      </asstIDs>
      <asstDetail>
        <type>MoneyMarket</type>
        <desc>USD Fixed Loan</desc>
        <asstMnyMktDetails>
          <mnyMktType>Loan</mnyMktType>
          <mnyMktTerm termType="Fixed">2021-03-23</mnyMktTerm>
          <mnyMktAmt ccy="USD">-333179.67</mnyMktAmt>
          <intRate>1.19</intRate>
          <mnyMktRef>142918632</mnyMktRef>
          <mnyMktName>s/t Fixed Advance Fix USD 1.19% 16.03.2021-23.03</mnyMktName>
          <matDate>2021-03-23</matDate>
          <startDate>2021-03-16</startDate>
        </asstMnyMktDetails>
      </asstDetail>
    </hldId>
    <effDt>2021-03-16</effDt>
    <settleDt>2021-03-16</settleDt>
    <grAmt ccy="USD">-333179.67</grAmt>
    <netAmt ccy="USD">-333179.67</netAmt>
  </hldCpt1><hldCpt2 amtScheme="m2">
    <hldId>
      <ptfl>83667931.6000</ptfl>
      <ctlrOwnr>83667931</ctlrOwnr>
      <ctlrAcct>83667931.4000/USD/KK</ctlrAcct>
      <ccy>USD</ccy>
      <asst>USD</asst>
      <asstIDs>
        <asstRef refType="CURRENCY">USD</asstRef>
      </asstIDs>
    </hldId>
    <effDt>2021-03-16</effDt>
    <grAmt ccy="USD">333179.67</grAmt>
    <netAmt ccy="USD">333179.67</netAmt>
  </hldCpt2></M001></m2:M006>
