<?xml version="1.0" encoding="UTF-8"?>
<m2:M006 xmlns:m2="http://www.mym2.com" xmlns:xsi="http://www.w3.org/2001/XMLSchema-instance" xsi:schemaLocation="http://www.mym2.com http://www.mym2.com/schemas/M2RequestSchema.xsd"><M001><tkn /><m2xmlReleaseNo>020</m2xmlReleaseNo><mvmtHdr mvmtTp="AOU">
    <cmt>Securities Exchange 99.15 ISIN KYG047761039 @ 1520.968 USD</cmt>
  </mvmtHdr><mvmtSrc>
    <ctlr>lghths-sg</ctlr>
    <ctlrMvmtRef>698266085</ctlrMvmtRef>
    <srcRecType>Security Transaction</srcRecType>
    <srcTransType>Securities Exchange</srcTransType>
  </mvmtSrc><extSys>
    <extSysID>SAR</extSysID>
    <extSysRef>698266085</extSysRef>
  </extSys><hldCpt1 amtScheme="m2">
    <hldId>
      <ptfl>83663279.6000</ptfl>
      <ctlrOwnr>83663279</ctlrOwnr>
      <ctlrAcct>83663279.6000</ctlrAcct>
      <ownrRefCcy>USD</ownrRefCcy>
      <ccy>USD</ccy>
      <asst>KYG047761039</asst>
      <asstIDs>
        <asstRef refType="ISIN">KYG047761039</asstRef>
        <asstRef refType="Valor">24384793</asstRef>
        <asstRef refType="SARA">000127370797</asstRef>
      </asstIDs>
      <asstDetail>
        <isin>KYG047761039</isin>
        <type>Fund</type>
        <cntry>KY/Cayman Islands</cntry>
        <desc>Aravali Cayman Spc Global Arbitrage Fund (USD) -B- Segregated Portfolio Non Voting Capitalisation</desc>
        <issueCcy>USD</issueCcy>
        <latestPrc ccy="USD">1604.343</latestPrc>
        <latestPrcDate>2021-03-01</latestPrcDate>
        <prcFactor>1</prcFactor>
      </asstDetail>
    </hldId>
    <effDt>2021-03-19</effDt>
    <settleDt>2021-03-19</settleDt>
    <qty>-99.149</qty>
    <prc ccy="USD">1520.9684</prc>
    <grTrdAmt ccy="USD">-150802.5</grTrdAmt>
    <grAmt ccy="USD">-150802.5</grAmt>
    <netAmt ccy="USD">-150802.5</netAmt>
  </hldCpt1></M001><M001><tkn /><m2xmlReleaseNo>020</m2xmlReleaseNo><mvmtHdr mvmtTp="OPN">
    <cmt>Raise loan</cmt>
  </mvmtHdr><mvmtSrc>
    <ctlr>lghths-sg</ctlr>
    <ctlrMvmtRef>697522603</ctlrMvmtRef>
    <srcRecType>Deposits &amp; Loans Transaction</srcRecType>
    <srcTransType>Raise Loan</srcTransType>
  </mvmtSrc><extSys>
    <extSysID>SAR</extSysID>
    <extSysRef>698266085</extSysRef>
  </extSys><hldCpt1 amtScheme="m2">
    <hldId>
      <ptfl>83663293.6000</ptfl>
      <ctlrOwnr>83663293</ctlrOwnr>
      <ctlrAcct>83663293</ctlrAcct>
      <ownrRefCcy>USD</ownrRefCcy>
      <ccy>USD</ccy>
      <asst>USD</asst>
      <asstIDs>
        <asstRef refType="CURRENCY">USD</asstRef>
      </asstIDs>
      <asstDetail>
        <type>MoneyMarket</type>
        <desc>USD Fixed Loan</desc>
        <asstMnyMktDetails>
          <mnyMktType>Loan</mnyMktType>
          <mnyMktTerm termType="Fixed">2021-04-14</mnyMktTerm>
          <mnyMktAmt ccy="USD">-654272.02</mnyMktAmt>
          <intRate>0.94</intRate>
          <mnyMktRef>143088669</mnyMktRef>
          <mnyMktName>s/t Fixed Advance Fix USD 0.94% 07.04.2021-14.04</mnyMktName>
          <matDate>2021-04-14</matDate>
          <startDate>2021-04-07</startDate>
        </asstMnyMktDetails>
      </asstDetail>
    </hldId>
    <effDt>2021-04-06</effDt>
    <settleDt>2021-04-07</settleDt>
    <grAmt ccy="USD">-654272.02</grAmt>
    <netAmt ccy="USD">-654272.02</netAmt>
  </hldCpt1><hldCpt2 amtScheme="m2">
    <hldId>
      <ptfl>83663293.6000</ptfl>
      <ctlrOwnr>83663293</ctlrOwnr>
      <ctlrAcct>83663293.4000/USD/KK</ctlrAcct>
      <ccy>USD</ccy>
      <asst>USD</asst>
      <asstIDs>
        <asstRef refType="CURRENCY">USD</asstRef>
      </asstIDs>
    </hldId>
    <effDt>2021-04-06</effDt>
    <grAmt ccy="USD">654272.02</grAmt>
    <netAmt ccy="USD">654272.02</netAmt>
  </hldCpt2></M001><M001><tkn /><m2xmlReleaseNo>020</m2xmlReleaseNo><mvmtHdr mvmtTp="OPN">
    <cmt>Raise loan</cmt>
  </mvmtHdr><mvmtSrc>
    <ctlr>lghths-sg</ctlr>
    <ctlrMvmtRef>697522597</ctlrMvmtRef>
    <srcRecType>Deposits &amp; Loans Transaction</srcRecType>
    <srcTransType>Raise Loan</srcTransType>
  </mvmtSrc><extSys>
    <extSysID>SAR</extSysID>
    <extSysRef>698266085</extSysRef>
  </extSys><hldCpt1 amtScheme="m2">
    <hldId>
      <ptfl>83663293.6000</ptfl>
      <ctlrOwnr>83663293</ctlrOwnr>
      <ctlrAcct>83663293</ctlrAcct>
      <ownrRefCcy>USD</ownrRefCcy>
      <ccy>GBP</ccy>
      <asst>GBP</asst>
      <asstIDs>
        <asstRef refType="CURRENCY">GBP</asstRef>
      </asstIDs>
      <asstDetail>
        <type>MoneyMarket</type>
        <desc>GBP Fixed Loan</desc>
        <asstMnyMktDetails>
          <mnyMktType>Loan</mnyMktType>
          <mnyMktTerm termType="Fixed">2021-04-08</mnyMktTerm>
          <mnyMktAmt ccy="GBP">-210298.83</mnyMktAmt>
          <intRate>0.89</intRate>
          <mnyMktRef>143088654</mnyMktRef>
          <mnyMktName>s/t Fixed Advance Fix GBP 0.89% 07.04.2021-08.04</mnyMktName>
          <matDate>2021-04-08</matDate>
          <startDate>2021-04-07</startDate>
        </asstMnyMktDetails>
      </asstDetail>
    </hldId>
    <effDt>2021-04-06</effDt>
    <settleDt>2021-04-07</settleDt>
    <grAmt ccy="GBP">-210298.83</grAmt>
    <netAmt ccy="GBP">-210298.83</netAmt>
  </hldCpt1><hldCpt2 amtScheme="m2">
    <hldId>
      <ptfl>83663293.6000</ptfl>
      <ctlrOwnr>83663293</ctlrOwnr>
      <ctlrAcct>83663293.4001/GBP/KK</ctlrAcct>
      <ccy>GBP</ccy>
      <asst>GBP</asst>
      <asstIDs>
        <asstRef refType="CURRENCY">GBP</asstRef>
      </asstIDs>
    </hldId>
    <effDt>2021-04-06</effDt>
    <grAmt ccy="GBP">210298.83</grAmt>
    <netAmt ccy="GBP">210298.83</netAmt>
  </hldCpt2></M001><M001><tkn /><m2xmlReleaseNo>020</m2xmlReleaseNo><mvmtHdr mvmtTp="DIV">
    <cmt>Dividend Cash 7,800 ISIN MYL7113OO003 @ 0.082 SGD</cmt>
  </mvmtHdr><mvmtSrc>
    <ctlr>lghths-sg</ctlr>
    <ctlrMvmtRef>698324501</ctlrMvmtRef>
    <srcRecType>Cash Transaction</srcRecType>
    <srcTransType>Dividend Cash</srcTransType>
  </mvmtSrc><extSys>
    <extSysID>SAR</extSysID>
    <extSysRef>698324501</extSysRef>
  </extSys><hldCpt1 amtScheme="m2">
    <hldId>
      <ptfl>83667931.6000</ptfl>
      <ctlrOwnr>83667931</ctlrOwnr>
      <ctlrAcct>83667931.6000</ctlrAcct>
      <ownrRefCcy>USD</ownrRefCcy>
      <ccy>SGD</ccy>
      <asst>MYL7113OO003</asst>
      <asstIDs>
        <asstRef refType="ISIN">MYL7113OO003</asstRef>
        <asstRef refType="Valor">1197605</asstRef>
        <asstRef refType="Bloomberg">TOPG MK</asstRef>
        <asstRef refType="SARA">000002537305</asstRef>
      </asstIDs>
      <asstDetail>
        <isin>MYL7113OO003</isin>
        <type>Share</type>
        <cntry>MY/Malaysia</cntry>
        <desc>Top Glove Corporation Bhd</desc>
        <issueCcy>MYR</issueCcy>
        <issueCcyExchRt>3.084539</issueCcyExchRt>
        <latestPrc ccy="MYR">4.77</latestPrc>
        <latestPrcDate>2021-04-06</latestPrcDate>
        <prcFactor>1</prcFactor>
      </asstDetail>
    </hldId>
    <effDt>2021-04-06</effDt>
    <settleDt>2021-04-06</settleDt>
    <qty>7800</qty>
    <grDivPerShare ccy="SGD">0.08216</grDivPerShare>
    <netDivPerShare ccy="SGD">0.08216</netDivPerShare>
    <grAmt ccy="SGD">640.85</grAmt>
    <netAmt ccy="SGD">640.85</netAmt>
  </hldCpt1><hldCpt2 amtScheme="m2">
    <hldId>
      <ptfl>83667931.6000</ptfl>
      <ctlrOwnr>83667931</ctlrOwnr>
      <ctlrAcct>83667931.4003/SGD/KK</ctlrAcct>
      <ccy>SGD</ccy>
      <asst>SGD</asst>
      <asstIDs>
        <asstRef refType="CURRENCY">SGD</asstRef>
      </asstIDs>
    </hldId>
    <effDt>2021-04-06</effDt>
    <grAmt ccy="SGD">640.85</grAmt>
    <netAmt ccy="SGD">640.85</netAmt>
  </hldCpt2></M001><M001><tkn /><m2xmlReleaseNo>020</m2xmlReleaseNo><mvmtHdr mvmtTp="AIN">
    <cmt>Securities Exchange 99.31 ISIN KYG047761039 @ 1514.501 USD</cmt>
  </mvmtHdr><mvmtSrc>
    <ctlr>lghths-sg</ctlr>
    <ctlrMvmtRef>698267848</ctlrMvmtRef>
    <srcRecType>Security Transaction</srcRecType>
    <srcTransType>Securities Exchange</srcTransType>
  </mvmtSrc><extSys>
    <extSysID>SAR</extSysID>
    <extSysRef>698267848</extSysRef>
  </extSys><hldCpt1 amtScheme="m2">
    <hldId>
      <ptfl>83663279.6000</ptfl>
      <ctlrOwnr>83663279</ctlrOwnr>
      <ctlrAcct>83663279.6000</ctlrAcct>
      <ownrRefCcy>USD</ownrRefCcy>
      <ccy>USD</ccy>
      <asst>KYG047761039</asst>
      <asstIDs>
        <asstRef refType="ISIN">KYG047761039</asstRef>
        <asstRef refType="Valor">24384793</asstRef>
        <asstRef refType="SARA">000127370797</asstRef>
      </asstIDs>
      <asstDetail>
        <isin>KYG047761039</isin>
        <type>Fund</type>
        <cntry>KY/Cayman Islands</cntry>
        <desc>Aravali Cayman Spc Global Arbitrage Fund (USD) -B- Segregated Portfolio Non Voting Capitalisation</desc>
        <issueCcy>USD</issueCcy>
        <latestPrc ccy="USD">1604.343</latestPrc>
        <latestPrcDate>2021-03-01</latestPrcDate>
        <prcFactor>1</prcFactor>
      </asstDetail>
    </hldId>
    <effDt>2021-03-19</effDt>
    <settleDt>2021-03-19</settleDt>
    <qty>99.309</qty>
    <prc ccy="USD">1514.5006</prc>
    <grTrdAmt ccy="USD">150403.54</grTrdAmt>
    <grAmt ccy="USD">150403.54</grAmt>
    <netAmt ccy="USD">150403.54</netAmt>
  </hldCpt1></M001><M001><tkn /><m2xmlReleaseNo>020</m2xmlReleaseNo><mvmtHdr mvmtTp="AOU">
    <cmt>Securities Exchange 99.15 ISIN KYG047761039 @ 1516.945 USD</cmt>
  </mvmtHdr><mvmtSrc>
    <ctlr>lghths-sg</ctlr>
    <ctlrMvmtRef>698267848</ctlrMvmtRef>
    <srcRecType>Security Transaction</srcRecType>
    <srcTransType>Securities Exchange</srcTransType>
  </mvmtSrc><extSys>
    <extSysID>SAR</extSysID>
    <extSysRef>698267848</extSysRef>
  </extSys><hldCpt1 amtScheme="m2">
    <hldId>
      <ptfl>83663279.6000</ptfl>
      <ctlrOwnr>83663279</ctlrOwnr>
      <ctlrAcct>83663279.6000</ctlrAcct>
      <ownrRefCcy>USD</ownrRefCcy>
      <ccy>USD</ccy>
      <asst>KYG047761039</asst>
      <asstIDs>
        <asstRef refType="ISIN">KYG047761039</asstRef>
        <asstRef refType="Valor">24384793</asstRef>
        <asstRef refType="SARA">000127370797</asstRef>
      </asstIDs>
      <asstDetail>
        <isin>KYG047761039</isin>
        <type>Fund</type>
        <cntry>KY/Cayman Islands</cntry>
        <desc>Aravali Cayman Spc Global Arbitrage Fund (USD) -B- Segregated Portfolio Non Voting Capitalisation</desc>
        <issueCcy>USD</issueCcy>
        <latestPrc ccy="USD">1604.343</latestPrc>
        <latestPrcDate>2021-03-01</latestPrcDate>
        <prcFactor>1</prcFactor>
      </asstDetail>
    </hldId>
    <effDt>2021-03-19</effDt>
    <settleDt>2021-03-19</settleDt>
    <qty>-99.149</qty>
    <prc ccy="USD">1516.9446</prc>
    <grTrdAmt ccy="USD">-150403.54</grTrdAmt>
    <grAmt ccy="USD">-150403.54</grAmt>
    <netAmt ccy="USD">-150403.54</netAmt>
  </hldCpt1></M001><M001><tkn /><m2xmlReleaseNo>020</m2xmlReleaseNo><mvmtHdr mvmtTp="AIN">
    <cmt>Securities Exchange 99.41 ISIN KYG047761039 @ 1516.945 USD</cmt>
  </mvmtHdr><mvmtSrc>
    <ctlr>lghths-sg</ctlr>
    <ctlrMvmtRef>698266085</ctlrMvmtRef>
    <srcRecType>Security Transaction</srcRecType>
    <srcTransType>Securities Exchange</srcTransType>
  </mvmtSrc><extSys>
    <extSysID>SAR</extSysID>
    <extSysRef>698266085</extSysRef>
  </extSys><hldCpt1 amtScheme="m2">
    <hldId>
      <ptfl>83663279.6000</ptfl>
      <ctlrOwnr>83663279</ctlrOwnr>
      <ctlrAcct>83663279.6000</ctlrAcct>
      <ownrRefCcy>USD</ownrRefCcy>
      <ccy>USD</ccy>
      <asst>KYG047761039</asst>
      <asstIDs>
        <asstRef refType="ISIN">KYG047761039</asstRef>
        <asstRef refType="Valor">24384793</asstRef>
        <asstRef refType="SARA">000127370797</asstRef>
      </asstIDs>
      <asstDetail>
        <isin>KYG047761039</isin>
        <type>Fund</type>
        <cntry>KY/Cayman Islands</cntry>
        <desc>Aravali Cayman Spc Global Arbitrage Fund (USD) -B- Segregated Portfolio Non Voting Capitalisation</desc>
        <issueCcy>USD</issueCcy>
        <latestPrc ccy="USD">1604.343</latestPrc>
        <latestPrcDate>2021-03-01</latestPrcDate>
        <prcFactor>1</prcFactor>
      </asstDetail>
    </hldId>
    <effDt>2021-03-19</effDt>
    <settleDt>2021-03-19</settleDt>
    <qty>99.412</qty>
    <prc ccy="USD">1516.9446</prc>
    <grTrdAmt ccy="USD">150802.5</grTrdAmt>
    <grAmt ccy="USD">150802.5</grAmt>
    <netAmt ccy="USD">150802.5</netAmt>
  </hldCpt1></M001><M001><tkn /><m2xmlReleaseNo>020</m2xmlReleaseNo><mvmtHdr mvmtTp="CLS">
    <cmt>Close Loan</cmt>
  </mvmtHdr><mvmtSrc>
    <ctlr>lghths-sg</ctlr>
    <ctlrMvmtRef>698043768</ctlrMvmtRef>
    <srcRecType>Deposits &amp; Loans Transaction</srcRecType>
    <srcTransType>Close Loan</srcTransType>
  </mvmtSrc><extSys>
    <extSysID>SAR</extSysID>
    <extSysRef>698266085</extSysRef>
  </extSys><hldCpt1 amtScheme="m2">
    <hldId>
      <ptfl>83663279.6000</ptfl>
      <ctlrOwnr>83663279</ctlrOwnr>
      <ctlrAcct>83663279</ctlrAcct>
      <ownrRefCcy>USD</ownrRefCcy>
      <ccy>USD</ccy>
      <asst>USD</asst>
      <asstIDs>
        <asstRef refType="CURRENCY">USD</asstRef>
      </asstIDs>
      <asstDetail>
        <type>MoneyMarket</type>
        <desc>USD Fixed Loan</desc>
        <asstMnyMktDetails>
          <mnyMktType>Loan</mnyMktType>
          <mnyMktTerm termType="Fixed">2021-04-07</mnyMktTerm>
          <mnyMktAmt ccy="USD">-206017.41</mnyMktAmt>
          <intRate>0.93</intRate>
          <mnyMktRef>143082275</mnyMktRef>
          <mnyMktName>s/t Fixed Advance Fix USD 0.93% 06.04.2021-07.04</mnyMktName>
          <matDate>2021-04-07</matDate>
          <startDate>2021-04-06</startDate>
        </asstMnyMktDetails>
      </asstDetail>
    </hldId>
    <effDt>2021-04-06</effDt>
    <settleDt>2021-04-07</settleDt>
    <grAmt ccy="USD">206017.41</grAmt>
    <netAmt ccy="USD">206017.41</netAmt>
  </hldCpt1><hldCpt2 amtScheme="m2">
    <hldId>
      <ptfl>83663279.6000</ptfl>
      <ctlrOwnr>83663279</ctlrOwnr>
      <ctlrAcct>83663279.4000/USD/KK</ctlrAcct>
      <ccy>USD</ccy>
      <asst>USD</asst>
      <asstIDs>
        <asstRef refType="CURRENCY">USD</asstRef>
      </asstIDs>
    </hldId>
    <effDt>2021-04-06</effDt>
    <grAmt ccy="USD">-206022.73</grAmt>
    <netAmt ccy="USD">-206022.73</netAmt>
  </hldCpt2><chrgGp amtScheme="m2">
    <chrgCpt>
      <ctgy>CIP</ctgy>
      <ctgyAmt ccy="USD">-5.32</ctgyAmt>
      <chrgDesc>Interest Paid</chrgDesc>
    </chrgCpt>
  </chrgGp></M001><M001><tkn /><m2xmlReleaseNo>020</m2xmlReleaseNo><mvmtHdr mvmtTp="OPN">
    <cmt>Raise loan</cmt>
  </mvmtHdr><mvmtSrc>
    <ctlr>lghths-sg</ctlr>
    <ctlrMvmtRef>697521837</ctlrMvmtRef>
    <srcRecType>Deposits &amp; Loans Transaction</srcRecType>
    <srcTransType>Raise Loan</srcTransType>
  </mvmtSrc><extSys>
    <extSysID>SAR</extSysID>
    <extSysRef>698266085</extSysRef>
  </extSys><hldCpt1 amtScheme="m2">
    <hldId>
      <ptfl>83663279.6000</ptfl>
      <ctlrOwnr>83663279</ctlrOwnr>
      <ctlrAcct>83663279</ctlrAcct>
      <ownrRefCcy>USD</ownrRefCcy>
      <ccy>USD</ccy>
      <asst>USD</asst>
      <asstIDs>
        <asstRef refType="CURRENCY">USD</asstRef>
      </asstIDs>
      <asstDetail>
        <type>MoneyMarket</type>
        <desc>USD Fixed Loan</desc>
        <asstMnyMktDetails>
          <mnyMktType>Loan</mnyMktType>
          <mnyMktTerm termType="Fixed">2021-04-14</mnyMktTerm>
          <mnyMktAmt ccy="USD">-287290.27</mnyMktAmt>
          <intRate>0.94</intRate>
          <mnyMktRef>143088632</mnyMktRef>
          <mnyMktName>s/t Fixed Advance Fix USD 0.94% 07.04.2021-14.04</mnyMktName>
          <matDate>2021-04-14</matDate>
          <startDate>2021-04-07</startDate>
        </asstMnyMktDetails>
      </asstDetail>
    </hldId>
    <effDt>2021-04-06</effDt>
    <settleDt>2021-04-07</settleDt>
    <grAmt ccy="USD">-287290.27</grAmt>
    <netAmt ccy="USD">-287290.27</netAmt>
  </hldCpt1><hldCpt2 amtScheme="m2">
    <hldId>
      <ptfl>83663279.6000</ptfl>
      <ctlrOwnr>83663279</ctlrOwnr>
      <ctlrAcct>83663279.4000/USD/KK</ctlrAcct>
      <ccy>USD</ccy>
      <asst>USD</asst>
      <asstIDs>
        <asstRef refType="CURRENCY">USD</asstRef>
      </asstIDs>
    </hldId>
    <effDt>2021-04-06</effDt>
    <grAmt ccy="USD">287290.27</grAmt>
    <netAmt ccy="USD">287290.27</netAmt>
  </hldCpt2></M001><M001><tkn /><m2xmlReleaseNo>020</m2xmlReleaseNo><mvmtHdr mvmtTp="CLS">
    <cmt>Close Loan</cmt>
  </mvmtHdr><mvmtSrc>
    <ctlr>lghths-sg</ctlr>
    <ctlrMvmtRef>698043771</ctlrMvmtRef>
    <srcRecType>Deposits &amp; Loans Transaction</srcRecType>
    <srcTransType>Close Loan</srcTransType>
  </mvmtSrc><extSys>
    <extSysID>SAR</extSysID>
    <extSysRef>698266085</extSysRef>
  </extSys><hldCpt1 amtScheme="m2">
    <hldId>
      <ptfl>83663293.6000</ptfl>
      <ctlrOwnr>83663293</ctlrOwnr>
      <ctlrAcct>83663293</ctlrAcct>
      <ownrRefCcy>USD</ownrRefCcy>
      <ccy>USD</ccy>
      <asst>USD</asst>
      <asstIDs>
        <asstRef refType="CURRENCY">USD</asstRef>
      </asstIDs>
      <asstDetail>
        <type>MoneyMarket</type>
        <desc>USD Fixed Loan</desc>
        <asstMnyMktDetails>
          <mnyMktType>Loan</mnyMktType>
          <mnyMktTerm termType="Fixed">2021-04-07</mnyMktTerm>
          <mnyMktAmt ccy="USD">-204423.07</mnyMktAmt>
          <intRate>0.93</intRate>
          <mnyMktRef>143082283</mnyMktRef>
          <mnyMktName>s/t Fixed Advance Fix USD 0.93% 06.04.2021-07.04</mnyMktName>
          <matDate>2021-04-07</matDate>
          <startDate>2021-04-06</startDate>
        </asstMnyMktDetails>
      </asstDetail>
    </hldId>
    <effDt>2021-04-06</effDt>
    <settleDt>2021-04-07</settleDt>
    <grAmt ccy="USD">204423.07</grAmt>
    <netAmt ccy="USD">204423.07</netAmt>
  </hldCpt1><hldCpt2 amtScheme="m2">
    <hldId>
      <ptfl>83663293.6000</ptfl>
      <ctlrOwnr>83663293</ctlrOwnr>
      <ctlrAcct>83663293.4000/USD/KK</ctlrAcct>
      <ccy>USD</ccy>
      <asst>USD</asst>
      <asstIDs>
        <asstRef refType="CURRENCY">USD</asstRef>
      </asstIDs>
    </hldId>
    <effDt>2021-04-06</effDt>
    <grAmt ccy="USD">-204428.35</grAmt>
    <netAmt ccy="USD">-204428.35</netAmt>
  </hldCpt2><chrgGp amtScheme="m2">
    <chrgCpt>
      <ctgy>CIP</ctgy>
      <ctgyAmt ccy="USD">-5.28</ctgyAmt>
      <chrgDesc>Interest Paid</chrgDesc>
    </chrgCpt>
  </chrgGp></M001></m2:M006>
