<?xml version="1.0" encoding="UTF-8"?>
<m2:M006 xmlns:m2="http://www.mym2.com" xmlns:xsi="http://www.w3.org/2001/XMLSchema-instance" xsi:schemaLocation="http://www.mym2.com http://www.mym2.com/schemas/M2RequestSchema.xsd"><M001><tkn /><m2xmlReleaseNo>020</m2xmlReleaseNo><mvmtHdr mvmtTp="PCI">
    <cmt>Interest payment</cmt>
  </mvmtHdr><mvmtSrc>
    <ctlr>lghths-sg</ctlr>
    <ctlrMvmtRef>710263635</ctlrMvmtRef>
    <srcRecType>Cash Transaction</srcRecType>
    <srcTransType>Interest Payment</srcTransType>
  </mvmtSrc><extSys>
    <extSysID>SAR</extSysID>
    <extSysRef>710263635</extSysRef>
  </extSys><hldCpt1 amtScheme="m2">
    <hldId>
      <ptfl>83663279.6000</ptfl>
      <ctlrOwnr>83663279</ctlrOwnr>
      <ctlrAcct>83663279.4003/EUR/KK</ctlrAcct>
      <ownrRefCcy>USD</ownrRefCcy>
      <ccy>EUR</ccy>
      <asst>EUR</asst>
      <asstIDs>
        <asstRef refType="CURRENCY">EUR</asstRef>
      </asstIDs>
    </hldId>
    <effDt>2021-05-31</effDt>
    <settleDt>2021-05-31</settleDt>
    <grAmt ccy="EUR">-25.18</grAmt>
    <netAmt ccy="EUR">-25.18</netAmt>
  </hldCpt1></M001><M001><tkn /><m2xmlReleaseNo>020</m2xmlReleaseNo><mvmtHdr mvmtTp="DIV">
    <cmt>Dividend Cash 35,730.42 ISIN IE00B8K7V925 @ 0.037 USD</cmt>
  </mvmtHdr><mvmtSrc>
    <ctlr>lghths-sg</ctlr>
    <ctlrMvmtRef>710167398</ctlrMvmtRef>
    <srcRecType>Cash Transaction</srcRecType>
    <srcTransType>Dividend Cash</srcTransType>
  </mvmtSrc><extSys>
    <extSysID>SAR</extSysID>
    <extSysRef>710167398</extSysRef>
  </extSys><hldCpt1 amtScheme="m2">
    <hldId>
      <ptfl>83663293.6000</ptfl>
      <ctlrOwnr>83663293</ctlrOwnr>
      <ctlrAcct>83663293.6000</ctlrAcct>
      <ownrRefCcy>USD</ownrRefCcy>
      <ccy>USD</ccy>
      <asst>IE00B8K7V925</asst>
      <asstIDs>
        <asstRef refType="ISIN">IE00B8K7V925</asstRef>
        <asstRef refType="Valor">19762784</asstRef>
        <asstRef refType="SARA">000064235469</asstRef>
      </asstIDs>
      <asstDetail>
        <isin>IE00B8K7V925</isin>
        <type>Fund</type>
        <cntry>IE/Ireland</cntry>
        <desc>PIMCO Funds Global Investors Series Plc- Income (USD) -E- Distribution</desc>
        <issueCcy>USD</issueCcy>
        <latestPrc ccy="USD">11.11</latestPrc>
        <latestPrcDate>2021-05-28</latestPrcDate>
        <prcFactor>1</prcFactor>
      </asstDetail>
    </hldId>
    <effDt>2021-05-31</effDt>
    <settleDt>2021-05-28</settleDt>
    <qty>35730.415</qty>
    <grDivPerShare ccy="USD">0.0366</grDivPerShare>
    <netDivPerShare ccy="USD">0.0366</netDivPerShare>
    <grAmt ccy="USD">1307.73</grAmt>
    <netAmt ccy="USD">1307.73</netAmt>
  </hldCpt1><hldCpt2 amtScheme="m2">
    <hldId>
      <ptfl>83663293.6000</ptfl>
      <ctlrOwnr>83663293</ctlrOwnr>
      <ctlrAcct>83663293.4000/USD/KK</ctlrAcct>
      <ccy>USD</ccy>
      <asst>USD</asst>
      <asstIDs>
        <asstRef refType="CURRENCY">USD</asstRef>
      </asstIDs>
    </hldId>
    <effDt>2021-05-31</effDt>
    <grAmt ccy="USD">1307.73</grAmt>
    <netAmt ccy="USD">1307.73</netAmt>
  </hldCpt2></M001><M001><tkn /><m2xmlReleaseNo>020</m2xmlReleaseNo><mvmtHdr mvmtTp="PCI">
    <cmt>Interest payment</cmt>
  </mvmtHdr><mvmtSrc>
    <ctlr>lghths-sg</ctlr>
    <ctlrMvmtRef>710269836</ctlrMvmtRef>
    <srcRecType>Cash Transaction</srcRecType>
    <srcTransType>Interest Payment</srcTransType>
  </mvmtSrc><extSys>
    <extSysID>SAR</extSysID>
    <extSysRef>710269836</extSysRef>
  </extSys><hldCpt1 amtScheme="m2">
    <hldId>
      <ptfl>83663293.6000</ptfl>
      <ctlrOwnr>83663293</ctlrOwnr>
      <ctlrAcct>83663293.4000/USD/KK</ctlrAcct>
      <ownrRefCcy>USD</ownrRefCcy>
      <ccy>USD</ccy>
      <asst>USD</asst>
      <asstIDs>
        <asstRef refType="CURRENCY">USD</asstRef>
      </asstIDs>
    </hldId>
    <effDt>2021-05-31</effDt>
    <settleDt>2021-05-31</settleDt>
    <grAmt ccy="USD">-4.57</grAmt>
    <netAmt ccy="USD">-4.57</netAmt>
  </hldCpt1></M001><M001><tkn /><m2xmlReleaseNo>020</m2xmlReleaseNo><mvmtHdr mvmtTp="PCI">
    <cmt>Interest payment</cmt>
  </mvmtHdr><mvmtSrc>
    <ctlr>lghths-sg</ctlr>
    <ctlrMvmtRef>710271918</ctlrMvmtRef>
    <srcRecType>Cash Transaction</srcRecType>
    <srcTransType>Interest Payment</srcTransType>
  </mvmtSrc><extSys>
    <extSysID>SAR</extSysID>
    <extSysRef>710271918</extSysRef>
  </extSys><hldCpt1 amtScheme="m2">
    <hldId>
      <ptfl>83676187.6000</ptfl>
      <ctlrOwnr>83676187</ctlrOwnr>
      <ctlrAcct>83676187.4000/USD/KK</ctlrAcct>
      <ownrRefCcy>USD</ownrRefCcy>
      <ccy>USD</ccy>
      <asst>USD</asst>
      <asstIDs>
        <asstRef refType="CURRENCY">USD</asstRef>
      </asstIDs>
    </hldId>
    <effDt>2021-05-31</effDt>
    <settleDt>2021-05-31</settleDt>
    <grAmt ccy="USD">-23.97</grAmt>
    <netAmt ccy="USD">-23.97</netAmt>
  </hldCpt1></M001><M001><tkn /><m2xmlReleaseNo>020</m2xmlReleaseNo><mvmtHdr mvmtTp="PCI">
    <cmt>Interest payment</cmt>
  </mvmtHdr><mvmtSrc>
    <ctlr>lghths-sg</ctlr>
    <ctlrMvmtRef>710263908</ctlrMvmtRef>
    <srcRecType>Cash Transaction</srcRecType>
    <srcTransType>Interest Payment</srcTransType>
  </mvmtSrc><extSys>
    <extSysID>SAR</extSysID>
    <extSysRef>710263908</extSysRef>
  </extSys><hldCpt1 amtScheme="m2">
    <hldId>
      <ptfl>83677193.6000</ptfl>
      <ctlrOwnr>83677193</ctlrOwnr>
      <ctlrAcct>83677193.4001/EUR/KK</ctlrAcct>
      <ownrRefCcy>USD</ownrRefCcy>
      <ccy>EUR</ccy>
      <asst>EUR</asst>
      <asstIDs>
        <asstRef refType="CURRENCY">EUR</asstRef>
      </asstIDs>
    </hldId>
    <effDt>2021-05-31</effDt>
    <settleDt>2021-05-31</settleDt>
    <grAmt ccy="EUR">-0.07</grAmt>
    <netAmt ccy="EUR">-0.07</netAmt>
  </hldCpt1></M001></m2:M006>
