<?xml version="1.0" encoding="UTF-8"?>
<m2:M006 xmlns:m2="http://www.mym2.com" xmlns:xsi="http://www.w3.org/2001/XMLSchema-instance" xsi:schemaLocation="http://www.mym2.com http://www.mym2.com/schemas/M2RequestSchema.xsd"><M001><tkn /><m2xmlReleaseNo>020</m2xmlReleaseNo><mvmtHdr mvmtTp="CLS">
    <cmt>Close Loan</cmt>
  </mvmtHdr><mvmtSrc>
    <ctlr>lghths-sg</ctlr>
    <ctlrMvmtRef>695540637</ctlrMvmtRef>
    <srcRecType>Deposits &amp; Loans Transaction</srcRecType>
    <srcTransType>Close Loan</srcTransType>
  </mvmtSrc><extSys>
    <extSysID>SAR</extSysID>
    <extSysRef>695772252</extSysRef>
  </extSys><hldCpt1 amtScheme="m2">
    <hldId>
      <ptfl>83667931.6000</ptfl>
      <ctlrOwnr>83667931</ctlrOwnr>
      <ctlrAcct>83667931</ctlrAcct>
      <ownrRefCcy>USD</ownrRefCcy>
      <ccy>USD</ccy>
      <asst>USD</asst>
      <asstIDs>
        <asstRef refType="CURRENCY">USD</asstRef>
      </asstIDs>
      <asstDetail>
        <type>MoneyMarket</type>
        <desc>USD Fixed Loan</desc>
        <asstMnyMktDetails>
          <mnyMktType>Loan</mnyMktType>
          <mnyMktTerm termType="Fixed">2021-03-30</mnyMktTerm>
          <mnyMktAmt ccy="USD">0</mnyMktAmt>
          <intRate>1.18</intRate>
          <mnyMktRef>142970644</mnyMktRef>
          <mnyMktName>s/t Fixed Advance Fix USD 1.18% 23.03.2021-30.03</mnyMktName>
          <matDate>2021-03-30</matDate>
          <startDate>2021-03-23</startDate>
        </asstMnyMktDetails>
      </asstDetail>
    </hldId>
    <effDt>2021-03-26</effDt>
    <settleDt>2021-03-30</settleDt>
    <grAmt ccy="USD">333256.76</grAmt>
    <netAmt ccy="USD">333256.76</netAmt>
  </hldCpt1><hldCpt2 amtScheme="m2">
    <hldId>
      <ptfl>83667931.6000</ptfl>
      <ctlrOwnr>83667931</ctlrOwnr>
      <ctlrAcct>83667931.4000/USD/KK</ctlrAcct>
      <ccy>USD</ccy>
      <asst>USD</asst>
      <asstIDs>
        <asstRef refType="CURRENCY">USD</asstRef>
      </asstIDs>
    </hldId>
    <effDt>2021-03-26</effDt>
    <grAmt ccy="USD">-333333.22</grAmt>
    <netAmt ccy="USD">-333333.22</netAmt>
  </hldCpt2><chrgGp amtScheme="m2">
    <chrgCpt>
      <ctgy>CIP</ctgy>
      <ctgyAmt ccy="USD">-76.46</ctgyAmt>
      <chrgDesc>Interest Paid</chrgDesc>
    </chrgCpt>
  </chrgGp></M001><M001><tkn /><m2xmlReleaseNo>020</m2xmlReleaseNo><mvmtHdr mvmtTp="DIV">
    <cmt>Dividend Cash 10,000 ISIN US0605051046 @ 0.18 USD</cmt>
  </mvmtHdr><mvmtSrc>
    <ctlr>lghths-sg</ctlr>
    <ctlrMvmtRef>695806095</ctlrMvmtRef>
    <srcRecType>Cash Transaction</srcRecType>
    <srcTransType>Dividend Cash</srcTransType>
  </mvmtSrc><extSys>
    <extSysID>SAR</extSysID>
    <extSysRef>695806095</extSysRef>
  </extSys><hldCpt1 amtScheme="m2">
    <hldId>
      <ptfl>83677193.6000</ptfl>
      <ctlrOwnr>83677193</ctlrOwnr>
      <ctlrAcct>83677193.6000</ctlrAcct>
      <ownrRefCcy>USD</ownrRefCcy>
      <ccy>USD</ccy>
      <asst>US0605051046</asst>
      <asstIDs>
        <asstRef refType="ISIN">US0605051046</asstRef>
        <asstRef refType="Valor">748628</asstRef>
        <asstRef refType="Bloomberg">BAC UN</asstRef>
        <asstRef refType="SARA">000000418117</asstRef>
      </asstIDs>
      <asstDetail>
        <isin>US0605051046</isin>
        <type>Share</type>
        <cntry>US/United States of America</cntry>
        <desc>Bank of America Corp</desc>
        <issueCcy>USD</issueCcy>
        <latestPrc ccy="USD">37.66</latestPrc>
        <latestPrcDate>2021-03-25</latestPrcDate>
        <prcFactor>1</prcFactor>
      </asstDetail>
    </hldId>
    <effDt>2021-03-26</effDt>
    <settleDt>2021-03-26</settleDt>
    <qty>10000</qty>
    <grDivPerShare ccy="USD">0.18</grDivPerShare>
    <netDivPerShare ccy="USD">0.126</netDivPerShare>
    <grAmt ccy="USD">1800</grAmt>
    <netAmt ccy="USD">1260</netAmt>
  </hldCpt1><hldCpt2 amtScheme="m2">
    <hldId>
      <ptfl>83677193.6000</ptfl>
      <ctlrOwnr>83677193</ctlrOwnr>
      <ctlrAcct>83677193.4000/USD/KK</ctlrAcct>
      <ccy>USD</ccy>
      <asst>USD</asst>
      <asstIDs>
        <asstRef refType="CURRENCY">USD</asstRef>
      </asstIDs>
    </hldId>
    <effDt>2021-03-26</effDt>
    <grAmt ccy="USD">1260</grAmt>
    <netAmt ccy="USD">1260</netAmt>
  </hldCpt2><chrgGp amtScheme="m2">
    <chrgCpt>
      <ctgy>WTH</ctgy>
      <ctgyAmt ccy="USD">-540</ctgyAmt>
      <chrgDesc>Withholding Tax</chrgDesc>
    </chrgCpt>
  </chrgGp></M001><M001><tkn /><m2xmlReleaseNo>020</m2xmlReleaseNo><mvmtHdr mvmtTp="SEL">
    <cmt>Final Liquidation Payment 129,198 ISIN KYG2886W1078 @ 0.237</cmt>
  </mvmtHdr><mvmtSrc>
    <ctlr>lghths-sg</ctlr>
    <ctlrMvmtRef>695772252</ctlrMvmtRef>
    <srcRecType>Security Transaction</srcRecType>
    <srcTransType>Final Liquidation Payment</srcTransType>
  </mvmtSrc><extSys>
    <extSysID>SAR</extSysID>
    <extSysRef>695772252</extSysRef>
  </extSys><hldCpt1 amtScheme="m2">
    <hldId>
      <ptfl>83677193.6000</ptfl>
      <ctlrOwnr>83677193</ctlrOwnr>
      <ctlrAcct>83677193.6000</ctlrAcct>
      <ownrRefCcy>USD</ownrRefCcy>
      <ccy>USD</ccy>
      <asst>KYG2886W1078</asst>
      <asstIDs>
        <asstRef refType="ISIN">KYG2886W1078</asstRef>
        <asstRef refType="Valor">2715048</asstRef>
        <asstRef refType="Bloomberg">DWSVIET KY</asstRef>
        <asstRef refType="SARA">000020988245</asstRef>
      </asstIDs>
      <asstDetail>
        <isin>KYG2886W1078</isin>
        <type>Fund</type>
        <cntry>KY/Cayman Islands</cntry>
        <desc>Vietnam Phoenix Fund Ltd -In Liquidation-</desc>
        <issueCcy>USD</issueCcy>
        <latestPrc ccy="USD">0.2366</latestPrc>
        <latestPrcDate>2021-02-26</latestPrcDate>
        <prcFactor>1</prcFactor>
      </asstDetail>
    </hldId>
    <effDt>2021-03-01</effDt>
    <settleDt>2021-03-25</settleDt>
    <qty>-129198</qty>
    <prc ccy="USD">0.2366</prc>
    <grTrdAmt ccy="USD">-30568.25</grTrdAmt>
    <grAmt ccy="USD">-30568.25</grAmt>
    <netAmt ccy="USD">-30568.25</netAmt>
  </hldCpt1><hldCpt2 amtScheme="m2">
    <hldId>
      <ptfl>83677193.6000</ptfl>
      <ctlrOwnr>83677193</ctlrOwnr>
      <ctlrAcct>83677193.4000/USD/KK</ctlrAcct>
      <ccy>USD</ccy>
      <asst>USD</asst>
      <asstIDs>
        <asstRef refType="CURRENCY">USD</asstRef>
      </asstIDs>
    </hldId>
    <effDt>2021-03-01</effDt>
    <grAmt ccy="USD">30568.25</grAmt>
    <netAmt ccy="USD">30568.25</netAmt>
  </hldCpt2></M001><M001><tkn /><m2xmlReleaseNo>020</m2xmlReleaseNo><mvmtHdr mvmtTp="CLS">
    <cmt>Close Loan</cmt>
  </mvmtHdr><mvmtSrc>
    <ctlr>lghths-sg</ctlr>
    <ctlrMvmtRef>695540646</ctlrMvmtRef>
    <srcRecType>Deposits &amp; Loans Transaction</srcRecType>
    <srcTransType>Close Loan</srcTransType>
  </mvmtSrc><extSys>
    <extSysID>SAR</extSysID>
    <extSysRef>695772252</extSysRef>
  </extSys><hldCpt1 amtScheme="m2">
    <hldId>
      <ptfl>83676187.6000</ptfl>
      <ctlrOwnr>83676187</ctlrOwnr>
      <ctlrAcct>83676187</ctlrAcct>
      <ownrRefCcy>USD</ownrRefCcy>
      <ccy>USD</ccy>
      <asst>USD</asst>
      <asstIDs>
        <asstRef refType="CURRENCY">USD</asstRef>
      </asstIDs>
      <asstDetail>
        <type>MoneyMarket</type>
        <desc>USD Fixed Loan</desc>
        <asstMnyMktDetails>
          <mnyMktType>Loan</mnyMktType>
          <mnyMktTerm termType="Fixed">2021-03-30</mnyMktTerm>
          <mnyMktAmt ccy="USD">0</mnyMktAmt>
          <intRate>1.03</intRate>
          <mnyMktRef>142970806</mnyMktRef>
          <mnyMktName>s/t Fixed Advance Fix USD 1.03% 23.03.2021-30.03</mnyMktName>
          <matDate>2021-03-30</matDate>
          <startDate>2021-03-23</startDate>
        </asstMnyMktDetails>
      </asstDetail>
    </hldId>
    <effDt>2021-03-26</effDt>
    <settleDt>2021-03-30</settleDt>
    <grAmt ccy="USD">261386.72</grAmt>
    <netAmt ccy="USD">261386.72</netAmt>
  </hldCpt1><hldCpt2 amtScheme="m2">
    <hldId>
      <ptfl>83676187.6000</ptfl>
      <ctlrOwnr>83676187</ctlrOwnr>
      <ctlrAcct>83676187.4000/USD/KK</ctlrAcct>
      <ccy>USD</ccy>
      <asst>USD</asst>
      <asstIDs>
        <asstRef refType="CURRENCY">USD</asstRef>
      </asstIDs>
    </hldId>
    <effDt>2021-03-26</effDt>
    <grAmt ccy="USD">-261439.07</grAmt>
    <netAmt ccy="USD">-261439.07</netAmt>
  </hldCpt2><chrgGp amtScheme="m2">
    <chrgCpt>
      <ctgy>CIP</ctgy>
      <ctgyAmt ccy="USD">-52.35</ctgyAmt>
      <chrgDesc>Interest Paid</chrgDesc>
    </chrgCpt>
  </chrgGp></M001></m2:M006>
