<?xml version="1.0" encoding="UTF-8"?>
<m2:M006 xmlns:m2="http://www.mym2.com" xmlns:xsi="http://www.w3.org/2001/XMLSchema-instance" xsi:schemaLocation="http://www.mym2.com http://www.mym2.com/schemas/M2RequestSchema.xsd"><M001><tkn /><m2xmlReleaseNo>020</m2xmlReleaseNo><mvmtHdr mvmtTp="COU">
    <cmt>Interest 400,000 ISIN XS1954554652</cmt>
  </mvmtHdr><mvmtSrc>
    <ctlr>lghths-sg</ctlr>
    <ctlrMvmtRef>689854093</ctlrMvmtRef>
    <srcRecType>Cash Transaction</srcRecType>
    <srcTransType>Interest</srcTransType>
  </mvmtSrc><extSys>
    <extSysID>SAR</extSysID>
    <extSysRef>689854093</extSysRef>
  </extSys><hldCpt1 amtScheme="m2">
    <hldId>
      <ptfl>83663279.6000</ptfl>
      <ctlrOwnr>83663279</ctlrOwnr>
      <ctlrAcct>83663279.6000</ctlrAcct>
      <ownrRefCcy>USD</ownrRefCcy>
      <ccy>USD</ccy>
      <asst>XS1954554652</asst>
      <asstIDs>
        <asstRef refType="ISIN">XS1954554652</asstRef>
        <asstRef refType="Valor">46603196</asstRef>
        <asstRef refType="SARA">000136779763</asstRef>
      </asstIDs>
      <asstDetail>
        <isin>XS1954554652</isin>
        <type>Bond</type>
        <cntry>KY/Cayman Islands</cntry>
        <desc>7.75% E-House (China) Enterprise Holdings Ltd Bonds 2019-2021</desc>
        <issueCcy>USD</issueCcy>
        <issueDate>2019-02-28</issueDate>
        <latestPrc ccy="USD">100.00</latestPrc>
        <latestPrcDate>2021-02-26</latestPrcDate>
        <prcFactor>.01</prcFactor>
        <asstBondDetails>
          <matDate>2021-02-28</matDate>
          <intRate>0.0</intRate>
          <calcBasis>30/360</calcBasis>
          <intFreq>2</intFreq>
          <intDate>2019-08-28</intDate>
          <intCcy>USD</intCcy>
          <rating>BB-</rating>
        </asstBondDetails>
      </asstDetail>
    </hldId>
    <effDt>2021-03-01</effDt>
    <settleDt>2021-03-01</settleDt>
    <qty>400000</qty>
    <grAmt ccy="USD">15500</grAmt>
    <netAmt ccy="USD">15500</netAmt>
  </hldCpt1><hldCpt2 amtScheme="m2">
    <hldId>
      <ptfl>83663279.6000</ptfl>
      <ctlrOwnr>83663279</ctlrOwnr>
      <ctlrAcct>83663279.4000/USD/KK</ctlrAcct>
      <ccy>USD</ccy>
      <asst>USD</asst>
      <asstIDs>
        <asstRef refType="CURRENCY">USD</asstRef>
      </asstIDs>
    </hldId>
    <effDt>2021-03-01</effDt>
    <grAmt ccy="USD">15500</grAmt>
    <netAmt ccy="USD">15500</netAmt>
  </hldCpt2></M001><M001><tkn /><m2xmlReleaseNo>020</m2xmlReleaseNo><mvmtHdr mvmtTp="SEL">
    <cmt>Bond Redemption 400,000 ISIN XS1954554652 @ 100 USD</cmt>
  </mvmtHdr><mvmtSrc>
    <ctlr>lghths-sg</ctlr>
    <ctlrMvmtRef>689882883</ctlrMvmtRef>
    <srcRecType>Security Transaction</srcRecType>
    <srcTransType>Bond Redemption</srcTransType>
  </mvmtSrc><extSys>
    <extSysID>SAR</extSysID>
    <extSysRef>689882883</extSysRef>
  </extSys><hldCpt1 amtScheme="m2">
    <hldId>
      <ptfl>83663279.6000</ptfl>
      <ctlrOwnr>83663279</ctlrOwnr>
      <ctlrAcct>83663279.6000</ctlrAcct>
      <ownrRefCcy>USD</ownrRefCcy>
      <ccy>USD</ccy>
      <asst>XS1954554652</asst>
      <asstIDs>
        <asstRef refType="ISIN">XS1954554652</asstRef>
        <asstRef refType="Valor">46603196</asstRef>
        <asstRef refType="SARA">000136779763</asstRef>
      </asstIDs>
      <asstDetail>
        <isin>XS1954554652</isin>
        <type>Bond</type>
        <cntry>KY/Cayman Islands</cntry>
        <desc>7.75% E-House (China) Enterprise Holdings Ltd Bonds 2019-2021</desc>
        <issueCcy>USD</issueCcy>
        <issueDate>2019-02-28</issueDate>
        <latestPrc ccy="USD">100.00</latestPrc>
        <latestPrcDate>2021-02-26</latestPrcDate>
        <prcFactor>.01</prcFactor>
        <asstBondDetails>
          <matDate>2021-02-28</matDate>
          <intRate>0.0</intRate>
          <calcBasis>30/360</calcBasis>
          <intFreq>2</intFreq>
          <intDate>2019-08-28</intDate>
          <intCcy>USD</intCcy>
          <rating>BB-</rating>
        </asstBondDetails>
      </asstDetail>
    </hldId>
    <effDt>2021-02-28</effDt>
    <settleDt>2021-03-01</settleDt>
    <qty>-400000</qty>
    <prc ccy="USD">100</prc>
    <grTrdAmt ccy="USD">-400000</grTrdAmt>
    <grAmt ccy="USD">-400000</grAmt>
    <netAmt ccy="USD">-400000</netAmt>
  </hldCpt1><hldCpt2 amtScheme="m2">
    <hldId>
      <ptfl>83663279.6000</ptfl>
      <ctlrOwnr>83663279</ctlrOwnr>
      <ctlrAcct>83663279.4000/USD/KK</ctlrAcct>
      <ccy>USD</ccy>
      <asst>USD</asst>
      <asstIDs>
        <asstRef refType="CURRENCY">USD</asstRef>
      </asstIDs>
    </hldId>
    <effDt>2021-02-28</effDt>
    <grAmt ccy="USD">400000</grAmt>
    <netAmt ccy="USD">400000</netAmt>
  </hldCpt2></M001></m2:M006>
