<?xml version="1.0" encoding="UTF-8"?>
<m2:M006 xmlns:m2="http://www.mym2.com" xmlns:xsi="http://www.w3.org/2001/XMLSchema-instance" xsi:schemaLocation="http://www.mym2.com http://www.mym2.com/schemas/M2RequestSchema.xsd"><M001><tkn /><m2xmlReleaseNo>020</m2xmlReleaseNo><mvmtHdr mvmtTp="BUY">
    <cmt>Subscription 17,905.1 ISIN IE00B8K7V925 @ 11.17 USD</cmt>
  </mvmtHdr><mvmtSrc>
    <ctlr>lghths-sg</ctlr>
    <ctlrMvmtRef>684863948</ctlrMvmtRef>
    <srcRecType>Security Transaction</srcRecType>
    <srcTransType>Subscription</srcTransType>
  </mvmtSrc><extSys>
    <extSysID>SAR</extSysID>
    <extSysRef>684863948</extSysRef>
  </extSys><hldCpt1 amtScheme="m2">
    <hldId>
      <ptfl>83663293.6000</ptfl>
      <ctlrOwnr>83663293</ctlrOwnr>
      <ctlrAcct>83663293.6000</ctlrAcct>
      <ownrRefCcy>USD</ownrRefCcy>
      <ccy>USD</ccy>
      <asst>IE00B8K7V925</asst>
      <asstIDs>
        <asstRef refType="ISIN">IE00B8K7V925</asstRef>
        <asstRef refType="Valor">19762784</asstRef>
        <asstRef refType="SARA">000064235469</asstRef>
      </asstIDs>
      <asstDetail>
        <isin>IE00B8K7V925</isin>
        <type>Fund</type>
        <cntry>IE/Ireland</cntry>
        <desc>PIMCO Funds Global Investors Series Plc- Income (USD) -E- Distribution</desc>
        <issueCcy>USD</issueCcy>
        <latestPrc ccy="USD">11.17</latestPrc>
        <latestPrcDate>2021-02-02</latestPrcDate>
        <prcFactor>1</prcFactor>
      </asstDetail>
    </hldId>
    <effDt>2021-02-02</effDt>
    <settleDt>2021-02-04</settleDt>
    <qty>17905.103</qty>
    <prc ccy="USD">11.17</prc>
    <grTrdAmt ccy="USD">200000</grTrdAmt>
    <grAmt ccy="USD">200000</grAmt>
    <netAmt ccy="USD">200881</netAmt>
  </hldCpt1><hldCpt2 amtScheme="m2">
    <hldId>
      <ptfl>83663293.6000</ptfl>
      <ctlrOwnr>83663293</ctlrOwnr>
      <ctlrAcct>83663293.4000/USD/KK</ctlrAcct>
      <ccy>USD</ccy>
      <asst>USD</asst>
      <asstIDs>
        <asstRef refType="CURRENCY">USD</asstRef>
      </asstIDs>
    </hldId>
    <effDt>2021-02-02</effDt>
    <grAmt ccy="USD">-200881</grAmt>
    <netAmt ccy="USD">-200881</netAmt>
  </hldCpt2><chrgGp amtScheme="m2">
    <chrgCpt>
      <ctgy>FOR</ctgy>
      <ctgyAmt ccy="USD">-25</ctgyAmt>
      <chrgDesc>Foreign Charges</chrgDesc>
    </chrgCpt>
    <chrgCpt>
      <ctgy>EXE</ctgy>
      <ctgyAmt ccy="USD">-800</ctgyAmt>
      <chrgDesc>Stex Commissions</chrgDesc>
    </chrgCpt>
    <chrgCpt>
      <ctgy>VAT</ctgy>
      <ctgyAmt ccy="USD">-56</ctgyAmt>
      <chrgDesc>VAT</chrgDesc>
    </chrgCpt>
  </chrgGp></M001><M001><tkn /><m2xmlReleaseNo>020</m2xmlReleaseNo><mvmtHdr mvmtTp="SEL">
    <cmt>Opening Sell 8 SARA 000142501731 @ 6.1 USD</cmt>
  </mvmtHdr><mvmtSrc>
    <ctlr>lghths-sg</ctlr>
    <ctlrMvmtRef>684874213</ctlrMvmtRef>
    <srcRecType>Security Transaction</srcRecType>
    <srcTransType>Opening Sell</srcTransType>
  </mvmtSrc><extSys>
    <extSysID>SAR</extSysID>
    <extSysRef>684874213</extSysRef>
  </extSys><hldCpt1 amtScheme="m2">
    <hldId>
      <ptfl>83663293.6000</ptfl>
      <ctlrOwnr>83663293</ctlrOwnr>
      <ctlrAcct>83663293.6000</ctlrAcct>
      <ownrRefCcy>USD</ownrRefCcy>
      <ccy>USD</ccy>
      <asst>000142501731</asst>
      <asstIDs>
        <asstRef refType="SARA">000142501731</asstRef>
      </asstIDs>
      <asstDetail>
        <type>Option</type>
        <cntry>US/United States of America</cntry>
        <desc>Facebook Inc Call 16.04.2021 300 (FB US)</desc>
        <issueCcy>USD</issueCcy>
        <latestPrc ccy="USD">6.15</latestPrc>
        <latestPrcDate>2021-02-02</latestPrcDate>
        <prcFactor>100</prcFactor>
        <asstDerivDetails>
          <contractSize>100</contractSize>
          <strike>300</strike>
          <expDate>2021-04-16</expDate>
          <putCallInd>C</putCallInd>
          <underlyingAsstIDs>
            <asstRef refType="ISIN">US30303M1027</asstRef>
          </underlyingAsstIDs>
          <underlyingAsstDesc>Facebook Inc -A-</underlyingAsstDesc>
          <underlyingAsstType>Share</underlyingAsstType>
          <longShortInd>S</longShortInd>
        </asstDerivDetails>
      </asstDetail>
    </hldId>
    <effDt>2021-02-01</effDt>
    <settleDt>2021-02-02</settleDt>
    <qty>-8</qty>
    <prc ccy="USD">6.1</prc>
    <grTrdAmt ccy="USD">-4880</grTrdAmt>
    <grAmt ccy="USD">-4880</grAmt>
    <netAmt ccy="USD">-4666</netAmt>
  </hldCpt1><hldCpt2 amtScheme="m2">
    <hldId>
      <ptfl>83663293.6000</ptfl>
      <ctlrOwnr>83663293</ctlrOwnr>
      <ctlrAcct>83663293.4000/USD/KK</ctlrAcct>
      <ccy>USD</ccy>
      <asst>USD</asst>
      <asstIDs>
        <asstRef refType="CURRENCY">USD</asstRef>
      </asstIDs>
    </hldId>
    <effDt>2021-02-01</effDt>
    <grAmt ccy="USD">4666</grAmt>
    <netAmt ccy="USD">4666</netAmt>
  </hldCpt2><chrgGp amtScheme="m2">
    <chrgCpt>
      <ctgy>EXE</ctgy>
      <ctgyAmt ccy="USD">-200</ctgyAmt>
      <chrgDesc>Stex Commissions</chrgDesc>
    </chrgCpt>
    <chrgCpt>
      <ctgy>VAT</ctgy>
      <ctgyAmt ccy="USD">-14</ctgyAmt>
      <chrgDesc>VAT</chrgDesc>
    </chrgCpt>
  </chrgGp></M001></m2:M006>
