<?xml version="1.0" encoding="UTF-8"?>
<m2:M006 xmlns:m2="http://www.mym2.com" xmlns:xsi="http://www.w3.org/2001/XMLSchema-instance" xsi:schemaLocation="http://www.mym2.com http://www.mym2.com/schemas/M2RequestSchema.xsd"><M001><tkn /><m2xmlReleaseNo>020</m2xmlReleaseNo><mvmtHdr mvmtTp="CLS">
    <cmt>Close Loan</cmt>
  </mvmtHdr><mvmtSrc>
    <ctlr>lghths-sg</ctlr>
    <ctlrMvmtRef>682233949</ctlrMvmtRef>
    <srcRecType>Deposits &amp; Loans Transaction</srcRecType>
    <srcTransType>Close Loan</srcTransType>
  </mvmtSrc><extSys>
    <extSysID>SAR</extSysID>
    <extSysRef>682352156</extSysRef>
  </extSys><hldCpt1 amtScheme="m2">
    <hldId>
      <ptfl>83667931.6000</ptfl>
      <ctlrOwnr>83667931</ctlrOwnr>
      <ctlrAcct>83667931</ctlrAcct>
      <ownrRefCcy>USD</ownrRefCcy>
      <ccy>USD</ccy>
      <asst>USD</asst>
      <asstIDs>
        <asstRef refType="CURRENCY">USD</asstRef>
      </asstIDs>
      <asstDetail>
        <type>MoneyMarket</type>
        <desc>USD Fixed Loan</desc>
        <asstMnyMktDetails>
          <mnyMktType>Loan</mnyMktType>
          <mnyMktTerm termType="Fixed">2021-01-26</mnyMktTerm>
          <mnyMktAmt ccy="USD">0</mnyMktAmt>
          <intRate>1.2</intRate>
          <mnyMktRef>142222529</mnyMktRef>
          <mnyMktName>s/t Fixed Advance Fix USD 1.2% 19.01.2021-26.01.</mnyMktName>
          <matDate>2021-01-26</matDate>
          <startDate>2021-01-19</startDate>
        </asstMnyMktDetails>
      </asstDetail>
    </hldId>
    <effDt>2021-01-22</effDt>
    <settleDt>2021-01-26</settleDt>
    <grAmt ccy="USD">332562.91</grAmt>
    <netAmt ccy="USD">332562.91</netAmt>
  </hldCpt1><hldCpt2 amtScheme="m2">
    <hldId>
      <ptfl>83667931.6000</ptfl>
      <ctlrOwnr>83667931</ctlrOwnr>
      <ctlrAcct>83667931.4000/USD/KK</ctlrAcct>
      <ccy>USD</ccy>
      <asst>USD</asst>
      <asstIDs>
        <asstRef refType="CURRENCY">USD</asstRef>
      </asstIDs>
    </hldId>
    <effDt>2021-01-22</effDt>
    <grAmt ccy="USD">-332640.51</grAmt>
    <netAmt ccy="USD">-332640.51</netAmt>
  </hldCpt2><chrgGp amtScheme="m2">
    <chrgCpt>
      <ctgy>CIP</ctgy>
      <ctgyAmt ccy="USD">-77.6</ctgyAmt>
      <chrgDesc>Interest Paid</chrgDesc>
    </chrgCpt>
  </chrgGp></M001><M001><tkn /><m2xmlReleaseNo>020</m2xmlReleaseNo><mvmtHdr mvmtTp="OPN">
    <cmt>Raise loan</cmt>
  </mvmtHdr><mvmtSrc>
    <ctlr>lghths-sg</ctlr>
    <ctlrMvmtRef>682233954</ctlrMvmtRef>
    <srcRecType>Deposits &amp; Loans Transaction</srcRecType>
    <srcTransType>Raise Loan</srcTransType>
  </mvmtSrc><extSys>
    <extSysID>SAR</extSysID>
    <extSysRef>682352156</extSysRef>
  </extSys><hldCpt1 amtScheme="m2">
    <hldId>
      <ptfl>83667931.6000</ptfl>
      <ctlrOwnr>83667931</ctlrOwnr>
      <ctlrAcct>83667931</ctlrAcct>
      <ownrRefCcy>USD</ownrRefCcy>
      <ccy>USD</ccy>
      <asst>USD</asst>
      <asstIDs>
        <asstRef refType="CURRENCY">USD</asstRef>
      </asstIDs>
      <asstDetail>
        <type>MoneyMarket</type>
        <desc>USD Fixed Loan</desc>
        <asstMnyMktDetails>
          <mnyMktType>Loan</mnyMktType>
          <mnyMktTerm termType="Fixed">2021-02-02</mnyMktTerm>
          <mnyMktAmt ccy="USD">-332640.51</mnyMktAmt>
          <intRate>1.2</intRate>
          <mnyMktRef>142282983</mnyMktRef>
          <mnyMktName>s/t Fixed Advance Fix USD 1.2% 26.01.2021-02.02.</mnyMktName>
          <matDate>2021-02-02</matDate>
          <startDate>2021-01-26</startDate>
        </asstMnyMktDetails>
      </asstDetail>
    </hldId>
    <effDt>2021-01-22</effDt>
    <settleDt>2021-01-26</settleDt>
    <grAmt ccy="USD">-332640.51</grAmt>
    <netAmt ccy="USD">-332640.51</netAmt>
  </hldCpt1><hldCpt2 amtScheme="m2">
    <hldId>
      <ptfl>83667931.6000</ptfl>
      <ctlrOwnr>83667931</ctlrOwnr>
      <ctlrAcct>83667931.4000/USD/KK</ctlrAcct>
      <ccy>USD</ccy>
      <asst>USD</asst>
      <asstIDs>
        <asstRef refType="CURRENCY">USD</asstRef>
      </asstIDs>
    </hldId>
    <effDt>2021-01-22</effDt>
    <grAmt ccy="USD">332640.51</grAmt>
    <netAmt ccy="USD">332640.51</netAmt>
  </hldCpt2></M001><M001><tkn /><m2xmlReleaseNo>020</m2xmlReleaseNo><mvmtHdr mvmtTp="CLS">
    <cmt>Close Loan</cmt>
  </mvmtHdr><mvmtSrc>
    <ctlr>lghths-sg</ctlr>
    <ctlrMvmtRef>682233375</ctlrMvmtRef>
    <srcRecType>Deposits &amp; Loans Transaction</srcRecType>
    <srcTransType>Close Loan</srcTransType>
  </mvmtSrc><extSys>
    <extSysID>SAR</extSysID>
    <extSysRef>682352156</extSysRef>
  </extSys><hldCpt1 amtScheme="m2">
    <hldId>
      <ptfl>83676187.6000</ptfl>
      <ctlrOwnr>83676187</ctlrOwnr>
      <ctlrAcct>83676187</ctlrAcct>
      <ownrRefCcy>USD</ownrRefCcy>
      <ccy>USD</ccy>
      <asst>USD</asst>
      <asstIDs>
        <asstRef refType="CURRENCY">USD</asstRef>
      </asstIDs>
      <asstDetail>
        <type>MoneyMarket</type>
        <desc>USD Fixed Loan</desc>
        <asstMnyMktDetails>
          <mnyMktType>Loan</mnyMktType>
          <mnyMktTerm termType="Fixed">2021-01-26</mnyMktTerm>
          <mnyMktAmt ccy="USD">0</mnyMktAmt>
          <intRate>1.07</intRate>
          <mnyMktRef>142154169</mnyMktRef>
          <mnyMktName>s/t Fixed Advance Fix USD 1.07% 12.01.2021-26.01</mnyMktName>
          <matDate>2021-01-26</matDate>
          <startDate>2021-01-12</startDate>
        </asstMnyMktDetails>
      </asstDetail>
    </hldId>
    <effDt>2021-01-22</effDt>
    <settleDt>2021-01-26</settleDt>
    <grAmt ccy="USD">480184.1</grAmt>
    <netAmt ccy="USD">480184.1</netAmt>
  </hldCpt1><hldCpt2 amtScheme="m2">
    <hldId>
      <ptfl>83676187.6000</ptfl>
      <ctlrOwnr>83676187</ctlrOwnr>
      <ctlrAcct>83676187.4000/USD/KK</ctlrAcct>
      <ccy>USD</ccy>
      <asst>USD</asst>
      <asstIDs>
        <asstRef refType="CURRENCY">USD</asstRef>
      </asstIDs>
    </hldId>
    <effDt>2021-01-22</effDt>
    <grAmt ccy="USD">-480383.91</grAmt>
    <netAmt ccy="USD">-480383.91</netAmt>
  </hldCpt2><chrgGp amtScheme="m2">
    <chrgCpt>
      <ctgy>CIP</ctgy>
      <ctgyAmt ccy="USD">-199.81</ctgyAmt>
      <chrgDesc>Interest Paid</chrgDesc>
    </chrgCpt>
  </chrgGp></M001><M001><tkn /><m2xmlReleaseNo>020</m2xmlReleaseNo><mvmtHdr mvmtTp="OPN">
    <cmt>Raise loan</cmt>
  </mvmtHdr><mvmtSrc>
    <ctlr>lghths-sg</ctlr>
    <ctlrMvmtRef>682233383</ctlrMvmtRef>
    <srcRecType>Deposits &amp; Loans Transaction</srcRecType>
    <srcTransType>Raise Loan</srcTransType>
  </mvmtSrc><extSys>
    <extSysID>SAR</extSysID>
    <extSysRef>682352156</extSysRef>
  </extSys><hldCpt1 amtScheme="m2">
    <hldId>
      <ptfl>83676187.6000</ptfl>
      <ctlrOwnr>83676187</ctlrOwnr>
      <ctlrAcct>83676187</ctlrAcct>
      <ownrRefCcy>USD</ownrRefCcy>
      <ccy>USD</ccy>
      <asst>USD</asst>
      <asstIDs>
        <asstRef refType="CURRENCY">USD</asstRef>
      </asstIDs>
      <asstDetail>
        <type>MoneyMarket</type>
        <desc>USD Fixed Loan</desc>
        <asstMnyMktDetails>
          <mnyMktType>Loan</mnyMktType>
          <mnyMktTerm termType="Fixed">2021-02-09</mnyMktTerm>
          <mnyMktAmt ccy="USD">-472383.91</mnyMktAmt>
          <intRate>1.06</intRate>
          <mnyMktRef>142283491</mnyMktRef>
          <mnyMktName>s/t Fixed Advance Fix USD 1.06% 26.01.2021-09.02</mnyMktName>
          <matDate>2021-02-09</matDate>
          <startDate>2021-01-26</startDate>
        </asstMnyMktDetails>
      </asstDetail>
    </hldId>
    <effDt>2021-01-22</effDt>
    <settleDt>2021-01-26</settleDt>
    <grAmt ccy="USD">-472383.91</grAmt>
    <netAmt ccy="USD">-472383.91</netAmt>
  </hldCpt1><hldCpt2 amtScheme="m2">
    <hldId>
      <ptfl>83676187.6000</ptfl>
      <ctlrOwnr>83676187</ctlrOwnr>
      <ctlrAcct>83676187.4000/USD/KK</ctlrAcct>
      <ccy>USD</ccy>
      <asst>USD</asst>
      <asstIDs>
        <asstRef refType="CURRENCY">USD</asstRef>
      </asstIDs>
    </hldId>
    <effDt>2021-01-22</effDt>
    <grAmt ccy="USD">472383.91</grAmt>
    <netAmt ccy="USD">472383.91</netAmt>
  </hldCpt2></M001><M001><tkn /><m2xmlReleaseNo>020</m2xmlReleaseNo><mvmtHdr mvmtTp="BUY">
    <cmt>Bought 80,000 ISIN HK0688002218 @ 18.753 HKD</cmt>
  </mvmtHdr><mvmtSrc>
    <ctlr>lghths-sg</ctlr>
    <ctlrMvmtRef>682352156</ctlrMvmtRef>
    <srcRecType>Security Transaction</srcRecType>
    <srcTransType>Buy</srcTransType>
  </mvmtSrc><extSys>
    <extSysID>SAR</extSysID>
    <extSysRef>682352156</extSysRef>
  </extSys><hldCpt1 amtScheme="m2">
    <hldId>
      <ptfl>83663293.6000</ptfl>
      <ctlrOwnr>83663293</ctlrOwnr>
      <ctlrAcct>83663293.6000</ctlrAcct>
      <ownrRefCcy>USD</ownrRefCcy>
      <ccy>HKD</ccy>
      <asst>HK0688002218</asst>
      <asstIDs>
        <asstRef refType="ISIN">HK0688002218</asstRef>
        <asstRef refType="Valor">420828</asstRef>
        <asstRef refType="Bloomberg">688 HK</asstRef>
        <asstRef refType="SARA">000000494357</asstRef>
      </asstIDs>
      <asstDetail>
        <isin>HK0688002218</isin>
        <type>Share</type>
        <cntry>HK/Hong Kong</cntry>
        <desc>China Overseas Land &amp; Investment Ltd</desc>
        <issueCcy>HKD</issueCcy>
        <issueDate>1992-08-07</issueDate>
        <latestPrc ccy="HKD">18.68</latestPrc>
        <latestPrcDate>2021-01-22</latestPrcDate>
        <prcFactor>1</prcFactor>
      </asstDetail>
    </hldId>
    <effDt>2021-01-22</effDt>
    <settleDt>2021-01-26</settleDt>
    <qty>80000</qty>
    <prc ccy="HKD">18.752875</prc>
    <grTrdAmt ccy="HKD">1500230</grTrdAmt>
    <grAmt ccy="HKD">1500230</grAmt>
    <netAmt ccy="HKD">1505859.64</netAmt>
  </hldCpt1><hldCpt2 amtScheme="m2">
    <hldId>
      <ptfl>83663293.6000</ptfl>
      <ctlrOwnr>83663293</ctlrOwnr>
      <ctlrAcct>83663293.4005/HKD/KK</ctlrAcct>
      <ccy>HKD</ccy>
      <asst>HKD</asst>
      <asstIDs>
        <asstRef refType="CURRENCY">HKD</asstRef>
      </asstIDs>
    </hldId>
    <effDt>2021-01-22</effDt>
    <grAmt ccy="HKD">-1505859.64</grAmt>
    <netAmt ccy="HKD">-1505859.64</netAmt>
  </hldCpt2><chrgGp amtScheme="m2">
    <chrgCpt>
      <ctgy>OTF</ctgy>
      <ctgyAmt ccy="HKD">-1501</ctgyAmt>
      <chrgDesc>Stamp Duty (HK)</chrgDesc>
    </chrgCpt>
    <chrgCpt>
      <ctgy>FOR</ctgy>
      <ctgyAmt ccy="HKD">-75.01</ctgyAmt>
      <chrgDesc>Foreign Charges Stex</chrgDesc>
    </chrgCpt>
    <chrgCpt>
      <ctgy>EXE</ctgy>
      <ctgyAmt ccy="HKD">-3750.58</ctgyAmt>
      <chrgDesc>Stex Commissions</chrgDesc>
    </chrgCpt>
    <chrgCpt>
      <ctgy>OTF</ctgy>
      <ctgyAmt ccy="HKD">-40.51</ctgyAmt>
      <chrgDesc>Levy</chrgDesc>
    </chrgCpt>
    <chrgCpt>
      <ctgy>VAT</ctgy>
      <ctgyAmt ccy="HKD">-262.54</ctgyAmt>
      <chrgDesc>VAT</chrgDesc>
    </chrgCpt>
  </chrgGp></M001><M001><tkn /><m2xmlReleaseNo>020</m2xmlReleaseNo><mvmtHdr mvmtTp="COU">
    <cmt>Interest</cmt>
  </mvmtHdr><mvmtSrc>
    <ctlr>lghths-sg</ctlr>
    <ctlrMvmtRef>682366710</ctlrMvmtRef>
    <srcRecType>Cash Transaction</srcRecType>
    <srcTransType>Interest</srcTransType>
  </mvmtSrc><extSys>
    <extSysID>SAR</extSysID>
    <extSysRef>682366710</extSysRef>
  </extSys><hldCpt1 amtScheme="m2">
    <hldId>
      <ptfl>83663279.6000</ptfl>
      <ctlrOwnr>83663279</ctlrOwnr>
      <ctlrAcct>83663279.6000</ctlrAcct>
      <ownrRefCcy>USD</ownrRefCcy>
      <ccy>USD</ccy>
      <asst>USF2893TAM83</asst>
      <asstIDs>
        <asstRef refType="ISIN">USF2893TAM83</asstRef>
        <asstRef refType="Valor">23404521</asstRef>
        <asstRef refType="SARA">000104422680</asstRef>
      </asstIDs>
      <asstDetail>
        <isin>USF2893TAM83</isin>
        <type>Bond</type>
        <cntry>FR/France</cntry>
        <desc>5.625% Electricit&#xfffd; de France EDF Notes 2014-Perpetual Reg-S Subordinated</desc>
        <issueCcy>USD</issueCcy>
        <issueDate>2014-01-22</issueDate>
        <latestPrc ccy="USD">107.50</latestPrc>
        <latestPrcDate>2021-01-22</latestPrcDate>
        <prcFactor>.01</prcFactor>
        <asstBondDetails>
          <matDate>2022-06-20</matDate>
          <intRate>5.625</intRate>
          <calcBasis>30E/360</calcBasis>
          <intFreq>2</intFreq>
          <intDate>2014-07-22</intDate>
          <intCcy>USD</intCcy>
          <rating>BB-</rating>
        </asstBondDetails>
      </asstDetail>
    </hldId>
    <effDt>2021-01-22</effDt>
    <settleDt>2021-01-22</settleDt>
    <qty>300000</qty>
    <grAmt ccy="USD">8437.5</grAmt>
    <netAmt ccy="USD">8437.5</netAmt>
  </hldCpt1><hldCpt2 amtScheme="m2">
    <hldId>
      <ptfl>83663279.6000</ptfl>
      <ctlrOwnr>83663279</ctlrOwnr>
      <ctlrAcct>83663279.4000/USD/KK</ctlrAcct>
      <ccy>USD</ccy>
      <asst>USD</asst>
      <asstIDs>
        <asstRef refType="CURRENCY">USD</asstRef>
      </asstIDs>
    </hldId>
    <effDt>2021-01-22</effDt>
    <grAmt ccy="USD">8437.5</grAmt>
    <netAmt ccy="USD">8437.5</netAmt>
  </hldCpt2></M001></m2:M006>
