<?xml version="1.0" encoding="UTF-8"?>
<m2:M006 xmlns:m2="http://www.mym2.com" xmlns:xsi="http://www.w3.org/2001/XMLSchema-instance" xsi:schemaLocation="http://www.mym2.com http://www.mym2.com/schemas/M2RequestSchema.xsd"><M001><tkn /><m2xmlReleaseNo>020</m2xmlReleaseNo><mvmtHdr mvmtTp="BUY">
    <cmt>Bought 20,000 ISIN HK0941009539 @ 50 HKD</cmt>
  </mvmtHdr><mvmtSrc>
    <ctlr>lghths-sg</ctlr>
    <ctlrMvmtRef>705464090</ctlrMvmtRef>
    <srcRecType>Security Transaction</srcRecType>
    <srcTransType>Buy</srcTransType>
  </mvmtSrc><extSys>
    <extSysID>SAR</extSysID>
    <extSysRef>705464090</extSysRef>
  </extSys><hldCpt1 amtScheme="m2">
    <hldId>
      <ptfl>83663279.6000</ptfl>
      <ctlrOwnr>83663279</ctlrOwnr>
      <ctlrAcct>83663279.6000</ctlrAcct>
      <ownrRefCcy>USD</ownrRefCcy>
      <ccy>HKD</ccy>
      <asst>HK0941009539</asst>
      <asstIDs>
        <asstRef refType="ISIN">HK0941009539</asstRef>
        <asstRef refType="Valor">1099448</asstRef>
        <asstRef refType="Bloomberg">941 HK</asstRef>
        <asstRef refType="SARA">000000422519</asstRef>
      </asstIDs>
      <asstDetail>
        <isin>HK0941009539</isin>
        <type>Share</type>
        <cntry>HK/Hong Kong</cntry>
        <desc>China Mobile Ltd</desc>
        <issueCcy>HKD</issueCcy>
        <latestPrc ccy="HKD">49.85</latestPrc>
        <latestPrcDate>2021-05-10</latestPrcDate>
        <prcFactor>1</prcFactor>
      </asstDetail>
    </hldId>
    <effDt>2021-05-10</effDt>
    <settleDt>2021-05-12</settleDt>
    <qty>20000</qty>
    <prc ccy="HKD">50</prc>
    <grTrdAmt ccy="HKD">1000000</grTrdAmt>
    <grAmt ccy="HKD">1000000</grAmt>
    <netAmt ccy="HKD">1003752</netAmt>
  </hldCpt1><hldCpt2 amtScheme="m2">
    <hldId>
      <ptfl>83663279.6000</ptfl>
      <ctlrOwnr>83663279</ctlrOwnr>
      <ctlrAcct>83663279.4004/HKD/KK</ctlrAcct>
      <ccy>HKD</ccy>
      <asst>HKD</asst>
      <asstIDs>
        <asstRef refType="CURRENCY">HKD</asstRef>
      </asstIDs>
    </hldId>
    <effDt>2021-05-10</effDt>
    <grAmt ccy="HKD">-1003752</grAmt>
    <netAmt ccy="HKD">-1003752</netAmt>
  </hldCpt2><chrgGp amtScheme="m2">
    <chrgCpt>
      <ctgy>OTF</ctgy>
      <ctgyAmt ccy="HKD">-1000</ctgyAmt>
      <chrgDesc>Stamp Duty (HK)</chrgDesc>
    </chrgCpt>
    <chrgCpt>
      <ctgy>FOR</ctgy>
      <ctgyAmt ccy="HKD">-50</ctgyAmt>
      <chrgDesc>Foreign Charges Stex</chrgDesc>
    </chrgCpt>
    <chrgCpt>
      <ctgy>EXE</ctgy>
      <ctgyAmt ccy="HKD">-2500</ctgyAmt>
      <chrgDesc>Stex Commissions</chrgDesc>
    </chrgCpt>
    <chrgCpt>
      <ctgy>OTF</ctgy>
      <ctgyAmt ccy="HKD">-27</ctgyAmt>
      <chrgDesc>Levy</chrgDesc>
    </chrgCpt>
    <chrgCpt>
      <ctgy>VAT</ctgy>
      <ctgyAmt ccy="HKD">-175</ctgyAmt>
      <chrgDesc>VAT</chrgDesc>
    </chrgCpt>
  </chrgGp></M001><M001><tkn /><m2xmlReleaseNo>020</m2xmlReleaseNo><mvmtHdr mvmtTp="SEL">
    <cmt>Bond Redemption prior to Maturity 300,000 ISIN XS2253807916</cmt>
  </mvmtHdr><mvmtSrc>
    <ctlr>lghths-sg</ctlr>
    <ctlrMvmtRef>705763209</ctlrMvmtRef>
    <srcRecType>Security Transaction</srcRecType>
    <srcTransType>Bond Redemption prior to Maturity</srcTransType>
  </mvmtSrc><extSys>
    <extSysID>SAR</extSysID>
    <extSysRef>705763209</extSysRef>
  </extSys><hldCpt1 amtScheme="m2">
    <hldId>
      <ptfl>83663293.6000</ptfl>
      <ctlrOwnr>83663293</ctlrOwnr>
      <ctlrAcct>83663293.6000</ctlrAcct>
      <ownrRefCcy>USD</ownrRefCcy>
      <ccy>USD</ccy>
      <asst>XS2253807916</asst>
      <asstIDs>
        <asstRef refType="ISIN">XS2253807916</asstRef>
        <asstRef refType="Valor">59742682</asstRef>
        <asstRef refType="SARA">000142939496</asstRef>
      </asstIDs>
      <asstDetail>
        <isin>XS2253807916</isin>
        <type>Bond</type>
        <cntry>HK/Hong Kong</cntry>
        <desc>8% BNP Paribas BristolMyers Squibb Co / Sanofi SA Humana Inc Callable Fixed Coupon Notes 01.10.2021 Repayment cash or physical</desc>
        <issueCcy>USD</issueCcy>
        <issueDate>2021-04-01</issueDate>
        <latestPrc ccy="USD">100.6577</latestPrc>
        <latestPrcDate>2021-05-03</latestPrcDate>
        <prcFactor>.01</prcFactor>
        <asstBondDetails>
          <matDate>2021-10-08</matDate>
          <intRate>8.0</intRate>
          <intFreq>12</intFreq>
          <intDate>2021-05-10</intDate>
          <intCcy>USD</intCcy>
        </asstBondDetails>
      </asstDetail>
    </hldId>
    <effDt>2021-05-10</effDt>
    <settleDt>2021-05-10</settleDt>
    <qty>-300000</qty>
    <prc ccy="USD">100</prc>
    <grTrdAmt ccy="USD">-300000</grTrdAmt>
    <grAmt ccy="USD">-300000</grAmt>
    <netAmt ccy="USD">-300000</netAmt>
  </hldCpt1><hldCpt2 amtScheme="m2">
    <hldId>
      <ptfl>83663293.6000</ptfl>
      <ctlrOwnr>83663293</ctlrOwnr>
      <ctlrAcct>83663293.4000/USD/KK</ctlrAcct>
      <ccy>USD</ccy>
      <asst>USD</asst>
      <asstIDs>
        <asstRef refType="CURRENCY">USD</asstRef>
      </asstIDs>
    </hldId>
    <effDt>2021-05-10</effDt>
    <grAmt ccy="USD">300000</grAmt>
    <netAmt ccy="USD">300000</netAmt>
  </hldCpt2></M001><M001><tkn /><m2xmlReleaseNo>020</m2xmlReleaseNo><mvmtHdr mvmtTp="COU">
    <cmt>Interest 200,000 ISIN XS2222660768</cmt>
  </mvmtHdr><mvmtSrc>
    <ctlr>lghths-sg</ctlr>
    <ctlrMvmtRef>705760485</ctlrMvmtRef>
    <srcRecType>Cash Transaction</srcRecType>
    <srcTransType>Interest</srcTransType>
  </mvmtSrc><extSys>
    <extSysID>SAR</extSysID>
    <extSysRef>705760485</extSysRef>
  </extSys><hldCpt1 amtScheme="m2">
    <hldId>
      <ptfl>83663279.6000</ptfl>
      <ctlrOwnr>83663279</ctlrOwnr>
      <ctlrAcct>83663279.6000</ctlrAcct>
      <ownrRefCcy>USD</ownrRefCcy>
      <ccy>USD</ccy>
      <asst>XS2222660768</asst>
      <asstIDs>
        <asstRef refType="ISIN">XS2222660768</asstRef>
        <asstRef refType="Valor">59267331</asstRef>
        <asstRef refType="SARA">000142236259</asstRef>
      </asstIDs>
      <asstDetail>
        <isin>XS2222660768</isin>
        <type>Bond</type>
        <cntry>HK/Hong Kong</cntry>
        <desc>10% BNP Paribas Alibaba Group Holding Ltd RegS STR 193.76  Callable Fixed Coupon Notes 02.08.2021 Repayment cash or physical</desc>
        <issueCcy>USD</issueCcy>
        <issueDate>2021-02-01</issueDate>
        <latestPrc ccy="USD">100.175</latestPrc>
        <latestPrcDate>2021-05-07</latestPrcDate>
        <prcFactor>.01</prcFactor>
        <asstBondDetails>
          <matDate>2021-08-09</matDate>
          <intRate>10.0</intRate>
          <intFreq>12</intFreq>
          <intDate>2021-03-08</intDate>
          <intCcy>USD</intCcy>
        </asstBondDetails>
      </asstDetail>
    </hldId>
    <effDt>2021-05-10</effDt>
    <settleDt>2021-05-10</settleDt>
    <qty>200000</qty>
    <grAmt ccy="USD">1666.67</grAmt>
    <netAmt ccy="USD">1666.67</netAmt>
  </hldCpt1><hldCpt2 amtScheme="m2">
    <hldId>
      <ptfl>83663279.6000</ptfl>
      <ctlrOwnr>83663279</ctlrOwnr>
      <ctlrAcct>83663279.4000/USD/KK</ctlrAcct>
      <ccy>USD</ccy>
      <asst>USD</asst>
      <asstIDs>
        <asstRef refType="CURRENCY">USD</asstRef>
      </asstIDs>
    </hldId>
    <effDt>2021-05-10</effDt>
    <grAmt ccy="USD">1666.67</grAmt>
    <netAmt ccy="USD">1666.67</netAmt>
  </hldCpt2></M001><M001><tkn /><m2xmlReleaseNo>020</m2xmlReleaseNo><mvmtHdr mvmtTp="COU">
    <cmt>Interest 300,000 ISIN USY7141GAA05</cmt>
  </mvmtHdr><mvmtSrc>
    <ctlr>lghths-sg</ctlr>
    <ctlrMvmtRef>705794046</ctlrMvmtRef>
    <srcRecType>Cash Transaction</srcRecType>
    <srcTransType>Interest</srcTransType>
  </mvmtSrc><extSys>
    <extSysID>SAR</extSysID>
    <extSysRef>705794046</extSysRef>
  </extSys><hldCpt1 amtScheme="m2">
    <hldId>
      <ptfl>83663279.6000</ptfl>
      <ctlrOwnr>83663279</ctlrOwnr>
      <ctlrAcct>83663279.6000</ctlrAcct>
      <ownrRefCcy>USD</ownrRefCcy>
      <ccy>USD</ccy>
      <asst>USY7141GAA05</asst>
      <asstIDs>
        <asstRef refType="ISIN">USY7141GAA05</asstRef>
        <asstRef refType="Valor">38942960</asstRef>
        <asstRef refType="SARA">000133207150</asstRef>
      </asstIDs>
      <asstDetail>
        <isin>USY7141GAA05</isin>
        <type>Bond</type>
        <cntry>ID/Indonesia</cntry>
        <desc>4.95% PT Chandra Asri Petrochemical Tbk Notes 2017-2024 RegS</desc>
        <issueCcy>USD</issueCcy>
        <issueDate>2017-11-08</issueDate>
        <latestPrc ccy="USD">102.495</latestPrc>
        <latestPrcDate>2021-05-07</latestPrcDate>
        <prcFactor>.01</prcFactor>
        <asstBondDetails>
          <matDate>2024-11-08</matDate>
          <intRate>4.95</intRate>
          <calcBasis>30E/360</calcBasis>
          <intFreq>2</intFreq>
          <intDate>2018-05-08</intDate>
          <intCcy>USD</intCcy>
          <rating>BB-</rating>
        </asstBondDetails>
      </asstDetail>
    </hldId>
    <effDt>2021-05-10</effDt>
    <settleDt>2021-05-10</settleDt>
    <qty>300000</qty>
    <grAmt ccy="USD">7425</grAmt>
    <netAmt ccy="USD">7425</netAmt>
  </hldCpt1><hldCpt2 amtScheme="m2">
    <hldId>
      <ptfl>83663279.6000</ptfl>
      <ctlrOwnr>83663279</ctlrOwnr>
      <ctlrAcct>83663279.4000/USD/KK</ctlrAcct>
      <ccy>USD</ccy>
      <asst>USD</asst>
      <asstIDs>
        <asstRef refType="CURRENCY">USD</asstRef>
      </asstIDs>
    </hldId>
    <effDt>2021-05-10</effDt>
    <grAmt ccy="USD">7425</grAmt>
    <netAmt ccy="USD">7425</netAmt>
  </hldCpt2></M001><M001><tkn /><m2xmlReleaseNo>020</m2xmlReleaseNo><mvmtHdr mvmtTp="COU">
    <cmt>Interest 300,000 ISIN XS2253807916</cmt>
  </mvmtHdr><mvmtSrc>
    <ctlr>lghths-sg</ctlr>
    <ctlrMvmtRef>705763127</ctlrMvmtRef>
    <srcRecType>Cash Transaction</srcRecType>
    <srcTransType>Interest</srcTransType>
  </mvmtSrc><extSys>
    <extSysID>SAR</extSysID>
    <extSysRef>705763127</extSysRef>
  </extSys><hldCpt1 amtScheme="m2">
    <hldId>
      <ptfl>83663293.6000</ptfl>
      <ctlrOwnr>83663293</ctlrOwnr>
      <ctlrAcct>83663293.6000</ctlrAcct>
      <ownrRefCcy>USD</ownrRefCcy>
      <ccy>USD</ccy>
      <asst>XS2253807916</asst>
      <asstIDs>
        <asstRef refType="ISIN">XS2253807916</asstRef>
        <asstRef refType="Valor">59742682</asstRef>
        <asstRef refType="SARA">000142939496</asstRef>
      </asstIDs>
      <asstDetail>
        <isin>XS2253807916</isin>
        <type>Bond</type>
        <cntry>HK/Hong Kong</cntry>
        <desc>8% BNP Paribas BristolMyers Squibb Co / Sanofi SA Humana Inc Callable Fixed Coupon Notes 01.10.2021 Repayment cash or physical</desc>
        <issueCcy>USD</issueCcy>
        <issueDate>2021-04-01</issueDate>
        <latestPrc ccy="USD">100.6577</latestPrc>
        <latestPrcDate>2021-05-03</latestPrcDate>
        <prcFactor>.01</prcFactor>
        <asstBondDetails>
          <matDate>2021-10-08</matDate>
          <intRate>8.0</intRate>
          <intFreq>12</intFreq>
          <intDate>2021-05-10</intDate>
          <intCcy>USD</intCcy>
        </asstBondDetails>
      </asstDetail>
    </hldId>
    <effDt>2021-05-10</effDt>
    <settleDt>2021-05-10</settleDt>
    <qty>300000</qty>
    <grAmt ccy="USD">2000</grAmt>
    <netAmt ccy="USD">2000</netAmt>
  </hldCpt1><hldCpt2 amtScheme="m2">
    <hldId>
      <ptfl>83663293.6000</ptfl>
      <ctlrOwnr>83663293</ctlrOwnr>
      <ctlrAcct>83663293.4000/USD/KK</ctlrAcct>
      <ccy>USD</ccy>
      <asst>USD</asst>
      <asstIDs>
        <asstRef refType="CURRENCY">USD</asstRef>
      </asstIDs>
    </hldId>
    <effDt>2021-05-10</effDt>
    <grAmt ccy="USD">2000</grAmt>
    <netAmt ccy="USD">2000</netAmt>
  </hldCpt2></M001></m2:M006>
