<?xml version="1.0" encoding="UTF-8"?>
<m2:M006 xmlns:m2="http://www.mym2.com" xmlns:xsi="http://www.w3.org/2001/XMLSchema-instance" xsi:schemaLocation="http://www.mym2.com http://www.mym2.com/schemas/M2RequestSchema.xsd"><M001><tkn /><m2xmlReleaseNo>020</m2xmlReleaseNo><mvmtHdr mvmtTp="CLS">
    <cmt>Close Loan</cmt>
  </mvmtHdr><mvmtSrc>
    <ctlr>lghths-sg</ctlr>
    <ctlrMvmtRef>699529108</ctlrMvmtRef>
    <srcRecType>Deposits &amp; Loans Transaction</srcRecType>
    <srcTransType>Close Loan</srcTransType>
  </mvmtSrc><extSys>
    <extSysID>SAR</extSysID>
    <extSysRef>699450104</extSysRef>
  </extSys><hldCpt1 amtScheme="m2">
    <hldId>
      <ptfl>83663293.6000</ptfl>
      <ctlrOwnr>83663293</ctlrOwnr>
      <ctlrAcct>83663293</ctlrAcct>
      <ownrRefCcy>USD</ownrRefCcy>
      <ccy>GBP</ccy>
      <asst>GBP</asst>
      <asstIDs>
        <asstRef refType="CURRENCY">GBP</asstRef>
      </asstIDs>
      <asstDetail>
        <type>MoneyMarket</type>
        <desc>GBP Fixed Loan</desc>
        <asstMnyMktDetails>
          <mnyMktType>Loan</mnyMktType>
          <mnyMktTerm termType="Fixed">2021-04-15</mnyMktTerm>
          <mnyMktAmt ccy="GBP">-216728.33</mnyMktAmt>
          <intRate>0.89163</intRate>
          <mnyMktRef>143100874</mnyMktRef>
          <mnyMktName>s/t Fixed Advance Fix GBP 0.89163% 08.04.2021-15</mnyMktName>
          <matDate>2021-04-15</matDate>
          <startDate>2021-04-08</startDate>
        </asstMnyMktDetails>
      </asstDetail>
    </hldId>
    <effDt>2021-04-13</effDt>
    <settleDt>2021-04-15</settleDt>
    <grAmt ccy="GBP">216728.33</grAmt>
    <netAmt ccy="GBP">216728.33</netAmt>
  </hldCpt1><hldCpt2 amtScheme="m2">
    <hldId>
      <ptfl>83663293.6000</ptfl>
      <ctlrOwnr>83663293</ctlrOwnr>
      <ctlrAcct>83663293.4001/GBP/KK</ctlrAcct>
      <ccy>GBP</ccy>
      <asst>GBP</asst>
      <asstIDs>
        <asstRef refType="CURRENCY">GBP</asstRef>
      </asstIDs>
    </hldId>
    <effDt>2021-04-13</effDt>
    <grAmt ccy="GBP">-216765.39</grAmt>
    <netAmt ccy="GBP">-216765.39</netAmt>
  </hldCpt2><chrgGp amtScheme="m2">
    <chrgCpt>
      <ctgy>CIP</ctgy>
      <ctgyAmt ccy="GBP">-37.06</ctgyAmt>
      <chrgDesc>Interest Paid</chrgDesc>
    </chrgCpt>
  </chrgGp></M001><M001><tkn /><m2xmlReleaseNo>020</m2xmlReleaseNo><mvmtHdr mvmtTp="OPN">
    <cmt>Raise loan</cmt>
  </mvmtHdr><mvmtSrc>
    <ctlr>lghths-sg</ctlr>
    <ctlrMvmtRef>698927786</ctlrMvmtRef>
    <srcRecType>Deposits &amp; Loans Transaction</srcRecType>
    <srcTransType>Raise Loan</srcTransType>
  </mvmtSrc><extSys>
    <extSysID>SAR</extSysID>
    <extSysRef>699450104</extSysRef>
  </extSys><hldCpt1 amtScheme="m2">
    <hldId>
      <ptfl>83667931.6000</ptfl>
      <ctlrOwnr>83667931</ctlrOwnr>
      <ctlrAcct>83667931</ctlrAcct>
      <ownrRefCcy>USD</ownrRefCcy>
      <ccy>USD</ccy>
      <asst>USD</asst>
      <asstIDs>
        <asstRef refType="CURRENCY">USD</asstRef>
      </asstIDs>
      <asstDetail>
        <type>MoneyMarket</type>
        <desc>USD Fixed Loan</desc>
        <asstMnyMktDetails>
          <mnyMktType>Loan</mnyMktType>
          <mnyMktTerm termType="Fixed">2021-04-20</mnyMktTerm>
          <mnyMktAmt ccy="USD">-333673.7</mnyMktAmt>
          <intRate>1.19</intRate>
          <mnyMktRef>143148327</mnyMktRef>
          <mnyMktName>s/t Fixed Advance Fix USD 1.19% 13.04.2021-20.04</mnyMktName>
          <matDate>2021-04-20</matDate>
          <startDate>2021-04-13</startDate>
        </asstMnyMktDetails>
      </asstDetail>
    </hldId>
    <effDt>2021-04-13</effDt>
    <settleDt>2021-04-13</settleDt>
    <grAmt ccy="USD">-333673.7</grAmt>
    <netAmt ccy="USD">-333673.7</netAmt>
  </hldCpt1><hldCpt2 amtScheme="m2">
    <hldId>
      <ptfl>83667931.6000</ptfl>
      <ctlrOwnr>83667931</ctlrOwnr>
      <ctlrAcct>83667931.4000/USD/KK</ctlrAcct>
      <ccy>USD</ccy>
      <asst>USD</asst>
      <asstIDs>
        <asstRef refType="CURRENCY">USD</asstRef>
      </asstIDs>
    </hldId>
    <effDt>2021-04-13</effDt>
    <grAmt ccy="USD">333673.7</grAmt>
    <netAmt ccy="USD">333673.7</netAmt>
  </hldCpt2></M001><M001><tkn /><m2xmlReleaseNo>020</m2xmlReleaseNo><mvmtHdr mvmtTp="CLS">
    <cmt>Close Loan</cmt>
  </mvmtHdr><mvmtSrc>
    <ctlr>lghths-sg</ctlr>
    <ctlrMvmtRef>699528798</ctlrMvmtRef>
    <srcRecType>Deposits &amp; Loans Transaction</srcRecType>
    <srcTransType>Close Loan</srcTransType>
  </mvmtSrc><extSys>
    <extSysID>SAR</extSysID>
    <extSysRef>699450104</extSysRef>
  </extSys><hldCpt1 amtScheme="m2">
    <hldId>
      <ptfl>83676187.6000</ptfl>
      <ctlrOwnr>83676187</ctlrOwnr>
      <ctlrAcct>83676187</ctlrAcct>
      <ownrRefCcy>USD</ownrRefCcy>
      <ccy>GBP</ccy>
      <asst>GBP</asst>
      <asstIDs>
        <asstRef refType="CURRENCY">GBP</asstRef>
      </asstIDs>
      <asstDetail>
        <type>MoneyMarket</type>
        <desc>GBP Fixed Loan</desc>
        <asstMnyMktDetails>
          <mnyMktType>Loan</mnyMktType>
          <mnyMktTerm termType="Fixed">2021-04-15</mnyMktTerm>
          <mnyMktAmt ccy="GBP">-200153.54</mnyMktAmt>
          <intRate>1.0</intRate>
          <mnyMktRef>142893755</mnyMktRef>
          <mnyMktName>s/t Fixed Advance Fix GBP 1% 15.03.2021-15.04.20</mnyMktName>
          <matDate>2021-04-15</matDate>
          <startDate>2021-03-15</startDate>
        </asstMnyMktDetails>
      </asstDetail>
    </hldId>
    <effDt>2021-04-13</effDt>
    <settleDt>2021-04-15</settleDt>
    <grAmt ccy="GBP">200153.54</grAmt>
    <netAmt ccy="GBP">200153.54</netAmt>
  </hldCpt1><hldCpt2 amtScheme="m2">
    <hldId>
      <ptfl>83676187.6000</ptfl>
      <ctlrOwnr>83676187</ctlrOwnr>
      <ctlrAcct>83676187.4001/GBP/KK</ctlrAcct>
      <ccy>GBP</ccy>
      <asst>GBP</asst>
      <asstIDs>
        <asstRef refType="CURRENCY">GBP</asstRef>
      </asstIDs>
    </hldId>
    <effDt>2021-04-13</effDt>
    <grAmt ccy="GBP">-200323.53</grAmt>
    <netAmt ccy="GBP">-200323.53</netAmt>
  </hldCpt2><chrgGp amtScheme="m2">
    <chrgCpt>
      <ctgy>CIP</ctgy>
      <ctgyAmt ccy="GBP">-169.99</ctgyAmt>
      <chrgDesc>Interest Paid</chrgDesc>
    </chrgCpt>
  </chrgGp></M001><M001><tkn /><m2xmlReleaseNo>020</m2xmlReleaseNo><mvmtHdr mvmtTp="OPN">
    <cmt>Raise loan</cmt>
  </mvmtHdr><mvmtSrc>
    <ctlr>lghths-sg</ctlr>
    <ctlrMvmtRef>699727613</ctlrMvmtRef>
    <srcRecType>Deposits &amp; Loans Transaction</srcRecType>
    <srcTransType>Raise Loan</srcTransType>
  </mvmtSrc><extSys>
    <extSysID>SAR</extSysID>
    <extSysRef>699450104</extSysRef>
  </extSys><hldCpt1 amtScheme="m2">
    <hldId>
      <ptfl>83676187.6000</ptfl>
      <ctlrOwnr>83676187</ctlrOwnr>
      <ctlrAcct>83676187</ctlrAcct>
      <ownrRefCcy>USD</ownrRefCcy>
      <ccy>USD</ccy>
      <asst>USD</asst>
      <asstIDs>
        <asstRef refType="CURRENCY">USD</asstRef>
      </asstIDs>
      <asstDetail>
        <type>MoneyMarket</type>
        <desc>USD Fixed Loan</desc>
        <asstMnyMktDetails>
          <mnyMktType>Loan</mnyMktType>
          <mnyMktTerm termType="Fixed">2021-04-20</mnyMktTerm>
          <mnyMktAmt ccy="USD">-262501.21</mnyMktAmt>
          <intRate>1.04</intRate>
          <mnyMktRef>143144612</mnyMktRef>
          <mnyMktName>s/t Fixed Advance Fix USD 1.04% 13.04.2021-20.04</mnyMktName>
          <matDate>2021-04-20</matDate>
          <startDate>2021-04-13</startDate>
        </asstMnyMktDetails>
      </asstDetail>
    </hldId>
    <effDt>2021-04-13</effDt>
    <settleDt>2021-04-13</settleDt>
    <grAmt ccy="USD">-262501.21</grAmt>
    <netAmt ccy="USD">-262501.21</netAmt>
  </hldCpt1><hldCpt2 amtScheme="m2">
    <hldId>
      <ptfl>83676187.6000</ptfl>
      <ctlrOwnr>83676187</ctlrOwnr>
      <ctlrAcct>83676187.4000/USD/KK</ctlrAcct>
      <ccy>USD</ccy>
      <asst>USD</asst>
      <asstIDs>
        <asstRef refType="CURRENCY">USD</asstRef>
      </asstIDs>
    </hldId>
    <effDt>2021-04-13</effDt>
    <grAmt ccy="USD">262501.21</grAmt>
    <netAmt ccy="USD">262501.21</netAmt>
  </hldCpt2></M001><M001><tkn /><m2xmlReleaseNo>020</m2xmlReleaseNo><mvmtHdr mvmtTp="OPN">
    <cmt>Raise loan</cmt>
  </mvmtHdr><mvmtSrc>
    <ctlr>lghths-sg</ctlr>
    <ctlrMvmtRef>699231355</ctlrMvmtRef>
    <srcRecType>Deposits &amp; Loans Transaction</srcRecType>
    <srcTransType>Raise Loan</srcTransType>
  </mvmtSrc><extSys>
    <extSysID>SAR</extSysID>
    <extSysRef>699450104</extSysRef>
  </extSys><hldCpt1 amtScheme="m2">
    <hldId>
      <ptfl>83663279.6000</ptfl>
      <ctlrOwnr>83663279</ctlrOwnr>
      <ctlrAcct>83663279</ctlrAcct>
      <ownrRefCcy>USD</ownrRefCcy>
      <ccy>USD</ccy>
      <asst>USD</asst>
      <asstIDs>
        <asstRef refType="CURRENCY">USD</asstRef>
      </asstIDs>
      <asstDetail>
        <type>MoneyMarket</type>
        <desc>USD Fixed Loan</desc>
        <asstMnyMktDetails>
          <mnyMktType>Loan</mnyMktType>
          <mnyMktTerm termType="Fixed">2021-04-21</mnyMktTerm>
          <mnyMktAmt ccy="USD">-284097.69</mnyMktAmt>
          <intRate>0.94</intRate>
          <mnyMktRef>143148437</mnyMktRef>
          <mnyMktName>s/t Fixed Advance Fix USD 0.94% 14.04.2021-21.04</mnyMktName>
          <matDate>2021-04-21</matDate>
          <startDate>2021-04-14</startDate>
        </asstMnyMktDetails>
      </asstDetail>
    </hldId>
    <effDt>2021-04-13</effDt>
    <settleDt>2021-04-14</settleDt>
    <grAmt ccy="USD">-284097.69</grAmt>
    <netAmt ccy="USD">-284097.69</netAmt>
  </hldCpt1><hldCpt2 amtScheme="m2">
    <hldId>
      <ptfl>83663279.6000</ptfl>
      <ctlrOwnr>83663279</ctlrOwnr>
      <ctlrAcct>83663279.4000/USD/KK</ctlrAcct>
      <ccy>USD</ccy>
      <asst>USD</asst>
      <asstIDs>
        <asstRef refType="CURRENCY">USD</asstRef>
      </asstIDs>
    </hldId>
    <effDt>2021-04-13</effDt>
    <grAmt ccy="USD">284097.69</grAmt>
    <netAmt ccy="USD">284097.69</netAmt>
  </hldCpt2></M001><M001><tkn /><m2xmlReleaseNo>020</m2xmlReleaseNo><mvmtHdr mvmtTp="BUY">
    <cmt>Bought 29,464 Valor 111099171</cmt>
  </mvmtHdr><mvmtSrc>
    <ctlr>lghths-sg</ctlr>
    <ctlrMvmtRef>699450104</ctlrMvmtRef>
    <srcRecType>Security Transaction</srcRecType>
    <srcTransType>Buy</srcTransType>
  </mvmtSrc><extSys>
    <extSysID>SAR</extSysID>
    <extSysRef>699450104</extSysRef>
  </extSys><hldCpt1 amtScheme="m2">
    <hldId>
      <ptfl>83663293.6000</ptfl>
      <ctlrOwnr>83663293</ctlrOwnr>
      <ctlrAcct>83663293.6000</ctlrAcct>
      <ownrRefCcy>USD</ownrRefCcy>
      <ccy>GBP</ccy>
      <asst>111099171</asst>
      <asstIDs>
        <asstRef refType="Valor">111099171</asstRef>
        <asstRef refType="SARA">000143132148</asstRef>
      </asstIDs>
      <asstDetail>
        <type>Hybrid</type>
        <desc>Stock Forward Accumulator  2x Leveraged on Imperial Brands Plc (IMB LN) Period: 12.APR.21 - 11.APR.22  254 Days Strike: GBP 13.6618  Knock-Out: GBP 16.3929</desc>
        <issueCcy>GBP</issueCcy>
        <latestPrc ccy="GBP">-0.162321477</latestPrc>
        <latestPrcDate>2021-04-12</latestPrcDate>
        <prcFactor>1</prcFactor>
      </asstDetail>
    </hldId>
    <effDt>2021-04-12</effDt>
    <settleDt>2021-04-14</settleDt>
    <qty>29464</qty>
    <prc ccy="GBP">0</prc>
    <grTrdAmt ccy="GBP">-0</grTrdAmt>
    <grAmt ccy="GBP">-0</grAmt>
    <netAmt ccy="GBP">-0</netAmt>
  </hldCpt1><hldCpt2 amtScheme="m2">
    <hldId>
      <ctlrOwnr>83663293</ctlrOwnr>
      <ctlrAcct>83663293</ctlrAcct>
      <ccy>GBP</ccy>
      <asst>GBP</asst>
      <asstIDs>
        <asstRef refType="CURRENCY">GBP</asstRef>
      </asstIDs>
    </hldId>
    <effDt>2021-04-12</effDt>
    <grAmt ccy="GBP">0</grAmt>
    <netAmt ccy="GBP">0</netAmt>
  </hldCpt2></M001></m2:M006>
