<?xml version="1.0" encoding="UTF-8"?>
<m2:M006 xmlns:m2="http://www.mym2.com" xmlns:xsi="http://www.w3.org/2001/XMLSchema-instance" xsi:schemaLocation="http://www.mym2.com http://www.mym2.com/schemas/M2RequestSchema.xsd"><M001><tkn /><m2xmlReleaseNo>020</m2xmlReleaseNo><mvmtHdr mvmtTp="OPN">
    <cmt>Raise loan</cmt>
  </mvmtHdr><mvmtSrc>
    <ctlr>lghths-sg</ctlr>
    <ctlrMvmtRef>707198059</ctlrMvmtRef>
    <srcRecType>Deposits &amp; Loans Transaction</srcRecType>
    <srcTransType>Raise Loan</srcTransType>
  </mvmtSrc><extSys>
    <extSysID>SAR</extSysID>
    <extSysRef>707259391</extSysRef>
  </extSys><hldCpt1 amtScheme="m2">
    <hldId>
      <ptfl>83677193.6000</ptfl>
      <ctlrOwnr>83677193</ctlrOwnr>
      <ctlrAcct>83677193</ctlrAcct>
      <ownrRefCcy>USD</ownrRefCcy>
      <ccy>USD</ccy>
      <asst>USD</asst>
      <asstIDs>
        <asstRef refType="CURRENCY">USD</asstRef>
      </asstIDs>
      <asstDetail>
        <type>MoneyMarket</type>
        <desc>USD Fixed Loan</desc>
        <asstMnyMktDetails>
          <mnyMktType>Loan</mnyMktType>
          <mnyMktTerm termType="Fixed">2021-06-17</mnyMktTerm>
          <mnyMktAmt ccy="USD">-719771.65</mnyMktAmt>
          <intRate>0.4</intRate>
          <mnyMktRef>143480371</mnyMktRef>
          <mnyMktName>s/t Fixed Advance Fix USD 0.4% 17.05.2021-17.06.</mnyMktName>
          <matDate>2021-06-17</matDate>
          <startDate>2021-05-17</startDate>
        </asstMnyMktDetails>
      </asstDetail>
    </hldId>
    <effDt>2021-05-17</effDt>
    <settleDt>2021-05-17</settleDt>
    <grAmt ccy="USD">-719771.65</grAmt>
    <netAmt ccy="USD">-719771.65</netAmt>
  </hldCpt1><hldCpt2 amtScheme="m2">
    <hldId>
      <ptfl>83677193.6000</ptfl>
      <ctlrOwnr>83677193</ctlrOwnr>
      <ctlrAcct>83677193.4000/USD/KK</ctlrAcct>
      <ccy>USD</ccy>
      <asst>USD</asst>
      <asstIDs>
        <asstRef refType="CURRENCY">USD</asstRef>
      </asstIDs>
    </hldId>
    <effDt>2021-05-17</effDt>
    <grAmt ccy="USD">719771.65</grAmt>
    <netAmt ccy="USD">719771.65</netAmt>
  </hldCpt2></M001><M001><tkn /><m2xmlReleaseNo>020</m2xmlReleaseNo><mvmtHdr mvmtTp="DIV">
    <cmt>Dividend Cash 1,771 ISIN LU1226288253 @ 0.52 USD</cmt>
  </mvmtHdr><mvmtSrc>
    <ctlr>lghths-sg</ctlr>
    <ctlrMvmtRef>707259391</ctlrMvmtRef>
    <srcRecType>Cash Transaction</srcRecType>
    <srcTransType>Dividend Cash</srcTransType>
  </mvmtSrc><extSys>
    <extSysID>SAR</extSysID>
    <extSysRef>707259391</extSysRef>
  </extSys><hldCpt1 amtScheme="m2">
    <hldId>
      <ptfl>83663293.6000</ptfl>
      <ctlrOwnr>83663293</ctlrOwnr>
      <ctlrAcct>83663293.6000</ctlrAcct>
      <ownrRefCcy>USD</ownrRefCcy>
      <ccy>USD</ccy>
      <asst>LU1226288253</asst>
      <asstIDs>
        <asstRef refType="ISIN">LU1226288253</asstRef>
        <asstRef refType="Valor">27983955</asstRef>
        <asstRef refType="SARA">000126337077</asstRef>
      </asstIDs>
      <asstDetail>
        <isin>LU1226288253</isin>
        <type>Fund</type>
        <cntry>LU/Luxembourg</cntry>
        <desc>UBS (LU) Key Selection Sicav- China Allocation Opportunity (USD) -P- 6% monthly Distribution</desc>
        <issueCcy>USD</issueCcy>
        <latestPrc ccy="USD">102.75</latestPrc>
        <latestPrcDate>2021-05-14</latestPrcDate>
        <prcFactor>1</prcFactor>
      </asstDetail>
    </hldId>
    <effDt>2021-05-17</effDt>
    <settleDt>2021-05-14</settleDt>
    <qty>1771</qty>
    <grDivPerShare ccy="USD">0.52</grDivPerShare>
    <netDivPerShare ccy="USD">0.52</netDivPerShare>
    <grAmt ccy="USD">920.92</grAmt>
    <netAmt ccy="USD">920.92</netAmt>
  </hldCpt1><hldCpt2 amtScheme="m2">
    <hldId>
      <ptfl>83663293.6000</ptfl>
      <ctlrOwnr>83663293</ctlrOwnr>
      <ctlrAcct>83663293.4000/USD/KK</ctlrAcct>
      <ccy>USD</ccy>
      <asst>USD</asst>
      <asstIDs>
        <asstRef refType="CURRENCY">USD</asstRef>
      </asstIDs>
    </hldId>
    <effDt>2021-05-17</effDt>
    <grAmt ccy="USD">920.92</grAmt>
    <netAmt ccy="USD">920.92</netAmt>
  </hldCpt2></M001><M001><tkn /><m2xmlReleaseNo>020</m2xmlReleaseNo><mvmtHdr mvmtTp="PMS">
    <cmt>Payment</cmt>
  </mvmtHdr><mvmtSrc>
    <ctlr>lghths-sg</ctlr>
    <ctlrMvmtRef>707176148</ctlrMvmtRef>
    <srcRecType>Cash Transaction</srcRecType>
    <srcTransType>Payment</srcTransType>
  </mvmtSrc><extSys>
    <extSysID>SAR</extSysID>
    <extSysRef>707176148</extSysRef>
  </extSys><hldCpt1 amtScheme="m2">
    <hldId>
      <ptfl>83677193.6000</ptfl>
      <ctlrOwnr>83677193</ctlrOwnr>
      <ctlrAcct>83677193.4000/USD/KK</ctlrAcct>
      <ownrRefCcy>USD</ownrRefCcy>
      <ccy>USD</ccy>
      <asst>USD</asst>
      <asstIDs>
        <asstRef refType="CURRENCY">USD</asstRef>
      </asstIDs>
    </hldId>
    <effDt>2021-05-17</effDt>
    <settleDt>2021-05-18</settleDt>
    <grAmt ccy="USD">-1200000</grAmt>
    <netAmt ccy="USD">-1200060</netAmt>
  </hldCpt1><chrgGp amtScheme="m2">
    <chrgCpt>
      <ctgy>OTF</ctgy>
      <ctgyAmt ccy="USD">-60</ctgyAmt>
      <chrgDesc>Payment Charges</chrgDesc>
    </chrgCpt>
  </chrgGp></M001></m2:M006>
