<?xml version="1.0" encoding="UTF-8"?>
<m2:M006 xmlns:m2="http://www.mym2.com" xmlns:xsi="http://www.w3.org/2001/XMLSchema-instance" xsi:schemaLocation="http://www.mym2.com http://www.mym2.com/schemas/M2RequestSchema.xsd"><M001><tkn /><m2xmlReleaseNo>020</m2xmlReleaseNo><mvmtHdr mvmtTp="OPN">
    <cmt>Raise loan</cmt>
  </mvmtHdr><mvmtSrc>
    <ctlr>lghths-sg</ctlr>
    <ctlrMvmtRef>693447753</ctlrMvmtRef>
    <srcRecType>Deposits &amp; Loans Transaction</srcRecType>
    <srcTransType>Raise Loan</srcTransType>
  </mvmtSrc><extSys>
    <extSysID>SAR</extSysID>
    <extSysRef>694034229</extSysRef>
  </extSys><hldCpt1 amtScheme="m2">
    <hldId>
      <ptfl>83663293.6000</ptfl>
      <ctlrOwnr>83663293</ctlrOwnr>
      <ctlrAcct>83663293</ctlrAcct>
      <ownrRefCcy>USD</ownrRefCcy>
      <ccy>USD</ccy>
      <asst>USD</asst>
      <asstIDs>
        <asstRef refType="CURRENCY">USD</asstRef>
      </asstIDs>
      <asstDetail>
        <type>MoneyMarket</type>
        <desc>USD Fixed Loan</desc>
        <asstMnyMktDetails>
          <mnyMktType>Loan</mnyMktType>
          <mnyMktTerm termType="Fixed">2021-03-26</mnyMktTerm>
          <mnyMktAmt ccy="USD">-146651.22</mnyMktAmt>
          <intRate>0.94</intRate>
          <mnyMktRef>142939075</mnyMktRef>
          <mnyMktName>s/t Fixed Advance Fix USD 0.94% 19.03.2021-26.03</mnyMktName>
          <matDate>2021-03-26</matDate>
          <startDate>2021-03-19</startDate>
        </asstMnyMktDetails>
      </asstDetail>
    </hldId>
    <effDt>2021-03-18</effDt>
    <settleDt>2021-03-19</settleDt>
    <grAmt ccy="USD">-146651.22</grAmt>
    <netAmt ccy="USD">-146651.22</netAmt>
  </hldCpt1><hldCpt2 amtScheme="m2">
    <hldId>
      <ptfl>83663293.6000</ptfl>
      <ctlrOwnr>83663293</ctlrOwnr>
      <ctlrAcct>83663293.4000/USD/KK</ctlrAcct>
      <ccy>USD</ccy>
      <asst>USD</asst>
      <asstIDs>
        <asstRef refType="CURRENCY">USD</asstRef>
      </asstIDs>
    </hldId>
    <effDt>2021-03-18</effDt>
    <grAmt ccy="USD">146651.22</grAmt>
    <netAmt ccy="USD">146651.22</netAmt>
  </hldCpt2></M001><M001><tkn /><m2xmlReleaseNo>020</m2xmlReleaseNo><mvmtHdr mvmtTp="COU">
    <cmt>Interest 300,000 ISIN CH0593007716</cmt>
  </mvmtHdr><mvmtSrc>
    <ctlr>lghths-sg</ctlr>
    <ctlrMvmtRef>694034444</ctlrMvmtRef>
    <srcRecType>Cash Transaction</srcRecType>
    <srcTransType>Interest</srcTransType>
  </mvmtSrc><extSys>
    <extSysID>SAR</extSysID>
    <extSysRef>694034444</extSysRef>
  </extSys><hldCpt1 amtScheme="m2">
    <hldId>
      <ptfl>83663293.6000</ptfl>
      <ctlrOwnr>83663293</ctlrOwnr>
      <ctlrAcct>83663293.6000</ctlrAcct>
      <ownrRefCcy>USD</ownrRefCcy>
      <ccy>USD</ccy>
      <asst>CH0593007716</asst>
      <asstIDs>
        <asstRef refType="ISIN">CH0593007716</asstRef>
        <asstRef refType="Valor">59300771</asstRef>
        <asstRef refType="SARA">000142500899</asstRef>
      </asstIDs>
      <asstDetail>
        <isin>CH0593007716</isin>
        <type>Bond</type>
        <cntry>00939</cntry>
        <desc>8% Vontobel Financial Products Ltd Bristol Myers Squibb Co STR 52.3845 Sanofi SA STR 65.0815 -Quanto USD- Autocallable Fixed Coupon Notes 16.08.2021 Repayment cash or physical</desc>
        <issueCcy>USD</issueCcy>
        <issueDate>2021-02-16</issueDate>
        <latestPrc ccy="USD">99.50</latestPrc>
        <latestPrcDate>2021-03-16</latestPrcDate>
        <prcFactor>.01</prcFactor>
        <asstBondDetails>
          <matDate>2021-08-18</matDate>
          <intRate>0.2445</intRate>
          <intFreq>12</intFreq>
          <intDate>2021-03-18</intDate>
          <intCcy>USD</intCcy>
        </asstBondDetails>
      </asstDetail>
    </hldId>
    <effDt>2021-03-18</effDt>
    <settleDt>2021-03-18</settleDt>
    <qty>300000</qty>
    <grAmt ccy="USD">1999.99</grAmt>
    <netAmt ccy="USD">1999.99</netAmt>
  </hldCpt1><hldCpt2 amtScheme="m2">
    <hldId>
      <ptfl>83663293.6000</ptfl>
      <ctlrOwnr>83663293</ctlrOwnr>
      <ctlrAcct>83663293.4000/USD/KK</ctlrAcct>
      <ccy>USD</ccy>
      <asst>USD</asst>
      <asstIDs>
        <asstRef refType="CURRENCY">USD</asstRef>
      </asstIDs>
    </hldId>
    <effDt>2021-03-18</effDt>
    <grAmt ccy="USD">1999.99</grAmt>
    <netAmt ccy="USD">1999.99</netAmt>
  </hldCpt2></M001><M001><tkn /><m2xmlReleaseNo>020</m2xmlReleaseNo><mvmtHdr mvmtTp="SEL">
    <cmt>Bond Redemption prior to Maturity 300,000 ISIN CH0593007716</cmt>
  </mvmtHdr><mvmtSrc>
    <ctlr>lghths-sg</ctlr>
    <ctlrMvmtRef>694034229</ctlrMvmtRef>
    <srcRecType>Security Transaction</srcRecType>
    <srcTransType>Bond Redemption prior to Maturity</srcTransType>
  </mvmtSrc><extSys>
    <extSysID>SAR</extSysID>
    <extSysRef>694034229</extSysRef>
  </extSys><hldCpt1 amtScheme="m2">
    <hldId>
      <ptfl>83663293.6000</ptfl>
      <ctlrOwnr>83663293</ctlrOwnr>
      <ctlrAcct>83663293.6000</ctlrAcct>
      <ownrRefCcy>USD</ownrRefCcy>
      <ccy>USD</ccy>
      <asst>CH0593007716</asst>
      <asstIDs>
        <asstRef refType="ISIN">CH0593007716</asstRef>
        <asstRef refType="Valor">59300771</asstRef>
        <asstRef refType="SARA">000142500899</asstRef>
      </asstIDs>
      <asstDetail>
        <isin>CH0593007716</isin>
        <type>Bond</type>
        <cntry>00939</cntry>
        <desc>8% Vontobel Financial Products Ltd Bristol Myers Squibb Co STR 52.3845 Sanofi SA STR 65.0815 -Quanto USD- Autocallable Fixed Coupon Notes 16.08.2021 Repayment cash or physical</desc>
        <issueCcy>USD</issueCcy>
        <issueDate>2021-02-16</issueDate>
        <latestPrc ccy="USD">99.50</latestPrc>
        <latestPrcDate>2021-03-16</latestPrcDate>
        <prcFactor>.01</prcFactor>
        <asstBondDetails>
          <matDate>2021-08-18</matDate>
          <intRate>0.2445</intRate>
          <intFreq>12</intFreq>
          <intDate>2021-03-18</intDate>
          <intCcy>USD</intCcy>
        </asstBondDetails>
      </asstDetail>
    </hldId>
    <effDt>2021-03-18</effDt>
    <settleDt>2021-03-18</settleDt>
    <qty>-300000</qty>
    <prc ccy="USD">100</prc>
    <grTrdAmt ccy="USD">-300000</grTrdAmt>
    <grAmt ccy="USD">-300000</grAmt>
    <netAmt ccy="USD">-300000</netAmt>
  </hldCpt1><hldCpt2 amtScheme="m2">
    <hldId>
      <ptfl>83663293.6000</ptfl>
      <ctlrOwnr>83663293</ctlrOwnr>
      <ctlrAcct>83663293.4000/USD/KK</ctlrAcct>
      <ccy>USD</ccy>
      <asst>USD</asst>
      <asstIDs>
        <asstRef refType="CURRENCY">USD</asstRef>
      </asstIDs>
    </hldId>
    <effDt>2021-03-18</effDt>
    <grAmt ccy="USD">300000</grAmt>
    <netAmt ccy="USD">300000</netAmt>
  </hldCpt2></M001></m2:M006>
