<?xml version="1.0" encoding="UTF-8"?>
<m2:M006 xmlns:m2="http://www.mym2.com" xmlns:xsi="http://www.w3.org/2001/XMLSchema-instance" xsi:schemaLocation="http://www.mym2.com http://www.mym2.com/schemas/M2RequestSchema.xsd"><M001><tkn /><m2xmlReleaseNo>020</m2xmlReleaseNo><mvmtHdr mvmtTp="DIV">
    <cmt>Dividend Cash 35,730.42 ISIN IE00B8K7V925 @ 0.037 USD</cmt>
  </mvmtHdr><mvmtSrc>
    <ctlr>lghths-sg</ctlr>
    <ctlrMvmtRef>690088624</ctlrMvmtRef>
    <srcRecType>Cash Transaction</srcRecType>
    <srcTransType>Dividend Cash</srcTransType>
  </mvmtSrc><extSys>
    <extSysID>SAR</extSysID>
    <extSysRef>690088624</extSysRef>
  </extSys><hldCpt1 amtScheme="m2">
    <hldId>
      <ptfl>83663293.6000</ptfl>
      <ctlrOwnr>83663293</ctlrOwnr>
      <ctlrAcct>83663293.6000</ctlrAcct>
      <ownrRefCcy>USD</ownrRefCcy>
      <ccy>USD</ccy>
      <asst>IE00B8K7V925</asst>
      <asstIDs>
        <asstRef refType="ISIN">IE00B8K7V925</asstRef>
        <asstRef refType="Valor">19762784</asstRef>
        <asstRef refType="SARA">000064235469</asstRef>
      </asstIDs>
      <asstDetail>
        <isin>IE00B8K7V925</isin>
        <type>Fund</type>
        <cntry>IE/Ireland</cntry>
        <desc>PIMCO Funds Global Investors Series Plc- Income (USD) -E- Distribution</desc>
        <issueCcy>USD</issueCcy>
        <latestPrc ccy="USD">11.10</latestPrc>
        <latestPrcDate>2021-03-01</latestPrcDate>
        <prcFactor>1</prcFactor>
      </asstDetail>
    </hldId>
    <effDt>2021-03-02</effDt>
    <settleDt>2021-02-26</settleDt>
    <qty>35730.415</qty>
    <grDivPerShare ccy="USD">0.0366</grDivPerShare>
    <netDivPerShare ccy="USD">0.0366</netDivPerShare>
    <grAmt ccy="USD">1307.73</grAmt>
    <netAmt ccy="USD">1307.73</netAmt>
  </hldCpt1><hldCpt2 amtScheme="m2">
    <hldId>
      <ptfl>83663293.6000</ptfl>
      <ctlrOwnr>83663293</ctlrOwnr>
      <ctlrAcct>83663293.4000/USD/KK</ctlrAcct>
      <ccy>USD</ccy>
      <asst>USD</asst>
      <asstIDs>
        <asstRef refType="CURRENCY">USD</asstRef>
      </asstIDs>
    </hldId>
    <effDt>2021-03-02</effDt>
    <grAmt ccy="USD">1307.73</grAmt>
    <netAmt ccy="USD">1307.73</netAmt>
  </hldCpt2></M001><M001><tkn /><m2xmlReleaseNo>020</m2xmlReleaseNo><mvmtHdr mvmtTp="DIV">
    <cmt>Dividend Cash 2,000 ISIN US92826C8394 @ 0.32 USD</cmt>
  </mvmtHdr><mvmtSrc>
    <ctlr>lghths-sg</ctlr>
    <ctlrMvmtRef>690084213</ctlrMvmtRef>
    <srcRecType>Cash Transaction</srcRecType>
    <srcTransType>Dividend Cash</srcTransType>
  </mvmtSrc><extSys>
    <extSysID>SAR</extSysID>
    <extSysRef>690084213</extSysRef>
  </extSys><hldCpt1 amtScheme="m2">
    <hldId>
      <ptfl>83677193.6000</ptfl>
      <ctlrOwnr>83677193</ctlrOwnr>
      <ctlrAcct>83677193.6000</ctlrAcct>
      <ownrRefCcy>USD</ownrRefCcy>
      <ccy>USD</ccy>
      <asst>US92826C8394</asst>
      <asstIDs>
        <asstRef refType="ISIN">US92826C8394</asstRef>
        <asstRef refType="Valor">3826452</asstRef>
        <asstRef refType="Bloomberg">V UN</asstRef>
        <asstRef refType="SARA">000021485316</asstRef>
      </asstIDs>
      <asstDetail>
        <isin>US92826C8394</isin>
        <type>Share</type>
        <cntry>US/United States of America</cntry>
        <desc>Visa Inc -A-</desc>
        <issueCcy>USD</issueCcy>
        <latestPrc ccy="USD">216.63</latestPrc>
        <latestPrcDate>2021-03-01</latestPrcDate>
        <prcFactor>1</prcFactor>
      </asstDetail>
    </hldId>
    <effDt>2021-03-02</effDt>
    <settleDt>2021-03-01</settleDt>
    <qty>2000</qty>
    <grDivPerShare ccy="USD">0.32</grDivPerShare>
    <netDivPerShare ccy="USD">0.224</netDivPerShare>
    <grAmt ccy="USD">640</grAmt>
    <netAmt ccy="USD">448</netAmt>
  </hldCpt1><hldCpt2 amtScheme="m2">
    <hldId>
      <ptfl>83677193.6000</ptfl>
      <ctlrOwnr>83677193</ctlrOwnr>
      <ctlrAcct>83677193.4000/USD/KK</ctlrAcct>
      <ccy>USD</ccy>
      <asst>USD</asst>
      <asstIDs>
        <asstRef refType="CURRENCY">USD</asstRef>
      </asstIDs>
    </hldId>
    <effDt>2021-03-02</effDt>
    <grAmt ccy="USD">448</grAmt>
    <netAmt ccy="USD">448</netAmt>
  </hldCpt2><chrgGp amtScheme="m2">
    <chrgCpt>
      <ctgy>WTH</ctgy>
      <ctgyAmt ccy="USD">-192</ctgyAmt>
      <chrgDesc>Withholding Tax</chrgDesc>
    </chrgCpt>
  </chrgGp></M001><M001><tkn /><m2xmlReleaseNo>020</m2xmlReleaseNo><mvmtHdr mvmtTp="OPN">
    <cmt>Raise loan</cmt>
  </mvmtHdr><mvmtSrc>
    <ctlr>lghths-sg</ctlr>
    <ctlrMvmtRef>689149630</ctlrMvmtRef>
    <srcRecType>Deposits &amp; Loans Transaction</srcRecType>
    <srcTransType>Raise Loan</srcTransType>
  </mvmtSrc><extSys>
    <extSysID>SAR</extSysID>
    <extSysRef>690084213</extSysRef>
  </extSys><hldCpt1 amtScheme="m2">
    <hldId>
      <ptfl>83667931.6000</ptfl>
      <ctlrOwnr>83667931</ctlrOwnr>
      <ctlrAcct>83667931</ctlrAcct>
      <ownrRefCcy>USD</ownrRefCcy>
      <ccy>USD</ccy>
      <asst>USD</asst>
      <asstIDs>
        <asstRef refType="CURRENCY">USD</asstRef>
      </asstIDs>
      <asstDetail>
        <type>MoneyMarket</type>
        <desc>USD Fixed Loan</desc>
        <asstMnyMktDetails>
          <mnyMktType>Loan</mnyMktType>
          <mnyMktTerm termType="Fixed">2021-03-09</mnyMktTerm>
          <mnyMktAmt ccy="USD">-333026.18</mnyMktAmt>
          <intRate>1.18</intRate>
          <mnyMktRef>142772257</mnyMktRef>
          <mnyMktName>s/t Fixed Advance Fix USD 1.18% 02.03.2021-09.03</mnyMktName>
          <matDate>2021-03-09</matDate>
          <startDate>2021-03-02</startDate>
        </asstMnyMktDetails>
      </asstDetail>
    </hldId>
    <effDt>2021-03-02</effDt>
    <settleDt>2021-03-02</settleDt>
    <grAmt ccy="USD">-333026.18</grAmt>
    <netAmt ccy="USD">-333026.18</netAmt>
  </hldCpt1><hldCpt2 amtScheme="m2">
    <hldId>
      <ptfl>83667931.6000</ptfl>
      <ctlrOwnr>83667931</ctlrOwnr>
      <ctlrAcct>83667931.4000/USD/KK</ctlrAcct>
      <ccy>USD</ccy>
      <asst>USD</asst>
      <asstIDs>
        <asstRef refType="CURRENCY">USD</asstRef>
      </asstIDs>
    </hldId>
    <effDt>2021-03-02</effDt>
    <grAmt ccy="USD">333026.18</grAmt>
    <netAmt ccy="USD">333026.18</netAmt>
  </hldCpt2></M001><M001><tkn /><m2xmlReleaseNo>020</m2xmlReleaseNo><mvmtHdr mvmtTp="OPN">
    <cmt>Raise loan</cmt>
  </mvmtHdr><mvmtSrc>
    <ctlr>lghths-sg</ctlr>
    <ctlrMvmtRef>689148143</ctlrMvmtRef>
    <srcRecType>Deposits &amp; Loans Transaction</srcRecType>
    <srcTransType>Raise Loan</srcTransType>
  </mvmtSrc><extSys>
    <extSysID>SAR</extSysID>
    <extSysRef>690084213</extSysRef>
  </extSys><hldCpt1 amtScheme="m2">
    <hldId>
      <ptfl>83663293.6000</ptfl>
      <ctlrOwnr>83663293</ctlrOwnr>
      <ctlrAcct>83663293</ctlrAcct>
      <ownrRefCcy>USD</ownrRefCcy>
      <ccy>EUR</ccy>
      <asst>EUR</asst>
      <asstIDs>
        <asstRef refType="CURRENCY">EUR</asstRef>
      </asstIDs>
      <asstDetail>
        <type>MoneyMarket</type>
        <desc>EUR Fixed Loan</desc>
        <asstMnyMktDetails>
          <mnyMktType>Loan</mnyMktType>
          <mnyMktTerm termType="Fixed">2021-04-01</mnyMktTerm>
          <mnyMktAmt ccy="EUR">-292081.43</mnyMktAmt>
          <intRate>0.65</intRate>
          <mnyMktRef>142772244</mnyMktRef>
          <mnyMktName>s/t Fixed Advance Fix EUR 0.65% 02.03.2021-01.04</mnyMktName>
          <matDate>2021-04-01</matDate>
          <startDate>2021-03-02</startDate>
        </asstMnyMktDetails>
      </asstDetail>
    </hldId>
    <effDt>2021-03-02</effDt>
    <settleDt>2021-03-02</settleDt>
    <grAmt ccy="EUR">-292081.43</grAmt>
    <netAmt ccy="EUR">-292081.43</netAmt>
  </hldCpt1><hldCpt2 amtScheme="m2">
    <hldId>
      <ptfl>83663293.6000</ptfl>
      <ctlrOwnr>83663293</ctlrOwnr>
      <ctlrAcct>83663293.4003/EUR/KK</ctlrAcct>
      <ccy>EUR</ccy>
      <asst>EUR</asst>
      <asstIDs>
        <asstRef refType="CURRENCY">EUR</asstRef>
      </asstIDs>
    </hldId>
    <effDt>2021-03-02</effDt>
    <grAmt ccy="EUR">292081.43</grAmt>
    <netAmt ccy="EUR">292081.43</netAmt>
  </hldCpt2></M001></m2:M006>
