<?xml version="1.0" encoding="UTF-8"?>
<m2:M006 xmlns:m2="http://www.mym2.com" xmlns:xsi="http://www.w3.org/2001/XMLSchema-instance" xsi:schemaLocation="http://www.mym2.com http://www.mym2.com/schemas/M2RequestSchema.xsd"><M001><tkn /><m2xmlReleaseNo>020</m2xmlReleaseNo><mvmtHdr mvmtTp="DIV">
    <cmt>Dividend Cash</cmt>
  </mvmtHdr><mvmtSrc>
    <ctlr>lghths-sg</ctlr>
    <ctlrMvmtRef>680617858</ctlrMvmtRef>
    <srcRecType>Cash Transaction</srcRecType>
    <srcTransType>Dividend Cash</srcTransType>
  </mvmtSrc><extSys>
    <extSysID>SAR</extSysID>
    <extSysRef>680617858</extSysRef>
  </extSys><hldCpt1 amtScheme="m2">
    <hldId>
      <ptfl>83676187.6000</ptfl>
      <ctlrOwnr>83676187</ctlrOwnr>
      <ctlrAcct>83676187.6000</ctlrAcct>
      <ownrRefCcy>USD</ownrRefCcy>
      <ccy>USD</ccy>
      <asst>KYG7943S1140</asst>
      <asstIDs>
        <asstRef refType="ISIN">KYG7943S1140</asstRef>
        <asstRef refType="Valor">55646201</asstRef>
        <asstRef refType="SARA">000140636795</asstRef>
      </asstIDs>
      <asstDetail>
        <isin>KYG7943S1140</isin>
        <type>Fund</type>
        <cntry>KY/Cayman Islands</cntry>
        <desc>SCUBE Investment Management SPC Fixed Income Tactical Opportunities Fund Series 2 -Cash Option-</desc>
        <issueCcy>USD</issueCcy>
        <latestPrc ccy="USD">1060.85</latestPrc>
        <latestPrcDate>2020-11-10</latestPrcDate>
        <prcFactor>1</prcFactor>
      </asstDetail>
    </hldId>
    <effDt>2021-01-12</effDt>
    <settleDt>2020-12-31</settleDt>
    <qty>200</qty>
    <grDivPerShare ccy="USD">40</grDivPerShare>
    <netDivPerShare ccy="USD">40</netDivPerShare>
    <grAmt ccy="USD">8000</grAmt>
    <netAmt ccy="USD">8000</netAmt>
  </hldCpt1><hldCpt2 amtScheme="m2">
    <hldId>
      <ptfl>83676187.6000</ptfl>
      <ctlrOwnr>83676187</ctlrOwnr>
      <ctlrAcct>83676187.4000/USD/KK</ctlrAcct>
      <ccy>USD</ccy>
      <asst>USD</asst>
      <asstIDs>
        <asstRef refType="CURRENCY">USD</asstRef>
      </asstIDs>
    </hldId>
    <effDt>2021-01-12</effDt>
    <grAmt ccy="USD">8000</grAmt>
    <netAmt ccy="USD">8000</netAmt>
  </hldCpt2></M001><M001><tkn /><m2xmlReleaseNo>020</m2xmlReleaseNo><mvmtHdr mvmtTp="CTF">
    <cmt>Forex spot</cmt>
  </mvmtHdr><mvmtSrc>
    <ctlr>lghths-sg</ctlr>
    <ctlrMvmtRef>680606511</ctlrMvmtRef>
    <srcRecType>Cash Transaction</srcRecType>
    <srcTransType>Forex Spot</srcTransType>
  </mvmtSrc><extSys>
    <extSysID>SAR</extSysID>
    <extSysRef>680606511</extSysRef>
  </extSys><hldCpt1 amtScheme="m2">
    <hldId>
      <ptfl>83663279.6000</ptfl>
      <ctlrOwnr>83663279</ctlrOwnr>
      <ctlrAcct>83663279.4000/USD/KK</ctlrAcct>
      <ownrRefCcy>USD</ownrRefCcy>
      <ccy>USD</ccy>
      <asst>USD</asst>
      <asstIDs>
        <asstRef refType="CURRENCY">USD</asstRef>
      </asstIDs>
    </hldId>
    <effDt>2021-01-12</effDt>
    <settleDt>2021-01-14</settleDt>
    <grAmt ccy="USD">-53040</grAmt>
    <netAmt ccy="USD">-53040</netAmt>
  </hldCpt1><hldCpt2 amtScheme="m2">
    <hldId>
      <ptfl>83663279.6000</ptfl>
      <ctlrOwnr>83663279</ctlrOwnr>
      <ctlrAcct>83663279.4001/GBP/KK</ctlrAcct>
      <ccy>GBP</ccy>
      <asst>GBP</asst>
      <asstIDs>
        <asstRef refType="CURRENCY">GBP</asstRef>
      </asstIDs>
    </hldId>
    <effDt>2021-01-12</effDt>
    <settleDt>2021-01-14</settleDt>
    <grAmt ccy="GBP">41600</grAmt>
    <netAmt ccy="GBP">41600</netAmt>
  </hldCpt2></M001><M001><tkn /><m2xmlReleaseNo>020</m2xmlReleaseNo><mvmtHdr mvmtTp="AIN">
    <cmt>Assignment 17 SARA 000141052673</cmt>
  </mvmtHdr><mvmtSrc>
    <ctlr>lghths-sg</ctlr>
    <ctlrMvmtRef>680623950</ctlrMvmtRef>
    <srcRecType>Security Transaction</srcRecType>
    <srcTransType>Assignment</srcTransType>
  </mvmtSrc><extSys>
    <extSysID>SAR</extSysID>
    <extSysRef>680623950</extSysRef>
  </extSys><hldCpt1 amtScheme="m2">
    <hldId>
      <ptfl>83663279.6000</ptfl>
      <ctlrOwnr>83663279</ctlrOwnr>
      <ctlrAcct>83663279.6000</ctlrAcct>
      <ownrRefCcy>USD</ownrRefCcy>
      <ccy>USD</ccy>
      <asst>000141052673</asst>
      <asstIDs>
        <asstRef refType="SARA">000141052673</asstRef>
      </asstIDs>
      <asstDetail>
        <type>Option</type>
        <cntry>US/United States of America</cntry>
        <desc>HDFC Bank Ltd Call 15.01.2021 50 (HDB US)</desc>
        <issueCcy>USD</issueCcy>
        <latestPrc ccy="USD">22.1</latestPrc>
        <latestPrcDate>2021-01-05</latestPrcDate>
        <prcFactor>100</prcFactor>
        <asstDerivDetails>
          <contractSize>100</contractSize>
          <strike>50</strike>
          <expDate>2021-01-15</expDate>
          <putCallInd>C</putCallInd>
          <underlyingAsstIDs>
            <asstRef refType="ISIN">US40415F1012</asstRef>
          </underlyingAsstIDs>
          <underlyingAsstDesc>HDFC Bank Ltd -ADR- (3 Shs)</underlyingAsstDesc>
          <underlyingAsstType>Share</underlyingAsstType>
          <longShortInd>S</longShortInd>
        </asstDerivDetails>
      </asstDetail>
    </hldId>
    <effDt>2021-01-11</effDt>
    <settleDt>2021-01-13</settleDt>
    <qty>17</qty>
    <prc ccy="USD">0</prc>
    <grTrdAmt ccy="USD">0</grTrdAmt>
    <grAmt ccy="USD">0</grAmt>
    <netAmt ccy="USD">0</netAmt>
  </hldCpt1></M001><M001><tkn /><m2xmlReleaseNo>020</m2xmlReleaseNo><mvmtHdr mvmtTp="SEL">
    <cmt>Assignment 1,700 ISIN US40415F1012</cmt>
  </mvmtHdr><mvmtSrc>
    <ctlr>lghths-sg</ctlr>
    <ctlrMvmtRef>680623950</ctlrMvmtRef>
    <srcRecType>Security Transaction</srcRecType>
    <srcTransType>Assignment</srcTransType>
  </mvmtSrc><extSys>
    <extSysID>SAR</extSysID>
    <extSysRef>680623950</extSysRef>
  </extSys><hldCpt1 amtScheme="m2">
    <hldId>
      <ptfl>83663279.6000</ptfl>
      <ctlrOwnr>83663279</ctlrOwnr>
      <ctlrAcct>83663279.6000</ctlrAcct>
      <ownrRefCcy>USD</ownrRefCcy>
      <ccy>USD</ccy>
      <asst>US40415F1012</asst>
      <asstIDs>
        <asstRef refType="ISIN">US40415F1012</asstRef>
        <asstRef refType="Valor">1266337</asstRef>
        <asstRef refType="Bloomberg">HDB US</asstRef>
        <asstRef refType="SARA">000021362947</asstRef>
      </asstIDs>
      <asstDetail>
        <isin>US40415F1012</isin>
        <type>Share</type>
        <cntry>IN/India</cntry>
        <desc>HDFC Bank Ltd -ADR- (3 Shs)</desc>
        <issueCcy>USD</issueCcy>
        <latestPrc ccy="USD">74.81</latestPrc>
        <latestPrcDate>2021-01-11</latestPrcDate>
        <prcFactor>1</prcFactor>
      </asstDetail>
    </hldId>
    <effDt>2021-01-11</effDt>
    <settleDt>2021-01-13</settleDt>
    <qty>-1700</qty>
    <prc ccy="USD">50</prc>
    <grTrdAmt ccy="USD">-85000</grTrdAmt>
    <grAmt ccy="USD">-85000</grAmt>
    <netAmt ccy="USD">-84973.12</netAmt>
  </hldCpt1><hldCpt2 amtScheme="m2">
    <hldId>
      <ptfl>83663279.6000</ptfl>
      <ctlrOwnr>83663279</ctlrOwnr>
      <ctlrAcct>83663279.4000/USD/KK</ctlrAcct>
      <ccy>USD</ccy>
      <asst>USD</asst>
      <asstIDs>
        <asstRef refType="CURRENCY">USD</asstRef>
      </asstIDs>
    </hldId>
    <effDt>2021-01-11</effDt>
    <grAmt ccy="USD">84973.12</grAmt>
    <netAmt ccy="USD">84973.12</netAmt>
  </hldCpt2><chrgGp amtScheme="m2">
    <chrgCpt>
      <ctgy>FOR</ctgy>
      <ctgyAmt ccy="USD">-26.88</ctgyAmt>
      <chrgDesc>Foreign Charges</chrgDesc>
    </chrgCpt>
  </chrgGp></M001></m2:M006>
