<?xml version="1.0" encoding="UTF-8"?>
<m2:M006 xmlns:m2="http://www.mym2.com" xmlns:xsi="http://www.w3.org/2001/XMLSchema-instance" xsi:schemaLocation="http://www.mym2.com http://www.mym2.com/schemas/M2RequestSchema.xsd"><M001><tkn /><m2xmlReleaseNo>020</m2xmlReleaseNo><mvmtHdr mvmtTp="SEL">
    <cmt>Bond Redemption prior to Maturity 250,000 ISIN CH0559020273</cmt>
  </mvmtHdr><mvmtSrc>
    <ctlr>lghths-sg</ctlr>
    <ctlrMvmtRef>689079694</ctlrMvmtRef>
    <srcRecType>Security Transaction</srcRecType>
    <srcTransType>Bond Redemption prior to Maturity</srcTransType>
  </mvmtSrc><extSys>
    <extSysID>SAR</extSysID>
    <extSysRef>689079694</extSysRef>
  </extSys><hldCpt1 amtScheme="m2">
    <hldId>
      <ptfl>83663279.6000</ptfl>
      <ctlrOwnr>83663279</ctlrOwnr>
      <ctlrAcct>83663279.6000</ctlrAcct>
      <ownrRefCcy>USD</ownrRefCcy>
      <ccy>USD</ccy>
      <asst>CH0559020273</asst>
      <asstIDs>
        <asstRef refType="ISIN">CH0559020273</asstRef>
        <asstRef refType="Valor">55902027</asstRef>
        <asstRef refType="SARA">000140939290</asstRef>
      </asstIDs>
      <asstDetail>
        <isin>CH0559020273</isin>
        <type>Bond</type>
        <cntry>00939</cntry>
        <desc>8% Vontobel Financial Products Ltd Facebook Inc -A- KI 171.6585 STR 190.3561 Microsoft Corp KI 139.75 STR 154.972 Autocallable Knock-In FCN 23.08.2021 Repayment cash or physical</desc>
        <issueCcy>USD</issueCcy>
        <issueDate>2020-08-21</issueDate>
        <latestPrc ccy="USD">101.30</latestPrc>
        <latestPrcDate>2021-02-23</latestPrcDate>
        <prcFactor>.01</prcFactor>
        <asstBondDetails>
          <matDate>2021-08-25</matDate>
          <intRate>0.44</intRate>
          <intFreq>4</intFreq>
          <intDate>2020-11-25</intDate>
          <intCcy>USD</intCcy>
        </asstBondDetails>
      </asstDetail>
    </hldId>
    <effDt>2021-02-25</effDt>
    <settleDt>2021-02-25</settleDt>
    <qty>-250000</qty>
    <prc ccy="USD">100</prc>
    <grTrdAmt ccy="USD">-250000</grTrdAmt>
    <grAmt ccy="USD">-250000</grAmt>
    <netAmt ccy="USD">-250000</netAmt>
  </hldCpt1><hldCpt2 amtScheme="m2">
    <hldId>
      <ptfl>83663279.6000</ptfl>
      <ctlrOwnr>83663279</ctlrOwnr>
      <ctlrAcct>83663279.4000/USD/KK</ctlrAcct>
      <ccy>USD</ccy>
      <asst>USD</asst>
      <asstIDs>
        <asstRef refType="CURRENCY">USD</asstRef>
      </asstIDs>
    </hldId>
    <effDt>2021-02-25</effDt>
    <grAmt ccy="USD">250000</grAmt>
    <netAmt ccy="USD">250000</netAmt>
  </hldCpt2></M001><M001><tkn /><m2xmlReleaseNo>020</m2xmlReleaseNo><mvmtHdr mvmtTp="OPN">
    <cmt>Raise loan</cmt>
  </mvmtHdr><mvmtSrc>
    <ctlr>lghths-sg</ctlr>
    <ctlrMvmtRef>688674060</ctlrMvmtRef>
    <srcRecType>Deposits &amp; Loans Transaction</srcRecType>
    <srcTransType>Raise Loan</srcTransType>
  </mvmtSrc><extSys>
    <extSysID>SAR</extSysID>
    <extSysRef>689079694</extSysRef>
  </extSys><hldCpt1 amtScheme="m2">
    <hldId>
      <ptfl>83663279.6000</ptfl>
      <ctlrOwnr>83663279</ctlrOwnr>
      <ctlrAcct>83663279</ctlrAcct>
      <ownrRefCcy>USD</ownrRefCcy>
      <ccy>GBP</ccy>
      <asst>GBP</asst>
      <asstIDs>
        <asstRef refType="CURRENCY">GBP</asstRef>
      </asstIDs>
      <asstDetail>
        <type>MoneyMarket</type>
        <desc>GBP Fixed Loan</desc>
        <asstMnyMktDetails>
          <mnyMktType>Loan</mnyMktType>
          <mnyMktTerm termType="Fixed">2021-03-24</mnyMktTerm>
          <mnyMktAmt ccy="GBP">-2127292.95</mnyMktAmt>
          <intRate>0.893</intRate>
          <mnyMktRef>142732272</mnyMktRef>
          <mnyMktName>s/t Fixed Advance Fix GBP 0.893% 26.02.2021-24.0</mnyMktName>
          <matDate>2021-03-24</matDate>
          <startDate>2021-02-26</startDate>
        </asstMnyMktDetails>
      </asstDetail>
    </hldId>
    <effDt>2021-02-25</effDt>
    <settleDt>2021-02-26</settleDt>
    <grAmt ccy="GBP">-2127292.95</grAmt>
    <netAmt ccy="GBP">-2127292.95</netAmt>
  </hldCpt1><hldCpt2 amtScheme="m2">
    <hldId>
      <ptfl>83663279.6000</ptfl>
      <ctlrOwnr>83663279</ctlrOwnr>
      <ctlrAcct>83663279.4001/GBP/KK</ctlrAcct>
      <ccy>GBP</ccy>
      <asst>GBP</asst>
      <asstIDs>
        <asstRef refType="CURRENCY">GBP</asstRef>
      </asstIDs>
    </hldId>
    <effDt>2021-02-25</effDt>
    <grAmt ccy="GBP">2127292.95</grAmt>
    <netAmt ccy="GBP">2127292.95</netAmt>
  </hldCpt2></M001><M001><tkn /><m2xmlReleaseNo>020</m2xmlReleaseNo><mvmtHdr mvmtTp="OPN">
    <cmt>Raise loan</cmt>
  </mvmtHdr><mvmtSrc>
    <ctlr>lghths-sg</ctlr>
    <ctlrMvmtRef>688673349</ctlrMvmtRef>
    <srcRecType>Deposits &amp; Loans Transaction</srcRecType>
    <srcTransType>Raise Loan</srcTransType>
  </mvmtSrc><extSys>
    <extSysID>SAR</extSysID>
    <extSysRef>689079694</extSysRef>
  </extSys><hldCpt1 amtScheme="m2">
    <hldId>
      <ptfl>83663293.6000</ptfl>
      <ctlrOwnr>83663293</ctlrOwnr>
      <ctlrAcct>83663293</ctlrAcct>
      <ownrRefCcy>USD</ownrRefCcy>
      <ccy>HKD</ccy>
      <asst>HKD</asst>
      <asstIDs>
        <asstRef refType="CURRENCY">HKD</asstRef>
      </asstIDs>
      <asstDetail>
        <type>MoneyMarket</type>
        <desc>HKD Fixed Loan</desc>
        <asstMnyMktDetails>
          <mnyMktType>Loan</mnyMktType>
          <mnyMktTerm termType="Fixed">2021-03-26</mnyMktTerm>
          <mnyMktAmt ccy="HKD">-1491843.07</mnyMktAmt>
          <intRate>1.43</intRate>
          <mnyMktRef>142731788</mnyMktRef>
          <mnyMktName>s/t Fixed Advance Fix HKD 1.43% 26.02.2021-26.03</mnyMktName>
          <matDate>2021-03-26</matDate>
          <startDate>2021-02-26</startDate>
        </asstMnyMktDetails>
      </asstDetail>
    </hldId>
    <effDt>2021-02-25</effDt>
    <settleDt>2021-02-26</settleDt>
    <grAmt ccy="HKD">-1491843.07</grAmt>
    <netAmt ccy="HKD">-1491843.07</netAmt>
  </hldCpt1><hldCpt2 amtScheme="m2">
    <hldId>
      <ptfl>83663293.6000</ptfl>
      <ctlrOwnr>83663293</ctlrOwnr>
      <ctlrAcct>83663293.4005/HKD/KK</ctlrAcct>
      <ccy>HKD</ccy>
      <asst>HKD</asst>
      <asstIDs>
        <asstRef refType="CURRENCY">HKD</asstRef>
      </asstIDs>
    </hldId>
    <effDt>2021-02-25</effDt>
    <grAmt ccy="HKD">1491843.07</grAmt>
    <netAmt ccy="HKD">1491843.07</netAmt>
  </hldCpt2></M001><M001><tkn /><m2xmlReleaseNo>020</m2xmlReleaseNo><mvmtHdr mvmtTp="COU">
    <cmt>Interest</cmt>
  </mvmtHdr><mvmtSrc>
    <ctlr>lghths-sg</ctlr>
    <ctlrMvmtRef>689079890</ctlrMvmtRef>
    <srcRecType>Cash Transaction</srcRecType>
    <srcTransType>Interest</srcTransType>
  </mvmtSrc><extSys>
    <extSysID>SAR</extSysID>
    <extSysRef>689079890</extSysRef>
  </extSys><hldCpt1 amtScheme="m2">
    <hldId>
      <ptfl>83663279.6000</ptfl>
      <ctlrOwnr>83663279</ctlrOwnr>
      <ctlrAcct>83663279.6000</ctlrAcct>
      <ownrRefCcy>USD</ownrRefCcy>
      <ccy>USD</ccy>
      <asst>CH0559020273</asst>
      <asstIDs>
        <asstRef refType="ISIN">CH0559020273</asstRef>
        <asstRef refType="Valor">55902027</asstRef>
        <asstRef refType="SARA">000140939290</asstRef>
      </asstIDs>
      <asstDetail>
        <isin>CH0559020273</isin>
        <type>Bond</type>
        <cntry>00939</cntry>
        <desc>8% Vontobel Financial Products Ltd Facebook Inc -A- KI 171.6585 STR 190.3561 Microsoft Corp KI 139.75 STR 154.972 Autocallable Knock-In FCN 23.08.2021 Repayment cash or physical</desc>
        <issueCcy>USD</issueCcy>
        <issueDate>2020-08-21</issueDate>
        <latestPrc ccy="USD">101.30</latestPrc>
        <latestPrcDate>2021-02-23</latestPrcDate>
        <prcFactor>.01</prcFactor>
        <asstBondDetails>
          <matDate>2021-08-25</matDate>
          <intRate>0.44</intRate>
          <intFreq>4</intFreq>
          <intDate>2020-11-25</intDate>
          <intCcy>USD</intCcy>
        </asstBondDetails>
      </asstDetail>
    </hldId>
    <effDt>2021-02-25</effDt>
    <settleDt>2021-02-25</settleDt>
    <qty>250000</qty>
    <grAmt ccy="USD">5000</grAmt>
    <netAmt ccy="USD">5000</netAmt>
  </hldCpt1><hldCpt2 amtScheme="m2">
    <hldId>
      <ptfl>83663279.6000</ptfl>
      <ctlrOwnr>83663279</ctlrOwnr>
      <ctlrAcct>83663279.4000/USD/KK</ctlrAcct>
      <ccy>USD</ccy>
      <asst>USD</asst>
      <asstIDs>
        <asstRef refType="CURRENCY">USD</asstRef>
      </asstIDs>
    </hldId>
    <effDt>2021-02-25</effDt>
    <grAmt ccy="USD">5000</grAmt>
    <netAmt ccy="USD">5000</netAmt>
  </hldCpt2></M001><M001><tkn /><m2xmlReleaseNo>020</m2xmlReleaseNo><mvmtHdr mvmtTp="BUY">
    <cmt>Bought 200,000 ISIN XS2304008068 @ 100 USD</cmt>
  </mvmtHdr><mvmtSrc>
    <ctlr>lghths-sg</ctlr>
    <ctlrMvmtRef>688099088</ctlrMvmtRef>
    <srcRecType>Security Transaction</srcRecType>
    <srcTransType>Buy</srcTransType>
  </mvmtSrc><extSys>
    <extSysID>SAR</extSysID>
    <extSysRef>688099088</extSysRef>
  </extSys><hldCpt1 amtScheme="m2">
    <hldId>
      <ptfl>83663293.6000</ptfl>
      <ctlrOwnr>83663293</ctlrOwnr>
      <ctlrAcct>83663293.6000</ctlrAcct>
      <ownrRefCcy>USD</ownrRefCcy>
      <ccy>USD</ccy>
      <asst>XS2304008068</asst>
      <asstIDs>
        <asstRef refType="ISIN">XS2304008068</asstRef>
        <asstRef refType="Valor">59476182</asstRef>
        <asstRef refType="SARA">000142671407</asstRef>
      </asstIDs>
      <asstDetail>
        <isin>XS2304008068</isin>
        <type>Bond</type>
        <cntry>NL/Netherlands</cntry>
        <desc>6% JP Morgan Structured Products BV HDFC Bank Ltd -ADR- (3 Shs) STR 59.535 Infosys Ltd -ADR- STR 12.9728 Fixed Coupon Notes 04.03.2022 Repayment cash or physical</desc>
        <issueCcy>USD</issueCcy>
        <issueDate>2021-03-04</issueDate>
        <latestPrc ccy="USD">100.0</latestPrc>
        <latestPrcDate>2021-02-16</latestPrcDate>
        <prcFactor>.01</prcFactor>
        <asstBondDetails>
          <matDate>2022-03-08</matDate>
          <intRate>0.0</intRate>
          <intFreq>12</intFreq>
          <intDate>2021-04-07</intDate>
          <intCcy>USD</intCcy>
        </asstBondDetails>
      </asstDetail>
    </hldId>
    <effDt>2021-02-18</effDt>
    <settleDt>2021-03-04</settleDt>
    <qty>200000</qty>
    <prc ccy="USD">100</prc>
    <grTrdAmt ccy="USD">198000</grTrdAmt>
    <grAmt ccy="USD">200000</grAmt>
    <netAmt ccy="USD">200000</netAmt>
  </hldCpt1><hldCpt2 amtScheme="m2">
    <hldId>
      <ptfl>83663293.6000</ptfl>
      <ctlrOwnr>83663293</ctlrOwnr>
      <ctlrAcct>83663293.4000/USD/KK</ctlrAcct>
      <ccy>USD</ccy>
      <asst>USD</asst>
      <asstIDs>
        <asstRef refType="CURRENCY">USD</asstRef>
      </asstIDs>
    </hldId>
    <effDt>2021-02-18</effDt>
    <grAmt ccy="USD">-200000</grAmt>
    <netAmt ccy="USD">-200000</netAmt>
  </hldCpt2></M001><M001><tkn /><m2xmlReleaseNo>020</m2xmlReleaseNo><mvmtHdr mvmtTp="BUY">
    <cmt>Bought 300,000 ISIN XS2304008225 @ 100 USD</cmt>
  </mvmtHdr><mvmtSrc>
    <ctlr>lghths-sg</ctlr>
    <ctlrMvmtRef>688093343</ctlrMvmtRef>
    <srcRecType>Security Transaction</srcRecType>
    <srcTransType>Buy</srcTransType>
  </mvmtSrc><extSys>
    <extSysID>SAR</extSysID>
    <extSysRef>688093343</extSysRef>
  </extSys><hldCpt1 amtScheme="m2">
    <hldId>
      <ptfl>83663293.6000</ptfl>
      <ctlrOwnr>83663293</ctlrOwnr>
      <ctlrAcct>83663293.6000</ctlrAcct>
      <ownrRefCcy>USD</ownrRefCcy>
      <ccy>USD</ccy>
      <asst>XS2304008225</asst>
      <asstIDs>
        <asstRef refType="ISIN">XS2304008225</asstRef>
        <asstRef refType="Valor">59476183</asstRef>
        <asstRef refType="SARA">000142671426</asstRef>
      </asstIDs>
      <asstDetail>
        <isin>XS2304008225</isin>
        <type>Bond</type>
        <cntry>NL/Netherlands</cntry>
        <desc>8% JP Morgan Structured Products BV HDFC Bank Ltd -ADR- (3 Shs) STR 64.2168 Infosys Ltd -ADR- STR 13.9929 Fixed Coupon Notes 04.03.2022 Repayment cash or physical</desc>
        <issueCcy>USD</issueCcy>
        <issueDate>2021-03-04</issueDate>
        <latestPrc ccy="USD">100.0</latestPrc>
        <latestPrcDate>2021-02-16</latestPrcDate>
        <prcFactor>.01</prcFactor>
        <asstBondDetails>
          <matDate>2022-03-08</matDate>
          <intRate>0.0</intRate>
          <intFreq>12</intFreq>
          <intDate>2021-04-07</intDate>
          <intCcy>USD</intCcy>
        </asstBondDetails>
      </asstDetail>
    </hldId>
    <effDt>2021-02-18</effDt>
    <settleDt>2021-03-04</settleDt>
    <qty>300000</qty>
    <prc ccy="USD">100</prc>
    <grTrdAmt ccy="USD">297000</grTrdAmt>
    <grAmt ccy="USD">300000</grAmt>
    <netAmt ccy="USD">300000</netAmt>
  </hldCpt1><hldCpt2 amtScheme="m2">
    <hldId>
      <ptfl>83663293.6000</ptfl>
      <ctlrOwnr>83663293</ctlrOwnr>
      <ctlrAcct>83663293.4000/USD/KK</ctlrAcct>
      <ccy>USD</ccy>
      <asst>USD</asst>
      <asstIDs>
        <asstRef refType="CURRENCY">USD</asstRef>
      </asstIDs>
    </hldId>
    <effDt>2021-02-18</effDt>
    <grAmt ccy="USD">-300000</grAmt>
    <netAmt ccy="USD">-300000</netAmt>
  </hldCpt2></M001></m2:M006>
