<?xml version="1.0" encoding="UTF-8"?>
<m2:M006 xmlns:m2="http://www.mym2.com" xmlns:xsi="http://www.w3.org/2001/XMLSchema-instance" xsi:schemaLocation="http://www.mym2.com http://www.mym2.com/schemas/M2RequestSchema.xsd"><M001><tkn /><m2xmlReleaseNo>020</m2xmlReleaseNo><mvmtHdr mvmtTp="CLS">
    <cmt>Close Loan</cmt>
  </mvmtHdr><mvmtSrc>
    <ctlr>lghths-sg</ctlr>
    <ctlrMvmtRef>705250789</ctlrMvmtRef>
    <srcRecType>Deposits &amp; Loans Transaction</srcRecType>
    <srcTransType>Close Loan</srcTransType>
  </mvmtSrc><extSys>
    <extSysID>SAR</extSysID>
    <extSysRef>705489281</extSysRef>
  </extSys><hldCpt1 amtScheme="m2">
    <hldId>
      <ptfl>83667931.6000</ptfl>
      <ctlrOwnr>83667931</ctlrOwnr>
      <ctlrAcct>83667931</ctlrAcct>
      <ownrRefCcy>USD</ownrRefCcy>
      <ccy>USD</ccy>
      <asst>USD</asst>
      <asstIDs>
        <asstRef refType="CURRENCY">USD</asstRef>
      </asstIDs>
      <asstDetail>
        <type>MoneyMarket</type>
        <desc>USD Fixed Loan</desc>
        <asstMnyMktDetails>
          <mnyMktType>Loan</mnyMktType>
          <mnyMktTerm termType="Fixed">2021-05-11</mnyMktTerm>
          <mnyMktAmt ccy="USD">0</mnyMktAmt>
          <intRate>1.17775</intRate>
          <mnyMktRef>143368868</mnyMktRef>
          <mnyMktName>s/t Fixed Advance Fix USD 1.17775% 04.05.2021-11</mnyMktName>
          <matDate>2021-05-11</matDate>
          <startDate>2021-05-04</startDate>
        </asstMnyMktDetails>
      </asstDetail>
    </hldId>
    <effDt>2021-05-07</effDt>
    <settleDt>2021-05-11</settleDt>
    <grAmt ccy="USD">333904.94</grAmt>
    <netAmt ccy="USD">333904.94</netAmt>
  </hldCpt1><hldCpt2 amtScheme="m2">
    <hldId>
      <ptfl>83667931.6000</ptfl>
      <ctlrOwnr>83667931</ctlrOwnr>
      <ctlrAcct>83667931.4000/USD/KK</ctlrAcct>
      <ccy>USD</ccy>
      <asst>USD</asst>
      <asstIDs>
        <asstRef refType="CURRENCY">USD</asstRef>
      </asstIDs>
    </hldId>
    <effDt>2021-05-07</effDt>
    <grAmt ccy="USD">-333981.41</grAmt>
    <netAmt ccy="USD">-333981.41</netAmt>
  </hldCpt2><chrgGp amtScheme="m2">
    <chrgCpt>
      <ctgy>CIP</ctgy>
      <ctgyAmt ccy="USD">-76.47</ctgyAmt>
      <chrgDesc>Interest Paid</chrgDesc>
    </chrgCpt>
  </chrgGp></M001><M001><tkn /><m2xmlReleaseNo>020</m2xmlReleaseNo><mvmtHdr mvmtTp="DIV">
    <cmt>Dividend Cash 1,600 ISIN US57636Q1040 @ 0.44 USD</cmt>
  </mvmtHdr><mvmtSrc>
    <ctlr>lghths-sg</ctlr>
    <ctlrMvmtRef>705459765</ctlrMvmtRef>
    <srcRecType>Cash Transaction</srcRecType>
    <srcTransType>Dividend Cash</srcTransType>
  </mvmtSrc><extSys>
    <extSysID>SAR</extSysID>
    <extSysRef>705459765</extSysRef>
  </extSys><hldCpt1 amtScheme="m2">
    <hldId>
      <ptfl>83677193.6000</ptfl>
      <ctlrOwnr>83677193</ctlrOwnr>
      <ctlrAcct>83677193.6000</ctlrAcct>
      <ownrRefCcy>USD</ownrRefCcy>
      <ccy>USD</ccy>
      <asst>US57636Q1040</asst>
      <asstIDs>
        <asstRef refType="ISIN">US57636Q1040</asstRef>
        <asstRef refType="Valor">2282206</asstRef>
        <asstRef refType="Bloomberg">MA UN</asstRef>
        <asstRef refType="SARA">000005979694</asstRef>
      </asstIDs>
      <asstDetail>
        <isin>US57636Q1040</isin>
        <type>Share</type>
        <cntry>US/United States of America</cntry>
        <desc>Mastercard Inc -A-</desc>
        <issueCcy>USD</issueCcy>
        <latestPrc ccy="USD">375.48</latestPrc>
        <latestPrcDate>2021-05-06</latestPrcDate>
        <prcFactor>1</prcFactor>
      </asstDetail>
    </hldId>
    <effDt>2021-05-07</effDt>
    <settleDt>2021-05-07</settleDt>
    <qty>1600</qty>
    <grDivPerShare ccy="USD">0.44</grDivPerShare>
    <netDivPerShare ccy="USD">0.308</netDivPerShare>
    <grAmt ccy="USD">704</grAmt>
    <netAmt ccy="USD">492.8</netAmt>
  </hldCpt1><hldCpt2 amtScheme="m2">
    <hldId>
      <ptfl>83677193.6000</ptfl>
      <ctlrOwnr>83677193</ctlrOwnr>
      <ctlrAcct>83677193.4000/USD/KK</ctlrAcct>
      <ccy>USD</ccy>
      <asst>USD</asst>
      <asstIDs>
        <asstRef refType="CURRENCY">USD</asstRef>
      </asstIDs>
    </hldId>
    <effDt>2021-05-07</effDt>
    <grAmt ccy="USD">492.8</grAmt>
    <netAmt ccy="USD">492.8</netAmt>
  </hldCpt2><chrgGp amtScheme="m2">
    <chrgCpt>
      <ctgy>WTH</ctgy>
      <ctgyAmt ccy="USD">-211.2</ctgyAmt>
      <chrgDesc>Withholding Tax</chrgDesc>
    </chrgCpt>
  </chrgGp></M001><M001><tkn /><m2xmlReleaseNo>020</m2xmlReleaseNo><mvmtHdr mvmtTp="DIV">
    <cmt>Dividend Cash 10,680 ISIN LU0927735406 @ 0.453 USD</cmt>
  </mvmtHdr><mvmtSrc>
    <ctlr>lghths-sg</ctlr>
    <ctlrMvmtRef>705450075</ctlrMvmtRef>
    <srcRecType>Cash Transaction</srcRecType>
    <srcTransType>Dividend Cash</srcTransType>
  </mvmtSrc><extSys>
    <extSysID>SAR</extSysID>
    <extSysRef>705450075</extSysRef>
  </extSys><hldCpt1 amtScheme="m2">
    <hldId>
      <ptfl>83677193.6000</ptfl>
      <ctlrOwnr>83677193</ctlrOwnr>
      <ctlrAcct>83677193.6000</ctlrAcct>
      <ownrRefCcy>USD</ownrRefCcy>
      <ccy>USD</ccy>
      <asst>LU0927735406</asst>
      <asstIDs>
        <asstRef refType="ISIN">LU0927735406</asstRef>
        <asstRef refType="Valor">21557276</asstRef>
        <asstRef refType="SARA">000110737610</asstRef>
      </asstIDs>
      <asstDetail>
        <isin>LU0927735406</isin>
        <type>Fund</type>
        <cntry>LU/Luxembourg</cntry>
        <desc>Xtrackers Sicav-MSCI Japan UCITS ETF (USD) -2D- Distribution</desc>
        <issueCcy>USD</issueCcy>
        <latestPrc ccy="USD">26.265</latestPrc>
        <latestPrcDate>2021-05-07</latestPrcDate>
        <prcFactor>1</prcFactor>
      </asstDetail>
    </hldId>
    <effDt>2021-05-07</effDt>
    <settleDt>2021-05-06</settleDt>
    <qty>10680</qty>
    <grDivPerShare ccy="USD">0.4526</grDivPerShare>
    <netDivPerShare ccy="USD">0.4526</netDivPerShare>
    <grAmt ccy="USD">4833.77</grAmt>
    <netAmt ccy="USD">4833.77</netAmt>
  </hldCpt1><hldCpt2 amtScheme="m2">
    <hldId>
      <ptfl>83677193.6000</ptfl>
      <ctlrOwnr>83677193</ctlrOwnr>
      <ctlrAcct>83677193.4000/USD/KK</ctlrAcct>
      <ccy>USD</ccy>
      <asst>USD</asst>
      <asstIDs>
        <asstRef refType="CURRENCY">USD</asstRef>
      </asstIDs>
    </hldId>
    <effDt>2021-05-07</effDt>
    <grAmt ccy="USD">4833.77</grAmt>
    <netAmt ccy="USD">4833.77</netAmt>
  </hldCpt2></M001><M001><tkn /><m2xmlReleaseNo>020</m2xmlReleaseNo><mvmtHdr mvmtTp="COU">
    <cmt>Interest 200,000 ISIN XS1062931396</cmt>
  </mvmtHdr><mvmtSrc>
    <ctlr>lghths-sg</ctlr>
    <ctlrMvmtRef>705479719</ctlrMvmtRef>
    <srcRecType>Cash Transaction</srcRecType>
    <srcTransType>Interest</srcTransType>
  </mvmtSrc><extSys>
    <extSysID>SAR</extSysID>
    <extSysRef>705479719</extSysRef>
  </extSys><hldCpt1 amtScheme="m2">
    <hldId>
      <ptfl>83676187.6000</ptfl>
      <ctlrOwnr>83676187</ctlrOwnr>
      <ctlrAcct>83676187.6000</ctlrAcct>
      <ownrRefCcy>USD</ownrRefCcy>
      <ccy>USD</ccy>
      <asst>XS1062931396</asst>
      <asstIDs>
        <asstRef refType="ISIN">XS1062931396</asstRef>
        <asstRef refType="Valor">24364749</asstRef>
        <asstRef refType="SARA">000117861202</asstRef>
      </asstIDs>
      <asstDetail>
        <isin>XS1062931396</isin>
        <type>Bond</type>
        <cntry>SG/Singapore</cntry>
        <desc>5.75% TML Holdings Pte Ltd Notes 2014-2021 Senior</desc>
        <issueCcy>USD</issueCcy>
        <issueDate>2014-05-07</issueDate>
        <latestPrc ccy="USD">100.134</latestPrc>
        <latestPrcDate>2021-05-06</latestPrcDate>
        <prcFactor>.01</prcFactor>
        <asstBondDetails>
          <matDate>2021-05-07</matDate>
          <intRate>0.0</intRate>
          <calcBasis>30/360</calcBasis>
          <intFreq>2</intFreq>
          <intDate>2014-11-07</intDate>
          <intCcy>USD</intCcy>
        </asstBondDetails>
      </asstDetail>
    </hldId>
    <effDt>2021-05-07</effDt>
    <settleDt>2021-05-07</settleDt>
    <qty>200000</qty>
    <grAmt ccy="USD">5750</grAmt>
    <netAmt ccy="USD">5750</netAmt>
  </hldCpt1><hldCpt2 amtScheme="m2">
    <hldId>
      <ptfl>83676187.6000</ptfl>
      <ctlrOwnr>83676187</ctlrOwnr>
      <ctlrAcct>83676187.4000/USD/KK</ctlrAcct>
      <ccy>USD</ccy>
      <asst>USD</asst>
      <asstIDs>
        <asstRef refType="CURRENCY">USD</asstRef>
      </asstIDs>
    </hldId>
    <effDt>2021-05-07</effDt>
    <grAmt ccy="USD">5750</grAmt>
    <netAmt ccy="USD">5750</netAmt>
  </hldCpt2></M001><M001><tkn /><m2xmlReleaseNo>020</m2xmlReleaseNo><mvmtHdr mvmtTp="COU">
    <cmt>Interest 400,000 ISIN XS1062931396</cmt>
  </mvmtHdr><mvmtSrc>
    <ctlr>lghths-sg</ctlr>
    <ctlrMvmtRef>705479713</ctlrMvmtRef>
    <srcRecType>Cash Transaction</srcRecType>
    <srcTransType>Interest</srcTransType>
  </mvmtSrc><extSys>
    <extSysID>SAR</extSysID>
    <extSysRef>705479713</extSysRef>
  </extSys><hldCpt1 amtScheme="m2">
    <hldId>
      <ptfl>83663279.6000</ptfl>
      <ctlrOwnr>83663279</ctlrOwnr>
      <ctlrAcct>83663279.6000</ctlrAcct>
      <ownrRefCcy>USD</ownrRefCcy>
      <ccy>USD</ccy>
      <asst>XS1062931396</asst>
      <asstIDs>
        <asstRef refType="ISIN">XS1062931396</asstRef>
        <asstRef refType="Valor">24364749</asstRef>
        <asstRef refType="SARA">000117861202</asstRef>
      </asstIDs>
      <asstDetail>
        <isin>XS1062931396</isin>
        <type>Bond</type>
        <cntry>SG/Singapore</cntry>
        <desc>5.75% TML Holdings Pte Ltd Notes 2014-2021 Senior</desc>
        <issueCcy>USD</issueCcy>
        <issueDate>2014-05-07</issueDate>
        <latestPrc ccy="USD">100.134</latestPrc>
        <latestPrcDate>2021-05-06</latestPrcDate>
        <prcFactor>.01</prcFactor>
        <asstBondDetails>
          <matDate>2021-05-07</matDate>
          <intRate>0.0</intRate>
          <calcBasis>30/360</calcBasis>
          <intFreq>2</intFreq>
          <intDate>2014-11-07</intDate>
          <intCcy>USD</intCcy>
        </asstBondDetails>
      </asstDetail>
    </hldId>
    <effDt>2021-05-07</effDt>
    <settleDt>2021-05-07</settleDt>
    <qty>400000</qty>
    <grAmt ccy="USD">11500</grAmt>
    <netAmt ccy="USD">11500</netAmt>
  </hldCpt1><hldCpt2 amtScheme="m2">
    <hldId>
      <ptfl>83663279.6000</ptfl>
      <ctlrOwnr>83663279</ctlrOwnr>
      <ctlrAcct>83663279.4000/USD/KK</ctlrAcct>
      <ccy>USD</ccy>
      <asst>USD</asst>
      <asstIDs>
        <asstRef refType="CURRENCY">USD</asstRef>
      </asstIDs>
    </hldId>
    <effDt>2021-05-07</effDt>
    <grAmt ccy="USD">11500</grAmt>
    <netAmt ccy="USD">11500</netAmt>
  </hldCpt2></M001><M001><tkn /><m2xmlReleaseNo>020</m2xmlReleaseNo><mvmtHdr mvmtTp="CLS">
    <cmt>Close Loan</cmt>
  </mvmtHdr><mvmtSrc>
    <ctlr>lghths-sg</ctlr>
    <ctlrMvmtRef>705251355</ctlrMvmtRef>
    <srcRecType>Deposits &amp; Loans Transaction</srcRecType>
    <srcTransType>Close Loan</srcTransType>
  </mvmtSrc><extSys>
    <extSysID>SAR</extSysID>
    <extSysRef>705489281</extSysRef>
  </extSys><hldCpt1 amtScheme="m2">
    <hldId>
      <ptfl>83663293.6000</ptfl>
      <ctlrOwnr>83663293</ctlrOwnr>
      <ctlrAcct>83663293</ctlrAcct>
      <ownrRefCcy>USD</ownrRefCcy>
      <ccy>EUR</ccy>
      <asst>EUR</asst>
      <asstIDs>
        <asstRef refType="CURRENCY">EUR</asstRef>
      </asstIDs>
      <asstDetail>
        <type>MoneyMarket</type>
        <desc>EUR Fixed Loan</desc>
        <asstMnyMktDetails>
          <mnyMktType>Loan</mnyMktType>
          <mnyMktTerm termType="Fixed">2021-05-11</mnyMktTerm>
          <mnyMktAmt ccy="EUR">-278601.17</mnyMktAmt>
          <intRate>0.65</intRate>
          <mnyMktRef>143380397</mnyMktRef>
          <mnyMktName>s/t Fixed Advance Fix EUR 0.65% 04.05.2021-11.05</mnyMktName>
          <matDate>2021-05-11</matDate>
          <startDate>2021-05-04</startDate>
        </asstMnyMktDetails>
      </asstDetail>
    </hldId>
    <effDt>2021-05-07</effDt>
    <settleDt>2021-05-11</settleDt>
    <grAmt ccy="EUR">278601.17</grAmt>
    <netAmt ccy="EUR">278601.17</netAmt>
  </hldCpt1><hldCpt2 amtScheme="m2">
    <hldId>
      <ptfl>83663293.6000</ptfl>
      <ctlrOwnr>83663293</ctlrOwnr>
      <ctlrAcct>83663293.4003/EUR/KK</ctlrAcct>
      <ccy>EUR</ccy>
      <asst>EUR</asst>
      <asstIDs>
        <asstRef refType="CURRENCY">EUR</asstRef>
      </asstIDs>
    </hldId>
    <effDt>2021-05-07</effDt>
    <grAmt ccy="EUR">-278636.38</grAmt>
    <netAmt ccy="EUR">-278636.38</netAmt>
  </hldCpt2><chrgGp amtScheme="m2">
    <chrgCpt>
      <ctgy>CIP</ctgy>
      <ctgyAmt ccy="EUR">-35.21</ctgyAmt>
      <chrgDesc>Interest Paid</chrgDesc>
    </chrgCpt>
  </chrgGp></M001><M001><tkn /><m2xmlReleaseNo>020</m2xmlReleaseNo><mvmtHdr mvmtTp="SEL">
    <cmt>Bond Redemption 200,000 ISIN XS1062931396 @ 100 USD</cmt>
  </mvmtHdr><mvmtSrc>
    <ctlr>lghths-sg</ctlr>
    <ctlrMvmtRef>705489291</ctlrMvmtRef>
    <srcRecType>Security Transaction</srcRecType>
    <srcTransType>Bond Redemption</srcTransType>
  </mvmtSrc><extSys>
    <extSysID>SAR</extSysID>
    <extSysRef>705489291</extSysRef>
  </extSys><hldCpt1 amtScheme="m2">
    <hldId>
      <ptfl>83676187.6000</ptfl>
      <ctlrOwnr>83676187</ctlrOwnr>
      <ctlrAcct>83676187.6000</ctlrAcct>
      <ownrRefCcy>USD</ownrRefCcy>
      <ccy>USD</ccy>
      <asst>XS1062931396</asst>
      <asstIDs>
        <asstRef refType="ISIN">XS1062931396</asstRef>
        <asstRef refType="Valor">24364749</asstRef>
        <asstRef refType="SARA">000117861202</asstRef>
      </asstIDs>
      <asstDetail>
        <isin>XS1062931396</isin>
        <type>Bond</type>
        <cntry>SG/Singapore</cntry>
        <desc>5.75% TML Holdings Pte Ltd Notes 2014-2021 Senior</desc>
        <issueCcy>USD</issueCcy>
        <issueDate>2014-05-07</issueDate>
        <latestPrc ccy="USD">100.134</latestPrc>
        <latestPrcDate>2021-05-06</latestPrcDate>
        <prcFactor>.01</prcFactor>
        <asstBondDetails>
          <matDate>2021-05-07</matDate>
          <intRate>0.0</intRate>
          <calcBasis>30/360</calcBasis>
          <intFreq>2</intFreq>
          <intDate>2014-11-07</intDate>
          <intCcy>USD</intCcy>
        </asstBondDetails>
      </asstDetail>
    </hldId>
    <effDt>2021-05-07</effDt>
    <settleDt>2021-05-07</settleDt>
    <qty>-200000</qty>
    <prc ccy="USD">100</prc>
    <grTrdAmt ccy="USD">-200000</grTrdAmt>
    <grAmt ccy="USD">-200000</grAmt>
    <netAmt ccy="USD">-200000</netAmt>
  </hldCpt1><hldCpt2 amtScheme="m2">
    <hldId>
      <ptfl>83676187.6000</ptfl>
      <ctlrOwnr>83676187</ctlrOwnr>
      <ctlrAcct>83676187.4000/USD/KK</ctlrAcct>
      <ccy>USD</ccy>
      <asst>USD</asst>
      <asstIDs>
        <asstRef refType="CURRENCY">USD</asstRef>
      </asstIDs>
    </hldId>
    <effDt>2021-05-07</effDt>
    <grAmt ccy="USD">200000</grAmt>
    <netAmt ccy="USD">200000</netAmt>
  </hldCpt2></M001><M001><tkn /><m2xmlReleaseNo>020</m2xmlReleaseNo><mvmtHdr mvmtTp="AIN">
    <cmt>Split 118,800 ISIN SGXC23524413 @ 2.533 EUR</cmt>
  </mvmtHdr><mvmtSrc>
    <ctlr>lghths-sg</ctlr>
    <ctlrMvmtRef>705493358</ctlrMvmtRef>
    <srcRecType>Security Transaction</srcRecType>
    <srcTransType>Split</srcTransType>
  </mvmtSrc><extSys>
    <extSysID>SAR</extSysID>
    <extSysRef>705493358</extSysRef>
  </extSys><hldCpt1 amtScheme="m2">
    <hldId>
      <ptfl>83663293.6000</ptfl>
      <ctlrOwnr>83663293</ctlrOwnr>
      <ctlrAcct>83663293.6000</ctlrAcct>
      <ownrRefCcy>USD</ownrRefCcy>
      <ccy>EUR</ccy>
      <asst>SGXC23524413</asst>
      <asstIDs>
        <asstRef refType="ISIN">SGXC23524413</asstRef>
        <asstRef refType="Valor">110642511</asstRef>
        <asstRef refType="SARA">000143392472</asstRef>
      </asstIDs>
      <asstDetail>
        <isin>SGXC23524413</isin>
        <type>Share</type>
        <cntry>SG/Singapore</cntry>
        <desc>Cromwell European REIT</desc>
        <issueCcy>EUR</issueCcy>
        <latestPrc ccy="EUR">2.38</latestPrc>
        <latestPrcDate>2021-05-07</latestPrcDate>
        <prcFactor>1</prcFactor>
      </asstDetail>
    </hldId>
    <effDt>2021-05-05</effDt>
    <settleDt>2021-05-07</settleDt>
    <qty>118800</qty>
    <prc ccy="EUR">2.5328</prc>
    <grTrdAmt ccy="EUR">300900.82</grTrdAmt>
    <grAmt ccy="EUR">300900.82</grAmt>
    <netAmt ccy="EUR">300900.82</netAmt>
  </hldCpt1></M001><M001><tkn /><m2xmlReleaseNo>020</m2xmlReleaseNo><mvmtHdr mvmtTp="AOU">
    <cmt>Split 594,000 ISIN SG1EA8000000 @ 0.507 EUR</cmt>
  </mvmtHdr><mvmtSrc>
    <ctlr>lghths-sg</ctlr>
    <ctlrMvmtRef>705493358</ctlrMvmtRef>
    <srcRecType>Security Transaction</srcRecType>
    <srcTransType>Split</srcTransType>
  </mvmtSrc><extSys>
    <extSysID>SAR</extSysID>
    <extSysRef>705493358</extSysRef>
  </extSys><hldCpt1 amtScheme="m2">
    <hldId>
      <ptfl>83663293.6000</ptfl>
      <ctlrOwnr>83663293</ctlrOwnr>
      <ctlrAcct>83663293.6000</ctlrAcct>
      <ownrRefCcy>USD</ownrRefCcy>
      <ccy>EUR</ccy>
      <asst>SG1EA8000000</asst>
      <asstIDs>
        <asstRef refType="ISIN">SG1EA8000000</asstRef>
        <asstRef refType="Valor">38279664</asstRef>
        <asstRef refType="SARA">000133641831</asstRef>
      </asstIDs>
      <asstDetail>
        <isin>SG1EA8000000</isin>
        <type>Share</type>
        <cntry>SG/Singapore</cntry>
        <desc>Cromwell European REIT RegS</desc>
        <issueCcy>EUR</issueCcy>
        <latestPrc ccy="EUR">0.495</latestPrc>
        <latestPrcDate>2021-05-04</latestPrcDate>
        <prcFactor>1</prcFactor>
      </asstDetail>
    </hldId>
    <effDt>2021-05-05</effDt>
    <settleDt>2021-05-07</settleDt>
    <qty>-594000</qty>
    <prc ccy="EUR">0.5066</prc>
    <grTrdAmt ccy="EUR">-300900.82</grTrdAmt>
    <grAmt ccy="EUR">-300900.82</grAmt>
    <netAmt ccy="EUR">-300900.82</netAmt>
  </hldCpt1></M001><M001><tkn /><m2xmlReleaseNo>020</m2xmlReleaseNo><mvmtHdr mvmtTp="SEL">
    <cmt>Bond Redemption 400,000 ISIN XS1062931396 @ 100 USD</cmt>
  </mvmtHdr><mvmtSrc>
    <ctlr>lghths-sg</ctlr>
    <ctlrMvmtRef>705489281</ctlrMvmtRef>
    <srcRecType>Security Transaction</srcRecType>
    <srcTransType>Bond Redemption</srcTransType>
  </mvmtSrc><extSys>
    <extSysID>SAR</extSysID>
    <extSysRef>705489281</extSysRef>
  </extSys><hldCpt1 amtScheme="m2">
    <hldId>
      <ptfl>83663279.6000</ptfl>
      <ctlrOwnr>83663279</ctlrOwnr>
      <ctlrAcct>83663279.6000</ctlrAcct>
      <ownrRefCcy>USD</ownrRefCcy>
      <ccy>USD</ccy>
      <asst>XS1062931396</asst>
      <asstIDs>
        <asstRef refType="ISIN">XS1062931396</asstRef>
        <asstRef refType="Valor">24364749</asstRef>
        <asstRef refType="SARA">000117861202</asstRef>
      </asstIDs>
      <asstDetail>
        <isin>XS1062931396</isin>
        <type>Bond</type>
        <cntry>SG/Singapore</cntry>
        <desc>5.75% TML Holdings Pte Ltd Notes 2014-2021 Senior</desc>
        <issueCcy>USD</issueCcy>
        <issueDate>2014-05-07</issueDate>
        <latestPrc ccy="USD">100.134</latestPrc>
        <latestPrcDate>2021-05-06</latestPrcDate>
        <prcFactor>.01</prcFactor>
        <asstBondDetails>
          <matDate>2021-05-07</matDate>
          <intRate>0.0</intRate>
          <calcBasis>30/360</calcBasis>
          <intFreq>2</intFreq>
          <intDate>2014-11-07</intDate>
          <intCcy>USD</intCcy>
        </asstBondDetails>
      </asstDetail>
    </hldId>
    <effDt>2021-05-07</effDt>
    <settleDt>2021-05-07</settleDt>
    <qty>-400000</qty>
    <prc ccy="USD">100</prc>
    <grTrdAmt ccy="USD">-400000</grTrdAmt>
    <grAmt ccy="USD">-400000</grAmt>
    <netAmt ccy="USD">-400000</netAmt>
  </hldCpt1><hldCpt2 amtScheme="m2">
    <hldId>
      <ptfl>83663279.6000</ptfl>
      <ctlrOwnr>83663279</ctlrOwnr>
      <ctlrAcct>83663279.4000/USD/KK</ctlrAcct>
      <ccy>USD</ccy>
      <asst>USD</asst>
      <asstIDs>
        <asstRef refType="CURRENCY">USD</asstRef>
      </asstIDs>
    </hldId>
    <effDt>2021-05-07</effDt>
    <grAmt ccy="USD">400000</grAmt>
    <netAmt ccy="USD">400000</netAmt>
  </hldCpt2></M001><M001><tkn /><m2xmlReleaseNo>020</m2xmlReleaseNo><mvmtHdr mvmtTp="CLS">
    <cmt>Close Loan</cmt>
  </mvmtHdr><mvmtSrc>
    <ctlr>lghths-sg</ctlr>
    <ctlrMvmtRef>705251337</ctlrMvmtRef>
    <srcRecType>Deposits &amp; Loans Transaction</srcRecType>
    <srcTransType>Close Loan</srcTransType>
  </mvmtSrc><extSys>
    <extSysID>SAR</extSysID>
    <extSysRef>705489281</extSysRef>
  </extSys><hldCpt1 amtScheme="m2">
    <hldId>
      <ptfl>83663293.6000</ptfl>
      <ctlrOwnr>83663293</ctlrOwnr>
      <ctlrAcct>83663293</ctlrAcct>
      <ownrRefCcy>USD</ownrRefCcy>
      <ccy>GBP</ccy>
      <asst>GBP</asst>
      <asstIDs>
        <asstRef refType="CURRENCY">GBP</asstRef>
      </asstIDs>
      <asstDetail>
        <type>MoneyMarket</type>
        <desc>GBP Fixed Loan</desc>
        <asstMnyMktDetails>
          <mnyMktType>Loan</mnyMktType>
          <mnyMktTerm termType="Fixed">2021-05-11</mnyMktTerm>
          <mnyMktAmt ccy="GBP">-216866.19</mnyMktAmt>
          <intRate>0.89475</intRate>
          <mnyMktRef>143380372</mnyMktRef>
          <mnyMktName>s/t Fixed Advance Fix GBP 0.89475% 04.05.2021-11</mnyMktName>
          <matDate>2021-05-11</matDate>
          <startDate>2021-05-04</startDate>
        </asstMnyMktDetails>
      </asstDetail>
    </hldId>
    <effDt>2021-05-07</effDt>
    <settleDt>2021-05-11</settleDt>
    <grAmt ccy="GBP">216866.19</grAmt>
    <netAmt ccy="GBP">216866.19</netAmt>
  </hldCpt1><hldCpt2 amtScheme="m2">
    <hldId>
      <ptfl>83663293.6000</ptfl>
      <ctlrOwnr>83663293</ctlrOwnr>
      <ctlrAcct>83663293.4001/GBP/KK</ctlrAcct>
      <ccy>GBP</ccy>
      <asst>GBP</asst>
      <asstIDs>
        <asstRef refType="CURRENCY">GBP</asstRef>
      </asstIDs>
    </hldId>
    <effDt>2021-05-07</effDt>
    <grAmt ccy="GBP">-216903.4</grAmt>
    <netAmt ccy="GBP">-216903.4</netAmt>
  </hldCpt2><chrgGp amtScheme="m2">
    <chrgCpt>
      <ctgy>CIP</ctgy>
      <ctgyAmt ccy="GBP">-37.21</ctgyAmt>
      <chrgDesc>Interest Paid</chrgDesc>
    </chrgCpt>
  </chrgGp></M001><M001><tkn /><m2xmlReleaseNo>020</m2xmlReleaseNo><mvmtHdr mvmtTp="CLS">
    <cmt>Close Loan</cmt>
  </mvmtHdr><mvmtSrc>
    <ctlr>lghths-sg</ctlr>
    <ctlrMvmtRef>705251053</ctlrMvmtRef>
    <srcRecType>Deposits &amp; Loans Transaction</srcRecType>
    <srcTransType>Close Loan</srcTransType>
  </mvmtSrc><extSys>
    <extSysID>SAR</extSysID>
    <extSysRef>705489281</extSysRef>
  </extSys><hldCpt1 amtScheme="m2">
    <hldId>
      <ptfl>83676187.6000</ptfl>
      <ctlrOwnr>83676187</ctlrOwnr>
      <ctlrAcct>83676187</ctlrAcct>
      <ownrRefCcy>USD</ownrRefCcy>
      <ccy>USD</ccy>
      <asst>USD</asst>
      <asstIDs>
        <asstRef refType="CURRENCY">USD</asstRef>
      </asstIDs>
      <asstDetail>
        <type>MoneyMarket</type>
        <desc>USD Fixed Loan</desc>
        <asstMnyMktDetails>
          <mnyMktType>Loan</mnyMktType>
          <mnyMktTerm termType="Fixed">2021-05-11</mnyMktTerm>
          <mnyMktAmt ccy="USD">-50000</mnyMktAmt>
          <intRate>1.03</intRate>
          <mnyMktRef>143376389</mnyMktRef>
          <mnyMktName>s/t Fixed Advance Fix USD 1.03% 04.05.2021-11.05</mnyMktName>
          <matDate>2021-05-11</matDate>
          <startDate>2021-05-04</startDate>
        </asstMnyMktDetails>
      </asstDetail>
    </hldId>
    <effDt>2021-05-07</effDt>
    <settleDt>2021-05-11</settleDt>
    <grAmt ccy="USD">50000</grAmt>
    <netAmt ccy="USD">50000</netAmt>
  </hldCpt1><hldCpt2 amtScheme="m2">
    <hldId>
      <ptfl>83676187.6000</ptfl>
      <ctlrOwnr>83676187</ctlrOwnr>
      <ctlrAcct>83676187.4000/USD/KK</ctlrAcct>
      <ccy>USD</ccy>
      <asst>USD</asst>
      <asstIDs>
        <asstRef refType="CURRENCY">USD</asstRef>
      </asstIDs>
    </hldId>
    <effDt>2021-05-07</effDt>
    <grAmt ccy="USD">-50010.01</grAmt>
    <netAmt ccy="USD">-50010.01</netAmt>
  </hldCpt2><chrgGp amtScheme="m2">
    <chrgCpt>
      <ctgy>CIP</ctgy>
      <ctgyAmt ccy="USD">-10.01</ctgyAmt>
      <chrgDesc>Interest Paid</chrgDesc>
    </chrgCpt>
  </chrgGp></M001><M001><tkn /><m2xmlReleaseNo>020</m2xmlReleaseNo><mvmtHdr mvmtTp="CLS">
    <cmt>Close Loan</cmt>
  </mvmtHdr><mvmtSrc>
    <ctlr>lghths-sg</ctlr>
    <ctlrMvmtRef>705251320</ctlrMvmtRef>
    <srcRecType>Deposits &amp; Loans Transaction</srcRecType>
    <srcTransType>Close Loan</srcTransType>
  </mvmtSrc><extSys>
    <extSysID>SAR</extSysID>
    <extSysRef>705489281</extSysRef>
  </extSys><hldCpt1 amtScheme="m2">
    <hldId>
      <ptfl>83663279.6000</ptfl>
      <ctlrOwnr>83663279</ctlrOwnr>
      <ctlrAcct>83663279</ctlrAcct>
      <ownrRefCcy>USD</ownrRefCcy>
      <ccy>GBP</ccy>
      <asst>GBP</asst>
      <asstIDs>
        <asstRef refType="CURRENCY">GBP</asstRef>
      </asstIDs>
      <asstDetail>
        <type>MoneyMarket</type>
        <desc>GBP Fixed Loan</desc>
        <asstMnyMktDetails>
          <mnyMktType>Loan</mnyMktType>
          <mnyMktTerm termType="Fixed">2021-05-11</mnyMktTerm>
          <mnyMktAmt ccy="GBP">-2088146.17</mnyMktAmt>
          <intRate>0.89475</intRate>
          <mnyMktRef>143380271</mnyMktRef>
          <mnyMktName>s/t Fixed Advance Fix GBP 0.89475% 04.05.2021-11</mnyMktName>
          <matDate>2021-05-11</matDate>
          <startDate>2021-05-04</startDate>
        </asstMnyMktDetails>
      </asstDetail>
    </hldId>
    <effDt>2021-05-07</effDt>
    <settleDt>2021-05-11</settleDt>
    <grAmt ccy="GBP">2088146.17</grAmt>
    <netAmt ccy="GBP">2088146.17</netAmt>
  </hldCpt1><hldCpt2 amtScheme="m2">
    <hldId>
      <ptfl>83663279.6000</ptfl>
      <ctlrOwnr>83663279</ctlrOwnr>
      <ctlrAcct>83663279.4001/GBP/KK</ctlrAcct>
      <ccy>GBP</ccy>
      <asst>GBP</asst>
      <asstIDs>
        <asstRef refType="CURRENCY">GBP</asstRef>
      </asstIDs>
    </hldId>
    <effDt>2021-05-07</effDt>
    <grAmt ccy="GBP">-2088504.49</grAmt>
    <netAmt ccy="GBP">-2088504.49</netAmt>
  </hldCpt2><chrgGp amtScheme="m2">
    <chrgCpt>
      <ctgy>CIP</ctgy>
      <ctgyAmt ccy="GBP">-358.32</ctgyAmt>
      <chrgDesc>Interest Paid</chrgDesc>
    </chrgCpt>
  </chrgGp></M001><M001><tkn /><m2xmlReleaseNo>020</m2xmlReleaseNo><mvmtHdr mvmtTp="CLS">
    <cmt>Close Loan</cmt>
  </mvmtHdr><mvmtSrc>
    <ctlr>lghths-sg</ctlr>
    <ctlrMvmtRef>705251329</ctlrMvmtRef>
    <srcRecType>Deposits &amp; Loans Transaction</srcRecType>
    <srcTransType>Close Loan</srcTransType>
  </mvmtSrc><extSys>
    <extSysID>SAR</extSysID>
    <extSysRef>705489281</extSysRef>
  </extSys><hldCpt1 amtScheme="m2">
    <hldId>
      <ptfl>83663293.6000</ptfl>
      <ctlrOwnr>83663293</ctlrOwnr>
      <ctlrAcct>83663293</ctlrAcct>
      <ownrRefCcy>USD</ownrRefCcy>
      <ccy>USD</ccy>
      <asst>USD</asst>
      <asstIDs>
        <asstRef refType="CURRENCY">USD</asstRef>
      </asstIDs>
      <asstDetail>
        <type>MoneyMarket</type>
        <desc>USD Fixed Loan</desc>
        <asstMnyMktDetails>
          <mnyMktType>Loan</mnyMktType>
          <mnyMktTerm termType="Fixed">2021-05-11</mnyMktTerm>
          <mnyMktAmt ccy="USD">-415993.84</mnyMktAmt>
          <intRate>0.93</intRate>
          <mnyMktRef>143380344</mnyMktRef>
          <mnyMktName>s/t Fixed Advance Fix USD 0.93% 04.05.2021-11.05</mnyMktName>
          <matDate>2021-05-11</matDate>
          <startDate>2021-05-04</startDate>
        </asstMnyMktDetails>
      </asstDetail>
    </hldId>
    <effDt>2021-05-07</effDt>
    <settleDt>2021-05-11</settleDt>
    <grAmt ccy="USD">415993.84</grAmt>
    <netAmt ccy="USD">415993.84</netAmt>
  </hldCpt1><hldCpt2 amtScheme="m2">
    <hldId>
      <ptfl>83663293.6000</ptfl>
      <ctlrOwnr>83663293</ctlrOwnr>
      <ctlrAcct>83663293.4000/USD/KK</ctlrAcct>
      <ccy>USD</ccy>
      <asst>USD</asst>
      <asstIDs>
        <asstRef refType="CURRENCY">USD</asstRef>
      </asstIDs>
    </hldId>
    <effDt>2021-05-07</effDt>
    <grAmt ccy="USD">-416069.07</grAmt>
    <netAmt ccy="USD">-416069.07</netAmt>
  </hldCpt2><chrgGp amtScheme="m2">
    <chrgCpt>
      <ctgy>CIP</ctgy>
      <ctgyAmt ccy="USD">-75.23</ctgyAmt>
      <chrgDesc>Interest Paid</chrgDesc>
    </chrgCpt>
  </chrgGp></M001><M001><tkn /><m2xmlReleaseNo>020</m2xmlReleaseNo><mvmtHdr mvmtTp="CLS">
    <cmt>Close Loan</cmt>
  </mvmtHdr><mvmtSrc>
    <ctlr>lghths-sg</ctlr>
    <ctlrMvmtRef>705251346</ctlrMvmtRef>
    <srcRecType>Deposits &amp; Loans Transaction</srcRecType>
    <srcTransType>Close Loan</srcTransType>
  </mvmtSrc><extSys>
    <extSysID>SAR</extSysID>
    <extSysRef>705489281</extSysRef>
  </extSys><hldCpt1 amtScheme="m2">
    <hldId>
      <ptfl>83663293.6000</ptfl>
      <ctlrOwnr>83663293</ctlrOwnr>
      <ctlrAcct>83663293</ctlrAcct>
      <ownrRefCcy>USD</ownrRefCcy>
      <ccy>HKD</ccy>
      <asst>HKD</asst>
      <asstIDs>
        <asstRef refType="CURRENCY">HKD</asstRef>
      </asstIDs>
      <asstDetail>
        <type>MoneyMarket</type>
        <desc>HKD Fixed Loan</desc>
        <asstMnyMktDetails>
          <mnyMktType>Loan</mnyMktType>
          <mnyMktTerm termType="Fixed">2021-05-11</mnyMktTerm>
          <mnyMktAmt ccy="HKD">-1455795.34</mnyMktAmt>
          <intRate>1.34</intRate>
          <mnyMktRef>143380382</mnyMktRef>
          <mnyMktName>s/t Fixed Advance Fix HKD 1.34% 04.05.2021-11.05</mnyMktName>
          <matDate>2021-05-11</matDate>
          <startDate>2021-05-04</startDate>
        </asstMnyMktDetails>
      </asstDetail>
    </hldId>
    <effDt>2021-05-07</effDt>
    <settleDt>2021-05-11</settleDt>
    <grAmt ccy="HKD">1455795.34</grAmt>
    <netAmt ccy="HKD">1455795.34</netAmt>
  </hldCpt1><hldCpt2 amtScheme="m2">
    <hldId>
      <ptfl>83663293.6000</ptfl>
      <ctlrOwnr>83663293</ctlrOwnr>
      <ctlrAcct>83663293.4005/HKD/KK</ctlrAcct>
      <ccy>HKD</ccy>
      <asst>HKD</asst>
      <asstIDs>
        <asstRef refType="CURRENCY">HKD</asstRef>
      </asstIDs>
    </hldId>
    <effDt>2021-05-07</effDt>
    <grAmt ccy="HKD">-1456169.46</grAmt>
    <netAmt ccy="HKD">-1456169.46</netAmt>
  </hldCpt2><chrgGp amtScheme="m2">
    <chrgCpt>
      <ctgy>CIP</ctgy>
      <ctgyAmt ccy="HKD">-374.12</ctgyAmt>
      <chrgDesc>Interest Paid</chrgDesc>
    </chrgCpt>
  </chrgGp></M001></m2:M006>
