<?xml version="1.0" encoding="UTF-8"?>
<m2:M006 xmlns:m2="http://www.mym2.com" xmlns:xsi="http://www.w3.org/2001/XMLSchema-instance" xsi:schemaLocation="http://www.mym2.com http://www.mym2.com/schemas/M2RequestSchema.xsd"><M001><tkn /><m2xmlReleaseNo>020</m2xmlReleaseNo><mvmtHdr mvmtTp="SEL">
    <cmt>Bond Redemption 200,000 ISIN XS1791728790 @ 100 USD</cmt>
  </mvmtHdr><mvmtSrc>
    <ctlr>lghths-sg</ctlr>
    <ctlrMvmtRef>702377635</ctlrMvmtRef>
    <srcRecType>Security Transaction</srcRecType>
    <srcTransType>Bond Redemption</srcTransType>
  </mvmtSrc><extSys>
    <extSysID>SAR</extSysID>
    <extSysRef>702377635</extSysRef>
  </extSys><hldCpt1 amtScheme="m2">
    <hldId>
      <ptfl>83663279.6000</ptfl>
      <ctlrOwnr>83663279</ctlrOwnr>
      <ctlrAcct>83663279.6000</ctlrAcct>
      <ownrRefCcy>USD</ownrRefCcy>
      <ccy>USD</ccy>
      <asst>XS1791728790</asst>
      <asstIDs>
        <asstRef refType="ISIN">XS1791728790</asstRef>
        <asstRef refType="Valor">41516072</asstRef>
        <asstRef refType="SARA">000134464876</asstRef>
      </asstIDs>
      <asstDetail>
        <isin>XS1791728790</isin>
        <type>Bond</type>
        <cntry>SG/Singapore</cntry>
        <desc>7.25% Global Prime Capital Pte Ltd Gtd.Bonds 2018-2021</desc>
        <issueCcy>USD</issueCcy>
        <issueDate>2018-04-26</issueDate>
        <latestPrc ccy="USD">100.00</latestPrc>
        <latestPrcDate>2021-04-23</latestPrcDate>
        <prcFactor>.01</prcFactor>
        <asstBondDetails>
          <matDate>2021-04-26</matDate>
          <intRate>0.0</intRate>
          <calcBasis>30E/360</calcBasis>
          <intFreq>2</intFreq>
          <intDate>2018-10-26</intDate>
          <intCcy>USD</intCcy>
          <rating>BB-</rating>
        </asstBondDetails>
      </asstDetail>
    </hldId>
    <effDt>2021-04-26</effDt>
    <settleDt>2021-04-26</settleDt>
    <qty>-200000</qty>
    <prc ccy="USD">100</prc>
    <grTrdAmt ccy="USD">-200000</grTrdAmt>
    <grAmt ccy="USD">-200000</grAmt>
    <netAmt ccy="USD">-200000</netAmt>
  </hldCpt1><hldCpt2 amtScheme="m2">
    <hldId>
      <ptfl>83663279.6000</ptfl>
      <ctlrOwnr>83663279</ctlrOwnr>
      <ctlrAcct>83663279.4000/USD/KK</ctlrAcct>
      <ccy>USD</ccy>
      <asst>USD</asst>
      <asstIDs>
        <asstRef refType="CURRENCY">USD</asstRef>
      </asstIDs>
    </hldId>
    <effDt>2021-04-26</effDt>
    <grAmt ccy="USD">200000</grAmt>
    <netAmt ccy="USD">200000</netAmt>
  </hldCpt2></M001><M001><tkn /><m2xmlReleaseNo>020</m2xmlReleaseNo><mvmtHdr mvmtTp="COU">
    <cmt>Interest 200,000 ISIN XS1791728790</cmt>
  </mvmtHdr><mvmtSrc>
    <ctlr>lghths-sg</ctlr>
    <ctlrMvmtRef>702377526</ctlrMvmtRef>
    <srcRecType>Cash Transaction</srcRecType>
    <srcTransType>Interest</srcTransType>
  </mvmtSrc><extSys>
    <extSysID>SAR</extSysID>
    <extSysRef>702377526</extSysRef>
  </extSys><hldCpt1 amtScheme="m2">
    <hldId>
      <ptfl>83676187.6000</ptfl>
      <ctlrOwnr>83676187</ctlrOwnr>
      <ctlrAcct>83676187.6000</ctlrAcct>
      <ownrRefCcy>USD</ownrRefCcy>
      <ccy>USD</ccy>
      <asst>XS1791728790</asst>
      <asstIDs>
        <asstRef refType="ISIN">XS1791728790</asstRef>
        <asstRef refType="Valor">41516072</asstRef>
        <asstRef refType="SARA">000134464876</asstRef>
      </asstIDs>
      <asstDetail>
        <isin>XS1791728790</isin>
        <type>Bond</type>
        <cntry>SG/Singapore</cntry>
        <desc>7.25% Global Prime Capital Pte Ltd Gtd.Bonds 2018-2021</desc>
        <issueCcy>USD</issueCcy>
        <issueDate>2018-04-26</issueDate>
        <latestPrc ccy="USD">100.00</latestPrc>
        <latestPrcDate>2021-04-23</latestPrcDate>
        <prcFactor>.01</prcFactor>
        <asstBondDetails>
          <matDate>2021-04-26</matDate>
          <intRate>0.0</intRate>
          <calcBasis>30E/360</calcBasis>
          <intFreq>2</intFreq>
          <intDate>2018-10-26</intDate>
          <intCcy>USD</intCcy>
          <rating>BB-</rating>
        </asstBondDetails>
      </asstDetail>
    </hldId>
    <effDt>2021-04-27</effDt>
    <settleDt>2021-04-26</settleDt>
    <qty>200000</qty>
    <grAmt ccy="USD">7250</grAmt>
    <netAmt ccy="USD">7250</netAmt>
  </hldCpt1><hldCpt2 amtScheme="m2">
    <hldId>
      <ptfl>83676187.6000</ptfl>
      <ctlrOwnr>83676187</ctlrOwnr>
      <ctlrAcct>83676187.4000/USD/KK</ctlrAcct>
      <ccy>USD</ccy>
      <asst>USD</asst>
      <asstIDs>
        <asstRef refType="CURRENCY">USD</asstRef>
      </asstIDs>
    </hldId>
    <effDt>2021-04-27</effDt>
    <grAmt ccy="USD">7250</grAmt>
    <netAmt ccy="USD">7250</netAmt>
  </hldCpt2></M001><M001><tkn /><m2xmlReleaseNo>020</m2xmlReleaseNo><mvmtHdr mvmtTp="COU">
    <cmt>Interest 200,000 ISIN XS1791728790</cmt>
  </mvmtHdr><mvmtSrc>
    <ctlr>lghths-sg</ctlr>
    <ctlrMvmtRef>702377527</ctlrMvmtRef>
    <srcRecType>Cash Transaction</srcRecType>
    <srcTransType>Interest</srcTransType>
  </mvmtSrc><extSys>
    <extSysID>SAR</extSysID>
    <extSysRef>702377527</extSysRef>
  </extSys><hldCpt1 amtScheme="m2">
    <hldId>
      <ptfl>83663293.6000</ptfl>
      <ctlrOwnr>83663293</ctlrOwnr>
      <ctlrAcct>83663293.6000</ctlrAcct>
      <ownrRefCcy>USD</ownrRefCcy>
      <ccy>USD</ccy>
      <asst>XS1791728790</asst>
      <asstIDs>
        <asstRef refType="ISIN">XS1791728790</asstRef>
        <asstRef refType="Valor">41516072</asstRef>
        <asstRef refType="SARA">000134464876</asstRef>
      </asstIDs>
      <asstDetail>
        <isin>XS1791728790</isin>
        <type>Bond</type>
        <cntry>SG/Singapore</cntry>
        <desc>7.25% Global Prime Capital Pte Ltd Gtd.Bonds 2018-2021</desc>
        <issueCcy>USD</issueCcy>
        <issueDate>2018-04-26</issueDate>
        <latestPrc ccy="USD">100.00</latestPrc>
        <latestPrcDate>2021-04-23</latestPrcDate>
        <prcFactor>.01</prcFactor>
        <asstBondDetails>
          <matDate>2021-04-26</matDate>
          <intRate>0.0</intRate>
          <calcBasis>30E/360</calcBasis>
          <intFreq>2</intFreq>
          <intDate>2018-10-26</intDate>
          <intCcy>USD</intCcy>
          <rating>BB-</rating>
        </asstBondDetails>
      </asstDetail>
    </hldId>
    <effDt>2021-04-27</effDt>
    <settleDt>2021-04-26</settleDt>
    <qty>200000</qty>
    <grAmt ccy="USD">7250</grAmt>
    <netAmt ccy="USD">7250</netAmt>
  </hldCpt1><hldCpt2 amtScheme="m2">
    <hldId>
      <ptfl>83663293.6000</ptfl>
      <ctlrOwnr>83663293</ctlrOwnr>
      <ctlrAcct>83663293.4000/USD/KK</ctlrAcct>
      <ccy>USD</ccy>
      <asst>USD</asst>
      <asstIDs>
        <asstRef refType="CURRENCY">USD</asstRef>
      </asstIDs>
    </hldId>
    <effDt>2021-04-27</effDt>
    <grAmt ccy="USD">7250</grAmt>
    <netAmt ccy="USD">7250</netAmt>
  </hldCpt2></M001><M001><tkn /><m2xmlReleaseNo>020</m2xmlReleaseNo><mvmtHdr mvmtTp="COU">
    <cmt>Interest 200,000 ISIN XS1791728790</cmt>
  </mvmtHdr><mvmtSrc>
    <ctlr>lghths-sg</ctlr>
    <ctlrMvmtRef>702377528</ctlrMvmtRef>
    <srcRecType>Cash Transaction</srcRecType>
    <srcTransType>Interest</srcTransType>
  </mvmtSrc><extSys>
    <extSysID>SAR</extSysID>
    <extSysRef>702377528</extSysRef>
  </extSys><hldCpt1 amtScheme="m2">
    <hldId>
      <ptfl>83663279.6000</ptfl>
      <ctlrOwnr>83663279</ctlrOwnr>
      <ctlrAcct>83663279.6000</ctlrAcct>
      <ownrRefCcy>USD</ownrRefCcy>
      <ccy>USD</ccy>
      <asst>XS1791728790</asst>
      <asstIDs>
        <asstRef refType="ISIN">XS1791728790</asstRef>
        <asstRef refType="Valor">41516072</asstRef>
        <asstRef refType="SARA">000134464876</asstRef>
      </asstIDs>
      <asstDetail>
        <isin>XS1791728790</isin>
        <type>Bond</type>
        <cntry>SG/Singapore</cntry>
        <desc>7.25% Global Prime Capital Pte Ltd Gtd.Bonds 2018-2021</desc>
        <issueCcy>USD</issueCcy>
        <issueDate>2018-04-26</issueDate>
        <latestPrc ccy="USD">100.00</latestPrc>
        <latestPrcDate>2021-04-23</latestPrcDate>
        <prcFactor>.01</prcFactor>
        <asstBondDetails>
          <matDate>2021-04-26</matDate>
          <intRate>0.0</intRate>
          <calcBasis>30E/360</calcBasis>
          <intFreq>2</intFreq>
          <intDate>2018-10-26</intDate>
          <intCcy>USD</intCcy>
          <rating>BB-</rating>
        </asstBondDetails>
      </asstDetail>
    </hldId>
    <effDt>2021-04-27</effDt>
    <settleDt>2021-04-26</settleDt>
    <qty>200000</qty>
    <grAmt ccy="USD">7250</grAmt>
    <netAmt ccy="USD">7250</netAmt>
  </hldCpt1><hldCpt2 amtScheme="m2">
    <hldId>
      <ptfl>83663279.6000</ptfl>
      <ctlrOwnr>83663279</ctlrOwnr>
      <ctlrAcct>83663279.4000/USD/KK</ctlrAcct>
      <ccy>USD</ccy>
      <asst>USD</asst>
      <asstIDs>
        <asstRef refType="CURRENCY">USD</asstRef>
      </asstIDs>
    </hldId>
    <effDt>2021-04-27</effDt>
    <grAmt ccy="USD">7250</grAmt>
    <netAmt ccy="USD">7250</netAmt>
  </hldCpt2></M001><M001><tkn /><m2xmlReleaseNo>020</m2xmlReleaseNo><mvmtHdr mvmtTp="SEL">
    <cmt>Bond Redemption 200,000 ISIN XS1791728790 @ 100 USD</cmt>
  </mvmtHdr><mvmtSrc>
    <ctlr>lghths-sg</ctlr>
    <ctlrMvmtRef>702377632</ctlrMvmtRef>
    <srcRecType>Security Transaction</srcRecType>
    <srcTransType>Bond Redemption</srcTransType>
  </mvmtSrc><extSys>
    <extSysID>SAR</extSysID>
    <extSysRef>702377632</extSysRef>
  </extSys><hldCpt1 amtScheme="m2">
    <hldId>
      <ptfl>83676187.6000</ptfl>
      <ctlrOwnr>83676187</ctlrOwnr>
      <ctlrAcct>83676187.6000</ctlrAcct>
      <ownrRefCcy>USD</ownrRefCcy>
      <ccy>USD</ccy>
      <asst>XS1791728790</asst>
      <asstIDs>
        <asstRef refType="ISIN">XS1791728790</asstRef>
        <asstRef refType="Valor">41516072</asstRef>
        <asstRef refType="SARA">000134464876</asstRef>
      </asstIDs>
      <asstDetail>
        <isin>XS1791728790</isin>
        <type>Bond</type>
        <cntry>SG/Singapore</cntry>
        <desc>7.25% Global Prime Capital Pte Ltd Gtd.Bonds 2018-2021</desc>
        <issueCcy>USD</issueCcy>
        <issueDate>2018-04-26</issueDate>
        <latestPrc ccy="USD">100.00</latestPrc>
        <latestPrcDate>2021-04-23</latestPrcDate>
        <prcFactor>.01</prcFactor>
        <asstBondDetails>
          <matDate>2021-04-26</matDate>
          <intRate>0.0</intRate>
          <calcBasis>30E/360</calcBasis>
          <intFreq>2</intFreq>
          <intDate>2018-10-26</intDate>
          <intCcy>USD</intCcy>
          <rating>BB-</rating>
        </asstBondDetails>
      </asstDetail>
    </hldId>
    <effDt>2021-04-26</effDt>
    <settleDt>2021-04-26</settleDt>
    <qty>-200000</qty>
    <prc ccy="USD">100</prc>
    <grTrdAmt ccy="USD">-200000</grTrdAmt>
    <grAmt ccy="USD">-200000</grAmt>
    <netAmt ccy="USD">-200000</netAmt>
  </hldCpt1><hldCpt2 amtScheme="m2">
    <hldId>
      <ptfl>83676187.6000</ptfl>
      <ctlrOwnr>83676187</ctlrOwnr>
      <ctlrAcct>83676187.4000/USD/KK</ctlrAcct>
      <ccy>USD</ccy>
      <asst>USD</asst>
      <asstIDs>
        <asstRef refType="CURRENCY">USD</asstRef>
      </asstIDs>
    </hldId>
    <effDt>2021-04-26</effDt>
    <grAmt ccy="USD">200000</grAmt>
    <netAmt ccy="USD">200000</netAmt>
  </hldCpt2></M001><M001><tkn /><m2xmlReleaseNo>020</m2xmlReleaseNo><mvmtHdr mvmtTp="AOU">
    <cmt>Structured Products 1,160 Valor 111099171 @ 6.866 GBP</cmt>
  </mvmtHdr><mvmtSrc>
    <ctlr>lghths-sg</ctlr>
    <ctlrMvmtRef>702422196</ctlrMvmtRef>
    <srcRecType>Security Transaction</srcRecType>
    <srcTransType>Structured Products</srcTransType>
  </mvmtSrc><extSys>
    <extSysID>SAR</extSysID>
    <extSysRef>702422196</extSysRef>
  </extSys><hldCpt1 amtScheme="m2">
    <hldId>
      <ptfl>83663293.6000</ptfl>
      <ctlrOwnr>83663293</ctlrOwnr>
      <ctlrAcct>83663293.6000</ctlrAcct>
      <ownrRefCcy>USD</ownrRefCcy>
      <ccy>GBP</ccy>
      <asst>111099171</asst>
      <asstIDs>
        <asstRef refType="Valor">111099171</asstRef>
        <asstRef refType="SARA">000143132148</asstRef>
      </asstIDs>
      <asstDetail>
        <type>Hybrid</type>
        <desc>Stock Forward Accumulator  2x Leveraged on Imperial Brands Plc (IMB LN) Period: 12.APR.21 - 11.APR.22  254 Days Strike: GBP 13.6618  Knock-Out: GBP 16.3929</desc>
        <issueCcy>GBP</issueCcy>
        <latestPrc ccy="GBP">-0.379909907</latestPrc>
        <latestPrcDate>2021-04-26</latestPrcDate>
        <prcFactor>1</prcFactor>
      </asstDetail>
    </hldId>
    <effDt>2021-04-26</effDt>
    <settleDt>2021-04-28</settleDt>
    <qty>-1160</qty>
    <prc ccy="GBP">6.8659</prc>
    <grTrdAmt ccy="GBP">-7964.46</grTrdAmt>
    <grAmt ccy="GBP">-7964.46</grAmt>
    <netAmt ccy="GBP">-7964.46</netAmt>
  </hldCpt1></M001><M001><tkn /><m2xmlReleaseNo>020</m2xmlReleaseNo><mvmtHdr mvmtTp="BUY">
    <cmt>Structured Products 580 ISIN GB0004544929</cmt>
  </mvmtHdr><mvmtSrc>
    <ctlr>lghths-sg</ctlr>
    <ctlrMvmtRef>702422196</ctlrMvmtRef>
    <srcRecType>Security Transaction</srcRecType>
    <srcTransType>Structured Products</srcTransType>
  </mvmtSrc><extSys>
    <extSysID>SAR</extSysID>
    <extSysRef>702422196</extSysRef>
  </extSys><hldCpt1 amtScheme="m2">
    <hldId>
      <ptfl>83663293.6000</ptfl>
      <ctlrOwnr>83663293</ctlrOwnr>
      <ctlrAcct>83663293.6000</ctlrAcct>
      <ownrRefCcy>USD</ownrRefCcy>
      <ccy>GBP</ccy>
      <asst>GB0004544929</asst>
      <asstIDs>
        <asstRef refType="ISIN">GB0004544929</asstRef>
        <asstRef refType="Valor">517719</asstRef>
        <asstRef refType="SARA">000000416171</asstRef>
      </asstIDs>
      <asstDetail>
        <isin>GB0004544929</isin>
        <type>Share</type>
        <cntry>GB/United Kingdom</cntry>
        <desc>Imperial Brands Plc</desc>
        <issueCcy>GBP</issueCcy>
        <latestPrc ccy="GBP">14.795</latestPrc>
        <latestPrcDate>2021-04-27</latestPrcDate>
        <prcFactor>1</prcFactor>
      </asstDetail>
    </hldId>
    <effDt>2021-04-26</effDt>
    <settleDt>2021-04-28</settleDt>
    <qty>580</qty>
    <prc ccy="GBP">13.6618</prc>
    <grTrdAmt ccy="GBP">7923.84</grTrdAmt>
    <grAmt ccy="GBP">7923.84</grAmt>
    <netAmt ccy="GBP">7964.46</netAmt>
  </hldCpt1><hldCpt2 amtScheme="m2">
    <hldId>
      <ptfl>83663293.6000</ptfl>
      <ctlrOwnr>83663293</ctlrOwnr>
      <ctlrAcct>83663293.4001/GBP/KK</ctlrAcct>
      <ccy>GBP</ccy>
      <asst>GBP</asst>
      <asstIDs>
        <asstRef refType="CURRENCY">GBP</asstRef>
      </asstIDs>
    </hldId>
    <effDt>2021-04-26</effDt>
    <grAmt ccy="GBP">-7964.46</grAmt>
    <netAmt ccy="GBP">-7964.46</netAmt>
  </hldCpt2><chrgGp amtScheme="m2">
    <chrgCpt>
      <ctgy>STM</ctgy>
      <ctgyAmt ccy="GBP">-40.62</ctgyAmt>
      <chrgDesc>UK Stamp Tax</chrgDesc>
    </chrgCpt>
  </chrgGp></M001><M001><tkn /><m2xmlReleaseNo>020</m2xmlReleaseNo><mvmtHdr mvmtTp="SEL">
    <cmt>Bond Redemption 200,000 ISIN XS1791728790 @ 100 USD</cmt>
  </mvmtHdr><mvmtSrc>
    <ctlr>lghths-sg</ctlr>
    <ctlrMvmtRef>702377633</ctlrMvmtRef>
    <srcRecType>Security Transaction</srcRecType>
    <srcTransType>Bond Redemption</srcTransType>
  </mvmtSrc><extSys>
    <extSysID>SAR</extSysID>
    <extSysRef>702377633</extSysRef>
  </extSys><hldCpt1 amtScheme="m2">
    <hldId>
      <ptfl>83663293.6000</ptfl>
      <ctlrOwnr>83663293</ctlrOwnr>
      <ctlrAcct>83663293.6000</ctlrAcct>
      <ownrRefCcy>USD</ownrRefCcy>
      <ccy>USD</ccy>
      <asst>XS1791728790</asst>
      <asstIDs>
        <asstRef refType="ISIN">XS1791728790</asstRef>
        <asstRef refType="Valor">41516072</asstRef>
        <asstRef refType="SARA">000134464876</asstRef>
      </asstIDs>
      <asstDetail>
        <isin>XS1791728790</isin>
        <type>Bond</type>
        <cntry>SG/Singapore</cntry>
        <desc>7.25% Global Prime Capital Pte Ltd Gtd.Bonds 2018-2021</desc>
        <issueCcy>USD</issueCcy>
        <issueDate>2018-04-26</issueDate>
        <latestPrc ccy="USD">100.00</latestPrc>
        <latestPrcDate>2021-04-23</latestPrcDate>
        <prcFactor>.01</prcFactor>
        <asstBondDetails>
          <matDate>2021-04-26</matDate>
          <intRate>0.0</intRate>
          <calcBasis>30E/360</calcBasis>
          <intFreq>2</intFreq>
          <intDate>2018-10-26</intDate>
          <intCcy>USD</intCcy>
          <rating>BB-</rating>
        </asstBondDetails>
      </asstDetail>
    </hldId>
    <effDt>2021-04-26</effDt>
    <settleDt>2021-04-26</settleDt>
    <qty>-200000</qty>
    <prc ccy="USD">100</prc>
    <grTrdAmt ccy="USD">-200000</grTrdAmt>
    <grAmt ccy="USD">-200000</grAmt>
    <netAmt ccy="USD">-200000</netAmt>
  </hldCpt1><hldCpt2 amtScheme="m2">
    <hldId>
      <ptfl>83663293.6000</ptfl>
      <ctlrOwnr>83663293</ctlrOwnr>
      <ctlrAcct>83663293.4000/USD/KK</ctlrAcct>
      <ccy>USD</ccy>
      <asst>USD</asst>
      <asstIDs>
        <asstRef refType="CURRENCY">USD</asstRef>
      </asstIDs>
    </hldId>
    <effDt>2021-04-26</effDt>
    <grAmt ccy="USD">200000</grAmt>
    <netAmt ccy="USD">200000</netAmt>
  </hldCpt2></M001></m2:M006>
