<?xml version="1.0" encoding="UTF-8"?>
<m2:M006 xmlns:m2="http://www.mym2.com" xmlns:xsi="http://www.w3.org/2001/XMLSchema-instance" xsi:schemaLocation="http://www.mym2.com http://www.mym2.com/schemas/M2RequestSchema.xsd"><M001><tkn /><m2xmlReleaseNo>020</m2xmlReleaseNo><mvmtHdr mvmtTp="COU">
    <cmt>Interest 200,000 ISIN XS2222660768</cmt>
  </mvmtHdr><mvmtSrc>
    <ctlr>lghths-sg</ctlr>
    <ctlrMvmtRef>698850081</ctlrMvmtRef>
    <srcRecType>Cash Transaction</srcRecType>
    <srcTransType>Interest</srcTransType>
  </mvmtSrc><extSys>
    <extSysID>SAR</extSysID>
    <extSysRef>698850081</extSysRef>
  </extSys><hldCpt1 amtScheme="m2">
    <hldId>
      <ptfl>83663279.6000</ptfl>
      <ctlrOwnr>83663279</ctlrOwnr>
      <ctlrAcct>83663279.6000</ctlrAcct>
      <ownrRefCcy>USD</ownrRefCcy>
      <ccy>USD</ccy>
      <asst>XS2222660768</asst>
      <asstIDs>
        <asstRef refType="ISIN">XS2222660768</asstRef>
        <asstRef refType="Valor">59267331</asstRef>
        <asstRef refType="SARA">000142236259</asstRef>
      </asstIDs>
      <asstDetail>
        <isin>XS2222660768</isin>
        <type>Bond</type>
        <cntry>HK/Hong Kong</cntry>
        <desc>10% BNP Paribas Alibaba Group Holding Ltd RegS STR 193.76  Callable Fixed Coupon Notes 02.08.2021 Repayment cash or physical</desc>
        <issueCcy>USD</issueCcy>
        <issueDate>2021-02-01</issueDate>
        <latestPrc ccy="USD">99.6766</latestPrc>
        <latestPrcDate>2021-04-07</latestPrcDate>
        <prcFactor>.01</prcFactor>
        <asstBondDetails>
          <matDate>2021-08-09</matDate>
          <intRate>10.0</intRate>
          <intFreq>12</intFreq>
          <intDate>2021-03-08</intDate>
          <intCcy>USD</intCcy>
        </asstBondDetails>
      </asstDetail>
    </hldId>
    <effDt>2021-04-08</effDt>
    <settleDt>2021-04-08</settleDt>
    <qty>200000</qty>
    <grAmt ccy="USD">1666.67</grAmt>
    <netAmt ccy="USD">1666.67</netAmt>
  </hldCpt1><hldCpt2 amtScheme="m2">
    <hldId>
      <ptfl>83663279.6000</ptfl>
      <ctlrOwnr>83663279</ctlrOwnr>
      <ctlrAcct>83663279.4000/USD/KK</ctlrAcct>
      <ccy>USD</ccy>
      <asst>USD</asst>
      <asstIDs>
        <asstRef refType="CURRENCY">USD</asstRef>
      </asstIDs>
    </hldId>
    <effDt>2021-04-08</effDt>
    <grAmt ccy="USD">1666.67</grAmt>
    <netAmt ccy="USD">1666.67</netAmt>
  </hldCpt2></M001><M001><tkn /><m2xmlReleaseNo>020</m2xmlReleaseNo><mvmtHdr mvmtTp="DIV">
    <cmt>Dividend Cash 35,730.42 ISIN IE00B8K7V925 @ 0.037 USD</cmt>
  </mvmtHdr><mvmtSrc>
    <ctlr>lghths-sg</ctlr>
    <ctlrMvmtRef>698855490</ctlrMvmtRef>
    <srcRecType>Cash Transaction</srcRecType>
    <srcTransType>Dividend Cash</srcTransType>
  </mvmtSrc><extSys>
    <extSysID>SAR</extSysID>
    <extSysRef>698855490</extSysRef>
  </extSys><hldCpt1 amtScheme="m2">
    <hldId>
      <ptfl>83663293.6000</ptfl>
      <ctlrOwnr>83663293</ctlrOwnr>
      <ctlrAcct>83663293.6000</ctlrAcct>
      <ownrRefCcy>USD</ownrRefCcy>
      <ccy>USD</ccy>
      <asst>IE00B8K7V925</asst>
      <asstIDs>
        <asstRef refType="ISIN">IE00B8K7V925</asstRef>
        <asstRef refType="Valor">19762784</asstRef>
        <asstRef refType="SARA">000064235469</asstRef>
      </asstIDs>
      <asstDetail>
        <isin>IE00B8K7V925</isin>
        <type>Fund</type>
        <cntry>IE/Ireland</cntry>
        <desc>PIMCO Funds Global Investors Series Plc- Income (USD) -E- Distribution</desc>
        <issueCcy>USD</issueCcy>
        <latestPrc ccy="USD">11.06</latestPrc>
        <latestPrcDate>2021-04-07</latestPrcDate>
        <prcFactor>1</prcFactor>
      </asstDetail>
    </hldId>
    <effDt>2021-04-08</effDt>
    <settleDt>2021-03-31</settleDt>
    <qty>35730.415</qty>
    <grDivPerShare ccy="USD">0.0366</grDivPerShare>
    <netDivPerShare ccy="USD">0.0366</netDivPerShare>
    <grAmt ccy="USD">1307.73</grAmt>
    <netAmt ccy="USD">1307.73</netAmt>
  </hldCpt1><hldCpt2 amtScheme="m2">
    <hldId>
      <ptfl>83663293.6000</ptfl>
      <ctlrOwnr>83663293</ctlrOwnr>
      <ctlrAcct>83663293.4000/USD/KK</ctlrAcct>
      <ccy>USD</ccy>
      <asst>USD</asst>
      <asstIDs>
        <asstRef refType="CURRENCY">USD</asstRef>
      </asstIDs>
    </hldId>
    <effDt>2021-04-08</effDt>
    <grAmt ccy="USD">1307.73</grAmt>
    <netAmt ccy="USD">1307.73</netAmt>
  </hldCpt2></M001></m2:M006>
