<?xml version="1.0" encoding="UTF-8"?>
<m2:M006 xmlns:m2="http://www.mym2.com" xmlns:xsi="http://www.w3.org/2001/XMLSchema-instance" xsi:schemaLocation="http://www.mym2.com http://www.mym2.com/schemas/M2RequestSchema.xsd"><M001><tkn /><m2xmlReleaseNo>020</m2xmlReleaseNo><mvmtHdr mvmtTp="OPN">
    <cmt>Raise loan</cmt>
  </mvmtHdr><mvmtSrc>
    <ctlr>lghths-sg</ctlr>
    <ctlrMvmtRef>705250792</ctlrMvmtRef>
    <srcRecType>Deposits &amp; Loans Transaction</srcRecType>
    <srcTransType>Raise Loan</srcTransType>
  </mvmtSrc><extSys>
    <extSysID>SAR</extSysID>
    <extSysRef>705836449</extSysRef>
  </extSys><hldCpt1 amtScheme="m2">
    <hldId>
      <ptfl>83667931.6000</ptfl>
      <ctlrOwnr>83667931</ctlrOwnr>
      <ctlrAcct>83667931</ctlrAcct>
      <ownrRefCcy>USD</ownrRefCcy>
      <ccy>USD</ccy>
      <asst>USD</asst>
      <asstIDs>
        <asstRef refType="CURRENCY">USD</asstRef>
      </asstIDs>
      <asstDetail>
        <type>MoneyMarket</type>
        <desc>USD Fixed Loan</desc>
        <asstMnyMktDetails>
          <mnyMktType>Loan</mnyMktType>
          <mnyMktTerm termType="Fixed">2021-05-18</mnyMktTerm>
          <mnyMktAmt ccy="USD">-333981.41</mnyMktAmt>
          <intRate>1.1715</intRate>
          <mnyMktRef>143432880</mnyMktRef>
          <mnyMktName>s/t Fixed Advance Fix USD 1.1715% 11.05.2021-18.</mnyMktName>
          <matDate>2021-05-18</matDate>
          <startDate>2021-05-11</startDate>
        </asstMnyMktDetails>
      </asstDetail>
    </hldId>
    <effDt>2021-05-11</effDt>
    <settleDt>2021-05-11</settleDt>
    <grAmt ccy="USD">-333981.41</grAmt>
    <netAmt ccy="USD">-333981.41</netAmt>
  </hldCpt1><hldCpt2 amtScheme="m2">
    <hldId>
      <ptfl>83667931.6000</ptfl>
      <ctlrOwnr>83667931</ctlrOwnr>
      <ctlrAcct>83667931.4000/USD/KK</ctlrAcct>
      <ccy>USD</ccy>
      <asst>USD</asst>
      <asstIDs>
        <asstRef refType="CURRENCY">USD</asstRef>
      </asstIDs>
    </hldId>
    <effDt>2021-05-11</effDt>
    <grAmt ccy="USD">333981.41</grAmt>
    <netAmt ccy="USD">333981.41</netAmt>
  </hldCpt2></M001><M001><tkn /><m2xmlReleaseNo>020</m2xmlReleaseNo><mvmtHdr mvmtTp="BUY">
    <cmt>Structured Products 522 ISIN GB0004544929</cmt>
  </mvmtHdr><mvmtSrc>
    <ctlr>lghths-sg</ctlr>
    <ctlrMvmtRef>705836449</ctlrMvmtRef>
    <srcRecType>Security Transaction</srcRecType>
    <srcTransType>Structured Products</srcTransType>
  </mvmtSrc><extSys>
    <extSysID>SAR</extSysID>
    <extSysRef>705836449</extSysRef>
  </extSys><hldCpt1 amtScheme="m2">
    <hldId>
      <ptfl>83663293.6000</ptfl>
      <ctlrOwnr>83663293</ctlrOwnr>
      <ctlrAcct>83663293.6000</ctlrAcct>
      <ownrRefCcy>USD</ownrRefCcy>
      <ccy>GBP</ccy>
      <asst>GB0004544929</asst>
      <asstIDs>
        <asstRef refType="ISIN">GB0004544929</asstRef>
        <asstRef refType="Valor">517719</asstRef>
        <asstRef refType="SARA">000000416171</asstRef>
      </asstIDs>
      <asstDetail>
        <isin>GB0004544929</isin>
        <type>Share</type>
        <cntry>GB/United Kingdom</cntry>
        <desc>Imperial Brands Plc</desc>
        <issueCcy>GBP</issueCcy>
        <latestPrc ccy="GBP">15.71</latestPrc>
        <latestPrcDate>2021-05-11</latestPrcDate>
        <prcFactor>1</prcFactor>
      </asstDetail>
    </hldId>
    <effDt>2021-05-10</effDt>
    <settleDt>2021-05-12</settleDt>
    <qty>522</qty>
    <prc ccy="GBP">13.6618</prc>
    <grTrdAmt ccy="GBP">7131.46</grTrdAmt>
    <grAmt ccy="GBP">7131.46</grAmt>
    <netAmt ccy="GBP">7168.12</netAmt>
  </hldCpt1><hldCpt2 amtScheme="m2">
    <hldId>
      <ptfl>83663293.6000</ptfl>
      <ctlrOwnr>83663293</ctlrOwnr>
      <ctlrAcct>83663293.4001/GBP/KK</ctlrAcct>
      <ccy>GBP</ccy>
      <asst>GBP</asst>
      <asstIDs>
        <asstRef refType="CURRENCY">GBP</asstRef>
      </asstIDs>
    </hldId>
    <effDt>2021-05-10</effDt>
    <grAmt ccy="GBP">-7168.12</grAmt>
    <netAmt ccy="GBP">-7168.12</netAmt>
  </hldCpt2><chrgGp amtScheme="m2">
    <chrgCpt>
      <ctgy>STM</ctgy>
      <ctgyAmt ccy="GBP">-36.66</ctgyAmt>
      <chrgDesc>UK Stamp Tax</chrgDesc>
    </chrgCpt>
  </chrgGp></M001><M001><tkn /><m2xmlReleaseNo>020</m2xmlReleaseNo><mvmtHdr mvmtTp="AOU">
    <cmt>Structured Products 1,044 Valor 111099171 @ 6.866 GBP</cmt>
  </mvmtHdr><mvmtSrc>
    <ctlr>lghths-sg</ctlr>
    <ctlrMvmtRef>705836449</ctlrMvmtRef>
    <srcRecType>Security Transaction</srcRecType>
    <srcTransType>Structured Products</srcTransType>
  </mvmtSrc><extSys>
    <extSysID>SAR</extSysID>
    <extSysRef>705836449</extSysRef>
  </extSys><hldCpt1 amtScheme="m2">
    <hldId>
      <ptfl>83663293.6000</ptfl>
      <ctlrOwnr>83663293</ctlrOwnr>
      <ctlrAcct>83663293.6000</ctlrAcct>
      <ownrRefCcy>USD</ownrRefCcy>
      <ccy>GBP</ccy>
      <asst>111099171</asst>
      <asstIDs>
        <asstRef refType="Valor">111099171</asstRef>
        <asstRef refType="SARA">000143132148</asstRef>
      </asstIDs>
      <asstDetail>
        <type>Hybrid</type>
        <desc>Stock Forward Accumulator  2x Leveraged on Imperial Brands Plc (IMB LN) Period: 12.APR.21 - 11.APR.22  254 Days Strike: GBP 13.6618  Knock-Out: GBP 16.3929</desc>
        <issueCcy>GBP</issueCcy>
        <latestPrc ccy="GBP">-0.006586941</latestPrc>
        <latestPrcDate>2021-05-10</latestPrcDate>
        <prcFactor>1</prcFactor>
      </asstDetail>
    </hldId>
    <effDt>2021-05-10</effDt>
    <settleDt>2021-05-12</settleDt>
    <qty>-1044</qty>
    <prc ccy="GBP">6.866</prc>
    <grTrdAmt ccy="GBP">-7168.12</grTrdAmt>
    <grAmt ccy="GBP">-7168.12</grAmt>
    <netAmt ccy="GBP">-7168.12</netAmt>
  </hldCpt1></M001><M001><tkn /><m2xmlReleaseNo>020</m2xmlReleaseNo><mvmtHdr mvmtTp="DIV">
    <cmt>Dividend Cash 3,762.26 ISIN LU1514167219 @ 0.421 USD</cmt>
  </mvmtHdr><mvmtSrc>
    <ctlr>lghths-sg</ctlr>
    <ctlrMvmtRef>706061326</ctlrMvmtRef>
    <srcRecType>Cash Transaction</srcRecType>
    <srcTransType>Dividend Cash</srcTransType>
  </mvmtSrc><extSys>
    <extSysID>SAR</extSysID>
    <extSysRef>706061326</extSysRef>
  </extSys><hldCpt1 amtScheme="m2">
    <hldId>
      <ptfl>83663279.6000</ptfl>
      <ctlrOwnr>83663279</ctlrOwnr>
      <ctlrAcct>83663279.6000</ctlrAcct>
      <ownrRefCcy>USD</ownrRefCcy>
      <ccy>USD</ccy>
      <asst>LU1514167219</asst>
      <asstIDs>
        <asstRef refType="ISIN">LU1514167219</asstRef>
        <asstRef refType="Valor">34540233</asstRef>
        <asstRef refType="SARA">000132419171</asstRef>
      </asstIDs>
      <asstDetail>
        <isin>LU1514167219</isin>
        <type>Fund</type>
        <cntry>LU/Luxembourg</cntry>
        <desc>Schroder International Selection  Fund Sicav-Global Credit Income (USD) -C- Distribution</desc>
        <issueCcy>USD</issueCcy>
        <latestPrc ccy="USD">105.9642</latestPrc>
        <latestPrcDate>2021-05-11</latestPrcDate>
        <prcFactor>1</prcFactor>
      </asstDetail>
    </hldId>
    <effDt>2021-05-11</effDt>
    <settleDt>2021-05-10</settleDt>
    <qty>3762.26</qty>
    <grDivPerShare ccy="USD">0.421104</grDivPerShare>
    <netDivPerShare ccy="USD">0.421103</netDivPerShare>
    <grAmt ccy="USD">1584.3</grAmt>
    <netAmt ccy="USD">1584.3</netAmt>
  </hldCpt1><hldCpt2 amtScheme="m2">
    <hldId>
      <ptfl>83663279.6000</ptfl>
      <ctlrOwnr>83663279</ctlrOwnr>
      <ctlrAcct>83663279.4000/USD/KK</ctlrAcct>
      <ccy>USD</ccy>
      <asst>USD</asst>
      <asstIDs>
        <asstRef refType="CURRENCY">USD</asstRef>
      </asstIDs>
    </hldId>
    <effDt>2021-05-11</effDt>
    <grAmt ccy="USD">1584.3</grAmt>
    <netAmt ccy="USD">1584.3</netAmt>
  </hldCpt2></M001><M001><tkn /><m2xmlReleaseNo>020</m2xmlReleaseNo><mvmtHdr mvmtTp="CTF">
    <cmt>Forex spot</cmt>
  </mvmtHdr><mvmtSrc>
    <ctlr>lghths-sg</ctlr>
    <ctlrMvmtRef>705953942</ctlrMvmtRef>
    <srcRecType>Cash Transaction</srcRecType>
    <srcTransType>Forex Spot</srcTransType>
  </mvmtSrc><extSys>
    <extSysID>SAR</extSysID>
    <extSysRef>705953942</extSysRef>
  </extSys><hldCpt1 amtScheme="m2">
    <hldId>
      <ptfl>83663279.6000</ptfl>
      <ctlrOwnr>83663279</ctlrOwnr>
      <ctlrAcct>83663279.4000/USD/KK</ctlrAcct>
      <ownrRefCcy>USD</ownrRefCcy>
      <ccy>USD</ccy>
      <asst>USD</asst>
      <asstIDs>
        <asstRef refType="CURRENCY">USD</asstRef>
      </asstIDs>
    </hldId>
    <effDt>2021-05-11</effDt>
    <settleDt>2021-05-12</settleDt>
    <grAmt ccy="USD">-200000</grAmt>
    <netAmt ccy="USD">-200000</netAmt>
  </hldCpt1><hldCpt2 amtScheme="m2">
    <hldId>
      <ptfl>83663279.6000</ptfl>
      <ctlrOwnr>83663279</ctlrOwnr>
      <ctlrAcct>83663279.4001/GBP/KK</ctlrAcct>
      <ccy>GBP</ccy>
      <asst>GBP</asst>
      <asstIDs>
        <asstRef refType="CURRENCY">GBP</asstRef>
      </asstIDs>
    </hldId>
    <effDt>2021-05-11</effDt>
    <settleDt>2021-05-12</settleDt>
    <grAmt ccy="GBP">141452.72</grAmt>
    <netAmt ccy="GBP">141452.72</netAmt>
  </hldCpt2></M001><M001><tkn /><m2xmlReleaseNo>020</m2xmlReleaseNo><mvmtHdr mvmtTp="CTF">
    <cmt>Forex spot</cmt>
  </mvmtHdr><mvmtSrc>
    <ctlr>lghths-sg</ctlr>
    <ctlrMvmtRef>705940870</ctlrMvmtRef>
    <srcRecType>Cash Transaction</srcRecType>
    <srcTransType>Forex Spot</srcTransType>
  </mvmtSrc><extSys>
    <extSysID>SAR</extSysID>
    <extSysRef>705940870</extSysRef>
  </extSys><hldCpt1 amtScheme="m2">
    <hldId>
      <ptfl>83663279.6000</ptfl>
      <ctlrOwnr>83663279</ctlrOwnr>
      <ctlrAcct>83663279.4000/USD/KK</ctlrAcct>
      <ownrRefCcy>USD</ownrRefCcy>
      <ccy>USD</ccy>
      <asst>USD</asst>
      <asstIDs>
        <asstRef refType="CURRENCY">USD</asstRef>
      </asstIDs>
    </hldId>
    <effDt>2021-05-11</effDt>
    <settleDt>2021-05-12</settleDt>
    <grAmt ccy="USD">-127342.65</grAmt>
    <netAmt ccy="USD">-127342.65</netAmt>
  </hldCpt1><hldCpt2 amtScheme="m2">
    <hldId>
      <ptfl>83663279.6000</ptfl>
      <ctlrOwnr>83663279</ctlrOwnr>
      <ctlrAcct>83663279.4004/HKD/KK</ctlrAcct>
      <ccy>HKD</ccy>
      <asst>HKD</asst>
      <asstIDs>
        <asstRef refType="CURRENCY">HKD</asstRef>
      </asstIDs>
    </hldId>
    <effDt>2021-05-11</effDt>
    <settleDt>2021-05-12</settleDt>
    <grAmt ccy="HKD">988815.71</grAmt>
    <netAmt ccy="HKD">988815.71</netAmt>
  </hldCpt2></M001><M001><tkn /><m2xmlReleaseNo>020</m2xmlReleaseNo><mvmtHdr mvmtTp="OPN">
    <cmt>Raise loan</cmt>
  </mvmtHdr><mvmtSrc>
    <ctlr>lghths-sg</ctlr>
    <ctlrMvmtRef>705251325</ctlrMvmtRef>
    <srcRecType>Deposits &amp; Loans Transaction</srcRecType>
    <srcTransType>Raise Loan</srcTransType>
  </mvmtSrc><extSys>
    <extSysID>SAR</extSysID>
    <extSysRef>705836449</extSysRef>
  </extSys><hldCpt1 amtScheme="m2">
    <hldId>
      <ptfl>83663279.6000</ptfl>
      <ctlrOwnr>83663279</ctlrOwnr>
      <ctlrAcct>83663279</ctlrAcct>
      <ownrRefCcy>USD</ownrRefCcy>
      <ccy>GBP</ccy>
      <asst>GBP</asst>
      <asstIDs>
        <asstRef refType="CURRENCY">GBP</asstRef>
      </asstIDs>
      <asstDetail>
        <type>MoneyMarket</type>
        <desc>GBP Fixed Loan</desc>
        <asstMnyMktDetails>
          <mnyMktType>Loan</mnyMktType>
          <mnyMktTerm termType="Fixed">2021-05-12</mnyMktTerm>
          <mnyMktAmt ccy="GBP">-2088504.49</mnyMktAmt>
          <intRate>0.89</intRate>
          <mnyMktRef>143432902</mnyMktRef>
          <mnyMktName>s/t Fixed Advance Fix GBP 0.89% 11.05.2021-12.05</mnyMktName>
          <matDate>2021-05-12</matDate>
          <startDate>2021-05-11</startDate>
        </asstMnyMktDetails>
      </asstDetail>
    </hldId>
    <effDt>2021-05-11</effDt>
    <settleDt>2021-05-11</settleDt>
    <grAmt ccy="GBP">-2088504.49</grAmt>
    <netAmt ccy="GBP">-2088504.49</netAmt>
  </hldCpt1><hldCpt2 amtScheme="m2">
    <hldId>
      <ptfl>83663279.6000</ptfl>
      <ctlrOwnr>83663279</ctlrOwnr>
      <ctlrAcct>83663279.4001/GBP/KK</ctlrAcct>
      <ccy>GBP</ccy>
      <asst>GBP</asst>
      <asstIDs>
        <asstRef refType="CURRENCY">GBP</asstRef>
      </asstIDs>
    </hldId>
    <effDt>2021-05-11</effDt>
    <grAmt ccy="GBP">2088504.49</grAmt>
    <netAmt ccy="GBP">2088504.49</netAmt>
  </hldCpt2></M001><M001><tkn /><m2xmlReleaseNo>020</m2xmlReleaseNo><mvmtHdr mvmtTp="OPN">
    <cmt>Raise loan</cmt>
  </mvmtHdr><mvmtSrc>
    <ctlr>lghths-sg</ctlr>
    <ctlrMvmtRef>705251342</ctlrMvmtRef>
    <srcRecType>Deposits &amp; Loans Transaction</srcRecType>
    <srcTransType>Raise Loan</srcTransType>
  </mvmtSrc><extSys>
    <extSysID>SAR</extSysID>
    <extSysRef>705836449</extSysRef>
  </extSys><hldCpt1 amtScheme="m2">
    <hldId>
      <ptfl>83663293.6000</ptfl>
      <ctlrOwnr>83663293</ctlrOwnr>
      <ctlrAcct>83663293</ctlrAcct>
      <ownrRefCcy>USD</ownrRefCcy>
      <ccy>GBP</ccy>
      <asst>GBP</asst>
      <asstIDs>
        <asstRef refType="CURRENCY">GBP</asstRef>
      </asstIDs>
      <asstDetail>
        <type>MoneyMarket</type>
        <desc>GBP Fixed Loan</desc>
        <asstMnyMktDetails>
          <mnyMktType>Loan</mnyMktType>
          <mnyMktTerm termType="Fixed">2021-05-18</mnyMktTerm>
          <mnyMktAmt ccy="GBP">-216903.4</mnyMktAmt>
          <intRate>0.89475</intRate>
          <mnyMktRef>143432921</mnyMktRef>
          <mnyMktName>s/t Fixed Advance Fix GBP 0.89475% 11.05.2021-18</mnyMktName>
          <matDate>2021-05-18</matDate>
          <startDate>2021-05-11</startDate>
        </asstMnyMktDetails>
      </asstDetail>
    </hldId>
    <effDt>2021-05-11</effDt>
    <settleDt>2021-05-11</settleDt>
    <grAmt ccy="GBP">-216903.4</grAmt>
    <netAmt ccy="GBP">-216903.4</netAmt>
  </hldCpt1><hldCpt2 amtScheme="m2">
    <hldId>
      <ptfl>83663293.6000</ptfl>
      <ctlrOwnr>83663293</ctlrOwnr>
      <ctlrAcct>83663293.4001/GBP/KK</ctlrAcct>
      <ccy>GBP</ccy>
      <asst>GBP</asst>
      <asstIDs>
        <asstRef refType="CURRENCY">GBP</asstRef>
      </asstIDs>
    </hldId>
    <effDt>2021-05-11</effDt>
    <grAmt ccy="GBP">216903.4</grAmt>
    <netAmt ccy="GBP">216903.4</netAmt>
  </hldCpt2></M001><M001><tkn /><m2xmlReleaseNo>020</m2xmlReleaseNo><mvmtHdr mvmtTp="OPN">
    <cmt>Raise loan</cmt>
  </mvmtHdr><mvmtSrc>
    <ctlr>lghths-sg</ctlr>
    <ctlrMvmtRef>705251351</ctlrMvmtRef>
    <srcRecType>Deposits &amp; Loans Transaction</srcRecType>
    <srcTransType>Raise Loan</srcTransType>
  </mvmtSrc><extSys>
    <extSysID>SAR</extSysID>
    <extSysRef>705836449</extSysRef>
  </extSys><hldCpt1 amtScheme="m2">
    <hldId>
      <ptfl>83663293.6000</ptfl>
      <ctlrOwnr>83663293</ctlrOwnr>
      <ctlrAcct>83663293</ctlrAcct>
      <ownrRefCcy>USD</ownrRefCcy>
      <ccy>HKD</ccy>
      <asst>HKD</asst>
      <asstIDs>
        <asstRef refType="CURRENCY">HKD</asstRef>
      </asstIDs>
      <asstDetail>
        <type>MoneyMarket</type>
        <desc>HKD Fixed Loan</desc>
        <asstMnyMktDetails>
          <mnyMktType>Loan</mnyMktType>
          <mnyMktTerm termType="Fixed">2021-05-18</mnyMktTerm>
          <mnyMktAmt ccy="HKD">-1456169.46</mnyMktAmt>
          <intRate>1.39</intRate>
          <mnyMktRef>143432937</mnyMktRef>
          <mnyMktName>s/t Fixed Advance Fix HKD 1.39% 11.05.2021-18.05</mnyMktName>
          <matDate>2021-05-18</matDate>
          <startDate>2021-05-11</startDate>
        </asstMnyMktDetails>
      </asstDetail>
    </hldId>
    <effDt>2021-05-11</effDt>
    <settleDt>2021-05-11</settleDt>
    <grAmt ccy="HKD">-1456169.46</grAmt>
    <netAmt ccy="HKD">-1456169.46</netAmt>
  </hldCpt1><hldCpt2 amtScheme="m2">
    <hldId>
      <ptfl>83663293.6000</ptfl>
      <ctlrOwnr>83663293</ctlrOwnr>
      <ctlrAcct>83663293.4005/HKD/KK</ctlrAcct>
      <ccy>HKD</ccy>
      <asst>HKD</asst>
      <asstIDs>
        <asstRef refType="CURRENCY">HKD</asstRef>
      </asstIDs>
    </hldId>
    <effDt>2021-05-11</effDt>
    <grAmt ccy="HKD">1456169.46</grAmt>
    <netAmt ccy="HKD">1456169.46</netAmt>
  </hldCpt2></M001><M001><tkn /><m2xmlReleaseNo>020</m2xmlReleaseNo><mvmtHdr mvmtTp="OPN">
    <cmt>Raise loan</cmt>
  </mvmtHdr><mvmtSrc>
    <ctlr>lghths-sg</ctlr>
    <ctlrMvmtRef>705251361</ctlrMvmtRef>
    <srcRecType>Deposits &amp; Loans Transaction</srcRecType>
    <srcTransType>Raise Loan</srcTransType>
  </mvmtSrc><extSys>
    <extSysID>SAR</extSysID>
    <extSysRef>705836449</extSysRef>
  </extSys><hldCpt1 amtScheme="m2">
    <hldId>
      <ptfl>83663293.6000</ptfl>
      <ctlrOwnr>83663293</ctlrOwnr>
      <ctlrAcct>83663293</ctlrAcct>
      <ownrRefCcy>USD</ownrRefCcy>
      <ccy>EUR</ccy>
      <asst>EUR</asst>
      <asstIDs>
        <asstRef refType="CURRENCY">EUR</asstRef>
      </asstIDs>
      <asstDetail>
        <type>MoneyMarket</type>
        <desc>EUR Fixed Loan</desc>
        <asstMnyMktDetails>
          <mnyMktType>Loan</mnyMktType>
          <mnyMktTerm termType="Fixed">2021-05-18</mnyMktTerm>
          <mnyMktAmt ccy="EUR">-278636.38</mnyMktAmt>
          <intRate>0.65</intRate>
          <mnyMktRef>143432945</mnyMktRef>
          <mnyMktName>s/t Fixed Advance Fix EUR 0.65% 11.05.2021-18.05</mnyMktName>
          <matDate>2021-05-18</matDate>
          <startDate>2021-05-11</startDate>
        </asstMnyMktDetails>
      </asstDetail>
    </hldId>
    <effDt>2021-05-11</effDt>
    <settleDt>2021-05-11</settleDt>
    <grAmt ccy="EUR">-278636.38</grAmt>
    <netAmt ccy="EUR">-278636.38</netAmt>
  </hldCpt1><hldCpt2 amtScheme="m2">
    <hldId>
      <ptfl>83663293.6000</ptfl>
      <ctlrOwnr>83663293</ctlrOwnr>
      <ctlrAcct>83663293.4003/EUR/KK</ctlrAcct>
      <ccy>EUR</ccy>
      <asst>EUR</asst>
      <asstIDs>
        <asstRef refType="CURRENCY">EUR</asstRef>
      </asstIDs>
    </hldId>
    <effDt>2021-05-11</effDt>
    <grAmt ccy="EUR">278636.38</grAmt>
    <netAmt ccy="EUR">278636.38</netAmt>
  </hldCpt2></M001><M001><tkn /><m2xmlReleaseNo>020</m2xmlReleaseNo><mvmtHdr mvmtTp="OPN">
    <cmt>Raise loan</cmt>
  </mvmtHdr><mvmtSrc>
    <ctlr>lghths-sg</ctlr>
    <ctlrMvmtRef>705251334</ctlrMvmtRef>
    <srcRecType>Deposits &amp; Loans Transaction</srcRecType>
    <srcTransType>Raise Loan</srcTransType>
  </mvmtSrc><extSys>
    <extSysID>SAR</extSysID>
    <extSysRef>705836449</extSysRef>
  </extSys><hldCpt1 amtScheme="m2">
    <hldId>
      <ptfl>83663293.6000</ptfl>
      <ctlrOwnr>83663293</ctlrOwnr>
      <ctlrAcct>83663293</ctlrAcct>
      <ownrRefCcy>USD</ownrRefCcy>
      <ccy>USD</ccy>
      <asst>USD</asst>
      <asstIDs>
        <asstRef refType="CURRENCY">USD</asstRef>
      </asstIDs>
      <asstDetail>
        <type>MoneyMarket</type>
        <desc>USD Fixed Loan</desc>
        <asstMnyMktDetails>
          <mnyMktType>Loan</mnyMktType>
          <mnyMktTerm termType="Fixed">2021-05-18</mnyMktTerm>
          <mnyMktAmt ccy="USD">-397275.04</mnyMktAmt>
          <intRate>0.9215</intRate>
          <mnyMktRef>143433225</mnyMktRef>
          <mnyMktName>s/t Fixed Advance Fix USD 0.9215% 11.05.2021-18.</mnyMktName>
          <matDate>2021-05-18</matDate>
          <startDate>2021-05-11</startDate>
        </asstMnyMktDetails>
      </asstDetail>
    </hldId>
    <effDt>2021-05-11</effDt>
    <settleDt>2021-05-11</settleDt>
    <grAmt ccy="USD">-397275.04</grAmt>
    <netAmt ccy="USD">-397275.04</netAmt>
  </hldCpt1><hldCpt2 amtScheme="m2">
    <hldId>
      <ptfl>83663293.6000</ptfl>
      <ctlrOwnr>83663293</ctlrOwnr>
      <ctlrAcct>83663293.4000/USD/KK</ctlrAcct>
      <ccy>USD</ccy>
      <asst>USD</asst>
      <asstIDs>
        <asstRef refType="CURRENCY">USD</asstRef>
      </asstIDs>
    </hldId>
    <effDt>2021-05-11</effDt>
    <grAmt ccy="USD">397275.04</grAmt>
    <netAmt ccy="USD">397275.04</netAmt>
  </hldCpt2></M001></m2:M006>
