<?xml version="1.0" encoding="UTF-8"?>
<m2:M006 xmlns:m2="http://www.mym2.com" xmlns:xsi="http://www.w3.org/2001/XMLSchema-instance" xsi:schemaLocation="http://www.mym2.com http://www.mym2.com/schemas/M2RequestSchema.xsd"><M001><tkn /><m2xmlReleaseNo>020</m2xmlReleaseNo><mvmtHdr mvmtTp="OPN">
    <cmt>Raise loan</cmt>
  </mvmtHdr><mvmtSrc>
    <ctlr>lghths-sg</ctlr>
    <ctlrMvmtRef>692221362</ctlrMvmtRef>
    <srcRecType>Deposits &amp; Loans Transaction</srcRecType>
    <srcTransType>Raise Loan</srcTransType>
  </mvmtSrc><extSys>
    <extSysID>SAR</extSysID>
    <extSysRef>692210912</extSysRef>
  </extSys><hldCpt1 amtScheme="m2">
    <hldId>
      <ptfl>83663293.6000</ptfl>
      <ctlrOwnr>83663293</ctlrOwnr>
      <ctlrAcct>83663293</ctlrAcct>
      <ownrRefCcy>USD</ownrRefCcy>
      <ccy>GBP</ccy>
      <asst>GBP</asst>
      <asstIDs>
        <asstRef refType="CURRENCY">GBP</asstRef>
      </asstIDs>
      <asstDetail>
        <type>MoneyMarket</type>
        <desc>GBP Fixed Loan</desc>
        <asstMnyMktDetails>
          <mnyMktType>Loan</mnyMktType>
          <mnyMktTerm termType="Fixed">2021-03-23</mnyMktTerm>
          <mnyMktAmt ccy="GBP">-212003.87</mnyMktAmt>
          <intRate>0.9</intRate>
          <mnyMktRef>142909616</mnyMktRef>
          <mnyMktName>s/t Fixed Advance Fix GBP 0.9% 16.03.2021-23.03.</mnyMktName>
          <matDate>2021-03-23</matDate>
          <startDate>2021-03-16</startDate>
        </asstMnyMktDetails>
      </asstDetail>
    </hldId>
    <effDt>2021-03-15</effDt>
    <settleDt>2021-03-16</settleDt>
    <grAmt ccy="GBP">-212003.87</grAmt>
    <netAmt ccy="GBP">-212003.87</netAmt>
  </hldCpt1><hldCpt2 amtScheme="m2">
    <hldId>
      <ptfl>83663293.6000</ptfl>
      <ctlrOwnr>83663293</ctlrOwnr>
      <ctlrAcct>83663293.4001/GBP/KK</ctlrAcct>
      <ccy>GBP</ccy>
      <asst>GBP</asst>
      <asstIDs>
        <asstRef refType="CURRENCY">GBP</asstRef>
      </asstIDs>
    </hldId>
    <effDt>2021-03-15</effDt>
    <grAmt ccy="GBP">212003.87</grAmt>
    <netAmt ccy="GBP">212003.87</netAmt>
  </hldCpt2></M001><M001><tkn /><m2xmlReleaseNo>020</m2xmlReleaseNo><mvmtHdr mvmtTp="OPN">
    <cmt>Raise loan</cmt>
  </mvmtHdr><mvmtSrc>
    <ctlr>lghths-sg</ctlr>
    <ctlrMvmtRef>692221368</ctlrMvmtRef>
    <srcRecType>Deposits &amp; Loans Transaction</srcRecType>
    <srcTransType>Raise Loan</srcTransType>
  </mvmtSrc><extSys>
    <extSysID>SAR</extSysID>
    <extSysRef>692210912</extSysRef>
  </extSys><hldCpt1 amtScheme="m2">
    <hldId>
      <ptfl>83676187.6000</ptfl>
      <ctlrOwnr>83676187</ctlrOwnr>
      <ctlrAcct>83676187</ctlrAcct>
      <ownrRefCcy>USD</ownrRefCcy>
      <ccy>USD</ccy>
      <asst>USD</asst>
      <asstIDs>
        <asstRef refType="CURRENCY">USD</asstRef>
      </asstIDs>
      <asstDetail>
        <type>MoneyMarket</type>
        <desc>USD Fixed Loan</desc>
        <asstMnyMktDetails>
          <mnyMktType>Loan</mnyMktType>
          <mnyMktTerm termType="Fixed">2021-03-23</mnyMktTerm>
          <mnyMktAmt ccy="USD">-261334.38</mnyMktAmt>
          <intRate>1.03</intRate>
          <mnyMktRef>142909426</mnyMktRef>
          <mnyMktName>s/t Fixed Advance Fix USD 1.03% 16.03.2021-23.03</mnyMktName>
          <matDate>2021-03-23</matDate>
          <startDate>2021-03-16</startDate>
        </asstMnyMktDetails>
      </asstDetail>
    </hldId>
    <effDt>2021-03-15</effDt>
    <settleDt>2021-03-16</settleDt>
    <grAmt ccy="USD">-261334.38</grAmt>
    <netAmt ccy="USD">-261334.38</netAmt>
  </hldCpt1><hldCpt2 amtScheme="m2">
    <hldId>
      <ptfl>83676187.6000</ptfl>
      <ctlrOwnr>83676187</ctlrOwnr>
      <ctlrAcct>83676187.4000/USD/KK</ctlrAcct>
      <ccy>USD</ccy>
      <asst>USD</asst>
      <asstIDs>
        <asstRef refType="CURRENCY">USD</asstRef>
      </asstIDs>
    </hldId>
    <effDt>2021-03-15</effDt>
    <grAmt ccy="USD">261334.38</grAmt>
    <netAmt ccy="USD">261334.38</netAmt>
  </hldCpt2></M001><M001><tkn /><m2xmlReleaseNo>020</m2xmlReleaseNo><mvmtHdr mvmtTp="SEL">
    <cmt>Opening Sell 5 SARA 000142876599 @ 3.5 USD</cmt>
  </mvmtHdr><mvmtSrc>
    <ctlr>lghths-sg</ctlr>
    <ctlrMvmtRef>692210912</ctlrMvmtRef>
    <srcRecType>Security Transaction</srcRecType>
    <srcTransType>Opening Sell</srcTransType>
  </mvmtSrc><extSys>
    <extSysID>SAR</extSysID>
    <extSysRef>692210912</extSysRef>
  </extSys><hldCpt1 amtScheme="m2">
    <hldId>
      <ptfl>83663293.6000</ptfl>
      <ctlrOwnr>83663293</ctlrOwnr>
      <ctlrAcct>83663293.6000</ctlrAcct>
      <ownrRefCcy>USD</ownrRefCcy>
      <ccy>USD</ccy>
      <asst>000142876599</asst>
      <asstIDs>
        <asstRef refType="SARA">000142876599</asstRef>
      </asstIDs>
      <asstDetail>
        <type>Option</type>
        <cntry>US/United States of America</cntry>
        <desc>Microsoft Corp Put 21.05.2021 205 (MSFT US)</desc>
        <issueCcy>USD</issueCcy>
        <latestPrc ccy="USD">3.15</latestPrc>
        <latestPrcDate>2021-03-12</latestPrcDate>
        <prcFactor>100</prcFactor>
        <asstDerivDetails>
          <contractSize>100</contractSize>
          <strike>205</strike>
          <expDate>2021-05-21</expDate>
          <putCallInd>P</putCallInd>
          <underlyingAsstIDs>
            <asstRef refType="ISIN">US5949181045</asstRef>
          </underlyingAsstIDs>
          <underlyingAsstDesc>Microsoft Corp</underlyingAsstDesc>
          <underlyingAsstType>Share</underlyingAsstType>
          <longShortInd>S</longShortInd>
        </asstDerivDetails>
      </asstDetail>
    </hldId>
    <effDt>2021-03-11</effDt>
    <settleDt>2021-03-12</settleDt>
    <qty>-5</qty>
    <prc ccy="USD">3.5</prc>
    <grTrdAmt ccy="USD">-1750</grTrdAmt>
    <grAmt ccy="USD">-1750</grAmt>
    <netAmt ccy="USD">-1536</netAmt>
  </hldCpt1><hldCpt2 amtScheme="m2">
    <hldId>
      <ptfl>83663293.6000</ptfl>
      <ctlrOwnr>83663293</ctlrOwnr>
      <ctlrAcct>83663293.4000/USD/KK</ctlrAcct>
      <ccy>USD</ccy>
      <asst>USD</asst>
      <asstIDs>
        <asstRef refType="CURRENCY">USD</asstRef>
      </asstIDs>
    </hldId>
    <effDt>2021-03-11</effDt>
    <grAmt ccy="USD">1536</grAmt>
    <netAmt ccy="USD">1536</netAmt>
  </hldCpt2><chrgGp amtScheme="m2">
    <chrgCpt>
      <ctgy>EXE</ctgy>
      <ctgyAmt ccy="USD">-200</ctgyAmt>
      <chrgDesc>Stex Commissions</chrgDesc>
    </chrgCpt>
    <chrgCpt>
      <ctgy>VAT</ctgy>
      <ctgyAmt ccy="USD">-14</ctgyAmt>
      <chrgDesc>VAT</chrgDesc>
    </chrgCpt>
  </chrgGp></M001></m2:M006>
