<?xml version="1.0" encoding="UTF-8"?>
<m2:M006 xmlns:m2="http://www.mym2.com" xmlns:xsi="http://www.w3.org/2001/XMLSchema-instance" xsi:schemaLocation="http://www.mym2.com http://www.mym2.com/schemas/M2RequestSchema.xsd"><M001><tkn /><m2xmlReleaseNo>020</m2xmlReleaseNo><mvmtHdr mvmtTp="BUY">
    <cmt>Bought 250,000 ISIN CH1117604863 @ 100 EUR</cmt>
  </mvmtHdr><mvmtSrc>
    <ctlr>lghths-sg</ctlr>
    <ctlrMvmtRef>714376781</ctlrMvmtRef>
    <srcRecType>Security Transaction</srcRecType>
    <srcTransType>Buy</srcTransType>
  </mvmtSrc><extSys>
    <extSysID>SAR</extSysID>
    <extSysRef>714376781</extSysRef>
  </extSys><hldCpt1 amtScheme="m2">
    <hldId>
      <ptfl>83663279.6000</ptfl>
      <ctlrOwnr>83663279</ctlrOwnr>
      <ctlrAcct>83663279.6000</ctlrAcct>
      <ownrRefCcy>USD</ownrRefCcy>
      <ccy>EUR</ccy>
      <asst>CH1117604863</asst>
      <asstIDs>
        <asstRef refType="ISIN">CH1117604863</asstRef>
        <asstRef refType="Valor">111760486</asstRef>
        <asstRef refType="SARA">000143695193</asstRef>
      </asstIDs>
      <asstDetail>
        <isin>CH1117604863</isin>
        <type>Bond</type>
        <cntry>00939</cntry>
        <desc>8% Vontobel Financial Products Ltd BMW/ORA Reverse Conv. 27.12.2021 Repayment cash or physical</desc>
        <issueCcy>EUR</issueCcy>
        <issueDate>2021-06-24</issueDate>
        <latestPrc ccy="EUR">98.7</latestPrc>
        <latestPrcDate>2021-05-26</latestPrcDate>
        <prcFactor>.01</prcFactor>
        <asstBondDetails>
          <matDate>2021-12-29</matDate>
          <intRate>0.0</intRate>
          <intFreq>12</intFreq>
          <intDate>2021-06-24</intDate>
          <intCcy>EUR</intCcy>
        </asstBondDetails>
      </asstDetail>
    </hldId>
    <effDt>2021-06-10</effDt>
    <settleDt>2021-06-24</settleDt>
    <qty>250000</qty>
    <prc ccy="EUR">100</prc>
    <grTrdAmt ccy="EUR">248750</grTrdAmt>
    <grAmt ccy="EUR">250000</grAmt>
    <netAmt ccy="EUR">250000</netAmt>
  </hldCpt1><hldCpt2 amtScheme="m2">
    <hldId>
      <ptfl>83663279.6000</ptfl>
      <ctlrOwnr>83663279</ctlrOwnr>
      <ctlrAcct>83663279.4003/EUR/KK</ctlrAcct>
      <ccy>EUR</ccy>
      <asst>EUR</asst>
      <asstIDs>
        <asstRef refType="CURRENCY">EUR</asstRef>
      </asstIDs>
    </hldId>
    <effDt>2021-06-10</effDt>
    <grAmt ccy="EUR">-250000</grAmt>
    <netAmt ccy="EUR">-250000</netAmt>
  </hldCpt2></M001></m2:M006>
