<?xml version="1.0" encoding="UTF-8"?>
<m2:M006 xmlns:m2="http://www.mym2.com" xmlns:xsi="http://www.w3.org/2001/XMLSchema-instance" xsi:schemaLocation="http://www.mym2.com http://www.mym2.com/schemas/M2RequestSchema.xsd"><M001><tkn /><m2xmlReleaseNo>020</m2xmlReleaseNo><mvmtHdr mvmtTp="CLS">
    <cmt>Close Loan</cmt>
  </mvmtHdr><mvmtSrc>
    <ctlr>lghths-sg</ctlr>
    <ctlrMvmtRef>703728493</ctlrMvmtRef>
    <srcRecType>Deposits &amp; Loans Transaction</srcRecType>
    <srcTransType>Close Loan</srcTransType>
  </mvmtSrc><extSys>
    <extSysID>SAR</extSysID>
    <extSysRef>704124367</extSysRef>
  </extSys><hldCpt1 amtScheme="m2">
    <hldId>
      <ptfl>83663279.6000</ptfl>
      <ctlrOwnr>83663279</ctlrOwnr>
      <ctlrAcct>83663279</ctlrAcct>
      <ownrRefCcy>USD</ownrRefCcy>
      <ccy>USD</ccy>
      <asst>USD</asst>
      <asstIDs>
        <asstRef refType="CURRENCY">USD</asstRef>
      </asstIDs>
      <asstDetail>
        <type>MoneyMarket</type>
        <desc>USD Fixed Loan</desc>
        <asstMnyMktDetails>
          <mnyMktType>Loan</mnyMktType>
          <mnyMktTerm termType="Fixed">2021-05-05</mnyMktTerm>
          <mnyMktAmt ccy="USD">-69334.86</mnyMktAmt>
          <intRate>0.94</intRate>
          <mnyMktRef>143301570</mnyMktRef>
          <mnyMktName>s/t Fixed Advance Fix USD 0.94% 28.04.2021-05.05</mnyMktName>
          <matDate>2021-05-05</matDate>
          <startDate>2021-04-28</startDate>
        </asstMnyMktDetails>
      </asstDetail>
    </hldId>
    <effDt>2021-05-03</effDt>
    <settleDt>2021-05-05</settleDt>
    <grAmt ccy="USD">69334.86</grAmt>
    <netAmt ccy="USD">69334.86</netAmt>
  </hldCpt1><hldCpt2 amtScheme="m2">
    <hldId>
      <ptfl>83663279.6000</ptfl>
      <ctlrOwnr>83663279</ctlrOwnr>
      <ctlrAcct>83663279.4000/USD/KK</ctlrAcct>
      <ccy>USD</ccy>
      <asst>USD</asst>
      <asstIDs>
        <asstRef refType="CURRENCY">USD</asstRef>
      </asstIDs>
    </hldId>
    <effDt>2021-05-03</effDt>
    <grAmt ccy="USD">-69347.53</grAmt>
    <netAmt ccy="USD">-69347.53</netAmt>
  </hldCpt2><chrgGp amtScheme="m2">
    <chrgCpt>
      <ctgy>CIP</ctgy>
      <ctgyAmt ccy="USD">-12.67</ctgyAmt>
      <chrgDesc>Interest Paid</chrgDesc>
    </chrgCpt>
  </chrgGp></M001><M001><tkn /><m2xmlReleaseNo>020</m2xmlReleaseNo><mvmtHdr mvmtTp="OPN">
    <cmt>Raise loan</cmt>
  </mvmtHdr><mvmtSrc>
    <ctlr>lghths-sg</ctlr>
    <ctlrMvmtRef>703009725</ctlrMvmtRef>
    <srcRecType>Deposits &amp; Loans Transaction</srcRecType>
    <srcTransType>Raise Loan</srcTransType>
  </mvmtSrc><extSys>
    <extSysID>SAR</extSysID>
    <extSysRef>704124367</extSysRef>
  </extSys><hldCpt1 amtScheme="m2">
    <hldId>
      <ptfl>83663293.6000</ptfl>
      <ctlrOwnr>83663293</ctlrOwnr>
      <ctlrAcct>83663293</ctlrAcct>
      <ownrRefCcy>USD</ownrRefCcy>
      <ccy>EUR</ccy>
      <asst>EUR</asst>
      <asstIDs>
        <asstRef refType="CURRENCY">EUR</asstRef>
      </asstIDs>
      <asstDetail>
        <type>MoneyMarket</type>
        <desc>EUR Fixed Loan</desc>
        <asstMnyMktDetails>
          <mnyMktType>Loan</mnyMktType>
          <mnyMktTerm termType="Fixed">2021-05-04</mnyMktTerm>
          <mnyMktAmt ccy="EUR">-278595.95</mnyMktAmt>
          <intRate>0.65</intRate>
          <mnyMktRef>143369001</mnyMktRef>
          <mnyMktName>s/t Fixed Advance Fix EUR 0.65% 03.05.2021-04.05</mnyMktName>
          <matDate>2021-05-04</matDate>
          <startDate>2021-05-03</startDate>
        </asstMnyMktDetails>
      </asstDetail>
    </hldId>
    <effDt>2021-05-03</effDt>
    <settleDt>2021-05-03</settleDt>
    <grAmt ccy="EUR">-278595.95</grAmt>
    <netAmt ccy="EUR">-278595.95</netAmt>
  </hldCpt1><hldCpt2 amtScheme="m2">
    <hldId>
      <ptfl>83663293.6000</ptfl>
      <ctlrOwnr>83663293</ctlrOwnr>
      <ctlrAcct>83663293.4003/EUR/KK</ctlrAcct>
      <ccy>EUR</ccy>
      <asst>EUR</asst>
      <asstIDs>
        <asstRef refType="CURRENCY">EUR</asstRef>
      </asstIDs>
    </hldId>
    <effDt>2021-05-03</effDt>
    <grAmt ccy="EUR">278595.95</grAmt>
    <netAmt ccy="EUR">278595.95</netAmt>
  </hldCpt2></M001><M001><tkn /><m2xmlReleaseNo>020</m2xmlReleaseNo><mvmtHdr mvmtTp="OPN">
    <cmt>Raise loan</cmt>
  </mvmtHdr><mvmtSrc>
    <ctlr>lghths-sg</ctlr>
    <ctlrMvmtRef>703314640</ctlrMvmtRef>
    <srcRecType>Deposits &amp; Loans Transaction</srcRecType>
    <srcTransType>Raise Loan</srcTransType>
  </mvmtSrc><extSys>
    <extSysID>SAR</extSysID>
    <extSysRef>704124367</extSysRef>
  </extSys><hldCpt1 amtScheme="m2">
    <hldId>
      <ptfl>83667931.6000</ptfl>
      <ctlrOwnr>83667931</ctlrOwnr>
      <ctlrAcct>83667931</ctlrAcct>
      <ownrRefCcy>USD</ownrRefCcy>
      <ccy>USD</ccy>
      <asst>USD</asst>
      <asstIDs>
        <asstRef refType="CURRENCY">USD</asstRef>
      </asstIDs>
      <asstDetail>
        <type>MoneyMarket</type>
        <desc>USD Fixed Loan</desc>
        <asstMnyMktDetails>
          <mnyMktType>Loan</mnyMktType>
          <mnyMktTerm termType="Fixed">2021-05-11</mnyMktTerm>
          <mnyMktAmt ccy="USD">-333904.94</mnyMktAmt>
          <intRate>1.17775</intRate>
          <mnyMktRef>143368868</mnyMktRef>
          <mnyMktName>s/t Fixed Advance Fix USD 1.17775% 04.05.2021-11</mnyMktName>
          <matDate>2021-05-11</matDate>
          <startDate>2021-05-04</startDate>
        </asstMnyMktDetails>
      </asstDetail>
    </hldId>
    <effDt>2021-05-03</effDt>
    <settleDt>2021-05-04</settleDt>
    <grAmt ccy="USD">-333904.94</grAmt>
    <netAmt ccy="USD">-333904.94</netAmt>
  </hldCpt1><hldCpt2 amtScheme="m2">
    <hldId>
      <ptfl>83667931.6000</ptfl>
      <ctlrOwnr>83667931</ctlrOwnr>
      <ctlrAcct>83667931.4000/USD/KK</ctlrAcct>
      <ccy>USD</ccy>
      <asst>USD</asst>
      <asstIDs>
        <asstRef refType="CURRENCY">USD</asstRef>
      </asstIDs>
    </hldId>
    <effDt>2021-05-03</effDt>
    <grAmt ccy="USD">333904.94</grAmt>
    <netAmt ccy="USD">333904.94</netAmt>
  </hldCpt2></M001><M001><tkn /><m2xmlReleaseNo>020</m2xmlReleaseNo><mvmtHdr mvmtTp="COU">
    <cmt>Interest 200,000 ISIN US62828M2A84</cmt>
  </mvmtHdr><mvmtSrc>
    <ctlr>lghths-sg</ctlr>
    <ctlrMvmtRef>704124367</ctlrMvmtRef>
    <srcRecType>Cash Transaction</srcRecType>
    <srcTransType>Interest</srcTransType>
  </mvmtSrc><extSys>
    <extSysID>SAR</extSysID>
    <extSysRef>704124367</extSysRef>
  </extSys><hldCpt1 amtScheme="m2">
    <hldId>
      <ptfl>83663279.6000</ptfl>
      <ctlrOwnr>83663279</ctlrOwnr>
      <ctlrAcct>83663279.6000</ctlrAcct>
      <ownrRefCcy>USD</ownrRefCcy>
      <ccy>USD</ccy>
      <asst>US62828M2A84</asst>
      <asstIDs>
        <asstRef refType="ISIN">US62828M2A84</asstRef>
        <asstRef refType="Valor">50738431</asstRef>
        <asstRef refType="SARA">000138717209</asstRef>
      </asstIDs>
      <asstDetail>
        <isin>US62828M2A84</isin>
        <type>Bond</type>
        <cntry>IN/India</cntry>
        <desc>6.125% Muthoot Finance Ltd MT-Notes 2019-2022 Global RegS</desc>
        <issueCcy>USD</issueCcy>
        <issueDate>2019-10-31</issueDate>
        <latestPrc ccy="USD">103.625</latestPrc>
        <latestPrcDate>2021-04-30</latestPrcDate>
        <prcFactor>.01</prcFactor>
        <asstBondDetails>
          <matDate>2022-10-31</matDate>
          <intRate>6.125</intRate>
          <calcBasis>30E/360</calcBasis>
          <intFreq>2</intFreq>
          <intDate>2020-04-30</intDate>
          <intCcy>USD</intCcy>
          <rating>BB</rating>
        </asstBondDetails>
      </asstDetail>
    </hldId>
    <effDt>2021-05-03</effDt>
    <settleDt>2021-04-30</settleDt>
    <qty>200000</qty>
    <grAmt ccy="USD">6125</grAmt>
    <netAmt ccy="USD">6125</netAmt>
  </hldCpt1><hldCpt2 amtScheme="m2">
    <hldId>
      <ptfl>83663279.6000</ptfl>
      <ctlrOwnr>83663279</ctlrOwnr>
      <ctlrAcct>83663279.4000/USD/KK</ctlrAcct>
      <ccy>USD</ccy>
      <asst>USD</asst>
      <asstIDs>
        <asstRef refType="CURRENCY">USD</asstRef>
      </asstIDs>
    </hldId>
    <effDt>2021-05-03</effDt>
    <grAmt ccy="USD">6125</grAmt>
    <netAmt ccy="USD">6125</netAmt>
  </hldCpt2></M001></m2:M006>
