<?xml version="1.0" encoding="UTF-8"?>
<m2:M006 xmlns:m2="http://www.mym2.com" xmlns:xsi="http://www.w3.org/2001/XMLSchema-instance" xsi:schemaLocation="http://www.mym2.com http://www.mym2.com/schemas/M2RequestSchema.xsd"><M001><tkn /><m2xmlReleaseNo>020</m2xmlReleaseNo><mvmtHdr mvmtTp="OPN">
    <cmt>Raise loan</cmt>
  </mvmtHdr><mvmtSrc>
    <ctlr>lghths-sg</ctlr>
    <ctlrMvmtRef>700941938</ctlrMvmtRef>
    <srcRecType>Deposits &amp; Loans Transaction</srcRecType>
    <srcTransType>Raise Loan</srcTransType>
  </mvmtSrc><extSys>
    <extSysID>SAR</extSysID>
    <extSysRef>699825823</extSysRef>
  </extSys><hldCpt1 amtScheme="m2">
    <hldId>
      <ptfl>83663279.6000</ptfl>
      <ctlrOwnr>83663279</ctlrOwnr>
      <ctlrAcct>83663279</ctlrAcct>
      <ownrRefCcy>USD</ownrRefCcy>
      <ccy>USD</ccy>
      <asst>USD</asst>
      <asstIDs>
        <asstRef refType="CURRENCY">USD</asstRef>
      </asstIDs>
      <asstDetail>
        <type>MoneyMarket</type>
        <desc>USD Fixed Loan</desc>
        <asstMnyMktDetails>
          <mnyMktType>Loan</mnyMktType>
          <mnyMktTerm termType="Fixed">2021-04-28</mnyMktTerm>
          <mnyMktAmt ccy="USD">-284149.62</mnyMktAmt>
          <intRate>0.94</intRate>
          <mnyMktRef>143209960</mnyMktRef>
          <mnyMktName>s/t Fixed Advance Fix USD 0.94% 21.04.2021-28.04</mnyMktName>
          <matDate>2021-04-28</matDate>
          <startDate>2021-04-21</startDate>
        </asstMnyMktDetails>
      </asstDetail>
    </hldId>
    <effDt>2021-04-20</effDt>
    <settleDt>2021-04-21</settleDt>
    <grAmt ccy="USD">-284149.62</grAmt>
    <netAmt ccy="USD">-284149.62</netAmt>
  </hldCpt1><hldCpt2 amtScheme="m2">
    <hldId>
      <ptfl>83663279.6000</ptfl>
      <ctlrOwnr>83663279</ctlrOwnr>
      <ctlrAcct>83663279.4000/USD/KK</ctlrAcct>
      <ccy>USD</ccy>
      <asst>USD</asst>
      <asstIDs>
        <asstRef refType="CURRENCY">USD</asstRef>
      </asstIDs>
    </hldId>
    <effDt>2021-04-20</effDt>
    <grAmt ccy="USD">284149.62</grAmt>
    <netAmt ccy="USD">284149.62</netAmt>
  </hldCpt2></M001><M001><tkn /><m2xmlReleaseNo>020</m2xmlReleaseNo><mvmtHdr mvmtTp="CLS">
    <cmt>Close Loan</cmt>
  </mvmtHdr><mvmtSrc>
    <ctlr>lghths-sg</ctlr>
    <ctlrMvmtRef>700997405</ctlrMvmtRef>
    <srcRecType>Deposits &amp; Loans Transaction</srcRecType>
    <srcTransType>Close Loan</srcTransType>
  </mvmtSrc><extSys>
    <extSysID>SAR</extSysID>
    <extSysRef>699825823</extSysRef>
  </extSys><hldCpt1 amtScheme="m2">
    <hldId>
      <ptfl>83663293.6000</ptfl>
      <ctlrOwnr>83663293</ctlrOwnr>
      <ctlrAcct>83663293</ctlrAcct>
      <ownrRefCcy>USD</ownrRefCcy>
      <ccy>GBP</ccy>
      <asst>GBP</asst>
      <asstIDs>
        <asstRef refType="CURRENCY">GBP</asstRef>
      </asstIDs>
      <asstDetail>
        <type>MoneyMarket</type>
        <desc>GBP Fixed Loan</desc>
        <asstMnyMktDetails>
          <mnyMktType>Loan</mnyMktType>
          <mnyMktTerm termType="Fixed">2021-04-22</mnyMktTerm>
          <mnyMktAmt ccy="GBP">0</mnyMktAmt>
          <intRate>0.8945</intRate>
          <mnyMktRef>143160818</mnyMktRef>
          <mnyMktName>s/t Fixed Advance Fix GBP 0.8945% 15.04.2021-22.</mnyMktName>
          <matDate>2021-04-22</matDate>
          <startDate>2021-04-15</startDate>
        </asstMnyMktDetails>
      </asstDetail>
    </hldId>
    <effDt>2021-04-20</effDt>
    <settleDt>2021-04-22</settleDt>
    <grAmt ccy="GBP">216765.39</grAmt>
    <netAmt ccy="GBP">216765.39</netAmt>
  </hldCpt1><hldCpt2 amtScheme="m2">
    <hldId>
      <ptfl>83663293.6000</ptfl>
      <ctlrOwnr>83663293</ctlrOwnr>
      <ctlrAcct>83663293.4001/GBP/KK</ctlrAcct>
      <ccy>GBP</ccy>
      <asst>GBP</asst>
      <asstIDs>
        <asstRef refType="CURRENCY">GBP</asstRef>
      </asstIDs>
    </hldId>
    <effDt>2021-04-20</effDt>
    <grAmt ccy="GBP">-216802.58</grAmt>
    <netAmt ccy="GBP">-216802.58</netAmt>
  </hldCpt2><chrgGp amtScheme="m2">
    <chrgCpt>
      <ctgy>CIP</ctgy>
      <ctgyAmt ccy="GBP">-37.19</ctgyAmt>
      <chrgDesc>Interest Paid</chrgDesc>
    </chrgCpt>
  </chrgGp></M001><M001><tkn /><m2xmlReleaseNo>020</m2xmlReleaseNo><mvmtHdr mvmtTp="OPN">
    <cmt>Raise loan</cmt>
  </mvmtHdr><mvmtSrc>
    <ctlr>lghths-sg</ctlr>
    <ctlrMvmtRef>700942286</ctlrMvmtRef>
    <srcRecType>Deposits &amp; Loans Transaction</srcRecType>
    <srcTransType>Raise Loan</srcTransType>
  </mvmtSrc><extSys>
    <extSysID>SAR</extSysID>
    <extSysRef>699825823</extSysRef>
  </extSys><hldCpt1 amtScheme="m2">
    <hldId>
      <ptfl>83663293.6000</ptfl>
      <ctlrOwnr>83663293</ctlrOwnr>
      <ctlrAcct>83663293</ctlrAcct>
      <ownrRefCcy>USD</ownrRefCcy>
      <ccy>USD</ccy>
      <asst>USD</asst>
      <asstIDs>
        <asstRef refType="CURRENCY">USD</asstRef>
      </asstIDs>
      <asstDetail>
        <type>MoneyMarket</type>
        <desc>USD Fixed Loan</desc>
        <asstMnyMktDetails>
          <mnyMktType>Loan</mnyMktType>
          <mnyMktTerm termType="Fixed">2021-04-28</mnyMktTerm>
          <mnyMktAmt ccy="USD">-654510.23</mnyMktAmt>
          <intRate>0.94</intRate>
          <mnyMktRef>143205090</mnyMktRef>
          <mnyMktName>s/t Fixed Advance Fix USD 0.94% 21.04.2021-28.04</mnyMktName>
          <matDate>2021-04-28</matDate>
          <startDate>2021-04-21</startDate>
        </asstMnyMktDetails>
      </asstDetail>
    </hldId>
    <effDt>2021-04-20</effDt>
    <settleDt>2021-04-21</settleDt>
    <grAmt ccy="USD">-654510.23</grAmt>
    <netAmt ccy="USD">-654510.23</netAmt>
  </hldCpt1><hldCpt2 amtScheme="m2">
    <hldId>
      <ptfl>83663293.6000</ptfl>
      <ctlrOwnr>83663293</ctlrOwnr>
      <ctlrAcct>83663293.4000/USD/KK</ctlrAcct>
      <ccy>USD</ccy>
      <asst>USD</asst>
      <asstIDs>
        <asstRef refType="CURRENCY">USD</asstRef>
      </asstIDs>
    </hldId>
    <effDt>2021-04-20</effDt>
    <grAmt ccy="USD">654510.23</grAmt>
    <netAmt ccy="USD">654510.23</netAmt>
  </hldCpt2></M001><M001><tkn /><m2xmlReleaseNo>020</m2xmlReleaseNo><mvmtHdr mvmtTp="COU">
    <cmt>Interest 250,000 ISIN XS2113454115</cmt>
  </mvmtHdr><mvmtSrc>
    <ctlr>lghths-sg</ctlr>
    <ctlrMvmtRef>701188876</ctlrMvmtRef>
    <srcRecType>Cash Transaction</srcRecType>
    <srcTransType>Interest</srcTransType>
  </mvmtSrc><extSys>
    <extSysID>SAR</extSysID>
    <extSysRef>701188876</extSysRef>
  </extSys><hldCpt1 amtScheme="m2">
    <hldId>
      <ptfl>83663293.6000</ptfl>
      <ctlrOwnr>83663293</ctlrOwnr>
      <ctlrAcct>83663293.6000</ctlrAcct>
      <ownrRefCcy>USD</ownrRefCcy>
      <ccy>USD</ccy>
      <asst>XS2113454115</asst>
      <asstIDs>
        <asstRef refType="ISIN">XS2113454115</asstRef>
        <asstRef refType="Valor">52582813</asstRef>
        <asstRef refType="SARA">000139600480</asstRef>
      </asstIDs>
      <asstDetail>
        <isin>XS2113454115</isin>
        <type>Bond</type>
        <cntry>IN/India</cntry>
        <desc>5.875% India Infoline Finance Ltd Emt-Notes 2020-2023</desc>
        <issueCcy>USD</issueCcy>
        <issueDate>2020-02-20</issueDate>
        <latestPrc ccy="USD">96.785</latestPrc>
        <latestPrcDate>2021-04-19</latestPrcDate>
        <prcFactor>.01</prcFactor>
        <asstBondDetails>
          <matDate>2023-04-20</matDate>
          <intRate>5.875</intRate>
          <calcBasis>30/360</calcBasis>
          <intFreq>2</intFreq>
          <intDate>2020-04-20</intDate>
          <intCcy>USD</intCcy>
          <rating>BB-</rating>
        </asstBondDetails>
      </asstDetail>
    </hldId>
    <effDt>2021-04-20</effDt>
    <settleDt>2021-04-20</settleDt>
    <qty>250000</qty>
    <grAmt ccy="USD">7343.75</grAmt>
    <netAmt ccy="USD">7343.75</netAmt>
  </hldCpt1><hldCpt2 amtScheme="m2">
    <hldId>
      <ptfl>83663293.6000</ptfl>
      <ctlrOwnr>83663293</ctlrOwnr>
      <ctlrAcct>83663293.4000/USD/KK</ctlrAcct>
      <ccy>USD</ccy>
      <asst>USD</asst>
      <asstIDs>
        <asstRef refType="CURRENCY">USD</asstRef>
      </asstIDs>
    </hldId>
    <effDt>2021-04-20</effDt>
    <grAmt ccy="USD">7343.75</grAmt>
    <netAmt ccy="USD">7343.75</netAmt>
  </hldCpt2></M001><M001><tkn /><m2xmlReleaseNo>020</m2xmlReleaseNo><mvmtHdr mvmtTp="PMS">
    <cmt>Payment</cmt>
  </mvmtHdr><mvmtSrc>
    <ctlr>lghths-sg</ctlr>
    <ctlrMvmtRef>701002352</ctlrMvmtRef>
    <srcRecType>Cash Transaction</srcRecType>
    <srcTransType>Payment</srcTransType>
  </mvmtSrc><extSys>
    <extSysID>SAR</extSysID>
    <extSysRef>701002352</extSysRef>
  </extSys><hldCpt1 amtScheme="m2">
    <hldId>
      <ptfl>83663293.6000</ptfl>
      <ctlrOwnr>83663293</ctlrOwnr>
      <ctlrAcct>83663293.4000/USD/KK</ctlrAcct>
      <ownrRefCcy>USD</ownrRefCcy>
      <ccy>USD</ccy>
      <asst>USD</asst>
      <asstIDs>
        <asstRef refType="CURRENCY">USD</asstRef>
      </asstIDs>
    </hldId>
    <effDt>2021-04-20</effDt>
    <settleDt>2021-04-21</settleDt>
    <grAmt ccy="USD">-100000</grAmt>
    <netAmt ccy="USD">-100000</netAmt>
  </hldCpt1></M001><M001><tkn /><m2xmlReleaseNo>020</m2xmlReleaseNo><mvmtHdr mvmtTp="BUY">
    <cmt>Bought 600 ISIN US01609W1027 @ 232.77 USD</cmt>
  </mvmtHdr><mvmtSrc>
    <ctlr>lghths-sg</ctlr>
    <ctlrMvmtRef>701173021</ctlrMvmtRef>
    <srcRecType>Security Transaction</srcRecType>
    <srcTransType>Buy</srcTransType>
  </mvmtSrc><extSys>
    <extSysID>SAR</extSysID>
    <extSysRef>701173021</extSysRef>
  </extSys><hldCpt1 amtScheme="m2">
    <hldId>
      <ptfl>83663293.6000</ptfl>
      <ctlrOwnr>83663293</ctlrOwnr>
      <ctlrAcct>83663293.6000</ctlrAcct>
      <ownrRefCcy>USD</ownrRefCcy>
      <ccy>USD</ccy>
      <asst>US01609W1027</asst>
      <asstIDs>
        <asstRef refType="ISIN">US01609W1027</asstRef>
        <asstRef refType="Valor">24409862</asstRef>
        <asstRef refType="SARA">000123993236</asstRef>
      </asstIDs>
      <asstDetail>
        <isin>US01609W1027</isin>
        <type>Share</type>
        <cntry>KY/Cayman Islands</cntry>
        <desc>Alibaba Group Holding Ltd -ADS- (8 Shs)</desc>
        <issueCcy>USD</issueCcy>
        <latestPrc ccy="USD">229.88</latestPrc>
        <latestPrcDate>2021-04-19</latestPrcDate>
        <prcFactor>1</prcFactor>
      </asstDetail>
    </hldId>
    <effDt>2021-04-20</effDt>
    <settleDt>2021-04-22</settleDt>
    <qty>600</qty>
    <prc ccy="USD">232.77</prc>
    <grTrdAmt ccy="USD">139662</grTrdAmt>
    <grAmt ccy="USD">139662</grAmt>
    <netAmt ccy="USD">140035.6</netAmt>
  </hldCpt1><hldCpt2 amtScheme="m2">
    <hldId>
      <ptfl>83663293.6000</ptfl>
      <ctlrOwnr>83663293</ctlrOwnr>
      <ctlrAcct>83663293.4000/USD/KK</ctlrAcct>
      <ccy>USD</ccy>
      <asst>USD</asst>
      <asstIDs>
        <asstRef refType="CURRENCY">USD</asstRef>
      </asstIDs>
    </hldId>
    <effDt>2021-04-20</effDt>
    <grAmt ccy="USD">-140035.6</grAmt>
    <netAmt ccy="USD">-140035.6</netAmt>
  </hldCpt2><chrgGp amtScheme="m2">
    <chrgCpt>
      <ctgy>EXE</ctgy>
      <ctgyAmt ccy="USD">-349.16</ctgyAmt>
      <chrgDesc>Stex Commissions</chrgDesc>
    </chrgCpt>
    <chrgCpt>
      <ctgy>VAT</ctgy>
      <ctgyAmt ccy="USD">-24.44</ctgyAmt>
      <chrgDesc>VAT</chrgDesc>
    </chrgCpt>
  </chrgGp></M001><M001><tkn /><m2xmlReleaseNo>020</m2xmlReleaseNo><mvmtHdr mvmtTp="BUY">
    <cmt>Bought 250,000 ISIN CH1108195541 @ 100 USD</cmt>
  </mvmtHdr><mvmtSrc>
    <ctlr>lghths-sg</ctlr>
    <ctlrMvmtRef>699825823</ctlrMvmtRef>
    <srcRecType>Security Transaction</srcRecType>
    <srcTransType>Buy</srcTransType>
  </mvmtSrc><extSys>
    <extSysID>SAR</extSysID>
    <extSysRef>699825823</extSysRef>
  </extSys><hldCpt1 amtScheme="m2">
    <hldId>
      <ptfl>83663279.6000</ptfl>
      <ctlrOwnr>83663279</ctlrOwnr>
      <ctlrAcct>83663279.6000</ctlrAcct>
      <ownrRefCcy>USD</ownrRefCcy>
      <ccy>USD</ccy>
      <asst>CH1108195541</asst>
      <asstIDs>
        <asstRef refType="ISIN">CH1108195541</asstRef>
        <asstRef refType="Valor">110819554</asstRef>
        <asstRef refType="SARA">000143144744</asstRef>
      </asstIDs>
      <asstDetail>
        <isin>CH1108195541</isin>
        <type>Bond</type>
        <cntry>00939</cntry>
        <desc>8% Vontobel Financial Products Ltd Facebook Inc -A- STR 262.4158 Microsoft Corp STR 216.3071 Autocallable Fixed Coupon Notes 27.10.2021 Repayment cash or physical</desc>
        <issueCcy>USD</issueCcy>
        <issueDate>2021-04-27</issueDate>
        <latestPrc ccy="USD">98.4</latestPrc>
        <latestPrcDate>2021-04-19</latestPrcDate>
        <prcFactor>.01</prcFactor>
        <asstBondDetails>
          <matDate>2021-10-29</matDate>
          <intRate>0.0</intRate>
          <intFreq>12</intFreq>
          <intDate>2021-06-01</intDate>
          <intCcy>USD</intCcy>
        </asstBondDetails>
      </asstDetail>
    </hldId>
    <effDt>2021-04-13</effDt>
    <settleDt>2021-04-27</settleDt>
    <qty>250000</qty>
    <prc ccy="USD">100</prc>
    <grTrdAmt ccy="USD">248750</grTrdAmt>
    <grAmt ccy="USD">250000</grAmt>
    <netAmt ccy="USD">250000</netAmt>
  </hldCpt1><hldCpt2 amtScheme="m2">
    <hldId>
      <ptfl>83663279.6000</ptfl>
      <ctlrOwnr>83663279</ctlrOwnr>
      <ctlrAcct>83663279.4000/USD/KK</ctlrAcct>
      <ccy>USD</ccy>
      <asst>USD</asst>
      <asstIDs>
        <asstRef refType="CURRENCY">USD</asstRef>
      </asstIDs>
    </hldId>
    <effDt>2021-04-13</effDt>
    <grAmt ccy="USD">-250000</grAmt>
    <netAmt ccy="USD">-250000</netAmt>
  </hldCpt2></M001></m2:M006>
