<?xml version="1.0" encoding="UTF-8"?>
<m2:M006 xmlns:m2="http://www.mym2.com" xmlns:xsi="http://www.w3.org/2001/XMLSchema-instance" xsi:schemaLocation="http://www.mym2.com http://www.mym2.com/schemas/M2RequestSchema.xsd"><M001><tkn /><m2xmlReleaseNo>020</m2xmlReleaseNo><mvmtHdr mvmtTp="CLS">
    <cmt>Close Loan</cmt>
  </mvmtHdr><mvmtSrc>
    <ctlr>lghths-sg</ctlr>
    <ctlrMvmtRef>711615915</ctlrMvmtRef>
    <srcRecType>Deposits &amp; Loans Transaction</srcRecType>
    <srcTransType>Close Loan</srcTransType>
  </mvmtSrc><extSys>
    <extSysID>SAR</extSysID>
    <extSysRef>699544806</extSysRef>
  </extSys><hldCpt1 amtScheme="m2">
    <hldId>
      <ptfl>83667931.6000</ptfl>
      <ctlrOwnr>83667931</ctlrOwnr>
      <ctlrAcct>83667931</ctlrAcct>
      <ownrRefCcy>USD</ownrRefCcy>
      <ccy>USD</ccy>
      <asst>USD</asst>
      <asstIDs>
        <asstRef refType="CURRENCY">USD</asstRef>
      </asstIDs>
      <asstDetail>
        <type>MoneyMarket</type>
        <desc>USD Fixed Loan</desc>
        <asstMnyMktDetails>
          <mnyMktType>Loan</mnyMktType>
          <mnyMktTerm termType="Fixed">2021-06-08</mnyMktTerm>
          <mnyMktAmt ccy="USD">-334209.12</mnyMktAmt>
          <intRate>1.158</intRate>
          <mnyMktRef>143609833</mnyMktRef>
          <mnyMktName>s/t Fixed Advance Fix USD 1.158% 01.06.2021-08.0</mnyMktName>
          <matDate>2021-06-08</matDate>
          <startDate>2021-06-01</startDate>
        </asstMnyMktDetails>
      </asstDetail>
    </hldId>
    <effDt>2021-06-04</effDt>
    <settleDt>2021-06-08</settleDt>
    <grAmt ccy="USD">334209.12</grAmt>
    <netAmt ccy="USD">334209.12</netAmt>
  </hldCpt1><hldCpt2 amtScheme="m2">
    <hldId>
      <ptfl>83667931.6000</ptfl>
      <ctlrOwnr>83667931</ctlrOwnr>
      <ctlrAcct>83667931.4000/USD/KK</ctlrAcct>
      <ccy>USD</ccy>
      <asst>USD</asst>
      <asstIDs>
        <asstRef refType="CURRENCY">USD</asstRef>
      </asstIDs>
    </hldId>
    <effDt>2021-06-04</effDt>
    <grAmt ccy="USD">-334284.37</grAmt>
    <netAmt ccy="USD">-334284.37</netAmt>
  </hldCpt2><chrgGp amtScheme="m2">
    <chrgCpt>
      <ctgy>CIP</ctgy>
      <ctgyAmt ccy="USD">-75.25</ctgyAmt>
      <chrgDesc>Interest Paid</chrgDesc>
    </chrgCpt>
  </chrgGp></M001><M001><tkn /><m2xmlReleaseNo>020</m2xmlReleaseNo><mvmtHdr mvmtTp="OPN">
    <cmt>Raise loan</cmt>
  </mvmtHdr><mvmtSrc>
    <ctlr>lghths-sg</ctlr>
    <ctlrMvmtRef>711615918</ctlrMvmtRef>
    <srcRecType>Deposits &amp; Loans Transaction</srcRecType>
    <srcTransType>Raise Loan</srcTransType>
  </mvmtSrc><extSys>
    <extSysID>SAR</extSysID>
    <extSysRef>699544806</extSysRef>
  </extSys><hldCpt1 amtScheme="m2">
    <hldId>
      <ptfl>83667931.6000</ptfl>
      <ctlrOwnr>83667931</ctlrOwnr>
      <ctlrAcct>83667931</ctlrAcct>
      <ownrRefCcy>USD</ownrRefCcy>
      <ccy>USD</ccy>
      <asst>USD</asst>
      <asstIDs>
        <asstRef refType="CURRENCY">USD</asstRef>
      </asstIDs>
      <asstDetail>
        <type>MoneyMarket</type>
        <desc>USD Fixed Loan</desc>
        <asstMnyMktDetails>
          <mnyMktType>Loan</mnyMktType>
          <mnyMktTerm termType="Fixed">2021-06-15</mnyMktTerm>
          <mnyMktAmt ccy="USD">-334284.37</mnyMktAmt>
          <intRate>1.1625</intRate>
          <mnyMktRef>143650145</mnyMktRef>
          <mnyMktName>s/t Fixed Advance Fix USD 1.1625% 08.06.2021-15.</mnyMktName>
          <matDate>2021-06-15</matDate>
          <startDate>2021-06-08</startDate>
        </asstMnyMktDetails>
      </asstDetail>
    </hldId>
    <effDt>2021-06-04</effDt>
    <settleDt>2021-06-08</settleDt>
    <grAmt ccy="USD">-334284.37</grAmt>
    <netAmt ccy="USD">-334284.37</netAmt>
  </hldCpt1><hldCpt2 amtScheme="m2">
    <hldId>
      <ptfl>83667931.6000</ptfl>
      <ctlrOwnr>83667931</ctlrOwnr>
      <ctlrAcct>83667931.4000/USD/KK</ctlrAcct>
      <ccy>USD</ccy>
      <asst>USD</asst>
      <asstIDs>
        <asstRef refType="CURRENCY">USD</asstRef>
      </asstIDs>
    </hldId>
    <effDt>2021-06-04</effDt>
    <grAmt ccy="USD">334284.37</grAmt>
    <netAmt ccy="USD">334284.37</netAmt>
  </hldCpt2></M001><M001><tkn /><m2xmlReleaseNo>020</m2xmlReleaseNo><mvmtHdr mvmtTp="SEL">
    <cmt>Switch (Redemption Leg) 3,929 ISIN KYG8135U1076 @ 116.152 US</cmt>
  </mvmtHdr><mvmtSrc>
    <ctlr>lghths-sg</ctlr>
    <ctlrMvmtRef>699544806</ctlrMvmtRef>
    <srcRecType>Security Transaction</srcRecType>
    <srcTransType>Switch (Redemption Leg)</srcTransType>
  </mvmtSrc><extSys>
    <extSysID>SAR</extSysID>
    <extSysRef>699544806</extSysRef>
  </extSys><hldCpt1 amtScheme="m2">
    <hldId>
      <ptfl>83663293.6000</ptfl>
      <ctlrOwnr>83663293</ctlrOwnr>
      <ctlrAcct>83663293.6000</ctlrAcct>
      <ownrRefCcy>USD</ownrRefCcy>
      <ccy>USD</ccy>
      <asst>KYG8135U1076</asst>
      <asstIDs>
        <asstRef refType="ISIN">KYG8135U1076</asstRef>
        <asstRef refType="Valor">28213010</asstRef>
        <asstRef refType="SARA">000131846096</asstRef>
      </asstIDs>
      <asstDetail>
        <isin>KYG8135U1076</isin>
        <type>Fund</type>
        <cntry>KY/Cayman Islands</cntry>
        <desc>Silverdale Fund SPC (USD) -1A- SP Distribution</desc>
        <issueCcy>USD</issueCcy>
        <latestPrc ccy="USD">117.7384</latestPrc>
        <latestPrcDate>2021-05-21</latestPrcDate>
        <prcFactor>1</prcFactor>
      </asstDetail>
    </hldId>
    <effDt>2021-04-19</effDt>
    <settleDt>2021-04-20</settleDt>
    <qty>-3929</qty>
    <prc ccy="USD">116.1521</prc>
    <grTrdAmt ccy="USD">-456361.6</grTrdAmt>
    <grAmt ccy="USD">-456361.6</grAmt>
    <netAmt ccy="USD">-456361.6</netAmt>
  </hldCpt1><hldCpt2 amtScheme="m2">
    <hldId>
      <ptfl>83663293.6000</ptfl>
      <ctlrOwnr>83663293</ctlrOwnr>
      <ctlrAcct>83663293.4000/USD/KK</ctlrAcct>
      <ccy>USD</ccy>
      <asst>USD</asst>
      <asstIDs>
        <asstRef refType="CURRENCY">USD</asstRef>
      </asstIDs>
    </hldId>
    <effDt>2021-04-19</effDt>
    <grAmt ccy="USD">456361.6</grAmt>
    <netAmt ccy="USD">456361.6</netAmt>
  </hldCpt2></M001><M001><tkn /><m2xmlReleaseNo>020</m2xmlReleaseNo><mvmtHdr mvmtTp="SEL">
    <cmt>Opening Sell 15 SARA 000143620479 @ 0.66 USD</cmt>
  </mvmtHdr><mvmtSrc>
    <ctlr>lghths-sg</ctlr>
    <ctlrMvmtRef>711843679</ctlrMvmtRef>
    <srcRecType>Security Transaction</srcRecType>
    <srcTransType>Opening Sell</srcTransType>
  </mvmtSrc><extSys>
    <extSysID>SAR</extSysID>
    <extSysRef>711843679</extSysRef>
  </extSys><hldCpt1 amtScheme="m2">
    <hldId>
      <ptfl>83663293.6000</ptfl>
      <ctlrOwnr>83663293</ctlrOwnr>
      <ctlrAcct>83663293.6000</ctlrAcct>
      <ownrRefCcy>USD</ownrRefCcy>
      <ccy>USD</ccy>
      <asst>000143620479</asst>
      <asstIDs>
        <asstRef refType="SARA">000143620479</asstRef>
      </asstIDs>
      <asstDetail>
        <type>Option</type>
        <cntry>US/United States of America</cntry>
        <desc>Apple Inc Put 16.07.2021 110 (AAPL US)</desc>
        <issueCcy>USD</issueCcy>
        <latestPrc ccy="USD">0.69</latestPrc>
        <latestPrcDate>2021-06-03</latestPrcDate>
        <prcFactor>100</prcFactor>
        <asstDerivDetails>
          <contractSize>100</contractSize>
          <strike>110</strike>
          <expDate>2021-07-16</expDate>
          <putCallInd>P</putCallInd>
          <underlyingAsstIDs>
            <asstRef refType="ISIN">US0378331005</asstRef>
          </underlyingAsstIDs>
          <underlyingAsstDesc>Apple Inc</underlyingAsstDesc>
          <underlyingAsstType>Share</underlyingAsstType>
          <longShortInd>S</longShortInd>
        </asstDerivDetails>
      </asstDetail>
    </hldId>
    <effDt>2021-06-02</effDt>
    <settleDt>2021-06-03</settleDt>
    <qty>-15</qty>
    <prc ccy="USD">0.66</prc>
    <grTrdAmt ccy="USD">-990</grTrdAmt>
    <grAmt ccy="USD">-990</grAmt>
    <netAmt ccy="USD">-776</netAmt>
  </hldCpt1><hldCpt2 amtScheme="m2">
    <hldId>
      <ptfl>83663293.6000</ptfl>
      <ctlrOwnr>83663293</ctlrOwnr>
      <ctlrAcct>83663293.4000/USD/KK</ctlrAcct>
      <ccy>USD</ccy>
      <asst>USD</asst>
      <asstIDs>
        <asstRef refType="CURRENCY">USD</asstRef>
      </asstIDs>
    </hldId>
    <effDt>2021-06-02</effDt>
    <grAmt ccy="USD">776</grAmt>
    <netAmt ccy="USD">776</netAmt>
  </hldCpt2><chrgGp amtScheme="m2">
    <chrgCpt>
      <ctgy>EXE</ctgy>
      <ctgyAmt ccy="USD">-200</ctgyAmt>
      <chrgDesc>Stex Commissions</chrgDesc>
    </chrgCpt>
    <chrgCpt>
      <ctgy>VAT</ctgy>
      <ctgyAmt ccy="USD">-14</ctgyAmt>
      <chrgDesc>VAT</chrgDesc>
    </chrgCpt>
  </chrgGp></M001></m2:M006>
