<?xml version="1.0" encoding="UTF-8"?>
<m2:M006 xmlns:m2="http://www.mym2.com" xmlns:xsi="http://www.w3.org/2001/XMLSchema-instance" xsi:schemaLocation="http://www.mym2.com http://www.mym2.com/schemas/M2RequestSchema.xsd"><M001><tkn /><m2xmlReleaseNo>020</m2xmlReleaseNo><mvmtHdr mvmtTp="SEL">
    <cmt>Opening Sell 40 SARA 000142452044 @ 0.228 HKD</cmt>
  </mvmtHdr><mvmtSrc>
    <ctlr>lghths-sg</ctlr>
    <ctlrMvmtRef>683766380</ctlrMvmtRef>
    <srcRecType>Security Transaction</srcRecType>
    <srcTransType>Opening Sell</srcTransType>
  </mvmtSrc><extSys>
    <extSysID>SAR</extSysID>
    <extSysRef>683766380</extSysRef>
  </extSys><hldCpt1 amtScheme="m2">
    <hldId>
      <ptfl>83663293.6000</ptfl>
      <ctlrOwnr>83663293</ctlrOwnr>
      <ctlrAcct>83663293.6000</ctlrAcct>
      <ownrRefCcy>USD</ownrRefCcy>
      <ccy>HKD</ccy>
      <asst>000142452044</asst>
      <asstIDs>
        <asstRef refType="SARA">000142452044</asstRef>
      </asstIDs>
      <asstDetail>
        <type>Option</type>
        <cntry>HK/Hong Kong</cntry>
        <desc>China Overseas Land &amp; Investment Ltd Call 30.03.2021 22 (688 HK) XHKF</desc>
        <issueCcy>HKD</issueCcy>
        <latestPrc ccy="HKD">0.18</latestPrc>
        <latestPrcDate>2021-01-28</latestPrcDate>
        <prcFactor>2000</prcFactor>
        <asstDerivDetails>
          <contractSize>2000</contractSize>
          <strike>22</strike>
          <expDate>2021-03-30</expDate>
          <putCallInd>C</putCallInd>
          <underlyingAsstIDs>
            <asstRef refType="ISIN">HK0688002218</asstRef>
          </underlyingAsstIDs>
          <underlyingAsstDesc>China Overseas Land &amp; Investment Ltd</underlyingAsstDesc>
          <underlyingAsstType>Share</underlyingAsstType>
          <longShortInd>S</longShortInd>
        </asstDerivDetails>
      </asstDetail>
    </hldId>
    <effDt>2021-01-27</effDt>
    <settleDt>2021-01-28</settleDt>
    <qty>-40</qty>
    <prc ccy="HKD">0.2275</prc>
    <grTrdAmt ccy="HKD">-18200</grTrdAmt>
    <grAmt ccy="HKD">-18200</grAmt>
    <netAmt ccy="HKD">-15821.15</netAmt>
  </hldCpt1><hldCpt2 amtScheme="m2">
    <hldId>
      <ptfl>83663293.6000</ptfl>
      <ctlrOwnr>83663293</ctlrOwnr>
      <ctlrAcct>83663293.4005/HKD/KK</ctlrAcct>
      <ccy>HKD</ccy>
      <asst>HKD</asst>
      <asstIDs>
        <asstRef refType="CURRENCY">HKD</asstRef>
      </asstIDs>
    </hldId>
    <effDt>2021-01-27</effDt>
    <grAmt ccy="HKD">15821.15</grAmt>
    <netAmt ccy="HKD">15821.15</netAmt>
  </hldCpt2><chrgGp amtScheme="m2">
    <chrgCpt>
      <ctgy>FOR</ctgy>
      <ctgyAmt ccy="HKD">-720</ctgyAmt>
      <chrgDesc>Foreign Charges Stex</chrgDesc>
    </chrgCpt>
    <chrgCpt>
      <ctgy>EXE</ctgy>
      <ctgyAmt ccy="HKD">-1550.33</ctgyAmt>
      <chrgDesc>Stex Commissions</chrgDesc>
    </chrgCpt>
    <chrgCpt>
      <ctgy>VAT</ctgy>
      <ctgyAmt ccy="HKD">-108.52</ctgyAmt>
      <chrgDesc>VAT</chrgDesc>
    </chrgCpt>
  </chrgGp></M001></m2:M006>
