<?xml version="1.0" encoding="UTF-8"?>
<m2:M006 xmlns:m2="http://www.mym2.com" xmlns:xsi="http://www.w3.org/2001/XMLSchema-instance" xsi:schemaLocation="http://www.mym2.com http://www.mym2.com/schemas/M2RequestSchema.xsd"><M001><tkn /><m2xmlReleaseNo>020</m2xmlReleaseNo><mvmtHdr mvmtTp="CLS">
    <cmt>Close Loan</cmt>
  </mvmtHdr><mvmtSrc>
    <ctlr>lghths-sg</ctlr>
    <ctlrMvmtRef>714079227</ctlrMvmtRef>
    <srcRecType>Deposits &amp; Loans Transaction</srcRecType>
    <srcTransType>Close Loan</srcTransType>
  </mvmtSrc><extSys>
    <extSysID>SAR</extSysID>
    <extSysRef />
  </extSys><hldCpt1 amtScheme="m2">
    <hldId>
      <ptfl>83676187.6000</ptfl>
      <ctlrOwnr>83676187</ctlrOwnr>
      <ctlrAcct>83676187</ctlrAcct>
      <ownrRefCcy>USD</ownrRefCcy>
      <ccy>GBP</ccy>
      <asst>GBP</asst>
      <asstIDs>
        <asstRef refType="CURRENCY">GBP</asstRef>
      </asstIDs>
      <asstDetail>
        <type>MoneyMarket</type>
        <desc>GBP Fixed Loan</desc>
        <asstMnyMktDetails>
          <mnyMktType>Loan</mnyMktType>
          <mnyMktTerm termType="Fixed">2021-06-14</mnyMktTerm>
          <mnyMktAmt ccy="GBP">-200499.16</mnyMktAmt>
          <intRate>1.0</intRate>
          <mnyMktRef>143468184</mnyMktRef>
          <mnyMktName>s/t Fixed Advance Fix GBP 1% 17.05.2021-14.06.20</mnyMktName>
          <matDate>2021-06-14</matDate>
          <startDate>2021-05-17</startDate>
        </asstMnyMktDetails>
      </asstDetail>
    </hldId>
    <effDt>2021-06-10</effDt>
    <settleDt>2021-06-14</settleDt>
    <grAmt ccy="GBP">200499.16</grAmt>
    <netAmt ccy="GBP">200499.16</netAmt>
  </hldCpt1><hldCpt2 amtScheme="m2">
    <hldId>
      <ptfl>83676187.6000</ptfl>
      <ctlrOwnr>83676187</ctlrOwnr>
      <ctlrAcct>83676187.4001/GBP/KK</ctlrAcct>
      <ccy>GBP</ccy>
      <asst>GBP</asst>
      <asstIDs>
        <asstRef refType="CURRENCY">GBP</asstRef>
      </asstIDs>
    </hldId>
    <effDt>2021-06-10</effDt>
    <grAmt ccy="GBP">-200652.97</grAmt>
    <netAmt ccy="GBP">-200652.97</netAmt>
  </hldCpt2><chrgGp amtScheme="m2">
    <chrgCpt>
      <ctgy>CIP</ctgy>
      <ctgyAmt ccy="GBP">-153.81</ctgyAmt>
      <chrgDesc>Interest Paid</chrgDesc>
    </chrgCpt>
  </chrgGp></M001><M001><tkn /><m2xmlReleaseNo>020</m2xmlReleaseNo><mvmtHdr mvmtTp="OPN">
    <cmt>Raise loan</cmt>
  </mvmtHdr><mvmtSrc>
    <ctlr>lghths-sg</ctlr>
    <ctlrMvmtRef>713775981</ctlrMvmtRef>
    <srcRecType>Deposits &amp; Loans Transaction</srcRecType>
    <srcTransType>Raise Loan</srcTransType>
  </mvmtSrc><extSys>
    <extSysID>SAR</extSysID>
    <extSysRef />
  </extSys><hldCpt1 amtScheme="m2">
    <hldId>
      <ptfl>83663293.6000</ptfl>
      <ctlrOwnr>83663293</ctlrOwnr>
      <ctlrAcct>83663293</ctlrAcct>
      <ownrRefCcy>USD</ownrRefCcy>
      <ccy>USD</ccy>
      <asst>USD</asst>
      <asstIDs>
        <asstRef refType="CURRENCY">USD</asstRef>
      </asstIDs>
      <asstDetail>
        <type>MoneyMarket</type>
        <desc>USD Fixed Loan</desc>
        <asstMnyMktDetails>
          <mnyMktType>Loan</mnyMktType>
          <mnyMktTerm termType="Fixed">2021-06-18</mnyMktTerm>
          <mnyMktAmt ccy="USD">-374548.8</mnyMktAmt>
          <intRate>0.91313</intRate>
          <mnyMktRef>143697397</mnyMktRef>
          <mnyMktName>s/t Fixed Advance Fix USD 0.91313% 11.06.2021-18</mnyMktName>
          <matDate>2021-06-18</matDate>
          <startDate>2021-06-11</startDate>
        </asstMnyMktDetails>
      </asstDetail>
    </hldId>
    <effDt>2021-06-10</effDt>
    <settleDt>2021-06-11</settleDt>
    <grAmt ccy="USD">-374548.8</grAmt>
    <netAmt ccy="USD">-374548.8</netAmt>
  </hldCpt1><hldCpt2 amtScheme="m2">
    <hldId>
      <ptfl>83663293.6000</ptfl>
      <ctlrOwnr>83663293</ctlrOwnr>
      <ctlrAcct>83663293.4000/USD/KK</ctlrAcct>
      <ccy>USD</ccy>
      <asst>USD</asst>
      <asstIDs>
        <asstRef refType="CURRENCY">USD</asstRef>
      </asstIDs>
    </hldId>
    <effDt>2021-06-10</effDt>
    <grAmt ccy="USD">374548.8</grAmt>
    <netAmt ccy="USD">374548.8</netAmt>
  </hldCpt2></M001><M001><tkn /><m2xmlReleaseNo>020</m2xmlReleaseNo><mvmtHdr mvmtTp="OPN">
    <cmt>Raise loan</cmt>
  </mvmtHdr><mvmtSrc>
    <ctlr>lghths-sg</ctlr>
    <ctlrMvmtRef>713775964</ctlrMvmtRef>
    <srcRecType>Deposits &amp; Loans Transaction</srcRecType>
    <srcTransType>Raise Loan</srcTransType>
  </mvmtSrc><extSys>
    <extSysID>SAR</extSysID>
    <extSysRef />
  </extSys><hldCpt1 amtScheme="m2">
    <hldId>
      <ptfl>83663293.6000</ptfl>
      <ctlrOwnr>83663293</ctlrOwnr>
      <ctlrAcct>83663293</ctlrAcct>
      <ownrRefCcy>USD</ownrRefCcy>
      <ccy>EUR</ccy>
      <asst>EUR</asst>
      <asstIDs>
        <asstRef refType="CURRENCY">EUR</asstRef>
      </asstIDs>
      <asstDetail>
        <type>MoneyMarket</type>
        <desc>EUR Fixed Loan</desc>
        <asstMnyMktDetails>
          <mnyMktType>Loan</mnyMktType>
          <mnyMktTerm termType="Fixed">2021-06-18</mnyMktTerm>
          <mnyMktAmt ccy="EUR">-278792.38</mnyMktAmt>
          <intRate>0.65</intRate>
          <mnyMktRef>143697395</mnyMktRef>
          <mnyMktName>s/t Fixed Advance Fix EUR 0.65% 11.06.2021-18.06</mnyMktName>
          <matDate>2021-06-18</matDate>
          <startDate>2021-06-11</startDate>
        </asstMnyMktDetails>
      </asstDetail>
    </hldId>
    <effDt>2021-06-10</effDt>
    <settleDt>2021-06-11</settleDt>
    <grAmt ccy="EUR">-278792.38</grAmt>
    <netAmt ccy="EUR">-278792.38</netAmt>
  </hldCpt1><hldCpt2 amtScheme="m2">
    <hldId>
      <ptfl>83663293.6000</ptfl>
      <ctlrOwnr>83663293</ctlrOwnr>
      <ctlrAcct>83663293.4003/EUR/KK</ctlrAcct>
      <ccy>EUR</ccy>
      <asst>EUR</asst>
      <asstIDs>
        <asstRef refType="CURRENCY">EUR</asstRef>
      </asstIDs>
    </hldId>
    <effDt>2021-06-10</effDt>
    <grAmt ccy="EUR">278792.38</grAmt>
    <netAmt ccy="EUR">278792.38</netAmt>
  </hldCpt2></M001><M001><tkn /><m2xmlReleaseNo>020</m2xmlReleaseNo><mvmtHdr mvmtTp="OPN">
    <cmt>Raise loan</cmt>
  </mvmtHdr><mvmtSrc>
    <ctlr>lghths-sg</ctlr>
    <ctlrMvmtRef>713775956</ctlrMvmtRef>
    <srcRecType>Deposits &amp; Loans Transaction</srcRecType>
    <srcTransType>Raise Loan</srcTransType>
  </mvmtSrc><extSys>
    <extSysID>SAR</extSysID>
    <extSysRef />
  </extSys><hldCpt1 amtScheme="m2">
    <hldId>
      <ptfl>83663293.6000</ptfl>
      <ctlrOwnr>83663293</ctlrOwnr>
      <ctlrAcct>83663293</ctlrAcct>
      <ownrRefCcy>USD</ownrRefCcy>
      <ccy>HKD</ccy>
      <asst>HKD</asst>
      <asstIDs>
        <asstRef refType="CURRENCY">HKD</asstRef>
      </asstIDs>
      <asstDetail>
        <type>MoneyMarket</type>
        <desc>HKD Fixed Loan</desc>
        <asstMnyMktDetails>
          <mnyMktType>Loan</mnyMktType>
          <mnyMktTerm termType="Fixed">2021-06-18</mnyMktTerm>
          <mnyMktAmt ccy="HKD">-1485331.61</mnyMktAmt>
          <intRate>1.37</intRate>
          <mnyMktRef>143697386</mnyMktRef>
          <mnyMktName>s/t Fixed Advance Fix HKD 1.37% 11.06.2021-18.06</mnyMktName>
          <matDate>2021-06-18</matDate>
          <startDate>2021-06-11</startDate>
        </asstMnyMktDetails>
      </asstDetail>
    </hldId>
    <effDt>2021-06-10</effDt>
    <settleDt>2021-06-11</settleDt>
    <grAmt ccy="HKD">-1485331.61</grAmt>
    <netAmt ccy="HKD">-1485331.61</netAmt>
  </hldCpt1><hldCpt2 amtScheme="m2">
    <hldId>
      <ptfl>83663293.6000</ptfl>
      <ctlrOwnr>83663293</ctlrOwnr>
      <ctlrAcct>83663293.4005/HKD/KK</ctlrAcct>
      <ccy>HKD</ccy>
      <asst>HKD</asst>
      <asstIDs>
        <asstRef refType="CURRENCY">HKD</asstRef>
      </asstIDs>
    </hldId>
    <effDt>2021-06-10</effDt>
    <grAmt ccy="HKD">1485331.61</grAmt>
    <netAmt ccy="HKD">1485331.61</netAmt>
  </hldCpt2></M001><M001><tkn /><m2xmlReleaseNo>020</m2xmlReleaseNo><mvmtHdr mvmtTp="OPN">
    <cmt>Raise loan</cmt>
  </mvmtHdr><mvmtSrc>
    <ctlr>lghths-sg</ctlr>
    <ctlrMvmtRef>713775949</ctlrMvmtRef>
    <srcRecType>Deposits &amp; Loans Transaction</srcRecType>
    <srcTransType>Raise Loan</srcTransType>
  </mvmtSrc><extSys>
    <extSysID>SAR</extSysID>
    <extSysRef />
  </extSys><hldCpt1 amtScheme="m2">
    <hldId>
      <ptfl>83663293.6000</ptfl>
      <ctlrOwnr>83663293</ctlrOwnr>
      <ctlrAcct>83663293</ctlrAcct>
      <ownrRefCcy>USD</ownrRefCcy>
      <ccy>GBP</ccy>
      <asst>GBP</asst>
      <asstIDs>
        <asstRef refType="CURRENCY">GBP</asstRef>
      </asstIDs>
      <asstDetail>
        <type>MoneyMarket</type>
        <desc>GBP Fixed Loan</desc>
        <asstMnyMktDetails>
          <mnyMktType>Loan</mnyMktType>
          <mnyMktTerm termType="Fixed">2021-06-18</mnyMktTerm>
          <mnyMktAmt ccy="GBP">-217068.13</mnyMktAmt>
          <intRate>0.8925</intRate>
          <mnyMktRef>143697378</mnyMktRef>
          <mnyMktName>s/t Fixed Advance Fix GBP 0.8925% 11.06.2021-18.</mnyMktName>
          <matDate>2021-06-18</matDate>
          <startDate>2021-06-11</startDate>
        </asstMnyMktDetails>
      </asstDetail>
    </hldId>
    <effDt>2021-06-10</effDt>
    <settleDt>2021-06-11</settleDt>
    <grAmt ccy="GBP">-217068.13</grAmt>
    <netAmt ccy="GBP">-217068.13</netAmt>
  </hldCpt1><hldCpt2 amtScheme="m2">
    <hldId>
      <ptfl>83663293.6000</ptfl>
      <ctlrOwnr>83663293</ctlrOwnr>
      <ctlrAcct>83663293.4001/GBP/KK</ctlrAcct>
      <ccy>GBP</ccy>
      <asst>GBP</asst>
      <asstIDs>
        <asstRef refType="CURRENCY">GBP</asstRef>
      </asstIDs>
    </hldId>
    <effDt>2021-06-10</effDt>
    <grAmt ccy="GBP">217068.13</grAmt>
    <netAmt ccy="GBP">217068.13</netAmt>
  </hldCpt2></M001><M001><tkn /><m2xmlReleaseNo>020</m2xmlReleaseNo><mvmtHdr mvmtTp="OPN">
    <cmt>Raise loan</cmt>
  </mvmtHdr><mvmtSrc>
    <ctlr>lghths-sg</ctlr>
    <ctlrMvmtRef>713775972</ctlrMvmtRef>
    <srcRecType>Deposits &amp; Loans Transaction</srcRecType>
    <srcTransType>Raise Loan</srcTransType>
  </mvmtSrc><extSys>
    <extSysID>SAR</extSysID>
    <extSysRef />
  </extSys><hldCpt1 amtScheme="m2">
    <hldId>
      <ptfl>83663279.6000</ptfl>
      <ctlrOwnr>83663279</ctlrOwnr>
      <ctlrAcct>83663279</ctlrAcct>
      <ownrRefCcy>USD</ownrRefCcy>
      <ccy>GBP</ccy>
      <asst>GBP</asst>
      <asstIDs>
        <asstRef refType="CURRENCY">GBP</asstRef>
      </asstIDs>
      <asstDetail>
        <type>MoneyMarket</type>
        <desc>GBP Fixed Loan</desc>
        <asstMnyMktDetails>
          <mnyMktType>Loan</mnyMktType>
          <mnyMktTerm termType="Fixed">2021-06-18</mnyMktTerm>
          <mnyMktAmt ccy="GBP">-1771685.22</mnyMktAmt>
          <intRate>0.8925</intRate>
          <mnyMktRef>143697407</mnyMktRef>
          <mnyMktName>s/t Fixed Advance Fix GBP 0.8925% 11.06.2021-18.</mnyMktName>
          <matDate>2021-06-18</matDate>
          <startDate>2021-06-11</startDate>
        </asstMnyMktDetails>
      </asstDetail>
    </hldId>
    <effDt>2021-06-10</effDt>
    <settleDt>2021-06-11</settleDt>
    <grAmt ccy="GBP">-1771685.22</grAmt>
    <netAmt ccy="GBP">-1771685.22</netAmt>
  </hldCpt1><hldCpt2 amtScheme="m2">
    <hldId>
      <ptfl>83663279.6000</ptfl>
      <ctlrOwnr>83663279</ctlrOwnr>
      <ctlrAcct>83663279.4001/GBP/KK</ctlrAcct>
      <ccy>GBP</ccy>
      <asst>GBP</asst>
      <asstIDs>
        <asstRef refType="CURRENCY">GBP</asstRef>
      </asstIDs>
    </hldId>
    <effDt>2021-06-10</effDt>
    <grAmt ccy="GBP">1771685.22</grAmt>
    <netAmt ccy="GBP">1771685.22</netAmt>
  </hldCpt2></M001></m2:M006>
