<?xml version="1.0" encoding="UTF-8"?>
<m2:M006 xmlns:m2="http://www.mym2.com" xmlns:xsi="http://www.w3.org/2001/XMLSchema-instance" xsi:schemaLocation="http://www.mym2.com http://www.mym2.com/schemas/M2RequestSchema.xsd"><M001><tkn /><m2xmlReleaseNo>020</m2xmlReleaseNo><mvmtHdr mvmtTp="OPN">
    <cmt>Raise loan</cmt>
  </mvmtHdr><mvmtSrc>
    <ctlr>lghths-sg</ctlr>
    <ctlrMvmtRef>694980483</ctlrMvmtRef>
    <srcRecType>Deposits &amp; Loans Transaction</srcRecType>
    <srcTransType>Raise Loan</srcTransType>
  </mvmtSrc><extSys>
    <extSysID>SAR</extSysID>
    <extSysRef>134149308</extSysRef>
  </extSys><hldCpt1 amtScheme="m2">
    <hldId>
      <ptfl>83663293.6000</ptfl>
      <ctlrOwnr>83663293</ctlrOwnr>
      <ctlrAcct>83663293</ctlrAcct>
      <ownrRefCcy>USD</ownrRefCcy>
      <ccy>USD</ccy>
      <asst>USD</asst>
      <asstIDs>
        <asstRef refType="CURRENCY">USD</asstRef>
      </asstIDs>
      <asstDetail>
        <type>MoneyMarket</type>
        <desc>USD Fixed Loan</desc>
        <asstMnyMktDetails>
          <mnyMktType>Loan</mnyMktType>
          <mnyMktTerm termType="Fixed">2021-04-01</mnyMktTerm>
          <mnyMktAmt ccy="USD">-151447.78</mnyMktAmt>
          <intRate>0.94</intRate>
          <mnyMktRef>143006785</mnyMktRef>
          <mnyMktName>s/t Fixed Advance Fix USD 0.94% 26.03.2021-01.04</mnyMktName>
          <matDate>2021-04-01</matDate>
          <startDate>2021-03-26</startDate>
        </asstMnyMktDetails>
      </asstDetail>
    </hldId>
    <effDt>2021-03-25</effDt>
    <settleDt>2021-03-26</settleDt>
    <grAmt ccy="USD">-151447.78</grAmt>
    <netAmt ccy="USD">-151447.78</netAmt>
  </hldCpt1><hldCpt2 amtScheme="m2">
    <hldId>
      <ptfl>83663293.6000</ptfl>
      <ctlrOwnr>83663293</ctlrOwnr>
      <ctlrAcct>83663293.4000/USD/KK</ctlrAcct>
      <ccy>USD</ccy>
      <asst>USD</asst>
      <asstIDs>
        <asstRef refType="CURRENCY">USD</asstRef>
      </asstIDs>
    </hldId>
    <effDt>2021-03-25</effDt>
    <grAmt ccy="USD">151447.78</grAmt>
    <netAmt ccy="USD">151447.78</netAmt>
  </hldCpt2></M001><M001><tkn /><m2xmlReleaseNo>020</m2xmlReleaseNo><mvmtHdr mvmtTp="OPN">
    <cmt>Raise loan</cmt>
  </mvmtHdr><mvmtSrc>
    <ctlr>lghths-sg</ctlr>
    <ctlrMvmtRef>694980048</ctlrMvmtRef>
    <srcRecType>Deposits &amp; Loans Transaction</srcRecType>
    <srcTransType>Raise Loan</srcTransType>
  </mvmtSrc><extSys>
    <extSysID>SAR</extSysID>
    <extSysRef>134149308</extSysRef>
  </extSys><hldCpt1 amtScheme="m2">
    <hldId>
      <ptfl>83663293.6000</ptfl>
      <ctlrOwnr>83663293</ctlrOwnr>
      <ctlrAcct>83663293</ctlrAcct>
      <ownrRefCcy>USD</ownrRefCcy>
      <ccy>HKD</ccy>
      <asst>HKD</asst>
      <asstIDs>
        <asstRef refType="CURRENCY">HKD</asstRef>
      </asstIDs>
      <asstDetail>
        <type>MoneyMarket</type>
        <desc>HKD Fixed Loan</desc>
        <asstMnyMktDetails>
          <mnyMktType>Loan</mnyMktType>
          <mnyMktTerm termType="Fixed">2021-04-26</mnyMktTerm>
          <mnyMktAmt ccy="HKD">-1474341.57</mnyMktAmt>
          <intRate>1.4</intRate>
          <mnyMktRef>143006776</mnyMktRef>
          <mnyMktName>s/t Fixed Advance Fix HKD 1.4% 26.03.2021-26.04.</mnyMktName>
          <matDate>2021-04-26</matDate>
          <startDate>2021-03-26</startDate>
        </asstMnyMktDetails>
      </asstDetail>
    </hldId>
    <effDt>2021-03-25</effDt>
    <settleDt>2021-03-26</settleDt>
    <grAmt ccy="HKD">-1474341.57</grAmt>
    <netAmt ccy="HKD">-1474341.57</netAmt>
  </hldCpt1><hldCpt2 amtScheme="m2">
    <hldId>
      <ptfl>83663293.6000</ptfl>
      <ctlrOwnr>83663293</ctlrOwnr>
      <ctlrAcct>83663293.4005/HKD/KK</ctlrAcct>
      <ccy>HKD</ccy>
      <asst>HKD</asst>
      <asstIDs>
        <asstRef refType="CURRENCY">HKD</asstRef>
      </asstIDs>
    </hldId>
    <effDt>2021-03-25</effDt>
    <grAmt ccy="HKD">1474341.57</grAmt>
    <netAmt ccy="HKD">1474341.57</netAmt>
  </hldCpt2></M001></m2:M006>
