<?xml version="1.0" encoding="UTF-8"?>
<m2:M006 xmlns:m2="http://www.mym2.com" xmlns:xsi="http://www.w3.org/2001/XMLSchema-instance" xsi:schemaLocation="http://www.mym2.com http://www.mym2.com/schemas/M2RequestSchema.xsd"><M001><tkn /><m2xmlReleaseNo>020</m2xmlReleaseNo><mvmtHdr mvmtTp="CLS">
    <cmt>Close Loan</cmt>
  </mvmtHdr><mvmtSrc>
    <ctlr>lghths-sg</ctlr>
    <ctlrMvmtRef>708717447</ctlrMvmtRef>
    <srcRecType>Deposits &amp; Loans Transaction</srcRecType>
    <srcTransType>Close Loan</srcTransType>
  </mvmtSrc><extSys>
    <extSysID>SAR</extSysID>
    <extSysRef>708717073</extSysRef>
  </extSys><hldCpt1 amtScheme="m2">
    <hldId>
      <ptfl>83663279.6000</ptfl>
      <ctlrOwnr>83663279</ctlrOwnr>
      <ctlrAcct>83663279</ctlrAcct>
      <ownrRefCcy>USD</ownrRefCcy>
      <ccy>GBP</ccy>
      <asst>GBP</asst>
      <asstIDs>
        <asstRef refType="CURRENCY">GBP</asstRef>
      </asstIDs>
      <asstDetail>
        <type>MoneyMarket</type>
        <desc>GBP Fixed Loan</desc>
        <asstMnyMktDetails>
          <mnyMktType>Loan</mnyMktType>
          <mnyMktTerm termType="Fixed">2021-05-26</mnyMktTerm>
          <mnyMktAmt ccy="GBP">-1947722.32</mnyMktAmt>
          <intRate>0.89</intRate>
          <mnyMktRef>143541600</mnyMktRef>
          <mnyMktName>s/t Fixed Advance Fix GBP 0.89% 25.05.2021-26.05</mnyMktName>
          <matDate>2021-05-26</matDate>
          <startDate>2021-05-25</startDate>
        </asstMnyMktDetails>
      </asstDetail>
    </hldId>
    <effDt>2021-05-25</effDt>
    <settleDt>2021-05-26</settleDt>
    <grAmt ccy="GBP">1947722.32</grAmt>
    <netAmt ccy="GBP">1947722.32</netAmt>
  </hldCpt1><hldCpt2 amtScheme="m2">
    <hldId>
      <ptfl>83663279.6000</ptfl>
      <ctlrOwnr>83663279</ctlrOwnr>
      <ctlrAcct>83663279.4001/GBP/KK</ctlrAcct>
      <ccy>GBP</ccy>
      <asst>GBP</asst>
      <asstIDs>
        <asstRef refType="CURRENCY">GBP</asstRef>
      </asstIDs>
    </hldId>
    <effDt>2021-05-25</effDt>
    <grAmt ccy="GBP">-1947769.81</grAmt>
    <netAmt ccy="GBP">-1947769.81</netAmt>
  </hldCpt2><chrgGp amtScheme="m2">
    <chrgCpt>
      <ctgy>CIP</ctgy>
      <ctgyAmt ccy="GBP">-47.49</ctgyAmt>
      <chrgDesc>Interest Paid</chrgDesc>
    </chrgCpt>
  </chrgGp></M001><M001><tkn /><m2xmlReleaseNo>020</m2xmlReleaseNo><mvmtHdr mvmtTp="OPN">
    <cmt>Raise loan</cmt>
  </mvmtHdr><mvmtSrc>
    <ctlr>lghths-sg</ctlr>
    <ctlrMvmtRef>708717451</ctlrMvmtRef>
    <srcRecType>Deposits &amp; Loans Transaction</srcRecType>
    <srcTransType>Raise Loan</srcTransType>
  </mvmtSrc><extSys>
    <extSysID>SAR</extSysID>
    <extSysRef>708717073</extSysRef>
  </extSys><hldCpt1 amtScheme="m2">
    <hldId>
      <ptfl>83663279.6000</ptfl>
      <ctlrOwnr>83663279</ctlrOwnr>
      <ctlrAcct>83663279</ctlrAcct>
      <ownrRefCcy>USD</ownrRefCcy>
      <ccy>GBP</ccy>
      <asst>GBP</asst>
      <asstIDs>
        <asstRef refType="CURRENCY">GBP</asstRef>
      </asstIDs>
      <asstDetail>
        <type>MoneyMarket</type>
        <desc>GBP Fixed Loan</desc>
        <asstMnyMktDetails>
          <mnyMktType>Loan</mnyMktType>
          <mnyMktTerm termType="Fixed">2021-06-01</mnyMktTerm>
          <mnyMktAmt ccy="GBP">-1770991.42</mnyMktAmt>
          <intRate>0.89563</intRate>
          <mnyMktRef>143543111</mnyMktRef>
          <mnyMktName>s/t Fixed Advance Fix GBP 0.89563% 26.05.2021-01</mnyMktName>
          <matDate>2021-06-01</matDate>
          <startDate>2021-05-26</startDate>
        </asstMnyMktDetails>
      </asstDetail>
    </hldId>
    <effDt>2021-05-25</effDt>
    <settleDt>2021-05-26</settleDt>
    <grAmt ccy="GBP">-1770991.42</grAmt>
    <netAmt ccy="GBP">-1770991.42</netAmt>
  </hldCpt1><hldCpt2 amtScheme="m2">
    <hldId>
      <ptfl>83663279.6000</ptfl>
      <ctlrOwnr>83663279</ctlrOwnr>
      <ctlrAcct>83663279.4001/GBP/KK</ctlrAcct>
      <ccy>GBP</ccy>
      <asst>GBP</asst>
      <asstIDs>
        <asstRef refType="CURRENCY">GBP</asstRef>
      </asstIDs>
    </hldId>
    <effDt>2021-05-25</effDt>
    <grAmt ccy="GBP">1770991.42</grAmt>
    <netAmt ccy="GBP">1770991.42</netAmt>
  </hldCpt2></M001><M001><tkn /><m2xmlReleaseNo>020</m2xmlReleaseNo><mvmtHdr mvmtTp="CLS">
    <cmt>Close Loan</cmt>
  </mvmtHdr><mvmtSrc>
    <ctlr>lghths-sg</ctlr>
    <ctlrMvmtRef>708718420</ctlrMvmtRef>
    <srcRecType>Deposits &amp; Loans Transaction</srcRecType>
    <srcTransType>Close Loan</srcTransType>
  </mvmtSrc><extSys>
    <extSysID>SAR</extSysID>
    <extSysRef>708717073</extSysRef>
  </extSys><hldCpt1 amtScheme="m2">
    <hldId>
      <ptfl>83676187.6000</ptfl>
      <ctlrOwnr>83676187</ctlrOwnr>
      <ctlrAcct>83676187</ctlrAcct>
      <ownrRefCcy>USD</ownrRefCcy>
      <ccy>USD</ccy>
      <asst>USD</asst>
      <asstIDs>
        <asstRef refType="CURRENCY">USD</asstRef>
      </asstIDs>
      <asstDetail>
        <type>MoneyMarket</type>
        <desc>USD Fixed Loan</desc>
        <asstMnyMktDetails>
          <mnyMktType>Loan</mnyMktType>
          <mnyMktTerm termType="Fixed">2021-05-27</mnyMktTerm>
          <mnyMktAmt ccy="USD">0</mnyMktAmt>
          <intRate>1.02</intRate>
          <mnyMktRef>143513563</mnyMktRef>
          <mnyMktName>s/t Fixed Advance Fix USD 1.02% 20.05.2021-27.05</mnyMktName>
          <matDate>2021-05-27</matDate>
          <startDate>2021-05-20</startDate>
        </asstMnyMktDetails>
      </asstDetail>
    </hldId>
    <effDt>2021-05-25</effDt>
    <settleDt>2021-05-27</settleDt>
    <grAmt ccy="USD">50000</grAmt>
    <netAmt ccy="USD">50000</netAmt>
  </hldCpt1><hldCpt2 amtScheme="m2">
    <hldId>
      <ptfl>83676187.6000</ptfl>
      <ctlrOwnr>83676187</ctlrOwnr>
      <ctlrAcct>83676187.4000/USD/KK</ctlrAcct>
      <ccy>USD</ccy>
      <asst>USD</asst>
      <asstIDs>
        <asstRef refType="CURRENCY">USD</asstRef>
      </asstIDs>
    </hldId>
    <effDt>2021-05-25</effDt>
    <grAmt ccy="USD">-50009.92</grAmt>
    <netAmt ccy="USD">-50009.92</netAmt>
  </hldCpt2><chrgGp amtScheme="m2">
    <chrgCpt>
      <ctgy>CIP</ctgy>
      <ctgyAmt ccy="USD">-9.92</ctgyAmt>
      <chrgDesc>Interest Paid</chrgDesc>
    </chrgCpt>
  </chrgGp></M001><M001><tkn /><m2xmlReleaseNo>020</m2xmlReleaseNo><mvmtHdr mvmtTp="BUY">
    <cmt>Bought 200,000 ISIN XS1492713505 @ 101.24 USD</cmt>
  </mvmtHdr><mvmtSrc>
    <ctlr>lghths-sg</ctlr>
    <ctlrMvmtRef>708717073</ctlrMvmtRef>
    <srcRecType>Security Transaction</srcRecType>
    <srcTransType>Buy</srcTransType>
  </mvmtSrc><extSys>
    <extSysID>SAR</extSysID>
    <extSysRef>708717073</extSysRef>
  </extSys><hldCpt1 amtScheme="m2">
    <hldId>
      <ptfl>83663279.6000</ptfl>
      <ctlrOwnr>83663279</ctlrOwnr>
      <ctlrAcct>83663279.6000</ctlrAcct>
      <ownrRefCcy>USD</ownrRefCcy>
      <ccy>USD</ccy>
      <asst>XS1492713505</asst>
      <asstIDs>
        <asstRef refType="ISIN">XS1492713505</asstRef>
        <asstRef refType="Valor">33981821</asstRef>
        <asstRef refType="SARA">000129991155</asstRef>
      </asstIDs>
      <asstDetail>
        <isin>XS1492713505</isin>
        <type>Bond</type>
        <cntry>00939</cntry>
        <desc>5.5% State Bank of India Contingent Convertible Floating Rate Notes 2016-Perpetual</desc>
        <issueCcy>USD</issueCcy>
        <issueDate>2016-09-22</issueDate>
        <latestPrc ccy="USD">101.155</latestPrc>
        <latestPrcDate>2021-05-24</latestPrcDate>
        <prcFactor>.01</prcFactor>
        <asstBondDetails>
          <matDate>2021-09-22</matDate>
          <intRate>5.5</intRate>
          <calcBasis>30/360</calcBasis>
          <intFreq>2</intFreq>
          <intDate>2017-03-22</intDate>
          <intCcy>USD</intCcy>
          <rating>B</rating>
        </asstBondDetails>
      </asstDetail>
    </hldId>
    <effDt>2021-05-25</effDt>
    <settleDt>2021-05-27</settleDt>
    <qty>200000</qty>
    <prc ccy="USD">101.24</prc>
    <grTrdAmt ccy="USD">202480</grTrdAmt>
    <grAmt ccy="USD">204466.11</grAmt>
    <netAmt ccy="USD">205013.06</netAmt>
  </hldCpt1><hldCpt2 amtScheme="m2">
    <hldId>
      <ptfl>83663279.6000</ptfl>
      <ctlrOwnr>83663279</ctlrOwnr>
      <ctlrAcct>83663279.4000/USD/KK</ctlrAcct>
      <ccy>USD</ccy>
      <asst>USD</asst>
      <asstIDs>
        <asstRef refType="CURRENCY">USD</asstRef>
      </asstIDs>
    </hldId>
    <effDt>2021-05-25</effDt>
    <grAmt ccy="USD">-205013.06</grAmt>
    <netAmt ccy="USD">-205013.06</netAmt>
  </hldCpt2><chrgGp amtScheme="m2">
    <chrgCpt>
      <ctgy>EXE</ctgy>
      <ctgyAmt ccy="USD">-511.17</ctgyAmt>
      <chrgDesc>Stex Commissions</chrgDesc>
    </chrgCpt>
    <chrgCpt>
      <ctgy>CPN</ctgy>
      <ctgyAmt ccy="USD">-1986.11</ctgyAmt>
      <chrgDesc>Accrued Interest</chrgDesc>
    </chrgCpt>
    <chrgCpt>
      <ctgy>VAT</ctgy>
      <ctgyAmt ccy="USD">-35.78</ctgyAmt>
      <chrgDesc>VAT</chrgDesc>
    </chrgCpt>
  </chrgGp></M001><M001><tkn /><m2xmlReleaseNo>020</m2xmlReleaseNo><mvmtHdr mvmtTp="AIN">
    <cmt>Option Expiry 40 SARA 000142960890</cmt>
  </mvmtHdr><mvmtSrc>
    <ctlr>lghths-sg</ctlr>
    <ctlrMvmtRef>708710755</ctlrMvmtRef>
    <srcRecType>Security Transaction</srcRecType>
    <srcTransType>Option Expiry</srcTransType>
  </mvmtSrc><extSys>
    <extSysID>SAR</extSysID>
    <extSysRef>708710755</extSysRef>
  </extSys><hldCpt1 amtScheme="m2">
    <hldId>
      <ptfl>83663279.6000</ptfl>
      <ctlrOwnr>83663279</ctlrOwnr>
      <ctlrAcct>83663279.6000</ctlrAcct>
      <ownrRefCcy>USD</ownrRefCcy>
      <ccy>USD</ccy>
      <asst>000142960890</asst>
      <asstIDs>
        <asstRef refType="SARA">000142960890</asstRef>
      </asstIDs>
      <asstDetail>
        <type>Option</type>
        <cntry>US/United States of America</cntry>
        <desc>British American Tobacco PLC Put 21.05.2021 35 (BTI US)</desc>
        <issueCcy>USD</issueCcy>
        <latestPrc ccy="USD">0.05</latestPrc>
        <latestPrcDate>2021-05-21</latestPrcDate>
        <prcFactor>100</prcFactor>
        <asstDerivDetails>
          <contractSize>100</contractSize>
          <strike>35</strike>
          <expDate>2021-05-21</expDate>
          <putCallInd>P</putCallInd>
          <underlyingAsstIDs>
            <asstRef refType="ISIN">US1104481072</asstRef>
          </underlyingAsstIDs>
          <underlyingAsstDesc>British American Tobacco Plc -ADR-</underlyingAsstDesc>
          <underlyingAsstType>Share</underlyingAsstType>
          <longShortInd>S</longShortInd>
        </asstDerivDetails>
      </asstDetail>
    </hldId>
    <effDt>2021-05-25</effDt>
    <settleDt>2021-05-21</settleDt>
    <qty>40</qty>
    <prc ccy="USD">0</prc>
    <grTrdAmt ccy="USD">0</grTrdAmt>
    <grAmt ccy="USD">0</grAmt>
    <netAmt ccy="USD">0</netAmt>
  </hldCpt1></M001><M001><tkn /><m2xmlReleaseNo>020</m2xmlReleaseNo><mvmtHdr mvmtTp="BUY">
    <cmt>Structured Products 24 ISIN US30303M1027</cmt>
  </mvmtHdr><mvmtSrc>
    <ctlr>lghths-sg</ctlr>
    <ctlrMvmtRef>708711600</ctlrMvmtRef>
    <srcRecType>Security Transaction</srcRecType>
    <srcTransType>Structured Products</srcTransType>
  </mvmtSrc><extSys>
    <extSysID>SAR</extSysID>
    <extSysRef>708711600</extSysRef>
  </extSys><hldCpt1 amtScheme="m2">
    <hldId>
      <ptfl>83663293.6000</ptfl>
      <ctlrOwnr>83663293</ctlrOwnr>
      <ctlrAcct>83663293.6000</ctlrAcct>
      <ownrRefCcy>USD</ownrRefCcy>
      <ccy>USD</ccy>
      <asst>US30303M1027</asst>
      <asstIDs>
        <asstRef refType="ISIN">US30303M1027</asstRef>
        <asstRef refType="Valor">14917609</asstRef>
        <asstRef refType="Bloomberg">FB US</asstRef>
        <asstRef refType="SARA">000031299007</asstRef>
      </asstIDs>
      <asstDetail>
        <isin>US30303M1027</isin>
        <type>Share</type>
        <cntry>US/United States of America</cntry>
        <desc>Facebook Inc -A-</desc>
        <issueCcy>USD</issueCcy>
        <latestPrc ccy="USD">327.79</latestPrc>
        <latestPrcDate>2021-05-24</latestPrcDate>
        <prcFactor>1</prcFactor>
      </asstDetail>
    </hldId>
    <effDt>2021-05-24</effDt>
    <settleDt>2021-05-26</settleDt>
    <qty>24</qty>
    <prc ccy="USD">252.09</prc>
    <grTrdAmt ccy="USD">6050.16</grTrdAmt>
    <grAmt ccy="USD">6050.16</grAmt>
    <netAmt ccy="USD">6050.16</netAmt>
  </hldCpt1><hldCpt2 amtScheme="m2">
    <hldId>
      <ptfl>83663293.6000</ptfl>
      <ctlrOwnr>83663293</ctlrOwnr>
      <ctlrAcct>83663293.4000/USD/KK</ctlrAcct>
      <ccy>USD</ccy>
      <asst>USD</asst>
      <asstIDs>
        <asstRef refType="CURRENCY">USD</asstRef>
      </asstIDs>
    </hldId>
    <effDt>2021-05-24</effDt>
    <grAmt ccy="USD">-6050.16</grAmt>
    <netAmt ccy="USD">-6050.16</netAmt>
  </hldCpt2></M001><M001><tkn /><m2xmlReleaseNo>020</m2xmlReleaseNo><mvmtHdr mvmtTp="AIN">
    <cmt>Option Expiry 5 SARA 000142876599</cmt>
  </mvmtHdr><mvmtSrc>
    <ctlr>lghths-sg</ctlr>
    <ctlrMvmtRef>708710751</ctlrMvmtRef>
    <srcRecType>Security Transaction</srcRecType>
    <srcTransType>Option Expiry</srcTransType>
  </mvmtSrc><extSys>
    <extSysID>SAR</extSysID>
    <extSysRef>708710751</extSysRef>
  </extSys><hldCpt1 amtScheme="m2">
    <hldId>
      <ptfl>83663293.6000</ptfl>
      <ctlrOwnr>83663293</ctlrOwnr>
      <ctlrAcct>83663293.6000</ctlrAcct>
      <ownrRefCcy>USD</ownrRefCcy>
      <ccy>USD</ccy>
      <asst>000142876599</asst>
      <asstIDs>
        <asstRef refType="SARA">000142876599</asstRef>
      </asstIDs>
      <asstDetail>
        <type>Option</type>
        <cntry>US/United States of America</cntry>
        <desc>Microsoft Corp Put 21.05.2021 205 (MSFT US)</desc>
        <issueCcy>USD</issueCcy>
        <latestPrc ccy="USD">0.01</latestPrc>
        <latestPrcDate>2021-05-21</latestPrcDate>
        <prcFactor>100</prcFactor>
        <asstDerivDetails>
          <contractSize>100</contractSize>
          <strike>205</strike>
          <expDate>2021-05-21</expDate>
          <putCallInd>P</putCallInd>
          <underlyingAsstIDs>
            <asstRef refType="ISIN">US5949181045</asstRef>
          </underlyingAsstIDs>
          <underlyingAsstDesc>Microsoft Corp</underlyingAsstDesc>
          <underlyingAsstType>Share</underlyingAsstType>
          <longShortInd>S</longShortInd>
        </asstDerivDetails>
      </asstDetail>
    </hldId>
    <effDt>2021-05-25</effDt>
    <settleDt>2021-05-21</settleDt>
    <qty>5</qty>
    <prc ccy="USD">0</prc>
    <grTrdAmt ccy="USD">0</grTrdAmt>
    <grAmt ccy="USD">0</grAmt>
    <netAmt ccy="USD">0</netAmt>
  </hldCpt1></M001><M001><tkn /><m2xmlReleaseNo>020</m2xmlReleaseNo><mvmtHdr mvmtTp="AIN">
    <cmt>Option Expiry 10 SARA 000143062005</cmt>
  </mvmtHdr><mvmtSrc>
    <ctlr>lghths-sg</ctlr>
    <ctlrMvmtRef>708710810</ctlrMvmtRef>
    <srcRecType>Security Transaction</srcRecType>
    <srcTransType>Option Expiry</srcTransType>
  </mvmtSrc><extSys>
    <extSysID>SAR</extSysID>
    <extSysRef>708710810</extSysRef>
  </extSys><hldCpt1 amtScheme="m2">
    <hldId>
      <ptfl>83663293.6000</ptfl>
      <ctlrOwnr>83663293</ctlrOwnr>
      <ctlrAcct>83663293.6000</ctlrAcct>
      <ownrRefCcy>USD</ownrRefCcy>
      <ccy>USD</ccy>
      <asst>000143062005</asst>
      <asstIDs>
        <asstRef refType="SARA">000143062005</asstRef>
      </asstIDs>
      <asstDetail>
        <type>Option</type>
        <cntry>US/United States of America</cntry>
        <desc>Baidu Inc Put 21.05.2021 165 (BIDU US)</desc>
        <issueCcy>USD</issueCcy>
        <latestPrc ccy="USD">0.01</latestPrc>
        <latestPrcDate>2021-05-21</latestPrcDate>
        <prcFactor>100</prcFactor>
        <asstDerivDetails>
          <contractSize>100</contractSize>
          <strike>165</strike>
          <expDate>2021-05-21</expDate>
          <putCallInd>P</putCallInd>
          <underlyingAsstIDs>
            <asstRef refType="ISIN">US0567521085</asstRef>
          </underlyingAsstIDs>
          <underlyingAsstDesc>Baidu Inc -ADR- -A- (8 Shs)</underlyingAsstDesc>
          <underlyingAsstType>Share</underlyingAsstType>
          <longShortInd>S</longShortInd>
        </asstDerivDetails>
      </asstDetail>
    </hldId>
    <effDt>2021-05-25</effDt>
    <settleDt>2021-05-21</settleDt>
    <qty>10</qty>
    <prc ccy="USD">0</prc>
    <grTrdAmt ccy="USD">0</grTrdAmt>
    <grAmt ccy="USD">0</grAmt>
    <netAmt ccy="USD">0</netAmt>
  </hldCpt1></M001><M001><tkn /><m2xmlReleaseNo>020</m2xmlReleaseNo><mvmtHdr mvmtTp="AOU">
    <cmt>Option Expiry 27,260 Valor 111099171</cmt>
  </mvmtHdr><mvmtSrc>
    <ctlr>lghths-sg</ctlr>
    <ctlrMvmtRef>708910389</ctlrMvmtRef>
    <srcRecType>Security Transaction</srcRecType>
    <srcTransType>Option Expiry</srcTransType>
  </mvmtSrc><extSys>
    <extSysID>SAR</extSysID>
    <extSysRef>708910389</extSysRef>
  </extSys><hldCpt1 amtScheme="m2">
    <hldId>
      <ptfl>83663293.6000</ptfl>
      <ctlrOwnr>83663293</ctlrOwnr>
      <ctlrAcct>83663293.6000</ctlrAcct>
      <ownrRefCcy>USD</ownrRefCcy>
      <ccy>GBP</ccy>
      <asst>111099171</asst>
      <asstIDs>
        <asstRef refType="Valor">111099171</asstRef>
        <asstRef refType="SARA">000143132148</asstRef>
      </asstIDs>
      <asstDetail>
        <type>Hybrid</type>
        <desc>Stock Forward Accumulator  2x Leveraged on Imperial Brands Plc (IMB LN) Period: 12.APR.21 - 11.APR.22  254 Days Strike: GBP 13.6618  Knock-Out: GBP 16.3929</desc>
        <issueCcy>GBP</issueCcy>
        <latestPrc ccy="GBP">0.001</latestPrc>
        <latestPrcDate>2021-05-19</latestPrcDate>
        <prcFactor>1</prcFactor>
      </asstDetail>
    </hldId>
    <effDt>2021-05-20</effDt>
    <settleDt>2021-05-24</settleDt>
    <qty>-27260</qty>
    <prc ccy="GBP">0</prc>
    <grTrdAmt ccy="GBP">0</grTrdAmt>
    <grAmt ccy="GBP">0</grAmt>
    <netAmt ccy="GBP">0</netAmt>
  </hldCpt1></M001><M001><tkn /><m2xmlReleaseNo>020</m2xmlReleaseNo><mvmtHdr mvmtTp="AOU">
    <cmt>Option Expiry 1,518 Valor 111612450</cmt>
  </mvmtHdr><mvmtSrc>
    <ctlr>lghths-sg</ctlr>
    <ctlrMvmtRef>708721068</ctlrMvmtRef>
    <srcRecType>Security Transaction</srcRecType>
    <srcTransType>Option Expiry</srcTransType>
  </mvmtSrc><extSys>
    <extSysID>SAR</extSysID>
    <extSysRef>708721068</extSysRef>
  </extSys><hldCpt1 amtScheme="m2">
    <hldId>
      <ptfl>83663293.6000</ptfl>
      <ctlrOwnr>83663293</ctlrOwnr>
      <ctlrAcct>83663293.6000</ctlrAcct>
      <ownrRefCcy>USD</ownrRefCcy>
      <ccy>USD</ccy>
      <asst>111612450</asst>
      <asstIDs>
        <asstRef refType="Valor">111612450</asstRef>
        <asstRef refType="SARA">000143443326</asstRef>
      </asstIDs>
      <asstDetail>
        <type>Hybrid</type>
        <desc>Stock Forward Accumulator  2x Leveraged on Facebook Inc -A- (FB UQ) Period: 11.MAY.21 - 11.MAY.22  253 Days Strike: USD 252.0901  Knock-Out: USD 318.7208</desc>
        <issueCcy>USD</issueCcy>
        <latestPrc ccy="USD">0.1005</latestPrc>
        <latestPrcDate>2021-05-21</latestPrcDate>
        <prcFactor>1</prcFactor>
      </asstDetail>
    </hldId>
    <effDt>2021-05-24</effDt>
    <settleDt>2021-05-26</settleDt>
    <qty>-1518</qty>
    <prc ccy="USD">0</prc>
    <grTrdAmt ccy="USD">0</grTrdAmt>
    <grAmt ccy="USD">0</grAmt>
    <netAmt ccy="USD">0</netAmt>
  </hldCpt1></M001><M001><tkn /><m2xmlReleaseNo>020</m2xmlReleaseNo><mvmtHdr mvmtTp="BUY">
    <cmt>Bought 27,830 SARA 000143541167</cmt>
  </mvmtHdr><mvmtSrc>
    <ctlr>lghths-sg</ctlr>
    <ctlrMvmtRef>708687235</ctlrMvmtRef>
    <srcRecType>Security Transaction</srcRecType>
    <srcTransType>Buy</srcTransType>
  </mvmtSrc><extSys>
    <extSysID>SAR</extSysID>
    <extSysRef>708687235</extSysRef>
  </extSys><hldCpt1 amtScheme="m2">
    <hldId>
      <ptfl>83663293.6000</ptfl>
      <ctlrOwnr>83663293</ctlrOwnr>
      <ctlrAcct>83663293.6000</ctlrAcct>
      <ownrRefCcy>USD</ownrRefCcy>
      <ccy>GBP</ccy>
      <asst>000143541167</asst>
      <asstIDs>
        <asstRef refType="SARA">000143541167</asstRef>
      </asstIDs>
      <asstDetail>
        <type>Hybrid</type>
        <desc>Stock Forward Accumulator  2x Leveraged on Imperial Brands Plc (IMT LN) Period: 25.MAY.21 - 24.MAY.22  253 Days Strike: GBP 14.5747  Knock-Out: GBP 17.4279</desc>
        <issueCcy>GBP</issueCcy>
        <latestPrc ccy="GBP">0.00</latestPrc>
        <latestPrcDate>2021-05-21</latestPrcDate>
        <prcFactor>1</prcFactor>
      </asstDetail>
    </hldId>
    <effDt>2021-05-24</effDt>
    <settleDt>2021-05-26</settleDt>
    <qty>27830</qty>
    <prc ccy="GBP">0</prc>
    <grTrdAmt ccy="GBP">-0</grTrdAmt>
    <grAmt ccy="GBP">-0</grAmt>
    <netAmt ccy="GBP">-0</netAmt>
  </hldCpt1><hldCpt2 amtScheme="m2">
    <hldId>
      <ctlrOwnr>83663293</ctlrOwnr>
      <ctlrAcct>83663293</ctlrAcct>
      <ccy>GBP</ccy>
      <asst>GBP</asst>
      <asstIDs>
        <asstRef refType="CURRENCY">GBP</asstRef>
      </asstIDs>
    </hldId>
    <effDt>2021-05-24</effDt>
    <grAmt ccy="GBP">0</grAmt>
    <netAmt ccy="GBP">0</netAmt>
  </hldCpt2></M001><M001><tkn /><m2xmlReleaseNo>020</m2xmlReleaseNo><mvmtHdr mvmtTp="DIV">
    <cmt>Dividend Cash 34,000 ISIN HK0941009539 @ 1.76 HKD</cmt>
  </mvmtHdr><mvmtSrc>
    <ctlr>lghths-sg</ctlr>
    <ctlrMvmtRef>708932014</ctlrMvmtRef>
    <srcRecType>Cash Transaction</srcRecType>
    <srcTransType>Dividend Cash</srcTransType>
  </mvmtSrc><extSys>
    <extSysID>SAR</extSysID>
    <extSysRef>708932014</extSysRef>
  </extSys><hldCpt1 amtScheme="m2">
    <hldId>
      <ptfl>83663279.6000</ptfl>
      <ctlrOwnr>83663279</ctlrOwnr>
      <ctlrAcct>83663279.6000</ctlrAcct>
      <ownrRefCcy>USD</ownrRefCcy>
      <ccy>HKD</ccy>
      <asst>HK0941009539</asst>
      <asstIDs>
        <asstRef refType="ISIN">HK0941009539</asstRef>
        <asstRef refType="Valor">1099448</asstRef>
        <asstRef refType="Bloomberg">941 HK</asstRef>
        <asstRef refType="SARA">000000422519</asstRef>
      </asstIDs>
      <asstDetail>
        <isin>HK0941009539</isin>
        <type>Share</type>
        <cntry>HK/Hong Kong</cntry>
        <desc>China Mobile Ltd</desc>
        <issueCcy>HKD</issueCcy>
        <latestPrc ccy="HKD">50.10</latestPrc>
        <latestPrcDate>2021-05-25</latestPrcDate>
        <prcFactor>1</prcFactor>
      </asstDetail>
    </hldId>
    <effDt>2021-05-25</effDt>
    <settleDt>2021-05-20</settleDt>
    <qty>34000</qty>
    <grDivPerShare ccy="HKD">1.76</grDivPerShare>
    <netDivPerShare ccy="HKD">1.582099</netDivPerShare>
    <grAmt ccy="HKD">59840</grAmt>
    <netAmt ccy="HKD">53791.37</netAmt>
  </hldCpt1><hldCpt2 amtScheme="m2">
    <hldId>
      <ptfl>83663279.6000</ptfl>
      <ctlrOwnr>83663279</ctlrOwnr>
      <ctlrAcct>83663279.4004/HKD/KK</ctlrAcct>
      <ccy>HKD</ccy>
      <asst>HKD</asst>
      <asstIDs>
        <asstRef refType="CURRENCY">HKD</asstRef>
      </asstIDs>
    </hldId>
    <effDt>2021-05-25</effDt>
    <grAmt ccy="HKD">53791.37</grAmt>
    <netAmt ccy="HKD">53791.37</netAmt>
  </hldCpt2><chrgGp amtScheme="m2">
    <chrgCpt>
      <ctgy>WTH</ctgy>
      <ctgyAmt ccy="HKD">-5984</ctgyAmt>
      <chrgDesc>Withholding Tax</chrgDesc>
    </chrgCpt>
    <chrgCpt>
      <ctgy>OTF</ctgy>
      <ctgyAmt ccy="HKD">-64.63</ctgyAmt>
      <chrgDesc>Third Party Charges</chrgDesc>
    </chrgCpt>
    <chrgCpt>
      <ctgy>BKF</ctgy>
      <ctgyAmt ccy="HKD">-64.63</ctgyAmt>
      <chrgDesc>Fee Difference</chrgDesc>
    </chrgCpt>
  </chrgGp></M001></m2:M006>
