<?xml version="1.0" encoding="UTF-8"?>
<m2:M006 xmlns:m2="http://www.mym2.com" xmlns:xsi="http://www.w3.org/2001/XMLSchema-instance" xsi:schemaLocation="http://www.mym2.com http://www.mym2.com/schemas/M2RequestSchema.xsd"><M001><tkn /><m2xmlReleaseNo>020</m2xmlReleaseNo><mvmtHdr mvmtTp="AIN">
    <cmt>Rights 12,000 ISIN GB00BL5C3X11</cmt>
  </mvmtHdr><mvmtSrc>
    <ctlr>lghths-sg</ctlr>
    <ctlrMvmtRef>706664692</ctlrMvmtRef>
    <srcRecType>Security Transaction</srcRecType>
    <srcTransType>Rights</srcTransType>
  </mvmtSrc><extSys>
    <extSysID>SAR</extSysID>
    <extSysRef>706664692</extSysRef>
  </extSys><hldCpt1 amtScheme="m2">
    <hldId>
      <ptfl>83663293.6000</ptfl>
      <ctlrOwnr>83663293</ctlrOwnr>
      <ctlrAcct>83663293.6000</ctlrAcct>
      <ownrRefCcy>USD</ownrRefCcy>
      <ccy>USD</ccy>
      <asst>GB00BL5C3X11</asst>
      <asstIDs>
        <asstRef refType="ISIN">GB00BL5C3X11</asstRef>
        <asstRef refType="Valor">111375538</asstRef>
        <asstRef refType="SARA">000143437839</asstRef>
      </asstIDs>
      <asstDetail>
        <isin>GB00BL5C3X11</isin>
        <type>Rights</type>
        <cntry>GB/United Kingdom</cntry>
        <desc>Royal Dutch Shell Plc -Rights 2021-</desc>
        <issueCcy>USD</issueCcy>
        <latestPrc ccy="USD">0.00</latestPrc>
        <latestPrcDate>2021-05-10</latestPrcDate>
        <prcFactor>1</prcFactor>
      </asstDetail>
    </hldId>
    <effDt>2021-05-17</effDt>
    <settleDt>2021-05-17</settleDt>
    <qty>12000</qty>
    <prc ccy="USD">0</prc>
    <grTrdAmt ccy="USD">0</grTrdAmt>
    <grAmt ccy="USD">0</grAmt>
    <netAmt ccy="USD">0</netAmt>
  </hldCpt1></M001><M001><tkn /><m2xmlReleaseNo>020</m2xmlReleaseNo><mvmtHdr mvmtTp="AIN">
    <cmt>Change of Name 118,800 ISIN SGXC37098255 @ 2.533 EUR</cmt>
  </mvmtHdr><mvmtSrc>
    <ctlr>lghths-sg</ctlr>
    <ctlrMvmtRef>706919530</ctlrMvmtRef>
    <srcRecType>Security Transaction</srcRecType>
    <srcTransType>Change of Name</srcTransType>
  </mvmtSrc><extSys>
    <extSysID>SAR</extSysID>
    <extSysRef>706919530</extSysRef>
  </extSys><hldCpt1 amtScheme="m2">
    <hldId>
      <ptfl>83663293.6000</ptfl>
      <ctlrOwnr>83663293</ctlrOwnr>
      <ctlrAcct>83663293.6000</ctlrAcct>
      <ownrRefCcy>USD</ownrRefCcy>
      <ccy>EUR</ccy>
      <asst>SGXC37098255</asst>
      <asstIDs>
        <asstRef refType="ISIN">SGXC37098255</asstRef>
        <asstRef refType="Valor">111520314</asstRef>
        <asstRef refType="SARA">000143433177</asstRef>
      </asstIDs>
      <asstDetail>
        <isin>SGXC37098255</isin>
        <type>Share</type>
        <cntry>SG/Singapore</cntry>
        <desc>Cromwell European REIT Reg-S</desc>
        <issueCcy>EUR</issueCcy>
        <latestPrc ccy="EUR">2.32</latestPrc>
        <latestPrcDate>2021-05-14</latestPrcDate>
        <prcFactor>1</prcFactor>
      </asstDetail>
    </hldId>
    <effDt>2021-05-14</effDt>
    <settleDt>2021-05-14</settleDt>
    <qty>118800</qty>
    <prc ccy="EUR">2.5328</prc>
    <grTrdAmt ccy="EUR">300900.82</grTrdAmt>
    <grAmt ccy="EUR">300900.82</grAmt>
    <netAmt ccy="EUR">300900.82</netAmt>
  </hldCpt1></M001><M001><tkn /><m2xmlReleaseNo>020</m2xmlReleaseNo><mvmtHdr mvmtTp="AOU">
    <cmt>Change of Name 118,800 ISIN SGXC23524413 @ 2.533 EUR</cmt>
  </mvmtHdr><mvmtSrc>
    <ctlr>lghths-sg</ctlr>
    <ctlrMvmtRef>706919530</ctlrMvmtRef>
    <srcRecType>Security Transaction</srcRecType>
    <srcTransType>Change of Name</srcTransType>
  </mvmtSrc><extSys>
    <extSysID>SAR</extSysID>
    <extSysRef>706919530</extSysRef>
  </extSys><hldCpt1 amtScheme="m2">
    <hldId>
      <ptfl>83663293.6000</ptfl>
      <ctlrOwnr>83663293</ctlrOwnr>
      <ctlrAcct>83663293.6000</ctlrAcct>
      <ownrRefCcy>USD</ownrRefCcy>
      <ccy>EUR</ccy>
      <asst>SGXC23524413</asst>
      <asstIDs>
        <asstRef refType="ISIN">SGXC23524413</asstRef>
        <asstRef refType="Valor">110642511</asstRef>
        <asstRef refType="SARA">000143392472</asstRef>
      </asstIDs>
      <asstDetail>
        <isin>SGXC23524413</isin>
        <type>Share</type>
        <cntry>SG/Singapore</cntry>
        <desc>Cromwell European REIT</desc>
        <issueCcy>EUR</issueCcy>
        <latestPrc ccy="EUR">2.39</latestPrc>
        <latestPrcDate>2021-05-10</latestPrcDate>
        <prcFactor>1</prcFactor>
      </asstDetail>
    </hldId>
    <effDt>2021-05-14</effDt>
    <settleDt>2021-05-14</settleDt>
    <qty>-118800</qty>
    <prc ccy="EUR">2.5328</prc>
    <grTrdAmt ccy="EUR">-300900.82</grTrdAmt>
    <grAmt ccy="EUR">-300900.82</grAmt>
    <netAmt ccy="EUR">-300900.82</netAmt>
  </hldCpt1></M001><M001><tkn /><m2xmlReleaseNo>020</m2xmlReleaseNo><mvmtHdr mvmtTp="CLS">
    <cmt>Close Loan</cmt>
  </mvmtHdr><mvmtSrc>
    <ctlr>lghths-sg</ctlr>
    <ctlrMvmtRef>706691079</ctlrMvmtRef>
    <srcRecType>Deposits &amp; Loans Transaction</srcRecType>
    <srcTransType>Close Loan</srcTransType>
  </mvmtSrc><extSys>
    <extSysID>SAR</extSysID>
    <extSysRef>706919530</extSysRef>
  </extSys><hldCpt1 amtScheme="m2">
    <hldId>
      <ptfl>83663293.6000</ptfl>
      <ctlrOwnr>83663293</ctlrOwnr>
      <ctlrAcct>83663293</ctlrAcct>
      <ownrRefCcy>USD</ownrRefCcy>
      <ccy>HKD</ccy>
      <asst>HKD</asst>
      <asstIDs>
        <asstRef refType="CURRENCY">HKD</asstRef>
      </asstIDs>
      <asstDetail>
        <type>MoneyMarket</type>
        <desc>HKD Fixed Loan</desc>
        <asstMnyMktDetails>
          <mnyMktType>Loan</mnyMktType>
          <mnyMktTerm termType="Fixed">2021-05-18</mnyMktTerm>
          <mnyMktAmt ccy="HKD">-1456169.46</mnyMktAmt>
          <intRate>1.39</intRate>
          <mnyMktRef>143432937</mnyMktRef>
          <mnyMktName>s/t Fixed Advance Fix HKD 1.39% 11.05.2021-18.05</mnyMktName>
          <matDate>2021-05-18</matDate>
          <startDate>2021-05-11</startDate>
        </asstMnyMktDetails>
      </asstDetail>
    </hldId>
    <effDt>2021-05-14</effDt>
    <settleDt>2021-05-18</settleDt>
    <grAmt ccy="HKD">1456169.46</grAmt>
    <netAmt ccy="HKD">1456169.46</netAmt>
  </hldCpt1><hldCpt2 amtScheme="m2">
    <hldId>
      <ptfl>83663293.6000</ptfl>
      <ctlrOwnr>83663293</ctlrOwnr>
      <ctlrAcct>83663293.4005/HKD/KK</ctlrAcct>
      <ccy>HKD</ccy>
      <asst>HKD</asst>
      <asstIDs>
        <asstRef refType="CURRENCY">HKD</asstRef>
      </asstIDs>
    </hldId>
    <effDt>2021-05-14</effDt>
    <grAmt ccy="HKD">-1456557.64</grAmt>
    <netAmt ccy="HKD">-1456557.64</netAmt>
  </hldCpt2><chrgGp amtScheme="m2">
    <chrgCpt>
      <ctgy>CIP</ctgy>
      <ctgyAmt ccy="HKD">-388.18</ctgyAmt>
      <chrgDesc>Interest Paid</chrgDesc>
    </chrgCpt>
  </chrgGp></M001><M001><tkn /><m2xmlReleaseNo>020</m2xmlReleaseNo><mvmtHdr mvmtTp="OPN">
    <cmt>Raise loan</cmt>
  </mvmtHdr><mvmtSrc>
    <ctlr>lghths-sg</ctlr>
    <ctlrMvmtRef>706465615</ctlrMvmtRef>
    <srcRecType>Deposits &amp; Loans Transaction</srcRecType>
    <srcTransType>Raise Loan</srcTransType>
  </mvmtSrc><extSys>
    <extSysID>SAR</extSysID>
    <extSysRef>706919530</extSysRef>
  </extSys><hldCpt1 amtScheme="m2">
    <hldId>
      <ptfl>83676187.6000</ptfl>
      <ctlrOwnr>83676187</ctlrOwnr>
      <ctlrAcct>83676187</ctlrAcct>
      <ownrRefCcy>USD</ownrRefCcy>
      <ccy>GBP</ccy>
      <asst>GBP</asst>
      <asstIDs>
        <asstRef refType="CURRENCY">GBP</asstRef>
      </asstIDs>
      <asstDetail>
        <type>MoneyMarket</type>
        <desc>GBP Fixed Loan</desc>
        <asstMnyMktDetails>
          <mnyMktType>Loan</mnyMktType>
          <mnyMktTerm termType="Fixed">2021-06-14</mnyMktTerm>
          <mnyMktAmt ccy="GBP">-200499.16</mnyMktAmt>
          <intRate>1.0</intRate>
          <mnyMktRef>143468184</mnyMktRef>
          <mnyMktName>s/t Fixed Advance Fix GBP 1% 17.05.2021-14.06.20</mnyMktName>
          <matDate>2021-06-14</matDate>
          <startDate>2021-05-17</startDate>
        </asstMnyMktDetails>
      </asstDetail>
    </hldId>
    <effDt>2021-05-14</effDt>
    <settleDt>2021-05-17</settleDt>
    <grAmt ccy="GBP">-200499.16</grAmt>
    <netAmt ccy="GBP">-200499.16</netAmt>
  </hldCpt1><hldCpt2 amtScheme="m2">
    <hldId>
      <ptfl>83676187.6000</ptfl>
      <ctlrOwnr>83676187</ctlrOwnr>
      <ctlrAcct>83676187.4001/GBP/KK</ctlrAcct>
      <ccy>GBP</ccy>
      <asst>GBP</asst>
      <asstIDs>
        <asstRef refType="CURRENCY">GBP</asstRef>
      </asstIDs>
    </hldId>
    <effDt>2021-05-14</effDt>
    <grAmt ccy="GBP">200499.16</grAmt>
    <netAmt ccy="GBP">200499.16</netAmt>
  </hldCpt2></M001><M001><tkn /><m2xmlReleaseNo>020</m2xmlReleaseNo><mvmtHdr mvmtTp="CLS">
    <cmt>Close Loan</cmt>
  </mvmtHdr><mvmtSrc>
    <ctlr>lghths-sg</ctlr>
    <ctlrMvmtRef>706691061</ctlrMvmtRef>
    <srcRecType>Deposits &amp; Loans Transaction</srcRecType>
    <srcTransType>Close Loan</srcTransType>
  </mvmtSrc><extSys>
    <extSysID>SAR</extSysID>
    <extSysRef>706919530</extSysRef>
  </extSys><hldCpt1 amtScheme="m2">
    <hldId>
      <ptfl>83667931.6000</ptfl>
      <ctlrOwnr>83667931</ctlrOwnr>
      <ctlrAcct>83667931</ctlrAcct>
      <ownrRefCcy>USD</ownrRefCcy>
      <ccy>USD</ccy>
      <asst>USD</asst>
      <asstIDs>
        <asstRef refType="CURRENCY">USD</asstRef>
      </asstIDs>
      <asstDetail>
        <type>MoneyMarket</type>
        <desc>USD Fixed Loan</desc>
        <asstMnyMktDetails>
          <mnyMktType>Loan</mnyMktType>
          <mnyMktTerm termType="Fixed">2021-05-18</mnyMktTerm>
          <mnyMktAmt ccy="USD">-333981.41</mnyMktAmt>
          <intRate>1.1715</intRate>
          <mnyMktRef>143432880</mnyMktRef>
          <mnyMktName>s/t Fixed Advance Fix USD 1.1715% 11.05.2021-18.</mnyMktName>
          <matDate>2021-05-18</matDate>
          <startDate>2021-05-11</startDate>
        </asstMnyMktDetails>
      </asstDetail>
    </hldId>
    <effDt>2021-05-14</effDt>
    <settleDt>2021-05-18</settleDt>
    <grAmt ccy="USD">333981.41</grAmt>
    <netAmt ccy="USD">333981.41</netAmt>
  </hldCpt1><hldCpt2 amtScheme="m2">
    <hldId>
      <ptfl>83667931.6000</ptfl>
      <ctlrOwnr>83667931</ctlrOwnr>
      <ctlrAcct>83667931.4000/USD/KK</ctlrAcct>
      <ccy>USD</ccy>
      <asst>USD</asst>
      <asstIDs>
        <asstRef refType="CURRENCY">USD</asstRef>
      </asstIDs>
    </hldId>
    <effDt>2021-05-14</effDt>
    <grAmt ccy="USD">-334057.49</grAmt>
    <netAmt ccy="USD">-334057.49</netAmt>
  </hldCpt2><chrgGp amtScheme="m2">
    <chrgCpt>
      <ctgy>CIP</ctgy>
      <ctgyAmt ccy="USD">-76.08</ctgyAmt>
      <chrgDesc>Interest Paid</chrgDesc>
    </chrgCpt>
  </chrgGp></M001><M001><tkn /><m2xmlReleaseNo>020</m2xmlReleaseNo><mvmtHdr mvmtTp="CLS">
    <cmt>Close Loan</cmt>
  </mvmtHdr><mvmtSrc>
    <ctlr>lghths-sg</ctlr>
    <ctlrMvmtRef>706691102</ctlrMvmtRef>
    <srcRecType>Deposits &amp; Loans Transaction</srcRecType>
    <srcTransType>Close Loan</srcTransType>
  </mvmtSrc><extSys>
    <extSysID>SAR</extSysID>
    <extSysRef>706919530</extSysRef>
  </extSys><hldCpt1 amtScheme="m2">
    <hldId>
      <ptfl>83663293.6000</ptfl>
      <ctlrOwnr>83663293</ctlrOwnr>
      <ctlrAcct>83663293</ctlrAcct>
      <ownrRefCcy>USD</ownrRefCcy>
      <ccy>USD</ccy>
      <asst>USD</asst>
      <asstIDs>
        <asstRef refType="CURRENCY">USD</asstRef>
      </asstIDs>
      <asstDetail>
        <type>MoneyMarket</type>
        <desc>USD Fixed Loan</desc>
        <asstMnyMktDetails>
          <mnyMktType>Loan</mnyMktType>
          <mnyMktTerm termType="Fixed">2021-05-18</mnyMktTerm>
          <mnyMktAmt ccy="USD">-397275.04</mnyMktAmt>
          <intRate>0.9215</intRate>
          <mnyMktRef>143433225</mnyMktRef>
          <mnyMktName>s/t Fixed Advance Fix USD 0.9215% 11.05.2021-18.</mnyMktName>
          <matDate>2021-05-18</matDate>
          <startDate>2021-05-11</startDate>
        </asstMnyMktDetails>
      </asstDetail>
    </hldId>
    <effDt>2021-05-14</effDt>
    <settleDt>2021-05-18</settleDt>
    <grAmt ccy="USD">397275.04</grAmt>
    <netAmt ccy="USD">397275.04</netAmt>
  </hldCpt1><hldCpt2 amtScheme="m2">
    <hldId>
      <ptfl>83663293.6000</ptfl>
      <ctlrOwnr>83663293</ctlrOwnr>
      <ctlrAcct>83663293.4000/USD/KK</ctlrAcct>
      <ccy>USD</ccy>
      <asst>USD</asst>
      <asstIDs>
        <asstRef refType="CURRENCY">USD</asstRef>
      </asstIDs>
    </hldId>
    <effDt>2021-05-14</effDt>
    <grAmt ccy="USD">-397346.22</grAmt>
    <netAmt ccy="USD">-397346.22</netAmt>
  </hldCpt2><chrgGp amtScheme="m2">
    <chrgCpt>
      <ctgy>CIP</ctgy>
      <ctgyAmt ccy="USD">-71.18</ctgyAmt>
      <chrgDesc>Interest Paid</chrgDesc>
    </chrgCpt>
  </chrgGp></M001><M001><tkn /><m2xmlReleaseNo>020</m2xmlReleaseNo><mvmtHdr mvmtTp="CLS">
    <cmt>Close Loan</cmt>
  </mvmtHdr><mvmtSrc>
    <ctlr>lghths-sg</ctlr>
    <ctlrMvmtRef>706691090</ctlrMvmtRef>
    <srcRecType>Deposits &amp; Loans Transaction</srcRecType>
    <srcTransType>Close Loan</srcTransType>
  </mvmtSrc><extSys>
    <extSysID>SAR</extSysID>
    <extSysRef>706919530</extSysRef>
  </extSys><hldCpt1 amtScheme="m2">
    <hldId>
      <ptfl>83663293.6000</ptfl>
      <ctlrOwnr>83663293</ctlrOwnr>
      <ctlrAcct>83663293</ctlrAcct>
      <ownrRefCcy>USD</ownrRefCcy>
      <ccy>EUR</ccy>
      <asst>EUR</asst>
      <asstIDs>
        <asstRef refType="CURRENCY">EUR</asstRef>
      </asstIDs>
      <asstDetail>
        <type>MoneyMarket</type>
        <desc>EUR Fixed Loan</desc>
        <asstMnyMktDetails>
          <mnyMktType>Loan</mnyMktType>
          <mnyMktTerm termType="Fixed">2021-05-18</mnyMktTerm>
          <mnyMktAmt ccy="EUR">-278636.38</mnyMktAmt>
          <intRate>0.65</intRate>
          <mnyMktRef>143432945</mnyMktRef>
          <mnyMktName>s/t Fixed Advance Fix EUR 0.65% 11.05.2021-18.05</mnyMktName>
          <matDate>2021-05-18</matDate>
          <startDate>2021-05-11</startDate>
        </asstMnyMktDetails>
      </asstDetail>
    </hldId>
    <effDt>2021-05-14</effDt>
    <settleDt>2021-05-18</settleDt>
    <grAmt ccy="EUR">278636.38</grAmt>
    <netAmt ccy="EUR">278636.38</netAmt>
  </hldCpt1><hldCpt2 amtScheme="m2">
    <hldId>
      <ptfl>83663293.6000</ptfl>
      <ctlrOwnr>83663293</ctlrOwnr>
      <ctlrAcct>83663293.4003/EUR/KK</ctlrAcct>
      <ccy>EUR</ccy>
      <asst>EUR</asst>
      <asstIDs>
        <asstRef refType="CURRENCY">EUR</asstRef>
      </asstIDs>
    </hldId>
    <effDt>2021-05-14</effDt>
    <grAmt ccy="EUR">-278671.6</grAmt>
    <netAmt ccy="EUR">-278671.6</netAmt>
  </hldCpt2><chrgGp amtScheme="m2">
    <chrgCpt>
      <ctgy>CIP</ctgy>
      <ctgyAmt ccy="EUR">-35.22</ctgyAmt>
      <chrgDesc>Interest Paid</chrgDesc>
    </chrgCpt>
  </chrgGp></M001><M001><tkn /><m2xmlReleaseNo>020</m2xmlReleaseNo><mvmtHdr mvmtTp="CLS">
    <cmt>Close Loan</cmt>
  </mvmtHdr><mvmtSrc>
    <ctlr>lghths-sg</ctlr>
    <ctlrMvmtRef>706691070</ctlrMvmtRef>
    <srcRecType>Deposits &amp; Loans Transaction</srcRecType>
    <srcTransType>Close Loan</srcTransType>
  </mvmtSrc><extSys>
    <extSysID>SAR</extSysID>
    <extSysRef>706919530</extSysRef>
  </extSys><hldCpt1 amtScheme="m2">
    <hldId>
      <ptfl>83663293.6000</ptfl>
      <ctlrOwnr>83663293</ctlrOwnr>
      <ctlrAcct>83663293</ctlrAcct>
      <ownrRefCcy>USD</ownrRefCcy>
      <ccy>GBP</ccy>
      <asst>GBP</asst>
      <asstIDs>
        <asstRef refType="CURRENCY">GBP</asstRef>
      </asstIDs>
      <asstDetail>
        <type>MoneyMarket</type>
        <desc>GBP Fixed Loan</desc>
        <asstMnyMktDetails>
          <mnyMktType>Loan</mnyMktType>
          <mnyMktTerm termType="Fixed">2021-05-18</mnyMktTerm>
          <mnyMktAmt ccy="GBP">-216903.4</mnyMktAmt>
          <intRate>0.89475</intRate>
          <mnyMktRef>143432921</mnyMktRef>
          <mnyMktName>s/t Fixed Advance Fix GBP 0.89475% 11.05.2021-18</mnyMktName>
          <matDate>2021-05-18</matDate>
          <startDate>2021-05-11</startDate>
        </asstMnyMktDetails>
      </asstDetail>
    </hldId>
    <effDt>2021-05-14</effDt>
    <settleDt>2021-05-18</settleDt>
    <grAmt ccy="GBP">216903.4</grAmt>
    <netAmt ccy="GBP">216903.4</netAmt>
  </hldCpt1><hldCpt2 amtScheme="m2">
    <hldId>
      <ptfl>83663293.6000</ptfl>
      <ctlrOwnr>83663293</ctlrOwnr>
      <ctlrAcct>83663293.4001/GBP/KK</ctlrAcct>
      <ccy>GBP</ccy>
      <asst>GBP</asst>
      <asstIDs>
        <asstRef refType="CURRENCY">GBP</asstRef>
      </asstIDs>
    </hldId>
    <effDt>2021-05-14</effDt>
    <grAmt ccy="GBP">-216940.62</grAmt>
    <netAmt ccy="GBP">-216940.62</netAmt>
  </hldCpt2><chrgGp amtScheme="m2">
    <chrgCpt>
      <ctgy>CIP</ctgy>
      <ctgyAmt ccy="GBP">-37.22</ctgyAmt>
      <chrgDesc>Interest Paid</chrgDesc>
    </chrgCpt>
  </chrgGp></M001><M001><tkn /><m2xmlReleaseNo>020</m2xmlReleaseNo><mvmtHdr mvmtTp="CLS">
    <cmt>Close Loan</cmt>
  </mvmtHdr><mvmtSrc>
    <ctlr>lghths-sg</ctlr>
    <ctlrMvmtRef>706691287</ctlrMvmtRef>
    <srcRecType>Deposits &amp; Loans Transaction</srcRecType>
    <srcTransType>Close Loan</srcTransType>
  </mvmtSrc><extSys>
    <extSysID>SAR</extSysID>
    <extSysRef>706919530</extSysRef>
  </extSys><hldCpt1 amtScheme="m2">
    <hldId>
      <ptfl>83663279.6000</ptfl>
      <ctlrOwnr>83663279</ctlrOwnr>
      <ctlrAcct>83663279</ctlrAcct>
      <ownrRefCcy>USD</ownrRefCcy>
      <ccy>GBP</ccy>
      <asst>GBP</asst>
      <asstIDs>
        <asstRef refType="CURRENCY">GBP</asstRef>
      </asstIDs>
      <asstDetail>
        <type>MoneyMarket</type>
        <desc>GBP Fixed Loan</desc>
        <asstMnyMktDetails>
          <mnyMktType>Loan</mnyMktType>
          <mnyMktTerm termType="Fixed">2021-05-18</mnyMktTerm>
          <mnyMktAmt ccy="GBP">-1947102.7</mnyMktAmt>
          <intRate>0.89275</intRate>
          <mnyMktRef>143446165</mnyMktRef>
          <mnyMktName>s/t Fixed Advance Fix GBP 0.89275% 12.05.2021-18</mnyMktName>
          <matDate>2021-05-18</matDate>
          <startDate>2021-05-12</startDate>
        </asstMnyMktDetails>
      </asstDetail>
    </hldId>
    <effDt>2021-05-14</effDt>
    <settleDt>2021-05-18</settleDt>
    <grAmt ccy="GBP">1947102.7</grAmt>
    <netAmt ccy="GBP">1947102.7</netAmt>
  </hldCpt1><hldCpt2 amtScheme="m2">
    <hldId>
      <ptfl>83663279.6000</ptfl>
      <ctlrOwnr>83663279</ctlrOwnr>
      <ctlrAcct>83663279.4001/GBP/KK</ctlrAcct>
      <ccy>GBP</ccy>
      <asst>GBP</asst>
      <asstIDs>
        <asstRef refType="CURRENCY">GBP</asstRef>
      </asstIDs>
    </hldId>
    <effDt>2021-05-14</effDt>
    <grAmt ccy="GBP">-1947388.44</grAmt>
    <netAmt ccy="GBP">-1947388.44</netAmt>
  </hldCpt2><chrgGp amtScheme="m2">
    <chrgCpt>
      <ctgy>CIP</ctgy>
      <ctgyAmt ccy="GBP">-285.74</ctgyAmt>
      <chrgDesc>Interest Paid</chrgDesc>
    </chrgCpt>
  </chrgGp></M001></m2:M006>
