<?xml version="1.0" encoding="UTF-8"?>
<m2:M006 xmlns:m2="http://www.mym2.com" xmlns:xsi="http://www.w3.org/2001/XMLSchema-instance" xsi:schemaLocation="http://www.mym2.com http://www.mym2.com/schemas/M2RequestSchema.xsd"><M001><tkn /><m2xmlReleaseNo>020</m2xmlReleaseNo><mvmtHdr mvmtTp="OPN">
    <cmt>Raise loan</cmt>
  </mvmtHdr><mvmtSrc>
    <ctlr>lghths-sg</ctlr>
    <ctlrMvmtRef>710755181</ctlrMvmtRef>
    <srcRecType>Deposits &amp; Loans Transaction</srcRecType>
    <srcTransType>Raise Loan</srcTransType>
  </mvmtSrc><extSys>
    <extSysID>SAR</extSysID>
    <extSysRef>713141602</extSysRef>
  </extSys><hldCpt1 amtScheme="m2">
    <hldId>
      <ptfl>83663279.6000</ptfl>
      <ctlrOwnr>83663279</ctlrOwnr>
      <ctlrAcct>83663279</ctlrAcct>
      <ownrRefCcy>USD</ownrRefCcy>
      <ccy>GBP</ccy>
      <asst>GBP</asst>
      <asstIDs>
        <asstRef refType="CURRENCY">GBP</asstRef>
      </asstIDs>
      <asstDetail>
        <type>MoneyMarket</type>
        <desc>GBP Fixed Loan</desc>
        <asstMnyMktDetails>
          <mnyMktType>Loan</mnyMktType>
          <mnyMktTerm termType="Fixed">2021-06-11</mnyMktTerm>
          <mnyMktAmt ccy="GBP">-1771382.06</mnyMktAmt>
          <intRate>0.89238</intRate>
          <mnyMktRef>143655322</mnyMktRef>
          <mnyMktName>s/t Fixed Advance Fix GBP 0.89238% 04.06.2021-11</mnyMktName>
          <matDate>2021-06-11</matDate>
          <startDate>2021-06-04</startDate>
        </asstMnyMktDetails>
      </asstDetail>
    </hldId>
    <effDt>2021-06-07</effDt>
    <settleDt>2021-06-04</settleDt>
    <grAmt ccy="GBP">-1771382.06</grAmt>
    <netAmt ccy="GBP">-1771382.06</netAmt>
  </hldCpt1><hldCpt2 amtScheme="m2">
    <hldId>
      <ptfl>83663279.6000</ptfl>
      <ctlrOwnr>83663279</ctlrOwnr>
      <ctlrAcct>83663279.4001/GBP/KK</ctlrAcct>
      <ccy>GBP</ccy>
      <asst>GBP</asst>
      <asstIDs>
        <asstRef refType="CURRENCY">GBP</asstRef>
      </asstIDs>
    </hldId>
    <effDt>2021-06-07</effDt>
    <grAmt ccy="GBP">1771382.06</grAmt>
    <netAmt ccy="GBP">1771382.06</netAmt>
  </hldCpt2></M001><M001><tkn /><m2xmlReleaseNo>020</m2xmlReleaseNo><mvmtHdr mvmtTp="DIV">
    <cmt>Dividend Cash 300 ISIN KYG875721634 @ 1.6 HKD</cmt>
  </mvmtHdr><mvmtSrc>
    <ctlr>lghths-sg</ctlr>
    <ctlrMvmtRef>713141602</ctlrMvmtRef>
    <srcRecType>Cash Transaction</srcRecType>
    <srcTransType>Dividend Cash</srcTransType>
  </mvmtSrc><extSys>
    <extSysID>SAR</extSysID>
    <extSysRef>713141602</extSysRef>
  </extSys><hldCpt1 amtScheme="m2">
    <hldId>
      <ptfl>83677193.6000</ptfl>
      <ctlrOwnr>83677193</ctlrOwnr>
      <ctlrAcct>83677193.6000</ctlrAcct>
      <ownrRefCcy>USD</ownrRefCcy>
      <ccy>HKD</ccy>
      <asst>KYG875721634</asst>
      <asstIDs>
        <asstRef refType="ISIN">KYG875721634</asstRef>
        <asstRef refType="Valor">24014323</asstRef>
        <asstRef refType="Bloomberg">700 HK</asstRef>
        <asstRef refType="SARA">000119678126</asstRef>
      </asstIDs>
      <asstDetail>
        <isin>KYG875721634</isin>
        <type>Share</type>
        <cntry>KY/Cayman Islands</cntry>
        <desc>Tencent Holdings Ltd</desc>
        <issueCcy>HKD</issueCcy>
        <latestPrc ccy="HKD">600.50</latestPrc>
        <latestPrcDate>2021-06-07</latestPrcDate>
        <prcFactor>1</prcFactor>
      </asstDetail>
    </hldId>
    <effDt>2021-06-07</effDt>
    <settleDt>2021-06-07</settleDt>
    <qty>300</qty>
    <grDivPerShare ccy="HKD">1.6</grDivPerShare>
    <netDivPerShare ccy="HKD">1.598067</netDivPerShare>
    <grAmt ccy="HKD">480</grAmt>
    <netAmt ccy="HKD">479.42</netAmt>
  </hldCpt1><hldCpt2 amtScheme="m2">
    <hldId>
      <ptfl>83677193.6000</ptfl>
      <ctlrOwnr>83677193</ctlrOwnr>
      <ctlrAcct>83677193.4002/HKD/KK</ctlrAcct>
      <ccy>HKD</ccy>
      <asst>HKD</asst>
      <asstIDs>
        <asstRef refType="CURRENCY">HKD</asstRef>
      </asstIDs>
    </hldId>
    <effDt>2021-06-07</effDt>
    <grAmt ccy="HKD">479.42</grAmt>
    <netAmt ccy="HKD">479.42</netAmt>
  </hldCpt2><chrgGp amtScheme="m2">
    <chrgCpt>
      <ctgy>OTF</ctgy>
      <ctgyAmt ccy="HKD">-0.58</ctgyAmt>
      <chrgDesc>Third Party Charges</chrgDesc>
    </chrgCpt>
    <chrgCpt>
      <ctgy>BKF</ctgy>
      <ctgyAmt ccy="HKD">-0.58</ctgyAmt>
      <chrgDesc>Fee Difference</chrgDesc>
    </chrgCpt>
  </chrgGp></M001><M001><tkn /><m2xmlReleaseNo>020</m2xmlReleaseNo><mvmtHdr mvmtTp="OPN">
    <cmt>Raise loan</cmt>
  </mvmtHdr><mvmtSrc>
    <ctlr>lghths-sg</ctlr>
    <ctlrMvmtRef>710755174</ctlrMvmtRef>
    <srcRecType>Deposits &amp; Loans Transaction</srcRecType>
    <srcTransType>Raise Loan</srcTransType>
  </mvmtSrc><extSys>
    <extSysID>SAR</extSysID>
    <extSysRef>713141602</extSysRef>
  </extSys><hldCpt1 amtScheme="m2">
    <hldId>
      <ptfl>83663293.6000</ptfl>
      <ctlrOwnr>83663293</ctlrOwnr>
      <ctlrAcct>83663293</ctlrAcct>
      <ownrRefCcy>USD</ownrRefCcy>
      <ccy>USD</ccy>
      <asst>USD</asst>
      <asstIDs>
        <asstRef refType="CURRENCY">USD</asstRef>
      </asstIDs>
      <asstDetail>
        <type>MoneyMarket</type>
        <desc>USD Fixed Loan</desc>
        <asstMnyMktDetails>
          <mnyMktType>Loan</mnyMktType>
          <mnyMktTerm termType="Fixed">2021-06-11</mnyMktTerm>
          <mnyMktAmt ccy="USD">-374482.36</mnyMktAmt>
          <intRate>0.9125</intRate>
          <mnyMktRef>143658834</mnyMktRef>
          <mnyMktName>s/t Fixed Advance Fix USD 0.9125% 04.06.2021-11.</mnyMktName>
          <matDate>2021-06-11</matDate>
          <startDate>2021-06-04</startDate>
        </asstMnyMktDetails>
      </asstDetail>
    </hldId>
    <effDt>2021-06-07</effDt>
    <settleDt>2021-06-04</settleDt>
    <grAmt ccy="USD">-374482.36</grAmt>
    <netAmt ccy="USD">-374482.36</netAmt>
  </hldCpt1><hldCpt2 amtScheme="m2">
    <hldId>
      <ptfl>83663293.6000</ptfl>
      <ctlrOwnr>83663293</ctlrOwnr>
      <ctlrAcct>83663293.4000/USD/KK</ctlrAcct>
      <ccy>USD</ccy>
      <asst>USD</asst>
      <asstIDs>
        <asstRef refType="CURRENCY">USD</asstRef>
      </asstIDs>
    </hldId>
    <effDt>2021-06-07</effDt>
    <grAmt ccy="USD">374482.36</grAmt>
    <netAmt ccy="USD">374482.36</netAmt>
  </hldCpt2></M001><M001><tkn /><m2xmlReleaseNo>020</m2xmlReleaseNo><mvmtHdr mvmtTp="OPN">
    <cmt>Raise loan</cmt>
  </mvmtHdr><mvmtSrc>
    <ctlr>lghths-sg</ctlr>
    <ctlrMvmtRef>710755163</ctlrMvmtRef>
    <srcRecType>Deposits &amp; Loans Transaction</srcRecType>
    <srcTransType>Raise Loan</srcTransType>
  </mvmtSrc><extSys>
    <extSysID>SAR</extSysID>
    <extSysRef>713141602</extSysRef>
  </extSys><hldCpt1 amtScheme="m2">
    <hldId>
      <ptfl>83663293.6000</ptfl>
      <ctlrOwnr>83663293</ctlrOwnr>
      <ctlrAcct>83663293</ctlrAcct>
      <ownrRefCcy>USD</ownrRefCcy>
      <ccy>EUR</ccy>
      <asst>EUR</asst>
      <asstIDs>
        <asstRef refType="CURRENCY">EUR</asstRef>
      </asstIDs>
      <asstDetail>
        <type>MoneyMarket</type>
        <desc>EUR Fixed Loan</desc>
        <asstMnyMktDetails>
          <mnyMktType>Loan</mnyMktType>
          <mnyMktTerm termType="Fixed">2021-06-11</mnyMktTerm>
          <mnyMktAmt ccy="EUR">-278757.15</mnyMktAmt>
          <intRate>0.65</intRate>
          <mnyMktRef>143655318</mnyMktRef>
          <mnyMktName>s/t Fixed Advance Fix EUR 0.65% 04.06.2021-11.06</mnyMktName>
          <matDate>2021-06-11</matDate>
          <startDate>2021-06-04</startDate>
        </asstMnyMktDetails>
      </asstDetail>
    </hldId>
    <effDt>2021-06-07</effDt>
    <settleDt>2021-06-04</settleDt>
    <grAmt ccy="EUR">-278757.15</grAmt>
    <netAmt ccy="EUR">-278757.15</netAmt>
  </hldCpt1><hldCpt2 amtScheme="m2">
    <hldId>
      <ptfl>83663293.6000</ptfl>
      <ctlrOwnr>83663293</ctlrOwnr>
      <ctlrAcct>83663293.4003/EUR/KK</ctlrAcct>
      <ccy>EUR</ccy>
      <asst>EUR</asst>
      <asstIDs>
        <asstRef refType="CURRENCY">EUR</asstRef>
      </asstIDs>
    </hldId>
    <effDt>2021-06-07</effDt>
    <grAmt ccy="EUR">278757.15</grAmt>
    <netAmt ccy="EUR">278757.15</netAmt>
  </hldCpt2></M001><M001><tkn /><m2xmlReleaseNo>020</m2xmlReleaseNo><mvmtHdr mvmtTp="OPN">
    <cmt>Raise loan</cmt>
  </mvmtHdr><mvmtSrc>
    <ctlr>lghths-sg</ctlr>
    <ctlrMvmtRef>710755152</ctlrMvmtRef>
    <srcRecType>Deposits &amp; Loans Transaction</srcRecType>
    <srcTransType>Raise Loan</srcTransType>
  </mvmtSrc><extSys>
    <extSysID>SAR</extSysID>
    <extSysRef>713141602</extSysRef>
  </extSys><hldCpt1 amtScheme="m2">
    <hldId>
      <ptfl>83663293.6000</ptfl>
      <ctlrOwnr>83663293</ctlrOwnr>
      <ctlrAcct>83663293</ctlrAcct>
      <ownrRefCcy>USD</ownrRefCcy>
      <ccy>HKD</ccy>
      <asst>HKD</asst>
      <asstIDs>
        <asstRef refType="CURRENCY">HKD</asstRef>
      </asstIDs>
      <asstDetail>
        <type>MoneyMarket</type>
        <desc>HKD Fixed Loan</desc>
        <asstMnyMktDetails>
          <mnyMktType>Loan</mnyMktType>
          <mnyMktTerm termType="Fixed">2021-06-11</mnyMktTerm>
          <mnyMktAmt ccy="HKD">-1457486.04</mnyMktAmt>
          <intRate>99.62</intRate>
          <mnyMktRef>143655311</mnyMktRef>
          <mnyMktName>s/t Fixed Advance Fix HKD 99.62% 04.06.2021-11.0</mnyMktName>
          <matDate>2021-06-11</matDate>
          <startDate>2021-06-04</startDate>
        </asstMnyMktDetails>
      </asstDetail>
    </hldId>
    <effDt>2021-06-07</effDt>
    <settleDt>2021-06-04</settleDt>
    <grAmt ccy="HKD">-1457486.04</grAmt>
    <netAmt ccy="HKD">-1457486.04</netAmt>
  </hldCpt1><hldCpt2 amtScheme="m2">
    <hldId>
      <ptfl>83663293.6000</ptfl>
      <ctlrOwnr>83663293</ctlrOwnr>
      <ctlrAcct>83663293.4005/HKD/KK</ctlrAcct>
      <ccy>HKD</ccy>
      <asst>HKD</asst>
      <asstIDs>
        <asstRef refType="CURRENCY">HKD</asstRef>
      </asstIDs>
    </hldId>
    <effDt>2021-06-07</effDt>
    <grAmt ccy="HKD">1457486.04</grAmt>
    <netAmt ccy="HKD">1457486.04</netAmt>
  </hldCpt2></M001><M001><tkn /><m2xmlReleaseNo>020</m2xmlReleaseNo><mvmtHdr mvmtTp="OPN">
    <cmt>Raise loan</cmt>
  </mvmtHdr><mvmtSrc>
    <ctlr>lghths-sg</ctlr>
    <ctlrMvmtRef>710755119</ctlrMvmtRef>
    <srcRecType>Deposits &amp; Loans Transaction</srcRecType>
    <srcTransType>Raise Loan</srcTransType>
  </mvmtSrc><extSys>
    <extSysID>SAR</extSysID>
    <extSysRef>713141602</extSysRef>
  </extSys><hldCpt1 amtScheme="m2">
    <hldId>
      <ptfl>83663293.6000</ptfl>
      <ctlrOwnr>83663293</ctlrOwnr>
      <ctlrAcct>83663293</ctlrAcct>
      <ownrRefCcy>USD</ownrRefCcy>
      <ccy>GBP</ccy>
      <asst>GBP</asst>
      <asstIDs>
        <asstRef refType="CURRENCY">GBP</asstRef>
      </asstIDs>
      <asstDetail>
        <type>MoneyMarket</type>
        <desc>GBP Fixed Loan</desc>
        <asstMnyMktDetails>
          <mnyMktType>Loan</mnyMktType>
          <mnyMktTerm termType="Fixed">2021-06-11</mnyMktTerm>
          <mnyMktAmt ccy="GBP">-217030.99</mnyMktAmt>
          <intRate>0.89238</intRate>
          <mnyMktRef>143655308</mnyMktRef>
          <mnyMktName>s/t Fixed Advance Fix GBP 0.89238% 04.06.2021-11</mnyMktName>
          <matDate>2021-06-11</matDate>
          <startDate>2021-06-04</startDate>
        </asstMnyMktDetails>
      </asstDetail>
    </hldId>
    <effDt>2021-06-07</effDt>
    <settleDt>2021-06-04</settleDt>
    <grAmt ccy="GBP">-217030.99</grAmt>
    <netAmt ccy="GBP">-217030.99</netAmt>
  </hldCpt1><hldCpt2 amtScheme="m2">
    <hldId>
      <ptfl>83663293.6000</ptfl>
      <ctlrOwnr>83663293</ctlrOwnr>
      <ctlrAcct>83663293.4001/GBP/KK</ctlrAcct>
      <ccy>GBP</ccy>
      <asst>GBP</asst>
      <asstIDs>
        <asstRef refType="CURRENCY">GBP</asstRef>
      </asstIDs>
    </hldId>
    <effDt>2021-06-07</effDt>
    <grAmt ccy="GBP">217030.99</grAmt>
    <netAmt ccy="GBP">217030.99</netAmt>
  </hldCpt2></M001></m2:M006>
