<?xml version="1.0" encoding="UTF-8"?>
<m2:M006 xmlns:m2="http://www.mym2.com" xmlns:xsi="http://www.w3.org/2001/XMLSchema-instance" xsi:schemaLocation="http://www.mym2.com http://www.mym2.com/schemas/M2RequestSchema.xsd"><M001><tkn /><m2xmlReleaseNo>020</m2xmlReleaseNo><mvmtHdr mvmtTp="DIV">
    <cmt>Dividend Cash 6,060 ISIN IE00B1TXHL60 @ 0.446 USD</cmt>
  </mvmtHdr><mvmtSrc>
    <ctlr>lghths-sg</ctlr>
    <ctlrMvmtRef>709547131</ctlrMvmtRef>
    <srcRecType>Cash Transaction</srcRecType>
    <srcTransType>Dividend Cash</srcTransType>
  </mvmtSrc><extSys>
    <extSysID>SAR</extSysID>
    <extSysRef>709547131</extSysRef>
  </extSys><hldCpt1 amtScheme="m2">
    <hldId>
      <ptfl>83677193.6000</ptfl>
      <ctlrOwnr>83677193</ctlrOwnr>
      <ctlrAcct>83677193.6000</ctlrAcct>
      <ownrRefCcy>USD</ownrRefCcy>
      <ccy>USD</ccy>
      <asst>IE00B1TXHL60</asst>
      <asstIDs>
        <asstRef refType="ISIN">IE00B1TXHL60</asstRef>
        <asstRef refType="Valor">3007862</asstRef>
        <asstRef refType="SARA">000025595322</asstRef>
      </asstIDs>
      <asstDetail>
        <isin>IE00B1TXHL60</isin>
        <type>Fund</type>
        <cntry>IE/Ireland</cntry>
        <desc>iShares II Plc- Listed Private Equity UCITS ETF (USD)</desc>
        <issueCcy>USD</issueCcy>
        <latestPrc ccy="USD">29.435</latestPrc>
        <latestPrcDate>2021-05-27</latestPrcDate>
        <prcFactor>1</prcFactor>
      </asstDetail>
    </hldId>
    <effDt>2021-05-27</effDt>
    <settleDt>2021-05-26</settleDt>
    <qty>6060</qty>
    <grDivPerShare ccy="USD">0.4459</grDivPerShare>
    <netDivPerShare ccy="USD">0.445899</netDivPerShare>
    <grAmt ccy="USD">2702.15</grAmt>
    <netAmt ccy="USD">2702.15</netAmt>
  </hldCpt1><hldCpt2 amtScheme="m2">
    <hldId>
      <ptfl>83677193.6000</ptfl>
      <ctlrOwnr>83677193</ctlrOwnr>
      <ctlrAcct>83677193.4000/USD/KK</ctlrAcct>
      <ccy>USD</ccy>
      <asst>USD</asst>
      <asstIDs>
        <asstRef refType="CURRENCY">USD</asstRef>
      </asstIDs>
    </hldId>
    <effDt>2021-05-27</effDt>
    <grAmt ccy="USD">2702.15</grAmt>
    <netAmt ccy="USD">2702.15</netAmt>
  </hldCpt2></M001></m2:M006>
