<?xml version="1.0" encoding="UTF-8"?>
<m2:M006 xmlns:m2="http://www.mym2.com" xmlns:xsi="http://www.w3.org/2001/XMLSchema-instance" xsi:schemaLocation="http://www.mym2.com http://www.mym2.com/schemas/M2RequestSchema.xsd"><M001><tkn /><m2xmlReleaseNo>020</m2xmlReleaseNo><mvmtHdr mvmtTp="COU">
    <cmt>Interest 200,000 ISIN XS2222660768</cmt>
  </mvmtHdr><mvmtSrc>
    <ctlr>lghths-sg</ctlr>
    <ctlrMvmtRef>713695524</ctlrMvmtRef>
    <srcRecType>Cash Transaction</srcRecType>
    <srcTransType>Interest</srcTransType>
  </mvmtSrc><extSys>
    <extSysID>SAR</extSysID>
    <extSysRef>713695524</extSysRef>
  </extSys><hldCpt1 amtScheme="m2">
    <hldId>
      <ptfl>83663279.6000</ptfl>
      <ctlrOwnr>83663279</ctlrOwnr>
      <ctlrAcct>83663279.6000</ctlrAcct>
      <ownrRefCcy>USD</ownrRefCcy>
      <ccy>USD</ccy>
      <asst>XS2222660768</asst>
      <asstIDs>
        <asstRef refType="ISIN">XS2222660768</asstRef>
        <asstRef refType="Valor">59267331</asstRef>
        <asstRef refType="SARA">000142236259</asstRef>
      </asstIDs>
      <asstDetail>
        <isin>XS2222660768</isin>
        <type>Share</type>
        <cntry>HK/Hong Kong</cntry>
        <desc>10% BNP Paribas Alibaba Group Holding Ltd RegS STR 193.76  Callable Fixed Coupon Notes 02.08.2021 Repayment cash or physical</desc>
        <issueCcy>USD</issueCcy>
        <issueDate>2021-02-01</issueDate>
        <latestPrc ccy="USD">100.2564</latestPrc>
        <latestPrcDate>2021-06-07</latestPrcDate>
        <prcFactor>.01</prcFactor>
      </asstDetail>
    </hldId>
    <effDt>2021-06-08</effDt>
    <settleDt>2021-06-08</settleDt>
    <qty>200000</qty>
    <grAmt ccy="USD">1666.67</grAmt>
    <netAmt ccy="USD">1666.67</netAmt>
  </hldCpt1><hldCpt2 amtScheme="m2">
    <hldId>
      <ptfl>83663279.6000</ptfl>
      <ctlrOwnr>83663279</ctlrOwnr>
      <ctlrAcct>83663279.4000/USD/KK</ctlrAcct>
      <ccy>USD</ccy>
      <asst>USD</asst>
      <asstIDs>
        <asstRef refType="CURRENCY">USD</asstRef>
      </asstIDs>
    </hldId>
    <effDt>2021-06-08</effDt>
    <grAmt ccy="USD">1666.67</grAmt>
    <netAmt ccy="USD">1666.67</netAmt>
  </hldCpt2></M001><M001><tkn /><m2xmlReleaseNo>020</m2xmlReleaseNo><mvmtHdr mvmtTp="DIV">
    <cmt>Dividend Cash 3,762.26 ISIN LU1514167219 @ 0.42 USD</cmt>
  </mvmtHdr><mvmtSrc>
    <ctlr>lghths-sg</ctlr>
    <ctlrMvmtRef>713723518</ctlrMvmtRef>
    <srcRecType>Cash Transaction</srcRecType>
    <srcTransType>Dividend Cash</srcTransType>
  </mvmtSrc><extSys>
    <extSysID>SAR</extSysID>
    <extSysRef>713723518</extSysRef>
  </extSys><hldCpt1 amtScheme="m2">
    <hldId>
      <ptfl>83663279.6000</ptfl>
      <ctlrOwnr>83663279</ctlrOwnr>
      <ctlrAcct>83663279.6000</ctlrAcct>
      <ownrRefCcy>USD</ownrRefCcy>
      <ccy>USD</ccy>
      <asst>LU1514167219</asst>
      <asstIDs>
        <asstRef refType="ISIN">LU1514167219</asstRef>
        <asstRef refType="Valor">34540233</asstRef>
        <asstRef refType="SARA">000132419171</asstRef>
      </asstIDs>
      <asstDetail>
        <isin>LU1514167219</isin>
        <type>Fund</type>
        <cntry>LU/Luxembourg</cntry>
        <desc>Schroder International Selection  Fund Sicav-Global Credit Income (USD) -C- Distribution</desc>
        <issueCcy>USD</issueCcy>
        <latestPrc ccy="USD">106.1668</latestPrc>
        <latestPrcDate>2021-06-08</latestPrcDate>
        <prcFactor>1</prcFactor>
      </asstDetail>
    </hldId>
    <effDt>2021-06-08</effDt>
    <settleDt>2021-06-07</settleDt>
    <qty>3762.26</qty>
    <grDivPerShare ccy="USD">0.420161</grDivPerShare>
    <netDivPerShare ccy="USD">0.42016</netDivPerShare>
    <grAmt ccy="USD">1580.75</grAmt>
    <netAmt ccy="USD">1580.75</netAmt>
  </hldCpt1><hldCpt2 amtScheme="m2">
    <hldId>
      <ptfl>83663279.6000</ptfl>
      <ctlrOwnr>83663279</ctlrOwnr>
      <ctlrAcct>83663279.4000/USD/KK</ctlrAcct>
      <ccy>USD</ccy>
      <asst>USD</asst>
      <asstIDs>
        <asstRef refType="CURRENCY">USD</asstRef>
      </asstIDs>
    </hldId>
    <effDt>2021-06-08</effDt>
    <grAmt ccy="USD">1580.75</grAmt>
    <netAmt ccy="USD">1580.75</netAmt>
  </hldCpt2></M001><M001><tkn /><m2xmlReleaseNo>020</m2xmlReleaseNo><mvmtHdr mvmtTp="COU">
    <cmt>Interest 200,000 ISIN XS2304008068</cmt>
  </mvmtHdr><mvmtSrc>
    <ctlr>lghths-sg</ctlr>
    <ctlrMvmtRef>713730282</ctlrMvmtRef>
    <srcRecType>Cash Transaction</srcRecType>
    <srcTransType>Interest</srcTransType>
  </mvmtSrc><extSys>
    <extSysID>SAR</extSysID>
    <extSysRef>713730282</extSysRef>
  </extSys><hldCpt1 amtScheme="m2">
    <hldId>
      <ptfl>83663293.6000</ptfl>
      <ctlrOwnr>83663293</ctlrOwnr>
      <ctlrAcct>83663293.6000</ctlrAcct>
      <ownrRefCcy>USD</ownrRefCcy>
      <ccy>USD</ccy>
      <asst>XS2304008068</asst>
      <asstIDs>
        <asstRef refType="ISIN">XS2304008068</asstRef>
        <asstRef refType="Valor">59476182</asstRef>
        <asstRef refType="SARA">000142671407</asstRef>
      </asstIDs>
      <asstDetail>
        <isin>XS2304008068</isin>
        <type>Share</type>
        <cntry>NL/Netherlands</cntry>
        <desc>6% JP Morgan Structured Products BV HDFC Bank Ltd -ADR- (3 Shs) STR 59.535 Infosys Ltd -ADR- STR 12.9728 Fixed Coupon Notes 04.03.2022 Repayment cash or physical</desc>
        <issueCcy>USD</issueCcy>
        <issueDate>2021-03-04</issueDate>
        <latestPrc ccy="USD">97.6612</latestPrc>
        <latestPrcDate>2021-06-07</latestPrcDate>
        <prcFactor>.01</prcFactor>
      </asstDetail>
    </hldId>
    <effDt>2021-06-08</effDt>
    <settleDt>2021-06-08</settleDt>
    <qty>200000</qty>
    <grAmt ccy="USD">1000</grAmt>
    <netAmt ccy="USD">1000</netAmt>
  </hldCpt1><hldCpt2 amtScheme="m2">
    <hldId>
      <ptfl>83663293.6000</ptfl>
      <ctlrOwnr>83663293</ctlrOwnr>
      <ctlrAcct>83663293.4000/USD/KK</ctlrAcct>
      <ccy>USD</ccy>
      <asst>USD</asst>
      <asstIDs>
        <asstRef refType="CURRENCY">USD</asstRef>
      </asstIDs>
    </hldId>
    <effDt>2021-06-08</effDt>
    <grAmt ccy="USD">1000</grAmt>
    <netAmt ccy="USD">1000</netAmt>
  </hldCpt2></M001><M001><tkn /><m2xmlReleaseNo>020</m2xmlReleaseNo><mvmtHdr mvmtTp="COU">
    <cmt>Interest 300,000 ISIN XS2304008225</cmt>
  </mvmtHdr><mvmtSrc>
    <ctlr>lghths-sg</ctlr>
    <ctlrMvmtRef>713730366</ctlrMvmtRef>
    <srcRecType>Cash Transaction</srcRecType>
    <srcTransType>Interest</srcTransType>
  </mvmtSrc><extSys>
    <extSysID>SAR</extSysID>
    <extSysRef>713730366</extSysRef>
  </extSys><hldCpt1 amtScheme="m2">
    <hldId>
      <ptfl>83663293.6000</ptfl>
      <ctlrOwnr>83663293</ctlrOwnr>
      <ctlrAcct>83663293.6000</ctlrAcct>
      <ownrRefCcy>USD</ownrRefCcy>
      <ccy>USD</ccy>
      <asst>XS2304008225</asst>
      <asstIDs>
        <asstRef refType="ISIN">XS2304008225</asstRef>
        <asstRef refType="Valor">59476183</asstRef>
        <asstRef refType="SARA">000142671426</asstRef>
      </asstIDs>
      <asstDetail>
        <isin>XS2304008225</isin>
        <type>Share</type>
        <cntry>NL/Netherlands</cntry>
        <desc>8% JP Morgan Structured Products BV HDFC Bank Ltd -ADR- (3 Shs) STR 64.2168 Infosys Ltd -ADR- STR 13.9929 Fixed Coupon Notes 04.03.2022 Repayment cash or physical</desc>
        <issueCcy>USD</issueCcy>
        <issueDate>2021-03-04</issueDate>
        <latestPrc ccy="USD">97.7897</latestPrc>
        <latestPrcDate>2021-06-07</latestPrcDate>
        <prcFactor>.01</prcFactor>
      </asstDetail>
    </hldId>
    <effDt>2021-06-08</effDt>
    <settleDt>2021-06-08</settleDt>
    <qty>300000</qty>
    <grAmt ccy="USD">2000</grAmt>
    <netAmt ccy="USD">2000</netAmt>
  </hldCpt1><hldCpt2 amtScheme="m2">
    <hldId>
      <ptfl>83663293.6000</ptfl>
      <ctlrOwnr>83663293</ctlrOwnr>
      <ctlrAcct>83663293.4000/USD/KK</ctlrAcct>
      <ccy>USD</ccy>
      <asst>USD</asst>
      <asstIDs>
        <asstRef refType="CURRENCY">USD</asstRef>
      </asstIDs>
    </hldId>
    <effDt>2021-06-08</effDt>
    <grAmt ccy="USD">2000</grAmt>
    <netAmt ccy="USD">2000</netAmt>
  </hldCpt2></M001></m2:M006>
