<?xml version="1.0" encoding="UTF-8"?>
<m2:M006 xmlns:m2="http://www.mym2.com" xmlns:xsi="http://www.w3.org/2001/XMLSchema-instance" xsi:schemaLocation="http://www.mym2.com http://www.mym2.com/schemas/M2RequestSchema.xsd"><M001><tkn /><m2xmlReleaseNo>020</m2xmlReleaseNo><mvmtHdr mvmtTp="PBM">
    <cmt>Transfer safe custody/services fee</cmt>
  </mvmtHdr><mvmtSrc>
    <ctlr>lghths-sg</ctlr>
    <ctlrMvmtRef>690269992</ctlrMvmtRef>
    <srcRecType>Cash Transaction</srcRecType>
    <srcTransType>Transfer safe custody/services fee</srcTransType>
  </mvmtSrc><extSys>
    <extSysID>SAR</extSysID>
    <extSysRef>690269992</extSysRef>
  </extSys><hldCpt1 amtScheme="m2">
    <hldId>
      <ptfl>83677193.6000</ptfl>
      <ctlrOwnr>83677193</ctlrOwnr>
      <ctlrAcct>83677193.4000/USD/KK</ctlrAcct>
      <ownrRefCcy>USD</ownrRefCcy>
      <ccy>USD</ccy>
      <asst>USD</asst>
      <asstIDs>
        <asstRef refType="CURRENCY">USD</asstRef>
      </asstIDs>
    </hldId>
    <effDt>2021-03-17</effDt>
    <settleDt>2021-03-31</settleDt>
    <grAmt ccy="USD">0</grAmt>
    <netAmt ccy="USD">-10291.28</netAmt>
  </hldCpt1><chrgGp amtScheme="m2">
    <chrgCpt>
      <ctgy>ADM</ctgy>
      <ctgyAmt ccy="USD">-9618.02</ctgyAmt>
      <chrgDesc>Custody Fee</chrgDesc>
    </chrgCpt>
    <chrgCpt>
      <ctgy>VAT</ctgy>
      <ctgyAmt ccy="USD">-673.26</ctgyAmt>
      <chrgDesc>VAT</chrgDesc>
    </chrgCpt>
  </chrgGp></M001><M001><tkn /><m2xmlReleaseNo>020</m2xmlReleaseNo><mvmtHdr mvmtTp="PBM">
    <cmt>Transfer safe custody/services fee</cmt>
  </mvmtHdr><mvmtSrc>
    <ctlr>lghths-sg</ctlr>
    <ctlrMvmtRef>690269347</ctlrMvmtRef>
    <srcRecType>Cash Transaction</srcRecType>
    <srcTransType>Transfer safe custody/services fee</srcTransType>
  </mvmtSrc><extSys>
    <extSysID>SAR</extSysID>
    <extSysRef>690269347</extSysRef>
  </extSys><hldCpt1 amtScheme="m2">
    <hldId>
      <ptfl>83676187.6000</ptfl>
      <ctlrOwnr>83676187</ctlrOwnr>
      <ctlrAcct>83676187.4000/USD/KK</ctlrAcct>
      <ownrRefCcy>USD</ownrRefCcy>
      <ccy>USD</ccy>
      <asst>USD</asst>
      <asstIDs>
        <asstRef refType="CURRENCY">USD</asstRef>
      </asstIDs>
    </hldId>
    <effDt>2021-03-17</effDt>
    <settleDt>2021-03-31</settleDt>
    <grAmt ccy="USD">0</grAmt>
    <netAmt ccy="USD">-956.52</netAmt>
  </hldCpt1><chrgGp amtScheme="m2">
    <chrgCpt>
      <ctgy>ADM</ctgy>
      <ctgyAmt ccy="USD">-893.94</ctgyAmt>
      <chrgDesc>Custody Fee</chrgDesc>
    </chrgCpt>
    <chrgCpt>
      <ctgy>VAT</ctgy>
      <ctgyAmt ccy="USD">-62.58</ctgyAmt>
      <chrgDesc>VAT</chrgDesc>
    </chrgCpt>
  </chrgGp></M001><M001><tkn /><m2xmlReleaseNo>020</m2xmlReleaseNo><mvmtHdr mvmtTp="PBM">
    <cmt>Transfer safe custody/services fee</cmt>
  </mvmtHdr><mvmtSrc>
    <ctlr>lghths-sg</ctlr>
    <ctlrMvmtRef>690269891</ctlrMvmtRef>
    <srcRecType>Cash Transaction</srcRecType>
    <srcTransType>Transfer safe custody/services fee</srcTransType>
  </mvmtSrc><extSys>
    <extSysID>SAR</extSysID>
    <extSysRef>690269891</extSysRef>
  </extSys><hldCpt1 amtScheme="m2">
    <hldId>
      <ptfl>83667931.6000</ptfl>
      <ctlrOwnr>83667931</ctlrOwnr>
      <ctlrAcct>83667931.4000/USD/KK</ctlrAcct>
      <ownrRefCcy>USD</ownrRefCcy>
      <ccy>USD</ccy>
      <asst>USD</asst>
      <asstIDs>
        <asstRef refType="CURRENCY">USD</asstRef>
      </asstIDs>
    </hldId>
    <effDt>2021-03-17</effDt>
    <settleDt>2021-03-31</settleDt>
    <grAmt ccy="USD">0</grAmt>
    <netAmt ccy="USD">-186.64</netAmt>
  </hldCpt1><chrgGp amtScheme="m2">
    <chrgCpt>
      <ctgy>ADM</ctgy>
      <ctgyAmt ccy="USD">-174.43</ctgyAmt>
      <chrgDesc>Custody Fee</chrgDesc>
    </chrgCpt>
    <chrgCpt>
      <ctgy>VAT</ctgy>
      <ctgyAmt ccy="USD">-12.21</ctgyAmt>
      <chrgDesc>VAT</chrgDesc>
    </chrgCpt>
  </chrgGp></M001><M001><tkn /><m2xmlReleaseNo>020</m2xmlReleaseNo><mvmtHdr mvmtTp="CLS">
    <cmt>Close Loan</cmt>
  </mvmtHdr><mvmtSrc>
    <ctlr>lghths-sg</ctlr>
    <ctlrMvmtRef>693448297</ctlrMvmtRef>
    <srcRecType>Deposits &amp; Loans Transaction</srcRecType>
    <srcTransType>Close Loan</srcTransType>
  </mvmtSrc><extSys>
    <extSysID>SAR</extSysID>
    <extSysRef>690269891</extSysRef>
  </extSys><hldCpt1 amtScheme="m2">
    <hldId>
      <ptfl>83663293.6000</ptfl>
      <ctlrOwnr>83663293</ctlrOwnr>
      <ctlrAcct>83663293</ctlrAcct>
      <ownrRefCcy>USD</ownrRefCcy>
      <ccy>USD</ccy>
      <asst>USD</asst>
      <asstIDs>
        <asstRef refType="CURRENCY">USD</asstRef>
      </asstIDs>
      <asstDetail>
        <type>MoneyMarket</type>
        <desc>USD Fixed Loan</desc>
        <asstMnyMktDetails>
          <mnyMktType>Loan</mnyMktType>
          <mnyMktTerm termType="Fixed">2021-03-19</mnyMktTerm>
          <mnyMktAmt ccy="USD">0</mnyMktAmt>
          <intRate>0.94</intRate>
          <mnyMktRef>142869009</mnyMktRef>
          <mnyMktName>s/t Fixed Advance Fix USD 0.94% 12.03.2021-19.03</mnyMktName>
          <matDate>2021-03-19</matDate>
          <startDate>2021-03-12</startDate>
        </asstMnyMktDetails>
      </asstDetail>
    </hldId>
    <effDt>2021-03-17</effDt>
    <settleDt>2021-03-19</settleDt>
    <grAmt ccy="USD">379670.67</grAmt>
    <netAmt ccy="USD">379670.67</netAmt>
  </hldCpt1><hldCpt2 amtScheme="m2">
    <hldId>
      <ptfl>83663293.6000</ptfl>
      <ctlrOwnr>83663293</ctlrOwnr>
      <ctlrAcct>83663293.4000/USD/KK</ctlrAcct>
      <ccy>USD</ccy>
      <asst>USD</asst>
      <asstIDs>
        <asstRef refType="CURRENCY">USD</asstRef>
      </asstIDs>
    </hldId>
    <effDt>2021-03-17</effDt>
    <grAmt ccy="USD">-379740.07</grAmt>
    <netAmt ccy="USD">-379740.07</netAmt>
  </hldCpt2><chrgGp amtScheme="m2">
    <chrgCpt>
      <ctgy>CIP</ctgy>
      <ctgyAmt ccy="USD">-69.4</ctgyAmt>
      <chrgDesc>Interest Paid</chrgDesc>
    </chrgCpt>
  </chrgGp></M001><M001><tkn /><m2xmlReleaseNo>020</m2xmlReleaseNo><mvmtHdr mvmtTp="CLS">
    <cmt>Close Loan</cmt>
  </mvmtHdr><mvmtSrc>
    <ctlr>lghths-sg</ctlr>
    <ctlrMvmtRef>693447744</ctlrMvmtRef>
    <srcRecType>Deposits &amp; Loans Transaction</srcRecType>
    <srcTransType>Close Loan</srcTransType>
  </mvmtSrc><extSys>
    <extSysID>SAR</extSysID>
    <extSysRef>690269891</extSysRef>
  </extSys><hldCpt1 amtScheme="m2">
    <hldId>
      <ptfl>83663293.6000</ptfl>
      <ctlrOwnr>83663293</ctlrOwnr>
      <ctlrAcct>83663293</ctlrAcct>
      <ownrRefCcy>USD</ownrRefCcy>
      <ccy>USD</ccy>
      <asst>USD</asst>
      <asstIDs>
        <asstRef refType="CURRENCY">USD</asstRef>
      </asstIDs>
      <asstDetail>
        <type>MoneyMarket</type>
        <desc>USD Fixed Loan</desc>
        <asstMnyMktDetails>
          <mnyMktType>Loan</mnyMktType>
          <mnyMktTerm termType="Fixed">2021-03-19</mnyMktTerm>
          <mnyMktAmt ccy="USD">-102817.94</mnyMktAmt>
          <intRate>0.94</intRate>
          <mnyMktRef>142857215</mnyMktRef>
          <mnyMktName>s/t Fixed Advance Fix USD 0.94% 11.03.2021-19.03</mnyMktName>
          <matDate>2021-03-19</matDate>
          <startDate>2021-03-11</startDate>
        </asstMnyMktDetails>
      </asstDetail>
    </hldId>
    <effDt>2021-03-17</effDt>
    <settleDt>2021-03-19</settleDt>
    <grAmt ccy="USD">102817.94</grAmt>
    <netAmt ccy="USD">102817.94</netAmt>
  </hldCpt1><hldCpt2 amtScheme="m2">
    <hldId>
      <ptfl>83663293.6000</ptfl>
      <ctlrOwnr>83663293</ctlrOwnr>
      <ctlrAcct>83663293.4000/USD/KK</ctlrAcct>
      <ccy>USD</ccy>
      <asst>USD</asst>
      <asstIDs>
        <asstRef refType="CURRENCY">USD</asstRef>
      </asstIDs>
    </hldId>
    <effDt>2021-03-17</effDt>
    <grAmt ccy="USD">-102839.42</grAmt>
    <netAmt ccy="USD">-102839.42</netAmt>
  </hldCpt2><chrgGp amtScheme="m2">
    <chrgCpt>
      <ctgy>CIP</ctgy>
      <ctgyAmt ccy="USD">-21.48</ctgyAmt>
      <chrgDesc>Interest Paid</chrgDesc>
    </chrgCpt>
  </chrgGp></M001></m2:M006>
