<?xml version="1.0" encoding="UTF-8"?>
<m2:M006 xmlns:m2="http://www.mym2.com" xmlns:xsi="http://www.w3.org/2001/XMLSchema-instance" xsi:schemaLocation="http://www.mym2.com http://www.mym2.com/schemas/M2RequestSchema.xsd"><M001><tkn /><m2xmlReleaseNo>020</m2xmlReleaseNo><mvmtHdr mvmtTp="COU">
    <cmt>Interest 200,000 ISIN XS1772325210</cmt>
  </mvmtHdr><mvmtSrc>
    <ctlr>lghths-sg</ctlr>
    <ctlrMvmtRef>691420916</ctlrMvmtRef>
    <srcRecType>Cash Transaction</srcRecType>
    <srcTransType>Interest</srcTransType>
  </mvmtSrc><extSys>
    <extSysID>SAR</extSysID>
    <extSysRef>691420916</extSysRef>
  </extSys><hldCpt1 amtScheme="m2">
    <hldId>
      <ptfl>83663293.6000</ptfl>
      <ctlrOwnr>83663293</ctlrOwnr>
      <ctlrAcct>83663293.6000</ctlrAcct>
      <ownrRefCcy>USD</ownrRefCcy>
      <ccy>USD</ccy>
      <asst>XS1772325210</asst>
      <asstIDs>
        <asstRef refType="ISIN">XS1772325210</asstRef>
        <asstRef refType="Valor">40701618</asstRef>
        <asstRef refType="SARA">000134087446</asstRef>
      </asstIDs>
      <asstDetail>
        <isin>XS1772325210</isin>
        <type>Bond</type>
        <cntry>KY/Cayman Islands</cntry>
        <desc>6.375% Logan Group Co Ltd Gtd.Bonds 2018-2021 Reg-S</desc>
        <issueCcy>USD</issueCcy>
        <issueDate>2018-03-07</issueDate>
        <latestPrc ccy="USD">100.245</latestPrc>
        <latestPrcDate>2021-03-04</latestPrcDate>
        <prcFactor>.01</prcFactor>
        <asstBondDetails>
          <matDate>2021-03-07</matDate>
          <intRate>0.0</intRate>
          <calcBasis>30E/360</calcBasis>
          <intFreq>2</intFreq>
          <intDate>2018-09-07</intDate>
          <intCcy>USD</intCcy>
        </asstBondDetails>
      </asstDetail>
    </hldId>
    <effDt>2021-03-08</effDt>
    <settleDt>2021-03-08</settleDt>
    <qty>200000</qty>
    <grAmt ccy="USD">6375</grAmt>
    <netAmt ccy="USD">6375</netAmt>
  </hldCpt1><hldCpt2 amtScheme="m2">
    <hldId>
      <ptfl>83663293.6000</ptfl>
      <ctlrOwnr>83663293</ctlrOwnr>
      <ctlrAcct>83663293.4000/USD/KK</ctlrAcct>
      <ccy>USD</ccy>
      <asst>USD</asst>
      <asstIDs>
        <asstRef refType="CURRENCY">USD</asstRef>
      </asstIDs>
    </hldId>
    <effDt>2021-03-08</effDt>
    <grAmt ccy="USD">6375</grAmt>
    <netAmt ccy="USD">6375</netAmt>
  </hldCpt2></M001><M001><tkn /><m2xmlReleaseNo>020</m2xmlReleaseNo><mvmtHdr mvmtTp="COU">
    <cmt>Interest 200,000 ISIN XS2222660768</cmt>
  </mvmtHdr><mvmtSrc>
    <ctlr>lghths-sg</ctlr>
    <ctlrMvmtRef>691383002</ctlrMvmtRef>
    <srcRecType>Cash Transaction</srcRecType>
    <srcTransType>Interest</srcTransType>
  </mvmtSrc><extSys>
    <extSysID>SAR</extSysID>
    <extSysRef>691383002</extSysRef>
  </extSys><hldCpt1 amtScheme="m2">
    <hldId>
      <ptfl>83663279.6000</ptfl>
      <ctlrOwnr>83663279</ctlrOwnr>
      <ctlrAcct>83663279.6000</ctlrAcct>
      <ownrRefCcy>USD</ownrRefCcy>
      <ccy>USD</ccy>
      <asst>XS2222660768</asst>
      <asstIDs>
        <asstRef refType="ISIN">XS2222660768</asstRef>
        <asstRef refType="Valor">59267331</asstRef>
        <asstRef refType="SARA">000142236259</asstRef>
      </asstIDs>
      <asstDetail>
        <isin>XS2222660768</isin>
        <type>Bond</type>
        <cntry>HK/Hong Kong</cntry>
        <desc>10% BNP Paribas Alibaba Group Holding Ltd RegS STR 193.76  Callable Fixed Coupon Notes 02.08.2021 Repayment cash or physical</desc>
        <issueCcy>USD</issueCcy>
        <issueDate>2021-02-01</issueDate>
        <latestPrc ccy="USD">99.0893</latestPrc>
        <latestPrcDate>2021-03-05</latestPrcDate>
        <prcFactor>.01</prcFactor>
        <asstBondDetails>
          <matDate>2021-08-09</matDate>
          <intRate>10.0</intRate>
          <intFreq>12</intFreq>
          <intDate>2021-03-08</intDate>
          <intCcy>USD</intCcy>
        </asstBondDetails>
      </asstDetail>
    </hldId>
    <effDt>2021-03-08</effDt>
    <settleDt>2021-03-08</settleDt>
    <qty>200000</qty>
    <grAmt ccy="USD">1666.67</grAmt>
    <netAmt ccy="USD">1666.67</netAmt>
  </hldCpt1><hldCpt2 amtScheme="m2">
    <hldId>
      <ptfl>83663279.6000</ptfl>
      <ctlrOwnr>83663279</ctlrOwnr>
      <ctlrAcct>83663279.4000/USD/KK</ctlrAcct>
      <ccy>USD</ccy>
      <asst>USD</asst>
      <asstIDs>
        <asstRef refType="CURRENCY">USD</asstRef>
      </asstIDs>
    </hldId>
    <effDt>2021-03-08</effDt>
    <grAmt ccy="USD">1666.67</grAmt>
    <netAmt ccy="USD">1666.67</netAmt>
  </hldCpt2></M001><M001><tkn /><m2xmlReleaseNo>020</m2xmlReleaseNo><mvmtHdr mvmtTp="COU">
    <cmt>Interest 300,000 ISIN XS2064158434</cmt>
  </mvmtHdr><mvmtSrc>
    <ctlr>lghths-sg</ctlr>
    <ctlrMvmtRef>691377359</ctlrMvmtRef>
    <srcRecType>Cash Transaction</srcRecType>
    <srcTransType>Interest</srcTransType>
  </mvmtSrc><extSys>
    <extSysID>SAR</extSysID>
    <extSysRef>691377359</extSysRef>
  </extSys><hldCpt1 amtScheme="m2">
    <hldId>
      <ptfl>83663279.6000</ptfl>
      <ctlrOwnr>83663279</ctlrOwnr>
      <ctlrAcct>83663279.6000</ctlrAcct>
      <ownrRefCcy>USD</ownrRefCcy>
      <ccy>USD</ccy>
      <asst>XS2064158434</asst>
      <asstIDs>
        <asstRef refType="ISIN">XS2064158434</asstRef>
        <asstRef refType="Valor">52518118</asstRef>
        <asstRef refType="SARA">000139604029</asstRef>
      </asstIDs>
      <asstDetail>
        <isin>XS2064158434</isin>
        <type>Bond</type>
        <cntry>GB/United Kingdom</cntry>
        <desc>8% Credit Suisse International British American Tobacco Plc STR 34.9157 Altria Group Inc STR 36.0589 Callable Fixed Coupon Notes 01.03.2021 Repayment cash or physical</desc>
        <issueCcy>USD</issueCcy>
        <issueDate>2020-02-27</issueDate>
        <latestPrc ccy="USD">100.9962</latestPrc>
        <latestPrcDate>2021-03-01</latestPrcDate>
        <prcFactor>.01</prcFactor>
        <asstBondDetails>
          <matDate>2021-03-08</matDate>
          <intRate>0.0</intRate>
          <intFreq>4</intFreq>
          <intDate>2020-06-03</intDate>
          <intCcy>USD</intCcy>
        </asstBondDetails>
      </asstDetail>
    </hldId>
    <effDt>2021-03-08</effDt>
    <settleDt>2021-03-08</settleDt>
    <qty>300000</qty>
    <grAmt ccy="USD">6000</grAmt>
    <netAmt ccy="USD">6000</netAmt>
  </hldCpt1><hldCpt2 amtScheme="m2">
    <hldId>
      <ptfl>83663279.6000</ptfl>
      <ctlrOwnr>83663279</ctlrOwnr>
      <ctlrAcct>83663279.4000/USD/KK</ctlrAcct>
      <ccy>USD</ccy>
      <asst>USD</asst>
      <asstIDs>
        <asstRef refType="CURRENCY">USD</asstRef>
      </asstIDs>
    </hldId>
    <effDt>2021-03-08</effDt>
    <grAmt ccy="USD">6000</grAmt>
    <netAmt ccy="USD">6000</netAmt>
  </hldCpt2></M001><M001><tkn /><m2xmlReleaseNo>020</m2xmlReleaseNo><mvmtHdr mvmtTp="COU">
    <cmt>Interest 400,000 ISIN XS1958658509</cmt>
  </mvmtHdr><mvmtSrc>
    <ctlr>lghths-sg</ctlr>
    <ctlrMvmtRef>691360754</ctlrMvmtRef>
    <srcRecType>Cash Transaction</srcRecType>
    <srcTransType>Interest</srcTransType>
  </mvmtSrc><extSys>
    <extSysID>SAR</extSysID>
    <extSysRef>691360754</extSysRef>
  </extSys><hldCpt1 amtScheme="m2">
    <hldId>
      <ptfl>83663279.6000</ptfl>
      <ctlrOwnr>83663279</ctlrOwnr>
      <ctlrAcct>83663279.6000</ctlrAcct>
      <ownrRefCcy>USD</ownrRefCcy>
      <ccy>USD</ccy>
      <asst>XS1958658509</asst>
      <asstIDs>
        <asstRef refType="ISIN">XS1958658509</asstRef>
        <asstRef refType="Valor">46710638</asstRef>
        <asstRef refType="SARA">000136837239</asstRef>
      </asstIDs>
      <asstDetail>
        <isin>XS1958658509</isin>
        <type>Bond</type>
        <cntry>SG/Singapore</cntry>
        <desc>6% Jubilant Pharma Ltd Bonds 2019-2024 RegS</desc>
        <issueCcy>USD</issueCcy>
        <issueDate>2019-03-05</issueDate>
        <latestPrc ccy="USD">105.595</latestPrc>
        <latestPrcDate>2021-03-05</latestPrcDate>
        <prcFactor>.01</prcFactor>
        <asstBondDetails>
          <matDate>2024-03-05</matDate>
          <intRate>6.0</intRate>
          <calcBasis>30E/360</calcBasis>
          <intFreq>2</intFreq>
          <intDate>2019-09-05</intDate>
          <intCcy>USD</intCcy>
          <rating>BB-</rating>
        </asstBondDetails>
      </asstDetail>
    </hldId>
    <effDt>2021-03-08</effDt>
    <settleDt>2021-03-05</settleDt>
    <qty>400000</qty>
    <grAmt ccy="USD">12000</grAmt>
    <netAmt ccy="USD">12000</netAmt>
  </hldCpt1><hldCpt2 amtScheme="m2">
    <hldId>
      <ptfl>83663279.6000</ptfl>
      <ctlrOwnr>83663279</ctlrOwnr>
      <ctlrAcct>83663279.4000/USD/KK</ctlrAcct>
      <ccy>USD</ccy>
      <asst>USD</asst>
      <asstIDs>
        <asstRef refType="CURRENCY">USD</asstRef>
      </asstIDs>
    </hldId>
    <effDt>2021-03-08</effDt>
    <grAmt ccy="USD">12000</grAmt>
    <netAmt ccy="USD">12000</netAmt>
  </hldCpt2></M001><M001><tkn /><m2xmlReleaseNo>020</m2xmlReleaseNo><mvmtHdr mvmtTp="COU">
    <cmt>Interest 200,000 ISIN XS1493722299</cmt>
  </mvmtHdr><mvmtSrc>
    <ctlr>lghths-sg</ctlr>
    <ctlrMvmtRef>691357604</ctlrMvmtRef>
    <srcRecType>Cash Transaction</srcRecType>
    <srcTransType>Interest</srcTransType>
  </mvmtSrc><extSys>
    <extSysID>SAR</extSysID>
    <extSysRef>691357604</extSysRef>
  </extSys><hldCpt1 amtScheme="m2">
    <hldId>
      <ptfl>83663279.6000</ptfl>
      <ctlrOwnr>83663279</ctlrOwnr>
      <ctlrAcct>83663279.6000</ctlrAcct>
      <ownrRefCcy>USD</ownrRefCcy>
      <ccy>USD</ccy>
      <asst>XS1493722299</asst>
      <asstIDs>
        <asstRef refType="ISIN">XS1493722299</asstRef>
        <asstRef refType="Valor">34159037</asstRef>
        <asstRef refType="SARA">000130170573</asstRef>
      </asstIDs>
      <asstDetail>
        <isin>XS1493722299</isin>
        <type>Bond</type>
        <cntry>SG/Singapore</cntry>
        <desc>4.875% Jubilant Pharma Ltd Notes 2016-2021</desc>
        <issueCcy>USD</issueCcy>
        <issueDate>2016-10-06</issueDate>
        <latestPrc ccy="USD">100.86</latestPrc>
        <latestPrcDate>2021-03-04</latestPrcDate>
        <prcFactor>.01</prcFactor>
        <asstBondDetails>
          <matDate>2021-10-06</matDate>
          <intRate>4.875</intRate>
          <calcBasis>30/360</calcBasis>
          <intFreq>2</intFreq>
          <intDate>2017-04-06</intDate>
          <intCcy>USD</intCcy>
          <rating>BB</rating>
        </asstBondDetails>
      </asstDetail>
    </hldId>
    <effDt>2021-03-08</effDt>
    <settleDt>2021-03-05</settleDt>
    <qty>200000</qty>
    <grAmt ccy="USD">1345.14</grAmt>
    <netAmt ccy="USD">1345.14</netAmt>
  </hldCpt1><hldCpt2 amtScheme="m2">
    <hldId>
      <ptfl>83663279.6000</ptfl>
      <ctlrOwnr>83663279</ctlrOwnr>
      <ctlrAcct>83663279.4000/USD/KK</ctlrAcct>
      <ccy>USD</ccy>
      <asst>USD</asst>
      <asstIDs>
        <asstRef refType="CURRENCY">USD</asstRef>
      </asstIDs>
    </hldId>
    <effDt>2021-03-08</effDt>
    <grAmt ccy="USD">1345.14</grAmt>
    <netAmt ccy="USD">1345.14</netAmt>
  </hldCpt2></M001><M001><tkn /><m2xmlReleaseNo>020</m2xmlReleaseNo><mvmtHdr mvmtTp="BUY">
    <cmt>Bought 33,264 SARA 000142812001</cmt>
  </mvmtHdr><mvmtSrc>
    <ctlr>lghths-sg</ctlr>
    <ctlrMvmtRef>691101974</ctlrMvmtRef>
    <srcRecType>Security Transaction</srcRecType>
    <srcTransType>Buy</srcTransType>
  </mvmtSrc><extSys>
    <extSysID>SAR</extSysID>
    <extSysRef>691101974</extSysRef>
  </extSys><hldCpt1 amtScheme="m2">
    <hldId>
      <ptfl>83663293.6000</ptfl>
      <ctlrOwnr>83663293</ctlrOwnr>
      <ctlrAcct>83663293.6000</ctlrAcct>
      <ownrRefCcy>USD</ownrRefCcy>
      <ccy>GBP</ccy>
      <asst>000142812001</asst>
      <asstIDs>
        <asstRef refType="SARA">000142812001</asstRef>
      </asstIDs>
      <asstDetail>
        <type>Hybrid</type>
        <desc>Stock Forward Accumulator  2x Leveraged on Imperial Brands Plc (IMB LN) Period: 04.MAR.21 - 03.MAR.22  252 Days Strike: GBP 11.9331  Knock-Out: GBP 14.6809</desc>
        <latestPrc ccy="">0.00</latestPrc>
        <latestPrcDate>2021-03-04</latestPrcDate>
        <prcFactor>1</prcFactor>
      </asstDetail>
    </hldId>
    <effDt>2021-03-04</effDt>
    <settleDt>2021-03-08</settleDt>
    <qty>33264</qty>
    <prc ccy="GBP">0</prc>
    <grTrdAmt ccy="GBP">-0</grTrdAmt>
    <grAmt ccy="GBP">-0</grAmt>
    <netAmt ccy="GBP">-0</netAmt>
  </hldCpt1><hldCpt2 amtScheme="m2">
    <hldId>
      <ctlrOwnr>83663293</ctlrOwnr>
      <ctlrAcct>83663293</ctlrAcct>
      <ccy>GBP</ccy>
      <asst>GBP</asst>
      <asstIDs>
        <asstRef refType="CURRENCY">GBP</asstRef>
      </asstIDs>
    </hldId>
    <effDt>2021-03-04</effDt>
    <grAmt ccy="GBP">0</grAmt>
    <netAmt ccy="GBP">0</netAmt>
  </hldCpt2></M001><M001><tkn /><m2xmlReleaseNo>020</m2xmlReleaseNo><mvmtHdr mvmtTp="SEL">
    <cmt>Bond Redemption 200,000 ISIN XS1772325210 @ 100 USD</cmt>
  </mvmtHdr><mvmtSrc>
    <ctlr>lghths-sg</ctlr>
    <ctlrMvmtRef>691420832</ctlrMvmtRef>
    <srcRecType>Security Transaction</srcRecType>
    <srcTransType>Bond Redemption</srcTransType>
  </mvmtSrc><extSys>
    <extSysID>SAR</extSysID>
    <extSysRef>691420832</extSysRef>
  </extSys><hldCpt1 amtScheme="m2">
    <hldId>
      <ptfl>83663293.6000</ptfl>
      <ctlrOwnr>83663293</ctlrOwnr>
      <ctlrAcct>83663293.6000</ctlrAcct>
      <ownrRefCcy>USD</ownrRefCcy>
      <ccy>USD</ccy>
      <asst>XS1772325210</asst>
      <asstIDs>
        <asstRef refType="ISIN">XS1772325210</asstRef>
        <asstRef refType="Valor">40701618</asstRef>
        <asstRef refType="SARA">000134087446</asstRef>
      </asstIDs>
      <asstDetail>
        <isin>XS1772325210</isin>
        <type>Bond</type>
        <cntry>KY/Cayman Islands</cntry>
        <desc>6.375% Logan Group Co Ltd Gtd.Bonds 2018-2021 Reg-S</desc>
        <issueCcy>USD</issueCcy>
        <issueDate>2018-03-07</issueDate>
        <latestPrc ccy="USD">100.245</latestPrc>
        <latestPrcDate>2021-03-04</latestPrcDate>
        <prcFactor>.01</prcFactor>
        <asstBondDetails>
          <matDate>2021-03-07</matDate>
          <intRate>0.0</intRate>
          <calcBasis>30E/360</calcBasis>
          <intFreq>2</intFreq>
          <intDate>2018-09-07</intDate>
          <intCcy>USD</intCcy>
        </asstBondDetails>
      </asstDetail>
    </hldId>
    <effDt>2021-03-08</effDt>
    <settleDt>2021-03-08</settleDt>
    <qty>-200000</qty>
    <prc ccy="USD">100</prc>
    <grTrdAmt ccy="USD">-200000</grTrdAmt>
    <grAmt ccy="USD">-200000</grAmt>
    <netAmt ccy="USD">-200000</netAmt>
  </hldCpt1><hldCpt2 amtScheme="m2">
    <hldId>
      <ptfl>83663293.6000</ptfl>
      <ctlrOwnr>83663293</ctlrOwnr>
      <ctlrAcct>83663293.4000/USD/KK</ctlrAcct>
      <ccy>USD</ccy>
      <asst>USD</asst>
      <asstIDs>
        <asstRef refType="CURRENCY">USD</asstRef>
      </asstIDs>
    </hldId>
    <effDt>2021-03-08</effDt>
    <grAmt ccy="USD">200000</grAmt>
    <netAmt ccy="USD">200000</netAmt>
  </hldCpt2></M001><M001><tkn /><m2xmlReleaseNo>020</m2xmlReleaseNo><mvmtHdr mvmtTp="SEL">
    <cmt>Bond Redemption 300,000 ISIN XS2064158434 @ 100 USD</cmt>
  </mvmtHdr><mvmtSrc>
    <ctlr>lghths-sg</ctlr>
    <ctlrMvmtRef>691440408</ctlrMvmtRef>
    <srcRecType>Security Transaction</srcRecType>
    <srcTransType>Bond Redemption</srcTransType>
  </mvmtSrc><extSys>
    <extSysID>SAR</extSysID>
    <extSysRef>691440408</extSysRef>
  </extSys><hldCpt1 amtScheme="m2">
    <hldId>
      <ptfl>83663279.6000</ptfl>
      <ctlrOwnr>83663279</ctlrOwnr>
      <ctlrAcct>83663279.6000</ctlrAcct>
      <ownrRefCcy>USD</ownrRefCcy>
      <ccy>USD</ccy>
      <asst>XS2064158434</asst>
      <asstIDs>
        <asstRef refType="ISIN">XS2064158434</asstRef>
        <asstRef refType="Valor">52518118</asstRef>
        <asstRef refType="SARA">000139604029</asstRef>
      </asstIDs>
      <asstDetail>
        <isin>XS2064158434</isin>
        <type>Bond</type>
        <cntry>GB/United Kingdom</cntry>
        <desc>8% Credit Suisse International British American Tobacco Plc STR 34.9157 Altria Group Inc STR 36.0589 Callable Fixed Coupon Notes 01.03.2021 Repayment cash or physical</desc>
        <issueCcy>USD</issueCcy>
        <issueDate>2020-02-27</issueDate>
        <latestPrc ccy="USD">100.9962</latestPrc>
        <latestPrcDate>2021-03-01</latestPrcDate>
        <prcFactor>.01</prcFactor>
        <asstBondDetails>
          <matDate>2021-03-08</matDate>
          <intRate>0.0</intRate>
          <intFreq>4</intFreq>
          <intDate>2020-06-03</intDate>
          <intCcy>USD</intCcy>
        </asstBondDetails>
      </asstDetail>
    </hldId>
    <effDt>2021-03-08</effDt>
    <settleDt>2021-03-08</settleDt>
    <qty>-300000</qty>
    <prc ccy="USD">100</prc>
    <grTrdAmt ccy="USD">-300000</grTrdAmt>
    <grAmt ccy="USD">-300000</grAmt>
    <netAmt ccy="USD">-300000</netAmt>
  </hldCpt1><hldCpt2 amtScheme="m2">
    <hldId>
      <ptfl>83663279.6000</ptfl>
      <ctlrOwnr>83663279</ctlrOwnr>
      <ctlrAcct>83663279.4000/USD/KK</ctlrAcct>
      <ccy>USD</ccy>
      <asst>USD</asst>
      <asstIDs>
        <asstRef refType="CURRENCY">USD</asstRef>
      </asstIDs>
    </hldId>
    <effDt>2021-03-08</effDt>
    <grAmt ccy="USD">300000</grAmt>
    <netAmt ccy="USD">300000</netAmt>
  </hldCpt2></M001><M001><tkn /><m2xmlReleaseNo>020</m2xmlReleaseNo><mvmtHdr mvmtTp="OPN">
    <cmt>Raise loan</cmt>
  </mvmtHdr><mvmtSrc>
    <ctlr>lghths-sg</ctlr>
    <ctlrMvmtRef>690951027</ctlrMvmtRef>
    <srcRecType>Deposits &amp; Loans Transaction</srcRecType>
    <srcTransType>Raise Loan</srcTransType>
  </mvmtSrc><extSys>
    <extSysID>SAR</extSysID>
    <extSysRef>691440408</extSysRef>
  </extSys><hldCpt1 amtScheme="m2">
    <hldId>
      <ptfl>83676187.6000</ptfl>
      <ctlrOwnr>83676187</ctlrOwnr>
      <ctlrAcct>83676187</ctlrAcct>
      <ownrRefCcy>USD</ownrRefCcy>
      <ccy>USD</ccy>
      <asst>USD</asst>
      <asstIDs>
        <asstRef refType="CURRENCY">USD</asstRef>
      </asstIDs>
      <asstDetail>
        <type>MoneyMarket</type>
        <desc>USD Fixed Loan</desc>
        <asstMnyMktDetails>
          <mnyMktType>Loan</mnyMktType>
          <mnyMktTerm termType="Fixed">2021-03-16</mnyMktTerm>
          <mnyMktAmt ccy="USD">-261281.54</mnyMktAmt>
          <intRate>1.04</intRate>
          <mnyMktRef>142830984</mnyMktRef>
          <mnyMktName>s/t Fixed Advance Fix USD 1.04% 09.03.2021-16.03</mnyMktName>
          <matDate>2021-03-16</matDate>
          <startDate>2021-03-09</startDate>
        </asstMnyMktDetails>
      </asstDetail>
    </hldId>
    <effDt>2021-03-08</effDt>
    <settleDt>2021-03-09</settleDt>
    <grAmt ccy="USD">-261281.54</grAmt>
    <netAmt ccy="USD">-261281.54</netAmt>
  </hldCpt1><hldCpt2 amtScheme="m2">
    <hldId>
      <ptfl>83676187.6000</ptfl>
      <ctlrOwnr>83676187</ctlrOwnr>
      <ctlrAcct>83676187.4000/USD/KK</ctlrAcct>
      <ccy>USD</ccy>
      <asst>USD</asst>
      <asstIDs>
        <asstRef refType="CURRENCY">USD</asstRef>
      </asstIDs>
    </hldId>
    <effDt>2021-03-08</effDt>
    <grAmt ccy="USD">261281.54</grAmt>
    <netAmt ccy="USD">261281.54</netAmt>
  </hldCpt2></M001><M001><tkn /><m2xmlReleaseNo>020</m2xmlReleaseNo><mvmtHdr mvmtTp="OPN">
    <cmt>Raise loan</cmt>
  </mvmtHdr><mvmtSrc>
    <ctlr>lghths-sg</ctlr>
    <ctlrMvmtRef>690952370</ctlrMvmtRef>
    <srcRecType>Deposits &amp; Loans Transaction</srcRecType>
    <srcTransType>Raise Loan</srcTransType>
  </mvmtSrc><extSys>
    <extSysID>SAR</extSysID>
    <extSysRef>691440408</extSysRef>
  </extSys><hldCpt1 amtScheme="m2">
    <hldId>
      <ptfl>83667931.6000</ptfl>
      <ctlrOwnr>83667931</ctlrOwnr>
      <ctlrAcct>83667931</ctlrAcct>
      <ownrRefCcy>USD</ownrRefCcy>
      <ccy>USD</ccy>
      <asst>USD</asst>
      <asstIDs>
        <asstRef refType="CURRENCY">USD</asstRef>
      </asstIDs>
      <asstDetail>
        <type>MoneyMarket</type>
        <desc>USD Fixed Loan</desc>
        <asstMnyMktDetails>
          <mnyMktType>Loan</mnyMktType>
          <mnyMktTerm termType="Fixed">2021-03-16</mnyMktTerm>
          <mnyMktAmt ccy="USD">-333102.59</mnyMktAmt>
          <intRate>1.19</intRate>
          <mnyMktRef>142830042</mnyMktRef>
          <mnyMktName>s/t Fixed Advance Fix USD 1.19% 09.03.2021-16.03</mnyMktName>
          <matDate>2021-03-16</matDate>
          <startDate>2021-03-09</startDate>
        </asstMnyMktDetails>
      </asstDetail>
    </hldId>
    <effDt>2021-03-08</effDt>
    <settleDt>2021-03-09</settleDt>
    <grAmt ccy="USD">-333102.59</grAmt>
    <netAmt ccy="USD">-333102.59</netAmt>
  </hldCpt1><hldCpt2 amtScheme="m2">
    <hldId>
      <ptfl>83667931.6000</ptfl>
      <ctlrOwnr>83667931</ctlrOwnr>
      <ctlrAcct>83667931.4000/USD/KK</ctlrAcct>
      <ccy>USD</ccy>
      <asst>USD</asst>
      <asstIDs>
        <asstRef refType="CURRENCY">USD</asstRef>
      </asstIDs>
    </hldId>
    <effDt>2021-03-08</effDt>
    <grAmt ccy="USD">333102.59</grAmt>
    <netAmt ccy="USD">333102.59</netAmt>
  </hldCpt2></M001><M001><tkn /><m2xmlReleaseNo>020</m2xmlReleaseNo><mvmtHdr mvmtTp="OPN">
    <cmt>Raise loan</cmt>
  </mvmtHdr><mvmtSrc>
    <ctlr>lghths-sg</ctlr>
    <ctlrMvmtRef>691338677</ctlrMvmtRef>
    <srcRecType>Deposits &amp; Loans Transaction</srcRecType>
    <srcTransType>Raise Loan</srcTransType>
  </mvmtSrc><extSys>
    <extSysID>SAR</extSysID>
    <extSysRef>691440408</extSysRef>
  </extSys><hldCpt1 amtScheme="m2">
    <hldId>
      <ptfl>83663293.6000</ptfl>
      <ctlrOwnr>83663293</ctlrOwnr>
      <ctlrAcct>83663293</ctlrAcct>
      <ownrRefCcy>USD</ownrRefCcy>
      <ccy>GBP</ccy>
      <asst>GBP</asst>
      <asstIDs>
        <asstRef refType="CURRENCY">GBP</asstRef>
      </asstIDs>
      <asstDetail>
        <type>MoneyMarket</type>
        <desc>GBP Fixed Loan</desc>
        <asstMnyMktDetails>
          <mnyMktType>Loan</mnyMktType>
          <mnyMktTerm termType="Fixed">2021-03-16</mnyMktTerm>
          <mnyMktAmt ccy="GBP">-211967.28</mnyMktAmt>
          <intRate>0.9</intRate>
          <mnyMktRef>142830940</mnyMktRef>
          <mnyMktName>s/t Fixed Advance Fix GBP 0.9% 09.03.2021-16.03.</mnyMktName>
          <matDate>2021-03-16</matDate>
          <startDate>2021-03-09</startDate>
        </asstMnyMktDetails>
      </asstDetail>
    </hldId>
    <effDt>2021-03-08</effDt>
    <settleDt>2021-03-09</settleDt>
    <grAmt ccy="GBP">-211967.28</grAmt>
    <netAmt ccy="GBP">-211967.28</netAmt>
  </hldCpt1><hldCpt2 amtScheme="m2">
    <hldId>
      <ptfl>83663293.6000</ptfl>
      <ctlrOwnr>83663293</ctlrOwnr>
      <ctlrAcct>83663293.4001/GBP/KK</ctlrAcct>
      <ccy>GBP</ccy>
      <asst>GBP</asst>
      <asstIDs>
        <asstRef refType="CURRENCY">GBP</asstRef>
      </asstIDs>
    </hldId>
    <effDt>2021-03-08</effDt>
    <grAmt ccy="GBP">211967.28</grAmt>
    <netAmt ccy="GBP">211967.28</netAmt>
  </hldCpt2></M001></m2:M006>
