<?xml version="1.0" encoding="UTF-8"?>
<m2:M006 xmlns:m2="http://www.mym2.com" xmlns:xsi="http://www.w3.org/2001/XMLSchema-instance" xsi:schemaLocation="http://www.mym2.com http://www.mym2.com/schemas/M2RequestSchema.xsd"><M001><tkn /><m2xmlReleaseNo>020</m2xmlReleaseNo><mvmtHdr mvmtTp="CLS">
    <cmt>Close Loan</cmt>
  </mvmtHdr><mvmtSrc>
    <ctlr>lghths-sg</ctlr>
    <ctlrMvmtRef>685628219</ctlrMvmtRef>
    <srcRecType>Deposits &amp; Loans Transaction</srcRecType>
    <srcTransType>Close Loan</srcTransType>
  </mvmtSrc><extSys>
    <extSysID>SAR</extSysID>
    <extSysRef>685761035</extSysRef>
  </extSys><hldCpt1 amtScheme="m2">
    <hldId>
      <ptfl>83667931.6000</ptfl>
      <ctlrOwnr>83667931</ctlrOwnr>
      <ctlrAcct>83667931</ctlrAcct>
      <ownrRefCcy>USD</ownrRefCcy>
      <ccy>USD</ccy>
      <asst>USD</asst>
      <asstIDs>
        <asstRef refType="CURRENCY">USD</asstRef>
      </asstIDs>
      <asstDetail>
        <type>MoneyMarket</type>
        <desc>USD Fixed Loan</desc>
        <asstMnyMktDetails>
          <mnyMktType>Loan</mnyMktType>
          <mnyMktTerm termType="Fixed">2021-02-09</mnyMktTerm>
          <mnyMktAmt ccy="USD">0</mnyMktAmt>
          <intRate>1.2</intRate>
          <mnyMktRef>142472630</mnyMktRef>
          <mnyMktName>s/t Fixed Advance Fix USD 1.2% 02.02.2021-09.02.</mnyMktName>
          <matDate>2021-02-09</matDate>
          <startDate>2021-02-02</startDate>
        </asstMnyMktDetails>
      </asstDetail>
    </hldId>
    <effDt>2021-02-05</effDt>
    <settleDt>2021-02-09</settleDt>
    <grAmt ccy="USD">332718.13</grAmt>
    <netAmt ccy="USD">332718.13</netAmt>
  </hldCpt1><hldCpt2 amtScheme="m2">
    <hldId>
      <ptfl>83667931.6000</ptfl>
      <ctlrOwnr>83667931</ctlrOwnr>
      <ctlrAcct>83667931.4000/USD/KK</ctlrAcct>
      <ccy>USD</ccy>
      <asst>USD</asst>
      <asstIDs>
        <asstRef refType="CURRENCY">USD</asstRef>
      </asstIDs>
    </hldId>
    <effDt>2021-02-05</effDt>
    <grAmt ccy="USD">-332795.76</grAmt>
    <netAmt ccy="USD">-332795.76</netAmt>
  </hldCpt2><chrgGp amtScheme="m2">
    <chrgCpt>
      <ctgy>CIP</ctgy>
      <ctgyAmt ccy="USD">-77.63</ctgyAmt>
      <chrgDesc>Interest Paid</chrgDesc>
    </chrgCpt>
  </chrgGp></M001><M001><tkn /><m2xmlReleaseNo>020</m2xmlReleaseNo><mvmtHdr mvmtTp="CLS">
    <cmt>Close Loan</cmt>
  </mvmtHdr><mvmtSrc>
    <ctlr>lghths-sg</ctlr>
    <ctlrMvmtRef>685627864</ctlrMvmtRef>
    <srcRecType>Deposits &amp; Loans Transaction</srcRecType>
    <srcTransType>Close Loan</srcTransType>
  </mvmtSrc><extSys>
    <extSysID>SAR</extSysID>
    <extSysRef>685761035</extSysRef>
  </extSys><hldCpt1 amtScheme="m2">
    <hldId>
      <ptfl>83676187.6000</ptfl>
      <ctlrOwnr>83676187</ctlrOwnr>
      <ctlrAcct>83676187</ctlrAcct>
      <ownrRefCcy>USD</ownrRefCcy>
      <ccy>USD</ccy>
      <asst>USD</asst>
      <asstIDs>
        <asstRef refType="CURRENCY">USD</asstRef>
      </asstIDs>
      <asstDetail>
        <type>MoneyMarket</type>
        <desc>USD Fixed Loan</desc>
        <asstMnyMktDetails>
          <mnyMktType>Loan</mnyMktType>
          <mnyMktTerm termType="Fixed">2021-02-09</mnyMktTerm>
          <mnyMktAmt ccy="USD">0</mnyMktAmt>
          <intRate>1.06</intRate>
          <mnyMktRef>142283491</mnyMktRef>
          <mnyMktName>s/t Fixed Advance Fix USD 1.06% 26.01.2021-09.02</mnyMktName>
          <matDate>2021-02-09</matDate>
          <startDate>2021-01-26</startDate>
        </asstMnyMktDetails>
      </asstDetail>
    </hldId>
    <effDt>2021-02-05</effDt>
    <settleDt>2021-02-09</settleDt>
    <grAmt ccy="USD">472383.91</grAmt>
    <netAmt ccy="USD">472383.91</netAmt>
  </hldCpt1><hldCpt2 amtScheme="m2">
    <hldId>
      <ptfl>83676187.6000</ptfl>
      <ctlrOwnr>83676187</ctlrOwnr>
      <ctlrAcct>83676187.4000/USD/KK</ctlrAcct>
      <ccy>USD</ccy>
      <asst>USD</asst>
      <asstIDs>
        <asstRef refType="CURRENCY">USD</asstRef>
      </asstIDs>
    </hldId>
    <effDt>2021-02-05</effDt>
    <grAmt ccy="USD">-472578.64</grAmt>
    <netAmt ccy="USD">-472578.64</netAmt>
  </hldCpt2><chrgGp amtScheme="m2">
    <chrgCpt>
      <ctgy>CIP</ctgy>
      <ctgyAmt ccy="USD">-194.73</ctgyAmt>
      <chrgDesc>Interest Paid</chrgDesc>
    </chrgCpt>
  </chrgGp></M001><M001><tkn /><m2xmlReleaseNo>020</m2xmlReleaseNo><mvmtHdr mvmtTp="CLS">
    <cmt>Close Loan</cmt>
  </mvmtHdr><mvmtSrc>
    <ctlr>lghths-sg</ctlr>
    <ctlrMvmtRef>685629372</ctlrMvmtRef>
    <srcRecType>Deposits &amp; Loans Transaction</srcRecType>
    <srcTransType>Close Loan</srcTransType>
  </mvmtSrc><extSys>
    <extSysID>SAR</extSysID>
    <extSysRef>685761035</extSysRef>
  </extSys><hldCpt1 amtScheme="m2">
    <hldId>
      <ptfl>83676187.6000</ptfl>
      <ctlrOwnr>83676187</ctlrOwnr>
      <ctlrAcct>83676187</ctlrAcct>
      <ownrRefCcy>USD</ownrRefCcy>
      <ccy>USD</ccy>
      <asst>USD</asst>
      <asstIDs>
        <asstRef refType="CURRENCY">USD</asstRef>
      </asstIDs>
      <asstDetail>
        <type>MoneyMarket</type>
        <desc>USD Fixed Loan</desc>
        <asstMnyMktDetails>
          <mnyMktType>Loan</mnyMktType>
          <mnyMktTerm termType="Fixed">2021-02-09</mnyMktTerm>
          <mnyMktAmt ccy="USD">0</mnyMktAmt>
          <intRate>1.06</intRate>
          <mnyMktRef>142444144</mnyMktRef>
          <mnyMktName>s/t Fixed Advance Fix USD 1.06% 28.01.2021-09.02</mnyMktName>
          <matDate>2021-02-09</matDate>
          <startDate>2021-01-28</startDate>
        </asstMnyMktDetails>
      </asstDetail>
    </hldId>
    <effDt>2021-02-05</effDt>
    <settleDt>2021-02-09</settleDt>
    <grAmt ccy="USD">50000</grAmt>
    <netAmt ccy="USD">50000</netAmt>
  </hldCpt1><hldCpt2 amtScheme="m2">
    <hldId>
      <ptfl>83676187.6000</ptfl>
      <ctlrOwnr>83676187</ctlrOwnr>
      <ctlrAcct>83676187.4000/USD/KK</ctlrAcct>
      <ccy>USD</ccy>
      <asst>USD</asst>
      <asstIDs>
        <asstRef refType="CURRENCY">USD</asstRef>
      </asstIDs>
    </hldId>
    <effDt>2021-02-05</effDt>
    <grAmt ccy="USD">-50017.67</grAmt>
    <netAmt ccy="USD">-50017.67</netAmt>
  </hldCpt2><chrgGp amtScheme="m2">
    <chrgCpt>
      <ctgy>CIP</ctgy>
      <ctgyAmt ccy="USD">-17.67</ctgyAmt>
      <chrgDesc>Interest Paid</chrgDesc>
    </chrgCpt>
  </chrgGp></M001><M001><tkn /><m2xmlReleaseNo>020</m2xmlReleaseNo><mvmtHdr mvmtTp="SEL">
    <cmt>Sell 60 ISIN US4581401001 @ 59 USD</cmt>
  </mvmtHdr><mvmtSrc>
    <ctlr>lghths-sg</ctlr>
    <ctlrMvmtRef>685761035</ctlrMvmtRef>
    <srcRecType>Security Transaction</srcRecType>
    <srcTransType>Sell</srcTransType>
  </mvmtSrc><extSys>
    <extSysID>SAR</extSysID>
    <extSysRef>685761035</extSysRef>
  </extSys><hldCpt1 amtScheme="m2">
    <hldId>
      <ptfl>83663279.6000</ptfl>
      <ctlrOwnr>83663279</ctlrOwnr>
      <ctlrAcct>83663279.6000</ctlrAcct>
      <ownrRefCcy>USD</ownrRefCcy>
      <ccy>USD</ccy>
      <asst>US4581401001</asst>
      <asstIDs>
        <asstRef refType="ISIN">US4581401001</asstRef>
        <asstRef refType="Valor">941595</asstRef>
        <asstRef refType="Bloomberg">INTC UQ</asstRef>
        <asstRef refType="SARA">000000419639</asstRef>
      </asstIDs>
      <asstDetail>
        <isin>US4581401001</isin>
        <type>Share</type>
        <cntry>US/United States of America</cntry>
        <desc>Intel Corp</desc>
        <issueCcy>USD</issueCcy>
        <latestPrc ccy="USD">58.79</latestPrc>
        <latestPrcDate>2021-02-04</latestPrcDate>
        <prcFactor>1</prcFactor>
      </asstDetail>
    </hldId>
    <effDt>2021-02-05</effDt>
    <settleDt>2021-02-09</settleDt>
    <qty>-60</qty>
    <prc ccy="USD">59</prc>
    <grTrdAmt ccy="USD">-3540</grTrdAmt>
    <grAmt ccy="USD">-3540</grAmt>
    <netAmt ccy="USD">-3325.92</netAmt>
  </hldCpt1><hldCpt2 amtScheme="m2">
    <hldId>
      <ptfl>83663279.6000</ptfl>
      <ctlrOwnr>83663279</ctlrOwnr>
      <ctlrAcct>83663279.4000/USD/KK</ctlrAcct>
      <ccy>USD</ccy>
      <asst>USD</asst>
      <asstIDs>
        <asstRef refType="CURRENCY">USD</asstRef>
      </asstIDs>
    </hldId>
    <effDt>2021-02-05</effDt>
    <grAmt ccy="USD">3325.92</grAmt>
    <netAmt ccy="USD">3325.92</netAmt>
  </hldCpt2><chrgGp amtScheme="m2">
    <chrgCpt>
      <ctgy>FOR</ctgy>
      <ctgyAmt ccy="USD">-0.08</ctgyAmt>
      <chrgDesc>Foreign Charges Stex</chrgDesc>
    </chrgCpt>
    <chrgCpt>
      <ctgy>EXE</ctgy>
      <ctgyAmt ccy="USD">-200</ctgyAmt>
      <chrgDesc>Stex Commissions</chrgDesc>
    </chrgCpt>
    <chrgCpt>
      <ctgy>VAT</ctgy>
      <ctgyAmt ccy="USD">-14</ctgyAmt>
      <chrgDesc>VAT</chrgDesc>
    </chrgCpt>
  </chrgGp></M001><M001><tkn /><m2xmlReleaseNo>020</m2xmlReleaseNo><mvmtHdr mvmtTp="AIN">
    <cmt>Assignment 43 SARA 000142075721</cmt>
  </mvmtHdr><mvmtSrc>
    <ctlr>lghths-sg</ctlr>
    <ctlrMvmtRef>685520702</ctlrMvmtRef>
    <srcRecType>Security Transaction</srcRecType>
    <srcTransType>Assignment</srcTransType>
  </mvmtSrc><extSys>
    <extSysID>SAR</extSysID>
    <extSysRef>685520702</extSysRef>
  </extSys><hldCpt1 amtScheme="m2">
    <hldId>
      <ptfl>83663279.6000</ptfl>
      <ctlrOwnr>83663279</ctlrOwnr>
      <ctlrAcct>83663279.6000</ctlrAcct>
      <ownrRefCcy>USD</ownrRefCcy>
      <ccy>USD</ccy>
      <asst>000142075721</asst>
      <asstIDs>
        <asstRef refType="SARA">000142075721</asstRef>
      </asstIDs>
      <asstDetail>
        <type>Option</type>
        <cntry>US/United States of America</cntry>
        <desc>Intel Corp Call 19.02.2021 52.5 (INTC US)</desc>
        <issueCcy>USD</issueCcy>
        <latestPrc ccy="USD">6.3</latestPrc>
        <latestPrcDate>2021-02-04</latestPrcDate>
        <prcFactor>100</prcFactor>
        <asstDerivDetails>
          <contractSize>100</contractSize>
          <strike>52.5</strike>
          <expDate>2021-02-19</expDate>
          <putCallInd>C</putCallInd>
          <underlyingAsstIDs>
            <asstRef refType="ISIN">US4581401001</asstRef>
          </underlyingAsstIDs>
          <underlyingAsstDesc>Intel Corp</underlyingAsstDesc>
          <underlyingAsstType>Share</underlyingAsstType>
          <longShortInd>S</longShortInd>
        </asstDerivDetails>
      </asstDetail>
    </hldId>
    <effDt>2021-02-03</effDt>
    <settleDt>2021-02-05</settleDt>
    <qty>43</qty>
    <prc ccy="USD">0</prc>
    <grTrdAmt ccy="USD">0</grTrdAmt>
    <grAmt ccy="USD">0</grAmt>
    <netAmt ccy="USD">0</netAmt>
  </hldCpt1></M001><M001><tkn /><m2xmlReleaseNo>020</m2xmlReleaseNo><mvmtHdr mvmtTp="SEL">
    <cmt>Assignment 4,300 ISIN US4581401001</cmt>
  </mvmtHdr><mvmtSrc>
    <ctlr>lghths-sg</ctlr>
    <ctlrMvmtRef>685520702</ctlrMvmtRef>
    <srcRecType>Security Transaction</srcRecType>
    <srcTransType>Assignment</srcTransType>
  </mvmtSrc><extSys>
    <extSysID>SAR</extSysID>
    <extSysRef>685520702</extSysRef>
  </extSys><hldCpt1 amtScheme="m2">
    <hldId>
      <ptfl>83663279.6000</ptfl>
      <ctlrOwnr>83663279</ctlrOwnr>
      <ctlrAcct>83663279.6000</ctlrAcct>
      <ownrRefCcy>USD</ownrRefCcy>
      <ccy>USD</ccy>
      <asst>US4581401001</asst>
      <asstIDs>
        <asstRef refType="ISIN">US4581401001</asstRef>
        <asstRef refType="Valor">941595</asstRef>
        <asstRef refType="Bloomberg">INTC UQ</asstRef>
        <asstRef refType="SARA">000000419639</asstRef>
      </asstIDs>
      <asstDetail>
        <isin>US4581401001</isin>
        <type>Share</type>
        <cntry>US/United States of America</cntry>
        <desc>Intel Corp</desc>
        <issueCcy>USD</issueCcy>
        <latestPrc ccy="USD">58.18</latestPrc>
        <latestPrcDate>2021-02-04</latestPrcDate>
        <prcFactor>1</prcFactor>
      </asstDetail>
    </hldId>
    <effDt>2021-02-03</effDt>
    <settleDt>2021-02-05</settleDt>
    <qty>-4300</qty>
    <prc ccy="USD">52.5</prc>
    <grTrdAmt ccy="USD">-225750</grTrdAmt>
    <grAmt ccy="USD">-225750</grAmt>
    <netAmt ccy="USD">-225720.01</netAmt>
  </hldCpt1><hldCpt2 amtScheme="m2">
    <hldId>
      <ptfl>83663279.6000</ptfl>
      <ctlrOwnr>83663279</ctlrOwnr>
      <ctlrAcct>83663279.4000/USD/KK</ctlrAcct>
      <ccy>USD</ccy>
      <asst>USD</asst>
      <asstIDs>
        <asstRef refType="CURRENCY">USD</asstRef>
      </asstIDs>
    </hldId>
    <effDt>2021-02-03</effDt>
    <grAmt ccy="USD">225720.01</grAmt>
    <netAmt ccy="USD">225720.01</netAmt>
  </hldCpt2><chrgGp amtScheme="m2">
    <chrgCpt>
      <ctgy>FOR</ctgy>
      <ctgyAmt ccy="USD">-29.99</ctgyAmt>
      <chrgDesc>Foreign Charges</chrgDesc>
    </chrgCpt>
  </chrgGp></M001><M001><tkn /><m2xmlReleaseNo>020</m2xmlReleaseNo><mvmtHdr mvmtTp="SEL">
    <cmt>Bond Redemption prior to Maturity 300,000 ISIN XS2054331041</cmt>
  </mvmtHdr><mvmtSrc>
    <ctlr>lghths-sg</ctlr>
    <ctlrMvmtRef>685804695</ctlrMvmtRef>
    <srcRecType>Security Transaction</srcRecType>
    <srcTransType>Bond Redemption prior to Maturity</srcTransType>
  </mvmtSrc><extSys>
    <extSysID>SAR</extSysID>
    <extSysRef>685804695</extSysRef>
  </extSys><hldCpt1 amtScheme="m2">
    <hldId>
      <ptfl>83663293.6000</ptfl>
      <ctlrOwnr>83663293</ctlrOwnr>
      <ctlrAcct>83663293.6000</ctlrAcct>
      <ownrRefCcy>USD</ownrRefCcy>
      <ccy>USD</ccy>
      <asst>XS2054331041</asst>
      <asstIDs>
        <asstRef refType="ISIN">XS2054331041</asstRef>
        <asstRef refType="Valor">51993658</asstRef>
        <asstRef refType="SARA">000139359916</asstRef>
      </asstIDs>
      <asstDetail>
        <isin>XS2054331041</isin>
        <type>Bond</type>
        <cntry>GB/United Kingdom</cntry>
        <desc>8% Credit Suisse International HDFC Bank Ltd -ADR- STR 51.3993 Infosys Ltd -ADR- STR 8.847 Callable Fixed Coupon Notes 29.01.2021 Repayment cash or physical</desc>
        <issueCcy>USD</issueCcy>
        <issueDate>2020-01-29</issueDate>
        <latestPrc ccy="USD">100.9959</latestPrc>
        <latestPrcDate>2021-01-29</latestPrcDate>
        <prcFactor>.01</prcFactor>
        <asstBondDetails>
          <matDate>2021-02-05</matDate>
          <intRate>0.0</intRate>
          <intFreq>4</intFreq>
          <intDate>2020-05-06</intDate>
          <intCcy>USD</intCcy>
        </asstBondDetails>
      </asstDetail>
    </hldId>
    <effDt>2021-02-05</effDt>
    <settleDt>2021-02-05</settleDt>
    <qty>-300000</qty>
    <prc ccy="USD">100</prc>
    <grTrdAmt ccy="USD">-300000</grTrdAmt>
    <grAmt ccy="USD">-300000</grAmt>
    <netAmt ccy="USD">-300000</netAmt>
  </hldCpt1><hldCpt2 amtScheme="m2">
    <hldId>
      <ptfl>83663293.6000</ptfl>
      <ctlrOwnr>83663293</ctlrOwnr>
      <ctlrAcct>83663293.4000/USD/KK</ctlrAcct>
      <ccy>USD</ccy>
      <asst>USD</asst>
      <asstIDs>
        <asstRef refType="CURRENCY">USD</asstRef>
      </asstIDs>
    </hldId>
    <effDt>2021-02-05</effDt>
    <grAmt ccy="USD">300000</grAmt>
    <netAmt ccy="USD">300000</netAmt>
  </hldCpt2></M001><M001><tkn /><m2xmlReleaseNo>020</m2xmlReleaseNo><mvmtHdr mvmtTp="COU">
    <cmt>Interest</cmt>
  </mvmtHdr><mvmtSrc>
    <ctlr>lghths-sg</ctlr>
    <ctlrMvmtRef>685765646</ctlrMvmtRef>
    <srcRecType>Cash Transaction</srcRecType>
    <srcTransType>Interest</srcTransType>
  </mvmtSrc><extSys>
    <extSysID>SAR</extSysID>
    <extSysRef>685765646</extSysRef>
  </extSys><hldCpt1 amtScheme="m2">
    <hldId>
      <ptfl>83663293.6000</ptfl>
      <ctlrOwnr>83663293</ctlrOwnr>
      <ctlrAcct>83663293.6000</ctlrAcct>
      <ownrRefCcy>USD</ownrRefCcy>
      <ccy>USD</ccy>
      <asst>XS2054331041</asst>
      <asstIDs>
        <asstRef refType="ISIN">XS2054331041</asstRef>
        <asstRef refType="Valor">51993658</asstRef>
        <asstRef refType="SARA">000139359916</asstRef>
      </asstIDs>
      <asstDetail>
        <isin>XS2054331041</isin>
        <type>Bond</type>
        <cntry>GB/United Kingdom</cntry>
        <desc>8% Credit Suisse International HDFC Bank Ltd -ADR- STR 51.3993 Infosys Ltd -ADR- STR 8.847 Callable Fixed Coupon Notes 29.01.2021 Repayment cash or physical</desc>
        <issueCcy>USD</issueCcy>
        <issueDate>2020-01-29</issueDate>
        <latestPrc ccy="USD">100.9959</latestPrc>
        <latestPrcDate>2021-01-29</latestPrcDate>
        <prcFactor>.01</prcFactor>
        <asstBondDetails>
          <matDate>2021-02-05</matDate>
          <intRate>0.0</intRate>
          <intFreq>4</intFreq>
          <intDate>2020-05-06</intDate>
          <intCcy>USD</intCcy>
        </asstBondDetails>
      </asstDetail>
    </hldId>
    <effDt>2021-02-05</effDt>
    <settleDt>2021-02-05</settleDt>
    <qty>300000</qty>
    <grAmt ccy="USD">6000</grAmt>
    <netAmt ccy="USD">6000</netAmt>
  </hldCpt1><hldCpt2 amtScheme="m2">
    <hldId>
      <ptfl>83663293.6000</ptfl>
      <ctlrOwnr>83663293</ctlrOwnr>
      <ctlrAcct>83663293.4000/USD/KK</ctlrAcct>
      <ccy>USD</ccy>
      <asst>USD</asst>
      <asstIDs>
        <asstRef refType="CURRENCY">USD</asstRef>
      </asstIDs>
    </hldId>
    <effDt>2021-02-05</effDt>
    <grAmt ccy="USD">6000</grAmt>
    <netAmt ccy="USD">6000</netAmt>
  </hldCpt2></M001></m2:M006>
