<?xml version="1.0" encoding="UTF-8"?>
<m2:M006 xmlns:m2="http://www.mym2.com" xmlns:xsi="http://www.w3.org/2001/XMLSchema-instance" xsi:schemaLocation="http://www.mym2.com http://www.mym2.com/schemas/M2RequestSchema.xsd"><M001><tkn /><m2xmlReleaseNo>020</m2xmlReleaseNo><mvmtHdr mvmtTp="BUY">
    <cmt>Subscription 1,120 ISIN IE00BKXBBV70 @ 178 USD</cmt>
  </mvmtHdr><mvmtSrc>
    <ctlr>lghths-sg</ctlr>
    <ctlrMvmtRef>676724002</ctlrMvmtRef>
    <srcRecType>Security Transaction</srcRecType>
    <srcTransType>Subscription</srcTransType>
  </mvmtSrc><extSys>
    <extSysID>SAR</extSysID>
    <extSysRef>676724002</extSysRef>
  </extSys><hldCpt1 amtScheme="m2">
    <hldId>
      <ptfl>83663279.6000</ptfl>
      <ctlrOwnr>83663279</ctlrOwnr>
      <ctlrAcct>83663279.6000</ctlrAcct>
      <ownrRefCcy>USD</ownrRefCcy>
      <ccy>USD</ccy>
      <asst>IE00BKXBBV70</asst>
      <asstIDs>
        <asstRef refType="ISIN">IE00BKXBBV70</asstRef>
        <asstRef refType="Valor">57922240</asstRef>
        <asstRef refType="SARA">000141776627</asstRef>
      </asstIDs>
      <asstDetail>
        <isin>IE00BKXBBV70</isin>
        <type>Fund</type>
        <cntry>IE/Ireland</cntry>
        <desc>SphereInvest Global UCITS Icav- Credit Strategies Fund (USD) -F- Capitalisation</desc>
        <issueCcy>USD</issueCcy>
        <latestPrc ccy="USD">177.67568</latestPrc>
        <latestPrcDate>2020-12-24</latestPrcDate>
        <prcFactor>1</prcFactor>
      </asstDetail>
    </hldId>
    <effDt>2020-12-29</effDt>
    <settleDt>2020-12-31</settleDt>
    <qty>1120</qty>
    <prc ccy="USD">178</prc>
    <grTrdAmt ccy="USD">199360</grTrdAmt>
    <grAmt ccy="USD">199360</grAmt>
    <netAmt ccy="USD">200429.08</netAmt>
  </hldCpt1><hldCpt2 amtScheme="m2">
    <hldId>
      <ptfl>83663279.6000</ptfl>
      <ctlrOwnr>83663279</ctlrOwnr>
      <ctlrAcct>83663279.4000/USD/KK</ctlrAcct>
      <ccy>USD</ccy>
      <asst>USD</asst>
      <asstIDs>
        <asstRef refType="CURRENCY">USD</asstRef>
      </asstIDs>
    </hldId>
    <effDt>2020-12-29</effDt>
    <grAmt ccy="USD">-200429.08</grAmt>
    <netAmt ccy="USD">-200429.08</netAmt>
  </hldCpt2><chrgGp amtScheme="m2">
    <chrgCpt>
      <ctgy>FOR</ctgy>
      <ctgyAmt ccy="USD">-2.5</ctgyAmt>
      <chrgDesc>Foreign Charges</chrgDesc>
    </chrgCpt>
    <chrgCpt>
      <ctgy>EXE</ctgy>
      <ctgyAmt ccy="USD">-996.8</ctgyAmt>
      <chrgDesc>Stex Commissions</chrgDesc>
    </chrgCpt>
    <chrgCpt>
      <ctgy>VAT</ctgy>
      <ctgyAmt ccy="USD">-69.78</ctgyAmt>
      <chrgDesc>VAT</chrgDesc>
    </chrgCpt>
  </chrgGp></M001><M001><tkn /><m2xmlReleaseNo>020</m2xmlReleaseNo><mvmtHdr mvmtTp="PCI">
    <cmt>Interest payment</cmt>
  </mvmtHdr><mvmtSrc>
    <ctlr>lghths-sg</ctlr>
    <ctlrMvmtRef>679254836</ctlrMvmtRef>
    <srcRecType>Cash Transaction</srcRecType>
    <srcTransType>Interest Payment</srcTransType>
  </mvmtSrc><extSys>
    <extSysID>SAR</extSysID>
    <extSysRef>679254836</extSysRef>
  </extSys><hldCpt1 amtScheme="m2">
    <hldId>
      <ptfl>83663279.6000</ptfl>
      <ctlrOwnr>83663279</ctlrOwnr>
      <ctlrAcct>83663279.4000/USD/KK</ctlrAcct>
      <ownrRefCcy>USD</ownrRefCcy>
      <ccy>USD</ccy>
      <asst>USD</asst>
      <asstIDs>
        <asstRef refType="CURRENCY">USD</asstRef>
      </asstIDs>
    </hldId>
    <effDt>2021-01-05</effDt>
    <settleDt>2021-01-05</settleDt>
    <grAmt ccy="USD">-43.42</grAmt>
    <netAmt ccy="USD">-43.42</netAmt>
  </hldCpt1></M001><M001><tkn /><m2xmlReleaseNo>020</m2xmlReleaseNo><mvmtHdr mvmtTp="OPN">
    <cmt>Raise loan</cmt>
  </mvmtHdr><mvmtSrc>
    <ctlr>lghths-sg</ctlr>
    <ctlrMvmtRef>679301296</ctlrMvmtRef>
    <srcRecType>Deposits &amp; Loans Transaction</srcRecType>
    <srcTransType>Raise Loan</srcTransType>
  </mvmtSrc><extSys>
    <extSysID>SAR</extSysID>
    <extSysRef>134237583</extSysRef>
  </extSys><hldCpt1 amtScheme="m2">
    <hldId>
      <ptfl>83663279.6000</ptfl>
      <ctlrOwnr>83663279</ctlrOwnr>
      <ctlrAcct>83663279</ctlrAcct>
      <ownrRefCcy>USD</ownrRefCcy>
      <ccy>USD</ccy>
      <asst>USD</asst>
      <asstIDs>
        <asstRef refType="CURRENCY">USD</asstRef>
      </asstIDs>
      <asstDetail>
        <type>MoneyMarket</type>
        <desc>USD Fixed Loan</desc>
        <asstMnyMktDetails>
          <mnyMktType>Loan</mnyMktType>
          <mnyMktTerm termType="Fixed">2021-01-11</mnyMktTerm>
          <mnyMktAmt ccy="USD">-50067.32</mnyMktAmt>
          <intRate>0.95</intRate>
          <mnyMktRef>142125103</mnyMktRef>
          <mnyMktName>s/t Fixed Advance Fix USD 0.95% 05.01.2021-11.01</mnyMktName>
          <matDate>2021-01-11</matDate>
          <startDate>2021-01-05</startDate>
        </asstMnyMktDetails>
      </asstDetail>
    </hldId>
    <effDt>2021-01-05</effDt>
    <settleDt>2021-01-05</settleDt>
    <grAmt ccy="USD">-50067.32</grAmt>
    <netAmt ccy="USD">-50067.32</netAmt>
  </hldCpt1><hldCpt2 amtScheme="m2">
    <hldId>
      <ptfl>83663279.6000</ptfl>
      <ctlrOwnr>83663279</ctlrOwnr>
      <ctlrAcct>83663279.4000/USD/KK</ctlrAcct>
      <ccy>USD</ccy>
      <asst>USD</asst>
      <asstIDs>
        <asstRef refType="CURRENCY">USD</asstRef>
      </asstIDs>
    </hldId>
    <effDt>2021-01-05</effDt>
    <grAmt ccy="USD">50067.32</grAmt>
    <netAmt ccy="USD">50067.32</netAmt>
  </hldCpt2></M001></m2:M006>
