<?xml version="1.0" encoding="UTF-8"?>
<m2:M006 xmlns:m2="http://www.mym2.com" xmlns:xsi="http://www.w3.org/2001/XMLSchema-instance" xsi:schemaLocation="http://www.mym2.com http://www.mym2.com/schemas/M2RequestSchema.xsd"><M001><tkn /><m2xmlReleaseNo>020</m2xmlReleaseNo><mvmtHdr mvmtTp="CLS">
    <cmt>Close Loan</cmt>
  </mvmtHdr><mvmtSrc>
    <ctlr>lghths-sg</ctlr>
    <ctlrMvmtRef>690296077</ctlrMvmtRef>
    <srcRecType>Deposits &amp; Loans Transaction</srcRecType>
    <srcTransType>Close Loan</srcTransType>
  </mvmtSrc><extSys>
    <extSysID>SAR</extSysID>
    <extSysRef>689765985</extSysRef>
  </extSys><hldCpt1 amtScheme="m2">
    <hldId>
      <ptfl>83663293.6000</ptfl>
      <ctlrOwnr>83663293</ctlrOwnr>
      <ctlrAcct>83663293</ctlrAcct>
      <ownrRefCcy>USD</ownrRefCcy>
      <ccy>USD</ccy>
      <asst>USD</asst>
      <asstIDs>
        <asstRef refType="CURRENCY">USD</asstRef>
      </asstIDs>
      <asstDetail>
        <type>MoneyMarket</type>
        <desc>USD Fixed Loan</desc>
        <asstMnyMktDetails>
          <mnyMktType>Loan</mnyMktType>
          <mnyMktTerm termType="Fixed">2021-03-05</mnyMktTerm>
          <mnyMktAmt ccy="USD">-186835.71</mnyMktAmt>
          <intRate>0.94</intRate>
          <mnyMktRef>142680767</mnyMktRef>
          <mnyMktName>s/t Fixed Advance Fix USD 0.94% 19.02.2021-05.03</mnyMktName>
          <matDate>2021-03-05</matDate>
          <startDate>2021-02-19</startDate>
        </asstMnyMktDetails>
      </asstDetail>
    </hldId>
    <effDt>2021-03-03</effDt>
    <settleDt>2021-03-05</settleDt>
    <grAmt ccy="USD">186835.71</grAmt>
    <netAmt ccy="USD">186835.71</netAmt>
  </hldCpt1><hldCpt2 amtScheme="m2">
    <hldId>
      <ptfl>83663293.6000</ptfl>
      <ctlrOwnr>83663293</ctlrOwnr>
      <ctlrAcct>83663293.4000/USD/KK</ctlrAcct>
      <ccy>USD</ccy>
      <asst>USD</asst>
      <asstIDs>
        <asstRef refType="CURRENCY">USD</asstRef>
      </asstIDs>
    </hldId>
    <effDt>2021-03-03</effDt>
    <grAmt ccy="USD">-186904.01</grAmt>
    <netAmt ccy="USD">-186904.01</netAmt>
  </hldCpt2><chrgGp amtScheme="m2">
    <chrgCpt>
      <ctgy>CIP</ctgy>
      <ctgyAmt ccy="USD">-68.3</ctgyAmt>
      <chrgDesc>Interest Paid</chrgDesc>
    </chrgCpt>
  </chrgGp></M001><M001><tkn /><m2xmlReleaseNo>020</m2xmlReleaseNo><mvmtHdr mvmtTp="BUY">
    <cmt>Bought 250,000 ISIN CH1101114515 @ 100 USD</cmt>
  </mvmtHdr><mvmtSrc>
    <ctlr>lghths-sg</ctlr>
    <ctlrMvmtRef>689765985</ctlrMvmtRef>
    <srcRecType>Security Transaction</srcRecType>
    <srcTransType>Buy</srcTransType>
  </mvmtSrc><extSys>
    <extSysID>SAR</extSysID>
    <extSysRef>689765985</extSysRef>
  </extSys><hldCpt1 amtScheme="m2">
    <hldId>
      <ptfl>83663279.6000</ptfl>
      <ctlrOwnr>83663279</ctlrOwnr>
      <ctlrAcct>83663279.6000</ctlrAcct>
      <ownrRefCcy>USD</ownrRefCcy>
      <ccy>USD</ccy>
      <asst>CH1101114515</asst>
      <asstIDs>
        <asstRef refType="ISIN">CH1101114515</asstRef>
        <asstRef refType="Valor">110111451</asstRef>
        <asstRef refType="SARA">000142719734</asstRef>
      </asstIDs>
      <asstDetail>
        <isin>CH1101114515</isin>
        <type>Bond</type>
        <cntry>00939</cntry>
        <desc>8% Vontobel Financial Products Ltd Facebook Inc -A- STR 206.9468 Microsoft Corp STR 181.4779 Autocallable Fixed Coupon Notes 10.09.2021 Repayment cash or physical</desc>
        <issueCcy>USD</issueCcy>
        <issueDate>2021-03-10</issueDate>
        <latestPrc ccy="USD">98.9</latestPrc>
        <latestPrcDate>2021-03-02</latestPrcDate>
        <prcFactor>.01</prcFactor>
        <asstBondDetails>
          <matDate>2021-09-14</matDate>
          <intRate>0.0</intRate>
          <intFreq>12</intFreq>
          <intDate>2021-04-14</intDate>
          <intCcy>USD</intCcy>
        </asstBondDetails>
      </asstDetail>
    </hldId>
    <effDt>2021-03-24</effDt>
    <settleDt>2021-03-10</settleDt>
    <qty>250000</qty>
    <prc ccy="USD">100</prc>
    <grTrdAmt ccy="USD">249375</grTrdAmt>
    <grAmt ccy="USD">250000</grAmt>
    <netAmt ccy="USD">250000</netAmt>
  </hldCpt1><hldCpt2 amtScheme="m2">
    <hldId>
      <ptfl>83663279.6000</ptfl>
      <ctlrOwnr>83663279</ctlrOwnr>
      <ctlrAcct>83663279.4000/USD/KK</ctlrAcct>
      <ccy>USD</ccy>
      <asst>USD</asst>
      <asstIDs>
        <asstRef refType="CURRENCY">USD</asstRef>
      </asstIDs>
    </hldId>
    <effDt>2021-03-24</effDt>
    <grAmt ccy="USD">-250000</grAmt>
    <netAmt ccy="USD">-250000</netAmt>
  </hldCpt2></M001><M001><tkn /><m2xmlReleaseNo>020</m2xmlReleaseNo><mvmtHdr mvmtTp="BUY">
    <cmt>Subscription 3,762.26 ISIN LU1514167219 @ 106.319 USD</cmt>
  </mvmtHdr><mvmtSrc>
    <ctlr>lghths-sg</ctlr>
    <ctlrMvmtRef>690063465</ctlrMvmtRef>
    <srcRecType>Security Transaction</srcRecType>
    <srcTransType>Subscription</srcTransType>
  </mvmtSrc><extSys>
    <extSysID>SAR</extSysID>
    <extSysRef>690063465</extSysRef>
  </extSys><hldCpt1 amtScheme="m2">
    <hldId>
      <ptfl>83663279.6000</ptfl>
      <ctlrOwnr>83663279</ctlrOwnr>
      <ctlrAcct>83663279.6000</ctlrAcct>
      <ownrRefCcy>USD</ownrRefCcy>
      <ccy>USD</ccy>
      <asst>LU1514167219</asst>
      <asstIDs>
        <asstRef refType="ISIN">LU1514167219</asstRef>
        <asstRef refType="Valor">34540233</asstRef>
        <asstRef refType="SARA">000132419171</asstRef>
      </asstIDs>
      <asstDetail>
        <isin>LU1514167219</isin>
        <type>Fund</type>
        <cntry>LU/Luxembourg</cntry>
        <desc>Schroder International Selection  Fund Sicav-Global Credit Income (USD) -C- Distribution</desc>
        <issueCcy>USD</issueCcy>
        <latestPrc ccy="USD">106.2996</latestPrc>
        <latestPrcDate>2021-03-03</latestPrcDate>
        <prcFactor>1</prcFactor>
      </asstDetail>
    </hldId>
    <effDt>2021-03-02</effDt>
    <settleDt>2021-03-02</settleDt>
    <qty>3762.26</qty>
    <prc ccy="USD">106.3192</prc>
    <grTrdAmt ccy="USD">400000.47</grTrdAmt>
    <grAmt ccy="USD">400000.47</grAmt>
    <netAmt ccy="USD">401737.47</netAmt>
  </hldCpt1><hldCpt2 amtScheme="m2">
    <hldId>
      <ptfl>83663279.6000</ptfl>
      <ctlrOwnr>83663279</ctlrOwnr>
      <ctlrAcct>83663279.4000/USD/KK</ctlrAcct>
      <ccy>USD</ccy>
      <asst>USD</asst>
      <asstIDs>
        <asstRef refType="CURRENCY">USD</asstRef>
      </asstIDs>
    </hldId>
    <effDt>2021-03-02</effDt>
    <grAmt ccy="USD">-401737.47</grAmt>
    <netAmt ccy="USD">-401737.47</netAmt>
  </hldCpt2><chrgGp amtScheme="m2">
    <chrgCpt>
      <ctgy>FOR</ctgy>
      <ctgyAmt ccy="USD">-25</ctgyAmt>
      <chrgDesc>Foreign Charges</chrgDesc>
    </chrgCpt>
    <chrgCpt>
      <ctgy>EXE</ctgy>
      <ctgyAmt ccy="USD">-1600</ctgyAmt>
      <chrgDesc>Stex Commissions</chrgDesc>
    </chrgCpt>
    <chrgCpt>
      <ctgy>VAT</ctgy>
      <ctgyAmt ccy="USD">-112</ctgyAmt>
      <chrgDesc>VAT</chrgDesc>
    </chrgCpt>
  </chrgGp></M001></m2:M006>
