<?xml version="1.0" encoding="UTF-8"?>
<m2:M006 xmlns:m2="http://www.mym2.com" xmlns:xsi="http://www.w3.org/2001/XMLSchema-instance" xsi:schemaLocation="http://www.mym2.com http://www.mym2.com/schemas/M2RequestSchema.xsd"><M001><tkn /><m2xmlReleaseNo>020</m2xmlReleaseNo><mvmtHdr mvmtTp="AIN">
    <cmt>Option Expiry 33 SARA 000141823843</cmt>
  </mvmtHdr><mvmtSrc>
    <ctlr>lghths-sg</ctlr>
    <ctlrMvmtRef>684550147</ctlrMvmtRef>
    <srcRecType>Security Transaction</srcRecType>
    <srcTransType>Option Expiry</srcTransType>
  </mvmtSrc><extSys>
    <extSysID>SAR</extSysID>
    <extSysRef>684550147</extSysRef>
  </extSys><hldCpt1 amtScheme="m2">
    <hldId>
      <ptfl>83663279.6000</ptfl>
      <ctlrOwnr>83663279</ctlrOwnr>
      <ctlrAcct>83663279.6000</ctlrAcct>
      <ownrRefCcy>USD</ownrRefCcy>
      <ccy>HKD</ccy>
      <asst>000141823843</asst>
      <asstIDs>
        <asstRef refType="SARA">000141823843</asstRef>
      </asstIDs>
      <asstDetail>
        <type>Option</type>
        <cntry>HK/Hong Kong</cntry>
        <desc>China Mobile Ltd Call 28.01.2021 55 (941 HK) XHKF</desc>
        <issueCcy>HKD</issueCcy>
        <latestPrc ccy="HKD">0.01</latestPrc>
        <latestPrcDate>2021-01-27</latestPrcDate>
        <prcFactor>500</prcFactor>
        <asstDerivDetails>
          <contractSize>500</contractSize>
          <strike>55</strike>
          <expDate>2021-01-28</expDate>
          <putCallInd>C</putCallInd>
          <underlyingAsstIDs>
            <asstRef refType="ISIN">HK0941009539</asstRef>
          </underlyingAsstIDs>
          <underlyingAsstDesc>China Mobile Ltd</underlyingAsstDesc>
          <underlyingAsstType>Share</underlyingAsstType>
          <longShortInd>S</longShortInd>
        </asstDerivDetails>
      </asstDetail>
    </hldId>
    <effDt>2021-02-01</effDt>
    <settleDt>2021-01-28</settleDt>
    <qty>33</qty>
    <prc ccy="HKD">0</prc>
    <grTrdAmt ccy="HKD">0</grTrdAmt>
    <grAmt ccy="HKD">0</grAmt>
    <netAmt ccy="HKD">0</netAmt>
  </hldCpt1></M001><M001><tkn /><m2xmlReleaseNo>020</m2xmlReleaseNo><mvmtHdr mvmtTp="BUY">
    <cmt>Bought 800 ISIN US30303M1027 @ 262 USD</cmt>
  </mvmtHdr><mvmtSrc>
    <ctlr>lghths-sg</ctlr>
    <ctlrMvmtRef>684551036</ctlrMvmtRef>
    <srcRecType>Security Transaction</srcRecType>
    <srcTransType>Buy</srcTransType>
  </mvmtSrc><extSys>
    <extSysID>SAR</extSysID>
    <extSysRef>684551036</extSysRef>
  </extSys><hldCpt1 amtScheme="m2">
    <hldId>
      <ptfl>83663293.6000</ptfl>
      <ctlrOwnr>83663293</ctlrOwnr>
      <ctlrAcct>83663293.6000</ctlrAcct>
      <ownrRefCcy>USD</ownrRefCcy>
      <ccy>USD</ccy>
      <asst>US30303M1027</asst>
      <asstIDs>
        <asstRef refType="ISIN">US30303M1027</asstRef>
        <asstRef refType="Valor">14917609</asstRef>
        <asstRef refType="Bloomberg">FB US</asstRef>
        <asstRef refType="SARA">000031299007</asstRef>
      </asstIDs>
      <asstDetail>
        <isin>US30303M1027</isin>
        <type>Share</type>
        <cntry>US/United States of America</cntry>
        <desc>Facebook Inc -A-</desc>
        <issueCcy>USD</issueCcy>
        <latestPrc ccy="USD">262.01</latestPrc>
        <latestPrcDate>2021-01-29</latestPrcDate>
        <prcFactor>1</prcFactor>
      </asstDetail>
    </hldId>
    <effDt>2021-01-29</effDt>
    <settleDt>2021-02-02</settleDt>
    <qty>800</qty>
    <prc ccy="USD">262</prc>
    <grTrdAmt ccy="USD">209600</grTrdAmt>
    <grAmt ccy="USD">209600</grAmt>
    <netAmt ccy="USD">210160.68</netAmt>
  </hldCpt1><hldCpt2 amtScheme="m2">
    <hldId>
      <ptfl>83663293.6000</ptfl>
      <ctlrOwnr>83663293</ctlrOwnr>
      <ctlrAcct>83663293.4000/USD/KK</ctlrAcct>
      <ccy>USD</ccy>
      <asst>USD</asst>
      <asstIDs>
        <asstRef refType="CURRENCY">USD</asstRef>
      </asstIDs>
    </hldId>
    <effDt>2021-01-29</effDt>
    <grAmt ccy="USD">-210160.68</grAmt>
    <netAmt ccy="USD">-210160.68</netAmt>
  </hldCpt2><chrgGp amtScheme="m2">
    <chrgCpt>
      <ctgy>EXE</ctgy>
      <ctgyAmt ccy="USD">-524</ctgyAmt>
      <chrgDesc>Stex Commissions</chrgDesc>
    </chrgCpt>
    <chrgCpt>
      <ctgy>VAT</ctgy>
      <ctgyAmt ccy="USD">-36.68</ctgyAmt>
      <chrgDesc>VAT</chrgDesc>
    </chrgCpt>
  </chrgGp></M001><M001><tkn /><m2xmlReleaseNo>020</m2xmlReleaseNo><mvmtHdr mvmtTp="SEL">
    <cmt>Bond Redemption prior to Maturity 300,000 ISIN CH0581503536</cmt>
  </mvmtHdr><mvmtSrc>
    <ctlr>lghths-sg</ctlr>
    <ctlrMvmtRef>684636202</ctlrMvmtRef>
    <srcRecType>Security Transaction</srcRecType>
    <srcTransType>Bond Redemption prior to Maturity</srcTransType>
  </mvmtSrc><extSys>
    <extSysID>SAR</extSysID>
    <extSysRef>684636202</extSysRef>
  </extSys><hldCpt1 amtScheme="m2">
    <hldId>
      <ptfl>83663293.6000</ptfl>
      <ctlrOwnr>83663293</ctlrOwnr>
      <ctlrAcct>83663293.6000</ctlrAcct>
      <ownrRefCcy>USD</ownrRefCcy>
      <ccy>USD</ccy>
      <asst>CH0581503536</asst>
      <asstIDs>
        <asstRef refType="ISIN">CH0581503536</asstRef>
        <asstRef refType="Valor">58150353</asstRef>
        <asstRef refType="SARA">000141980706</asstRef>
      </asstIDs>
      <asstDetail>
        <isin>CH0581503536</isin>
        <type>Bond</type>
        <cntry>00939</cntry>
        <desc>8% Vontobel Financial Products Ltd Bristol Myers Squibb Co STR 53.2538 Sanofi SA STR 68.6326 -Quanto USD- Autocallable Fixed Coupon Notes 28.06.2021 Repayment cash or physical</desc>
        <issueCcy>USD</issueCcy>
        <issueDate>2020-12-28</issueDate>
        <latestPrc ccy="USD">99.70</latestPrc>
        <latestPrcDate>2021-01-28</latestPrcDate>
        <prcFactor>.01</prcFactor>
        <asstBondDetails>
          <matDate>2021-06-30</matDate>
          <intRate>0.28</intRate>
          <intFreq>12</intFreq>
          <intDate>2021-02-01</intDate>
          <intCcy>USD</intCcy>
        </asstBondDetails>
      </asstDetail>
    </hldId>
    <effDt>2021-02-01</effDt>
    <settleDt>2021-02-01</settleDt>
    <qty>-300000</qty>
    <prc ccy="USD">100</prc>
    <grTrdAmt ccy="USD">-300000</grTrdAmt>
    <grAmt ccy="USD">-300000</grAmt>
    <netAmt ccy="USD">-300000</netAmt>
  </hldCpt1><hldCpt2 amtScheme="m2">
    <hldId>
      <ptfl>83663293.6000</ptfl>
      <ctlrOwnr>83663293</ctlrOwnr>
      <ctlrAcct>83663293.4000/USD/KK</ctlrAcct>
      <ccy>USD</ccy>
      <asst>USD</asst>
      <asstIDs>
        <asstRef refType="CURRENCY">USD</asstRef>
      </asstIDs>
    </hldId>
    <effDt>2021-02-01</effDt>
    <grAmt ccy="USD">300000</grAmt>
    <netAmt ccy="USD">300000</netAmt>
  </hldCpt2></M001><M001><tkn /><m2xmlReleaseNo>020</m2xmlReleaseNo><mvmtHdr mvmtTp="COU">
    <cmt>Interest</cmt>
  </mvmtHdr><mvmtSrc>
    <ctlr>lghths-sg</ctlr>
    <ctlrMvmtRef>684661044</ctlrMvmtRef>
    <srcRecType>Cash Transaction</srcRecType>
    <srcTransType>Interest</srcTransType>
  </mvmtSrc><extSys>
    <extSysID>SAR</extSysID>
    <extSysRef>684661044</extSysRef>
  </extSys><hldCpt1 amtScheme="m2">
    <hldId>
      <ptfl>83663279.6000</ptfl>
      <ctlrOwnr>83663279</ctlrOwnr>
      <ctlrAcct>83663279.6000</ctlrAcct>
      <ownrRefCcy>USD</ownrRefCcy>
      <ccy>USD</ccy>
      <asst>USG9328DAM23</asst>
      <asstIDs>
        <asstRef refType="ISIN">USG9328DAM23</asstRef>
        <asstRef refType="Valor">35497009</asstRef>
        <asstRef refType="SARA">000131036083</asstRef>
      </asstIDs>
      <asstDetail>
        <isin>USG9328DAM23</isin>
        <type>Bond</type>
        <cntry>GB/United Kingdom</cntry>
        <desc>6.375% Vedanta Resources Ltd Bonds 2017-2022 Global Reg-S</desc>
        <issueCcy>USD</issueCcy>
        <issueDate>2017-01-30</issueDate>
        <latestPrc ccy="USD">92.63</latestPrc>
        <latestPrcDate>2021-02-01</latestPrcDate>
        <prcFactor>.01</prcFactor>
        <asstBondDetails>
          <matDate>2022-07-30</matDate>
          <intRate>6.375</intRate>
          <calcBasis>30E/360</calcBasis>
          <intFreq>2</intFreq>
          <intDate>2017-07-30</intDate>
          <intCcy>USD</intCcy>
          <rating>CCC+</rating>
        </asstBondDetails>
      </asstDetail>
    </hldId>
    <effDt>2021-02-01</effDt>
    <settleDt>2021-02-01</settleDt>
    <qty>200000</qty>
    <grAmt ccy="USD">6375</grAmt>
    <netAmt ccy="USD">6375</netAmt>
  </hldCpt1><hldCpt2 amtScheme="m2">
    <hldId>
      <ptfl>83663279.6000</ptfl>
      <ctlrOwnr>83663279</ctlrOwnr>
      <ctlrAcct>83663279.4000/USD/KK</ctlrAcct>
      <ccy>USD</ccy>
      <asst>USD</asst>
      <asstIDs>
        <asstRef refType="CURRENCY">USD</asstRef>
      </asstIDs>
    </hldId>
    <effDt>2021-02-01</effDt>
    <grAmt ccy="USD">6375</grAmt>
    <netAmt ccy="USD">6375</netAmt>
  </hldCpt2></M001><M001><tkn /><m2xmlReleaseNo>020</m2xmlReleaseNo><mvmtHdr mvmtTp="COU">
    <cmt>Interest</cmt>
  </mvmtHdr><mvmtSrc>
    <ctlr>lghths-sg</ctlr>
    <ctlrMvmtRef>684636130</ctlrMvmtRef>
    <srcRecType>Cash Transaction</srcRecType>
    <srcTransType>Interest</srcTransType>
  </mvmtSrc><extSys>
    <extSysID>SAR</extSysID>
    <extSysRef>684636130</extSysRef>
  </extSys><hldCpt1 amtScheme="m2">
    <hldId>
      <ptfl>83663293.6000</ptfl>
      <ctlrOwnr>83663293</ctlrOwnr>
      <ctlrAcct>83663293.6000</ctlrAcct>
      <ownrRefCcy>USD</ownrRefCcy>
      <ccy>USD</ccy>
      <asst>CH0581503536</asst>
      <asstIDs>
        <asstRef refType="ISIN">CH0581503536</asstRef>
        <asstRef refType="Valor">58150353</asstRef>
        <asstRef refType="SARA">000141980706</asstRef>
      </asstIDs>
      <asstDetail>
        <isin>CH0581503536</isin>
        <type>Bond</type>
        <cntry>00939</cntry>
        <desc>8% Vontobel Financial Products Ltd Bristol Myers Squibb Co STR 53.2538 Sanofi SA STR 68.6326 -Quanto USD- Autocallable Fixed Coupon Notes 28.06.2021 Repayment cash or physical</desc>
        <issueCcy>USD</issueCcy>
        <issueDate>2020-12-28</issueDate>
        <latestPrc ccy="USD">99.70</latestPrc>
        <latestPrcDate>2021-01-28</latestPrcDate>
        <prcFactor>.01</prcFactor>
        <asstBondDetails>
          <matDate>2021-06-30</matDate>
          <intRate>0.28</intRate>
          <intFreq>12</intFreq>
          <intDate>2021-02-01</intDate>
          <intCcy>USD</intCcy>
        </asstBondDetails>
      </asstDetail>
    </hldId>
    <effDt>2021-02-01</effDt>
    <settleDt>2021-02-01</settleDt>
    <qty>300000</qty>
    <grAmt ccy="USD">2000</grAmt>
    <netAmt ccy="USD">2000</netAmt>
  </hldCpt1><hldCpt2 amtScheme="m2">
    <hldId>
      <ptfl>83663293.6000</ptfl>
      <ctlrOwnr>83663293</ctlrOwnr>
      <ctlrAcct>83663293.4000/USD/KK</ctlrAcct>
      <ccy>USD</ccy>
      <asst>USD</asst>
      <asstIDs>
        <asstRef refType="CURRENCY">USD</asstRef>
      </asstIDs>
    </hldId>
    <effDt>2021-02-01</effDt>
    <grAmt ccy="USD">2000</grAmt>
    <netAmt ccy="USD">2000</netAmt>
  </hldCpt2></M001><M001><tkn /><m2xmlReleaseNo>020</m2xmlReleaseNo><mvmtHdr mvmtTp="COU">
    <cmt>Interest</cmt>
  </mvmtHdr><mvmtSrc>
    <ctlr>lghths-sg</ctlr>
    <ctlrMvmtRef>684608704</ctlrMvmtRef>
    <srcRecType>Cash Transaction</srcRecType>
    <srcTransType>Interest</srcTransType>
  </mvmtSrc><extSys>
    <extSysID>SAR</extSysID>
    <extSysRef>684608704</extSysRef>
  </extSys><hldCpt1 amtScheme="m2">
    <hldId>
      <ptfl>83676187.6000</ptfl>
      <ctlrOwnr>83676187</ctlrOwnr>
      <ctlrAcct>83676187.6000</ctlrAcct>
      <ownrRefCcy>USD</ownrRefCcy>
      <ccy>USD</ccy>
      <asst>CH0400441280</asst>
      <asstIDs>
        <asstRef refType="ISIN">CH0400441280</asstRef>
        <asstRef refType="Valor">40044128</asstRef>
        <asstRef refType="SARA">000133807554</asstRef>
      </asstIDs>
      <asstDetail>
        <isin>CH0400441280</isin>
        <type>Bond</type>
        <cntry>CH/Switzerland</cntry>
        <desc>5% UBS Group AG Contingent Convertible Floating Rate Notes  2018-Perpetual Subordinated</desc>
        <issueCcy>USD</issueCcy>
        <issueDate>2018-01-31</issueDate>
        <latestPrc ccy="USD">101.03</latestPrc>
        <latestPrcDate>2021-02-01</latestPrcDate>
        <prcFactor>.01</prcFactor>
        <asstBondDetails>
          <matDate>4712-12-31</matDate>
          <intRate>5.0</intRate>
          <calcBasis>30/360</calcBasis>
          <intFreq>1</intFreq>
          <intDate>2019-01-31</intDate>
          <intCcy>USD</intCcy>
          <rating>BB</rating>
        </asstBondDetails>
      </asstDetail>
    </hldId>
    <effDt>2021-02-01</effDt>
    <settleDt>2021-02-01</settleDt>
    <qty>200000</qty>
    <grAmt ccy="USD">10000</grAmt>
    <netAmt ccy="USD">10000</netAmt>
  </hldCpt1><hldCpt2 amtScheme="m2">
    <hldId>
      <ptfl>83676187.6000</ptfl>
      <ctlrOwnr>83676187</ctlrOwnr>
      <ctlrAcct>83676187.4000/USD/KK</ctlrAcct>
      <ccy>USD</ccy>
      <asst>USD</asst>
      <asstIDs>
        <asstRef refType="CURRENCY">USD</asstRef>
      </asstIDs>
    </hldId>
    <effDt>2021-02-01</effDt>
    <grAmt ccy="USD">10000</grAmt>
    <netAmt ccy="USD">10000</netAmt>
  </hldCpt2></M001><M001><tkn /><m2xmlReleaseNo>020</m2xmlReleaseNo><mvmtHdr mvmtTp="COU">
    <cmt>Interest</cmt>
  </mvmtHdr><mvmtSrc>
    <ctlr>lghths-sg</ctlr>
    <ctlrMvmtRef>684653184</ctlrMvmtRef>
    <srcRecType>Cash Transaction</srcRecType>
    <srcTransType>Interest</srcTransType>
  </mvmtSrc><extSys>
    <extSysID>SAR</extSysID>
    <extSysRef>684653184</extSysRef>
  </extSys><hldCpt1 amtScheme="m2">
    <hldId>
      <ptfl>83676187.6000</ptfl>
      <ctlrOwnr>83676187</ctlrOwnr>
      <ctlrAcct>83676187.6000</ctlrAcct>
      <ownrRefCcy>USD</ownrRefCcy>
      <ccy>USD</ccy>
      <asst>USG50027AE42</asst>
      <asstIDs>
        <asstRef refType="ISIN">USG50027AE42</asstRef>
        <asstRef refType="Valor">20549467</asstRef>
        <asstRef refType="SARA">000082521405</asstRef>
      </asstIDs>
      <asstDetail>
        <isin>USG50027AE42</isin>
        <type>Bond</type>
        <cntry>GB/United Kingdom</cntry>
        <desc>5.625% Jaguar Land Rover Plc Notes 2013-2023 Senior Reg-S</desc>
        <issueCcy>USD</issueCcy>
        <issueDate>2013-01-28</issueDate>
        <latestPrc ccy="USD">97.634</latestPrc>
        <latestPrcDate>2021-02-01</latestPrcDate>
        <prcFactor>.01</prcFactor>
        <asstBondDetails>
          <matDate>2023-02-01</matDate>
          <intRate>5.625</intRate>
          <calcBasis>30E/360</calcBasis>
          <intFreq>2</intFreq>
          <intDate>2013-08-01</intDate>
          <intCcy>USD</intCcy>
          <rating>B</rating>
        </asstBondDetails>
      </asstDetail>
    </hldId>
    <effDt>2021-02-01</effDt>
    <settleDt>2021-02-01</settleDt>
    <qty>200000</qty>
    <grAmt ccy="USD">5625</grAmt>
    <netAmt ccy="USD">5625</netAmt>
  </hldCpt1><hldCpt2 amtScheme="m2">
    <hldId>
      <ptfl>83676187.6000</ptfl>
      <ctlrOwnr>83676187</ctlrOwnr>
      <ctlrAcct>83676187.4000/USD/KK</ctlrAcct>
      <ccy>USD</ccy>
      <asst>USD</asst>
      <asstIDs>
        <asstRef refType="CURRENCY">USD</asstRef>
      </asstIDs>
    </hldId>
    <effDt>2021-02-01</effDt>
    <grAmt ccy="USD">5625</grAmt>
    <netAmt ccy="USD">5625</netAmt>
  </hldCpt2></M001></m2:M006>
