<?xml version="1.0" encoding="UTF-8"?>
<m2:M006 xmlns:m2="http://www.mym2.com" xmlns:xsi="http://www.w3.org/2001/XMLSchema-instance" xsi:schemaLocation="http://www.mym2.com http://www.mym2.com/schemas/M2RequestSchema.xsd"><M001><tkn /><m2xmlReleaseNo>020</m2xmlReleaseNo><mvmtHdr mvmtTp="CLS">
    <cmt>Close Loan</cmt>
  </mvmtHdr><mvmtSrc>
    <ctlr>lghths-sg</ctlr>
    <ctlrMvmtRef>714358412</ctlrMvmtRef>
    <srcRecType>Deposits &amp; Loans Transaction</srcRecType>
    <srcTransType>Close Loan</srcTransType>
  </mvmtSrc><extSys>
    <extSysID>SAR</extSysID>
    <extSysRef>714316313</extSysRef>
  </extSys><hldCpt1 amtScheme="m2">
    <hldId>
      <ptfl>83667931.6000</ptfl>
      <ctlrOwnr>83667931</ctlrOwnr>
      <ctlrAcct>83667931</ctlrAcct>
      <ownrRefCcy>USD</ownrRefCcy>
      <ccy>USD</ccy>
      <asst>USD</asst>
      <asstIDs>
        <asstRef refType="CURRENCY">USD</asstRef>
      </asstIDs>
      <asstDetail>
        <type>MoneyMarket</type>
        <desc>USD Fixed Loan</desc>
        <asstMnyMktDetails>
          <mnyMktType>Loan</mnyMktType>
          <mnyMktTerm termType="Fixed">2021-06-15</mnyMktTerm>
          <mnyMktAmt ccy="USD">0</mnyMktAmt>
          <intRate>1.1625</intRate>
          <mnyMktRef>143650145</mnyMktRef>
          <mnyMktName>s/t Fixed Advance Fix USD 1.1625% 08.06.2021-15.</mnyMktName>
          <matDate>2021-06-15</matDate>
          <startDate>2021-06-08</startDate>
        </asstMnyMktDetails>
      </asstDetail>
    </hldId>
    <effDt>2021-06-11</effDt>
    <settleDt>2021-06-15</settleDt>
    <grAmt ccy="USD">334284.37</grAmt>
    <netAmt ccy="USD">334284.37</netAmt>
  </hldCpt1><hldCpt2 amtScheme="m2">
    <hldId>
      <ptfl>83667931.6000</ptfl>
      <ctlrOwnr>83667931</ctlrOwnr>
      <ctlrAcct>83667931.4000/USD/KK</ctlrAcct>
      <ccy>USD</ccy>
      <asst>USD</asst>
      <asstIDs>
        <asstRef refType="CURRENCY">USD</asstRef>
      </asstIDs>
    </hldId>
    <effDt>2021-06-11</effDt>
    <grAmt ccy="USD">-334359.93</grAmt>
    <netAmt ccy="USD">-334359.93</netAmt>
  </hldCpt2><chrgGp amtScheme="m2">
    <chrgCpt>
      <ctgy>CIP</ctgy>
      <ctgyAmt ccy="USD">-75.56</ctgyAmt>
      <chrgDesc>Interest Paid</chrgDesc>
    </chrgCpt>
  </chrgGp></M001><M001><tkn /><m2xmlReleaseNo>020</m2xmlReleaseNo><mvmtHdr mvmtTp="OPN">
    <cmt>Raise loan</cmt>
  </mvmtHdr><mvmtSrc>
    <ctlr>lghths-sg</ctlr>
    <ctlrMvmtRef>714358420</ctlrMvmtRef>
    <srcRecType>Deposits &amp; Loans Transaction</srcRecType>
    <srcTransType>Raise Loan</srcTransType>
  </mvmtSrc><extSys>
    <extSysID>SAR</extSysID>
    <extSysRef>714316313</extSysRef>
  </extSys><hldCpt1 amtScheme="m2">
    <hldId>
      <ptfl>83667931.6000</ptfl>
      <ctlrOwnr>83667931</ctlrOwnr>
      <ctlrAcct>83667931</ctlrAcct>
      <ownrRefCcy>USD</ownrRefCcy>
      <ccy>USD</ccy>
      <asst>USD</asst>
      <asstIDs>
        <asstRef refType="CURRENCY">USD</asstRef>
      </asstIDs>
      <asstDetail>
        <type>MoneyMarket</type>
        <desc>USD Fixed Loan</desc>
        <asstMnyMktDetails>
          <mnyMktType>Loan</mnyMktType>
          <mnyMktTerm termType="Fixed">2021-06-22</mnyMktTerm>
          <mnyMktAmt ccy="USD">-334359.93</mnyMktAmt>
          <intRate>1.15788</intRate>
          <mnyMktRef>143708181</mnyMktRef>
          <mnyMktName>s/t Fixed Advance Fix USD 1.15788% 15.06.2021-22</mnyMktName>
          <matDate>2021-06-22</matDate>
          <startDate>2021-06-15</startDate>
        </asstMnyMktDetails>
      </asstDetail>
    </hldId>
    <effDt>2021-06-11</effDt>
    <settleDt>2021-06-15</settleDt>
    <grAmt ccy="USD">-334359.93</grAmt>
    <netAmt ccy="USD">-334359.93</netAmt>
  </hldCpt1><hldCpt2 amtScheme="m2">
    <hldId>
      <ptfl>83667931.6000</ptfl>
      <ctlrOwnr>83667931</ctlrOwnr>
      <ctlrAcct>83667931.4000/USD/KK</ctlrAcct>
      <ccy>USD</ccy>
      <asst>USD</asst>
      <asstIDs>
        <asstRef refType="CURRENCY">USD</asstRef>
      </asstIDs>
    </hldId>
    <effDt>2021-06-11</effDt>
    <grAmt ccy="USD">334359.93</grAmt>
    <netAmt ccy="USD">334359.93</netAmt>
  </hldCpt2></M001><M001><tkn /><m2xmlReleaseNo>020</m2xmlReleaseNo><mvmtHdr mvmtTp="OPN">
    <cmt>Raise loan</cmt>
  </mvmtHdr><mvmtSrc>
    <ctlr>lghths-sg</ctlr>
    <ctlrMvmtRef>714079232</ctlrMvmtRef>
    <srcRecType>Deposits &amp; Loans Transaction</srcRecType>
    <srcTransType>Raise Loan</srcTransType>
  </mvmtSrc><extSys>
    <extSysID>SAR</extSysID>
    <extSysRef>714316313</extSysRef>
  </extSys><hldCpt1 amtScheme="m2">
    <hldId>
      <ptfl>83676187.6000</ptfl>
      <ctlrOwnr>83676187</ctlrOwnr>
      <ctlrAcct>83676187</ctlrAcct>
      <ownrRefCcy>USD</ownrRefCcy>
      <ccy>GBP</ccy>
      <asst>GBP</asst>
      <asstIDs>
        <asstRef refType="CURRENCY">GBP</asstRef>
      </asstIDs>
      <asstDetail>
        <type>MoneyMarket</type>
        <desc>GBP Fixed Loan</desc>
        <asstMnyMktDetails>
          <mnyMktType>Loan</mnyMktType>
          <mnyMktTerm termType="Fixed">2021-07-14</mnyMktTerm>
          <mnyMktAmt ccy="GBP">-199743.66</mnyMktAmt>
          <intRate>1.002</intRate>
          <mnyMktRef>143707511</mnyMktRef>
          <mnyMktName>s/t Fixed Advance Fix GBP 1.002% 14.06.2021-14.0</mnyMktName>
          <matDate>2021-07-14</matDate>
          <startDate>2021-06-14</startDate>
        </asstMnyMktDetails>
      </asstDetail>
    </hldId>
    <effDt>2021-06-11</effDt>
    <settleDt>2021-06-14</settleDt>
    <grAmt ccy="GBP">-199743.66</grAmt>
    <netAmt ccy="GBP">-199743.66</netAmt>
  </hldCpt1><hldCpt2 amtScheme="m2">
    <hldId>
      <ptfl>83676187.6000</ptfl>
      <ctlrOwnr>83676187</ctlrOwnr>
      <ctlrAcct>83676187.4001/GBP/KK</ctlrAcct>
      <ccy>GBP</ccy>
      <asst>GBP</asst>
      <asstIDs>
        <asstRef refType="CURRENCY">GBP</asstRef>
      </asstIDs>
    </hldId>
    <effDt>2021-06-11</effDt>
    <grAmt ccy="GBP">199743.66</grAmt>
    <netAmt ccy="GBP">199743.66</netAmt>
  </hldCpt2></M001><M001><tkn /><m2xmlReleaseNo>020</m2xmlReleaseNo><mvmtHdr mvmtTp="SEL">
    <cmt>Bond Redemption prior to Maturity 250,000 ISIN CH1108209755</cmt>
  </mvmtHdr><mvmtSrc>
    <ctlr>lghths-sg</ctlr>
    <ctlrMvmtRef>714316313</ctlrMvmtRef>
    <srcRecType>Security Transaction</srcRecType>
    <srcTransType>Bond Redemption prior to Maturity</srcTransType>
  </mvmtSrc><extSys>
    <extSysID>SAR</extSysID>
    <extSysRef>714316313</extSysRef>
  </extSys><hldCpt1 amtScheme="m2">
    <hldId>
      <ptfl>83663279.6000</ptfl>
      <ctlrOwnr>83663279</ctlrOwnr>
      <ctlrAcct>83663279.6000</ctlrAcct>
      <ownrRefCcy>USD</ownrRefCcy>
      <ccy>EUR</ccy>
      <asst>CH1108209755</asst>
      <asstIDs>
        <asstRef refType="ISIN">CH1108209755</asstRef>
        <asstRef refType="Valor">110820975</asstRef>
        <asstRef refType="SARA">000143242636</asstRef>
      </asstIDs>
      <asstDetail>
        <isin>CH1108209755</isin>
        <type>Share</type>
        <cntry>00939</cntry>
        <desc>8% Vontobel Financial Products Ltd BMW AG STR 75.8109 Orange SA STR 9.0825 Autocallable Fixed Coupon Notes 08.11.2021 Repayment cash or physical</desc>
        <issueCcy>EUR</issueCcy>
        <issueDate>2021-05-07</issueDate>
        <latestPrc ccy="EUR">99.70</latestPrc>
        <latestPrcDate>2021-06-08</latestPrcDate>
        <prcFactor>.01</prcFactor>
      </asstDetail>
    </hldId>
    <effDt>2021-06-10</effDt>
    <settleDt>2021-06-10</settleDt>
    <qty>-250000</qty>
    <prc ccy="EUR">100</prc>
    <grTrdAmt ccy="EUR">-250000</grTrdAmt>
    <grAmt ccy="EUR">-250000</grAmt>
    <netAmt ccy="EUR">-250000</netAmt>
  </hldCpt1><hldCpt2 amtScheme="m2">
    <hldId>
      <ptfl>83663279.6000</ptfl>
      <ctlrOwnr>83663279</ctlrOwnr>
      <ctlrAcct>83663279.4003/EUR/KK</ctlrAcct>
      <ccy>EUR</ccy>
      <asst>EUR</asst>
      <asstIDs>
        <asstRef refType="CURRENCY">EUR</asstRef>
      </asstIDs>
    </hldId>
    <effDt>2021-06-10</effDt>
    <grAmt ccy="EUR">250000</grAmt>
    <netAmt ccy="EUR">250000</netAmt>
  </hldCpt2></M001><M001><tkn /><m2xmlReleaseNo>020</m2xmlReleaseNo><mvmtHdr mvmtTp="SEL">
    <cmt>Opening Sell 30 SARA 000143440331 @ 0.65 USD</cmt>
  </mvmtHdr><mvmtSrc>
    <ctlr>lghths-sg</ctlr>
    <ctlrMvmtRef>714356047</ctlrMvmtRef>
    <srcRecType>Security Transaction</srcRecType>
    <srcTransType>Opening Sell</srcTransType>
  </mvmtSrc><extSys>
    <extSysID>SAR</extSysID>
    <extSysRef>714356047</extSysRef>
  </extSys><hldCpt1 amtScheme="m2">
    <hldId>
      <ptfl>83663293.6000</ptfl>
      <ctlrOwnr>83663293</ctlrOwnr>
      <ctlrAcct>83663293.6000</ctlrAcct>
      <ownrRefCcy>USD</ownrRefCcy>
      <ccy>USD</ccy>
      <asst>000143440331</asst>
      <asstIDs>
        <asstRef refType="SARA">000143440331</asstRef>
      </asstIDs>
      <asstDetail>
        <type>Option</type>
        <cntry>US/United States of America</cntry>
        <desc>Daqo New Energy Corp Put 16.07.2021 50 (DQ US)</desc>
        <issueCcy>USD</issueCcy>
        <latestPrc ccy="USD">0.76</latestPrc>
        <latestPrcDate>2021-06-10</latestPrcDate>
        <prcFactor>100</prcFactor>
        <asstDerivDetails>
          <contractSize>100</contractSize>
          <strike>50</strike>
          <expDate>2021-07-16</expDate>
          <putCallInd>P</putCallInd>
          <underlyingAsstIDs>
            <asstRef refType="ISIN">US23703Q2030</asstRef>
          </underlyingAsstIDs>
          <underlyingAsstDesc>Daqo New Energy Corp -ADR- (5 Shs)</underlyingAsstDesc>
          <underlyingAsstType>Share</underlyingAsstType>
          <longShortInd>S</longShortInd>
        </asstDerivDetails>
      </asstDetail>
    </hldId>
    <effDt>2021-06-10</effDt>
    <settleDt>2021-06-11</settleDt>
    <qty>-30</qty>
    <prc ccy="USD">0.65</prc>
    <grTrdAmt ccy="USD">-1950</grTrdAmt>
    <grAmt ccy="USD">-1950</grAmt>
    <netAmt ccy="USD">-1736</netAmt>
  </hldCpt1><hldCpt2 amtScheme="m2">
    <hldId>
      <ptfl>83663293.6000</ptfl>
      <ctlrOwnr>83663293</ctlrOwnr>
      <ctlrAcct>83663293.4000/USD/KK</ctlrAcct>
      <ccy>USD</ccy>
      <asst>USD</asst>
      <asstIDs>
        <asstRef refType="CURRENCY">USD</asstRef>
      </asstIDs>
    </hldId>
    <effDt>2021-06-10</effDt>
    <grAmt ccy="USD">1736</grAmt>
    <netAmt ccy="USD">1736</netAmt>
  </hldCpt2><chrgGp amtScheme="m2">
    <chrgCpt>
      <ctgy>EXE</ctgy>
      <ctgyAmt ccy="USD">-200</ctgyAmt>
      <chrgDesc>Stex Commissions</chrgDesc>
    </chrgCpt>
    <chrgCpt>
      <ctgy>VAT</ctgy>
      <ctgyAmt ccy="USD">-14</ctgyAmt>
      <chrgDesc>VAT</chrgDesc>
    </chrgCpt>
  </chrgGp></M001><M001><tkn /><m2xmlReleaseNo>020</m2xmlReleaseNo><mvmtHdr mvmtTp="COU">
    <cmt>Interest 250,000 ISIN CH1108209755</cmt>
  </mvmtHdr><mvmtSrc>
    <ctlr>lghths-sg</ctlr>
    <ctlrMvmtRef>714316280</ctlrMvmtRef>
    <srcRecType>Cash Transaction</srcRecType>
    <srcTransType>Interest</srcTransType>
  </mvmtSrc><extSys>
    <extSysID>SAR</extSysID>
    <extSysRef>714316280</extSysRef>
  </extSys><hldCpt1 amtScheme="m2">
    <hldId>
      <ptfl>83663279.6000</ptfl>
      <ctlrOwnr>83663279</ctlrOwnr>
      <ctlrAcct>83663279.6000</ctlrAcct>
      <ownrRefCcy>USD</ownrRefCcy>
      <ccy>EUR</ccy>
      <asst>CH1108209755</asst>
      <asstIDs>
        <asstRef refType="ISIN">CH1108209755</asstRef>
        <asstRef refType="Valor">110820975</asstRef>
        <asstRef refType="SARA">000143242636</asstRef>
      </asstIDs>
      <asstDetail>
        <isin>CH1108209755</isin>
        <type>Share</type>
        <cntry>00939</cntry>
        <desc>8% Vontobel Financial Products Ltd BMW AG STR 75.8109 Orange SA STR 9.0825 Autocallable Fixed Coupon Notes 08.11.2021 Repayment cash or physical</desc>
        <issueCcy>EUR</issueCcy>
        <issueDate>2021-05-07</issueDate>
        <latestPrc ccy="EUR">99.70</latestPrc>
        <latestPrcDate>2021-06-08</latestPrcDate>
        <prcFactor>.01</prcFactor>
      </asstDetail>
    </hldId>
    <effDt>2021-06-11</effDt>
    <settleDt>2021-06-10</settleDt>
    <qty>250000</qty>
    <grAmt ccy="EUR">1666.75</grAmt>
    <netAmt ccy="EUR">1666.75</netAmt>
  </hldCpt1><hldCpt2 amtScheme="m2">
    <hldId>
      <ptfl>83663279.6000</ptfl>
      <ctlrOwnr>83663279</ctlrOwnr>
      <ctlrAcct>83663279.4003/EUR/KK</ctlrAcct>
      <ccy>EUR</ccy>
      <asst>EUR</asst>
      <asstIDs>
        <asstRef refType="CURRENCY">EUR</asstRef>
      </asstIDs>
    </hldId>
    <effDt>2021-06-11</effDt>
    <grAmt ccy="EUR">1666.75</grAmt>
    <netAmt ccy="EUR">1666.75</netAmt>
  </hldCpt2></M001><M001><tkn /><m2xmlReleaseNo>020</m2xmlReleaseNo><mvmtHdr mvmtTp="DIV">
    <cmt>Dividend Cash 5,858 ISIN US5949181045 @ 0.56 USD</cmt>
  </mvmtHdr><mvmtSrc>
    <ctlr>lghths-sg</ctlr>
    <ctlrMvmtRef>714567559</ctlrMvmtRef>
    <srcRecType>Cash Transaction</srcRecType>
    <srcTransType>Dividend Cash</srcTransType>
  </mvmtSrc><extSys>
    <extSysID>SAR</extSysID>
    <extSysRef>714567559</extSysRef>
  </extSys><hldCpt1 amtScheme="m2">
    <hldId>
      <ptfl>83677193.6000</ptfl>
      <ctlrOwnr>83677193</ctlrOwnr>
      <ctlrAcct>83677193.6000</ctlrAcct>
      <ownrRefCcy>USD</ownrRefCcy>
      <ccy>USD</ccy>
      <asst>US5949181045</asst>
      <asstIDs>
        <asstRef refType="ISIN">US5949181045</asstRef>
        <asstRef refType="Valor">951692</asstRef>
        <asstRef refType="Bloomberg">MSFT US</asstRef>
        <asstRef refType="SARA">000000420853</asstRef>
      </asstIDs>
      <asstDetail>
        <isin>US5949181045</isin>
        <type>Share</type>
        <cntry>US/United States of America</cntry>
        <desc>Microsoft Corp</desc>
        <issueCcy>USD</issueCcy>
        <latestPrc ccy="USD">257.24</latestPrc>
        <latestPrcDate>2021-06-10</latestPrcDate>
        <prcFactor>1</prcFactor>
      </asstDetail>
    </hldId>
    <effDt>2021-06-11</effDt>
    <settleDt>2021-06-10</settleDt>
    <qty>5858</qty>
    <grDivPerShare ccy="USD">0.56</grDivPerShare>
    <netDivPerShare ccy="USD">0.392001</netDivPerShare>
    <grAmt ccy="USD">3280.48</grAmt>
    <netAmt ccy="USD">2296.34</netAmt>
  </hldCpt1><hldCpt2 amtScheme="m2">
    <hldId>
      <ptfl>83677193.6000</ptfl>
      <ctlrOwnr>83677193</ctlrOwnr>
      <ctlrAcct>83677193.4000/USD/KK</ctlrAcct>
      <ccy>USD</ccy>
      <asst>USD</asst>
      <asstIDs>
        <asstRef refType="CURRENCY">USD</asstRef>
      </asstIDs>
    </hldId>
    <effDt>2021-06-11</effDt>
    <grAmt ccy="USD">2296.34</grAmt>
    <netAmt ccy="USD">2296.34</netAmt>
  </hldCpt2><chrgGp amtScheme="m2">
    <chrgCpt>
      <ctgy>WTH</ctgy>
      <ctgyAmt ccy="USD">-984.14</ctgyAmt>
      <chrgDesc>Withholding Tax</chrgDesc>
    </chrgCpt>
  </chrgGp></M001></m2:M006>
