<?xml version="1.0" encoding="UTF-8"?>
<m2:M006 xmlns:m2="http://www.mym2.com" xmlns:xsi="http://www.w3.org/2001/XMLSchema-instance" xsi:schemaLocation="http://www.mym2.com http://www.mym2.com/schemas/M2RequestSchema.xsd"><M001><tkn /><m2xmlReleaseNo>020</m2xmlReleaseNo><mvmtHdr mvmtTp="DIV">
    <cmt>Dividend Cash</cmt>
  </mvmtHdr><mvmtSrc>
    <ctlr>lghths-sg</ctlr>
    <ctlrMvmtRef>679140117</ctlrMvmtRef>
    <srcRecType>Cash Transaction</srcRecType>
    <srcTransType>Dividend Cash</srcTransType>
  </mvmtSrc><extSys>
    <extSysID>SAR</extSysID>
    <extSysRef>679140117</extSysRef>
  </extSys><hldCpt1 amtScheme="m2">
    <hldId>
      <ptfl>83677193.6000</ptfl>
      <ctlrOwnr>83677193</ctlrOwnr>
      <ctlrAcct>83677193.6000</ctlrAcct>
      <ownrRefCcy>USD</ownrRefCcy>
      <ccy>USD</ccy>
      <asst>US00214Q1040</asst>
      <asstIDs>
        <asstRef refType="ISIN">US00214Q1040</asstRef>
        <asstRef refType="Valor">25949494</asstRef>
        <asstRef refType="SARA">000132130108</asstRef>
      </asstIDs>
      <asstDetail>
        <isin>US00214Q1040</isin>
        <type>Fund</type>
        <cntry>US/United States of America</cntry>
        <desc>ARK Innovation ETF</desc>
        <issueCcy>USD</issueCcy>
        <latestPrc ccy="USD">124.49</latestPrc>
        <latestPrcDate>2020-12-31</latestPrcDate>
        <prcFactor>1</prcFactor>
      </asstDetail>
    </hldId>
    <effDt>2021-01-04</effDt>
    <settleDt>2020-12-31</settleDt>
    <qty>3090</qty>
    <grDivPerShare ccy="USD">0.41657</grDivPerShare>
    <netDivPerShare ccy="USD">0.41657</netDivPerShare>
    <grAmt ccy="USD">1287.2</grAmt>
    <netAmt ccy="USD">1287.2</netAmt>
  </hldCpt1><hldCpt2 amtScheme="m2">
    <hldId>
      <ptfl>83677193.6000</ptfl>
      <ctlrOwnr>83677193</ctlrOwnr>
      <ctlrAcct>83677193.4000/USD/KK</ctlrAcct>
      <ccy>USD</ccy>
      <asst>USD</asst>
      <asstIDs>
        <asstRef refType="CURRENCY">USD</asstRef>
      </asstIDs>
    </hldId>
    <effDt>2021-01-04</effDt>
    <grAmt ccy="USD">1287.2</grAmt>
    <netAmt ccy="USD">1287.2</netAmt>
  </hldCpt2></M001><M001><tkn /><m2xmlReleaseNo>020</m2xmlReleaseNo><mvmtHdr mvmtTp="DIV">
    <cmt>Dividend Cash</cmt>
  </mvmtHdr><mvmtSrc>
    <ctlr>lghths-sg</ctlr>
    <ctlrMvmtRef>679139507</ctlrMvmtRef>
    <srcRecType>Cash Transaction</srcRecType>
    <srcTransType>Dividend Cash</srcTransType>
  </mvmtSrc><extSys>
    <extSysID>SAR</extSysID>
    <extSysRef>679139507</extSysRef>
  </extSys><hldCpt1 amtScheme="m2">
    <hldId>
      <ptfl>83677193.6000</ptfl>
      <ctlrOwnr>83677193</ctlrOwnr>
      <ctlrAcct>83677193.6000</ctlrAcct>
      <ownrRefCcy>USD</ownrRefCcy>
      <ccy>USD</ccy>
      <asst>US00214Q1040</asst>
      <asstIDs>
        <asstRef refType="ISIN">US00214Q1040</asstRef>
        <asstRef refType="Valor">25949494</asstRef>
        <asstRef refType="SARA">000132130108</asstRef>
      </asstIDs>
      <asstDetail>
        <isin>US00214Q1040</isin>
        <type>Fund</type>
        <cntry>US/United States of America</cntry>
        <desc>ARK Innovation ETF</desc>
        <issueCcy>USD</issueCcy>
        <latestPrc ccy="USD">124.49</latestPrc>
        <latestPrcDate>2020-12-31</latestPrcDate>
        <prcFactor>1</prcFactor>
      </asstDetail>
    </hldId>
    <effDt>2021-01-04</effDt>
    <settleDt>2020-12-31</settleDt>
    <qty>3090</qty>
    <grDivPerShare ccy="USD">1.62774</grDivPerShare>
    <netDivPerShare ccy="USD">1.627741</netDivPerShare>
    <grAmt ccy="USD">5029.72</grAmt>
    <netAmt ccy="USD">5029.72</netAmt>
  </hldCpt1><hldCpt2 amtScheme="m2">
    <hldId>
      <ptfl>83677193.6000</ptfl>
      <ctlrOwnr>83677193</ctlrOwnr>
      <ctlrAcct>83677193.4000/USD/KK</ctlrAcct>
      <ccy>USD</ccy>
      <asst>USD</asst>
      <asstIDs>
        <asstRef refType="CURRENCY">USD</asstRef>
      </asstIDs>
    </hldId>
    <effDt>2021-01-04</effDt>
    <grAmt ccy="USD">5029.72</grAmt>
    <netAmt ccy="USD">5029.72</netAmt>
  </hldCpt2></M001></m2:M006>
