<?xml version="1.0" encoding="UTF-8"?>
<m2:M006 xmlns:m2="http://www.mym2.com" xmlns:xsi="http://www.w3.org/2001/XMLSchema-instance" xsi:schemaLocation="http://www.mym2.com http://www.mym2.com/schemas/M2RequestSchema.xsd"><M001><tkn /><m2xmlReleaseNo>020</m2xmlReleaseNo><mvmtHdr mvmtTp="AIN">
    <cmt>Option Expiry 50 SARA 000142017024</cmt>
  </mvmtHdr><mvmtSrc>
    <ctlr>lghths-sg</ctlr>
    <ctlrMvmtRef>694698846</ctlrMvmtRef>
    <srcRecType>Security Transaction</srcRecType>
    <srcTransType>Option Expiry</srcTransType>
  </mvmtSrc><extSys>
    <extSysID>SAR</extSysID>
    <extSysRef>694698846</extSysRef>
  </extSys><hldCpt1 amtScheme="m2">
    <hldId>
      <ptfl>83663279.6000</ptfl>
      <ctlrOwnr>83663279</ctlrOwnr>
      <ctlrAcct>83663279.6000</ctlrAcct>
      <ownrRefCcy>USD</ownrRefCcy>
      <ccy>USD</ccy>
      <asst>000142017024</asst>
      <asstIDs>
        <asstRef refType="SARA">000142017024</asstRef>
      </asstIDs>
      <asstDetail>
        <type>Option</type>
        <cntry>US/United States of America</cntry>
        <desc>British American Tobacco PLC Put 19.03.2021 35 (BTI US)</desc>
        <issueCcy>USD</issueCcy>
        <latestPrc ccy="USD">0.05</latestPrc>
        <latestPrcDate>2021-03-17</latestPrcDate>
        <prcFactor>100</prcFactor>
        <asstDerivDetails>
          <contractSize>100</contractSize>
          <strike>35</strike>
          <expDate>2021-03-19</expDate>
          <putCallInd>P</putCallInd>
          <underlyingAsstIDs>
            <asstRef refType="ISIN">US1104481072</asstRef>
          </underlyingAsstIDs>
          <underlyingAsstDesc>British American Tobacco Plc -ADR-</underlyingAsstDesc>
          <underlyingAsstType>Share</underlyingAsstType>
          <longShortInd>S</longShortInd>
        </asstDerivDetails>
      </asstDetail>
    </hldId>
    <effDt>2021-03-23</effDt>
    <settleDt>2021-03-19</settleDt>
    <qty>50</qty>
    <prc ccy="USD">0</prc>
    <grTrdAmt ccy="USD">0</grTrdAmt>
    <grAmt ccy="USD">0</grAmt>
    <netAmt ccy="USD">0</netAmt>
  </hldCpt1></M001><M001><tkn /><m2xmlReleaseNo>020</m2xmlReleaseNo><mvmtHdr mvmtTp="AIN">
    <cmt>Option Expiry 8 SARA 000142067525</cmt>
  </mvmtHdr><mvmtSrc>
    <ctlr>lghths-sg</ctlr>
    <ctlrMvmtRef>694698877</ctlrMvmtRef>
    <srcRecType>Security Transaction</srcRecType>
    <srcTransType>Option Expiry</srcTransType>
  </mvmtSrc><extSys>
    <extSysID>SAR</extSysID>
    <extSysRef>694698877</extSysRef>
  </extSys><hldCpt1 amtScheme="m2">
    <hldId>
      <ptfl>83663279.6000</ptfl>
      <ctlrOwnr>83663279</ctlrOwnr>
      <ctlrAcct>83663279.6000</ctlrAcct>
      <ownrRefCcy>USD</ownrRefCcy>
      <ccy>USD</ccy>
      <asst>000142067525</asst>
      <asstIDs>
        <asstRef refType="SARA">000142067525</asstRef>
      </asstIDs>
      <asstDetail>
        <type>Option</type>
        <cntry>US/United States of America</cntry>
        <desc>Lockheed Martin Corp Put 19.03.2021 300 (LMT US)</desc>
        <issueCcy>USD</issueCcy>
        <latestPrc ccy="USD">0.05</latestPrc>
        <latestPrcDate>2021-03-19</latestPrcDate>
        <prcFactor>100</prcFactor>
        <asstDerivDetails>
          <contractSize>100</contractSize>
          <strike>300</strike>
          <expDate>2021-03-19</expDate>
          <putCallInd>P</putCallInd>
          <underlyingAsstIDs>
            <asstRef refType="ISIN">US5398301094</asstRef>
          </underlyingAsstIDs>
          <underlyingAsstDesc>Lockheed Martin Corp</underlyingAsstDesc>
          <underlyingAsstType>Share</underlyingAsstType>
          <longShortInd>S</longShortInd>
        </asstDerivDetails>
      </asstDetail>
    </hldId>
    <effDt>2021-03-23</effDt>
    <settleDt>2021-03-19</settleDt>
    <qty>8</qty>
    <prc ccy="USD">0</prc>
    <grTrdAmt ccy="USD">0</grTrdAmt>
    <grAmt ccy="USD">0</grAmt>
    <netAmt ccy="USD">0</netAmt>
  </hldCpt1></M001><M001><tkn /><m2xmlReleaseNo>020</m2xmlReleaseNo><mvmtHdr mvmtTp="AIN">
    <cmt>Option Expiry 40 SARA 000142528979</cmt>
  </mvmtHdr><mvmtSrc>
    <ctlr>lghths-sg</ctlr>
    <ctlrMvmtRef>694698955</ctlrMvmtRef>
    <srcRecType>Security Transaction</srcRecType>
    <srcTransType>Option Expiry</srcTransType>
  </mvmtSrc><extSys>
    <extSysID>SAR</extSysID>
    <extSysRef>694698955</extSysRef>
  </extSys><hldCpt1 amtScheme="m2">
    <hldId>
      <ptfl>83663279.6000</ptfl>
      <ctlrOwnr>83663279</ctlrOwnr>
      <ctlrAcct>83663279.6000</ctlrAcct>
      <ownrRefCcy>USD</ownrRefCcy>
      <ccy>USD</ccy>
      <asst>000142528979</asst>
      <asstIDs>
        <asstRef refType="SARA">000142528979</asstRef>
      </asstIDs>
      <asstDetail>
        <type>Option</type>
        <cntry>US/United States of America</cntry>
        <desc>British American Tobacco PLC Call 19.03.2021 40 (BTI US)</desc>
        <issueCcy>USD</issueCcy>
        <latestPrc ccy="USD">0.03</latestPrc>
        <latestPrcDate>2021-03-19</latestPrcDate>
        <prcFactor>100</prcFactor>
        <asstDerivDetails>
          <contractSize>100</contractSize>
          <strike>40</strike>
          <expDate>2021-03-19</expDate>
          <putCallInd>C</putCallInd>
          <underlyingAsstIDs>
            <asstRef refType="ISIN">US1104481072</asstRef>
          </underlyingAsstIDs>
          <underlyingAsstDesc>British American Tobacco Plc -ADR-</underlyingAsstDesc>
          <underlyingAsstType>Share</underlyingAsstType>
          <longShortInd>S</longShortInd>
        </asstDerivDetails>
      </asstDetail>
    </hldId>
    <effDt>2021-03-23</effDt>
    <settleDt>2021-03-19</settleDt>
    <qty>40</qty>
    <prc ccy="USD">0</prc>
    <grTrdAmt ccy="USD">0</grTrdAmt>
    <grAmt ccy="USD">0</grAmt>
    <netAmt ccy="USD">0</netAmt>
  </hldCpt1></M001><M001><tkn /><m2xmlReleaseNo>020</m2xmlReleaseNo><mvmtHdr mvmtTp="SEL">
    <cmt>Opening Sell 40 SARA 000142978144 @ 0.209 USD</cmt>
  </mvmtHdr><mvmtSrc>
    <ctlr>lghths-sg</ctlr>
    <ctlrMvmtRef>694882114</ctlrMvmtRef>
    <srcRecType>Security Transaction</srcRecType>
    <srcTransType>Opening Sell</srcTransType>
  </mvmtSrc><extSys>
    <extSysID>SAR</extSysID>
    <extSysRef>694882114</extSysRef>
  </extSys><hldCpt1 amtScheme="m2">
    <hldId>
      <ptfl>83663279.6000</ptfl>
      <ctlrOwnr>83663279</ctlrOwnr>
      <ctlrAcct>83663279.6000</ctlrAcct>
      <ownrRefCcy>USD</ownrRefCcy>
      <ccy>USD</ccy>
      <asst>000142978144</asst>
      <asstIDs>
        <asstRef refType="SARA">000142978144</asstRef>
      </asstIDs>
      <asstDetail>
        <type>Option</type>
        <cntry>US/United States of America</cntry>
        <desc>British American Tobacco PLC Call 18.06.2021 45 (BTI US)</desc>
        <issueCcy>USD</issueCcy>
        <latestPrc ccy="USD">0.22</latestPrc>
        <latestPrcDate>2021-03-22</latestPrcDate>
        <prcFactor>100</prcFactor>
        <asstDerivDetails>
          <contractSize>100</contractSize>
          <strike>45</strike>
          <expDate>2021-06-18</expDate>
          <putCallInd>C</putCallInd>
          <underlyingAsstIDs>
            <asstRef refType="ISIN">US1104481072</asstRef>
          </underlyingAsstIDs>
          <underlyingAsstDesc>British American Tobacco Plc -ADR-</underlyingAsstDesc>
          <underlyingAsstType>Share</underlyingAsstType>
          <longShortInd>S</longShortInd>
        </asstDerivDetails>
      </asstDetail>
    </hldId>
    <effDt>2021-03-23</effDt>
    <settleDt>2021-03-24</settleDt>
    <qty>-40</qty>
    <prc ccy="USD">0.209</prc>
    <grTrdAmt ccy="USD">-836</grTrdAmt>
    <grAmt ccy="USD">-836</grAmt>
    <netAmt ccy="USD">-622</netAmt>
  </hldCpt1><hldCpt2 amtScheme="m2">
    <hldId>
      <ptfl>83663279.6000</ptfl>
      <ctlrOwnr>83663279</ctlrOwnr>
      <ctlrAcct>83663279.4000/USD/KK</ctlrAcct>
      <ccy>USD</ccy>
      <asst>USD</asst>
      <asstIDs>
        <asstRef refType="CURRENCY">USD</asstRef>
      </asstIDs>
    </hldId>
    <effDt>2021-03-23</effDt>
    <grAmt ccy="USD">622</grAmt>
    <netAmt ccy="USD">622</netAmt>
  </hldCpt2><chrgGp amtScheme="m2">
    <chrgCpt>
      <ctgy>EXE</ctgy>
      <ctgyAmt ccy="USD">-200</ctgyAmt>
      <chrgDesc>Stex Commissions</chrgDesc>
    </chrgCpt>
    <chrgCpt>
      <ctgy>VAT</ctgy>
      <ctgyAmt ccy="USD">-14</ctgyAmt>
      <chrgDesc>VAT</chrgDesc>
    </chrgCpt>
  </chrgGp></M001><M001><tkn /><m2xmlReleaseNo>020</m2xmlReleaseNo><mvmtHdr mvmtTp="SEL">
    <cmt>Opening Sell 40 SARA 000142960890 @ 0.4 USD</cmt>
  </mvmtHdr><mvmtSrc>
    <ctlr>lghths-sg</ctlr>
    <ctlrMvmtRef>694884319</ctlrMvmtRef>
    <srcRecType>Security Transaction</srcRecType>
    <srcTransType>Opening Sell</srcTransType>
  </mvmtSrc><extSys>
    <extSysID>SAR</extSysID>
    <extSysRef>694884319</extSysRef>
  </extSys><hldCpt1 amtScheme="m2">
    <hldId>
      <ptfl>83663279.6000</ptfl>
      <ctlrOwnr>83663279</ctlrOwnr>
      <ctlrAcct>83663279.6000</ctlrAcct>
      <ownrRefCcy>USD</ownrRefCcy>
      <ccy>USD</ccy>
      <asst>000142960890</asst>
      <asstIDs>
        <asstRef refType="SARA">000142960890</asstRef>
      </asstIDs>
      <asstDetail>
        <type>Option</type>
        <cntry>US/United States of America</cntry>
        <desc>British American Tobacco PLC Put 21.05.2021 35 (BTI US)</desc>
        <issueCcy>USD</issueCcy>
        <latestPrc ccy="USD">0.26</latestPrc>
        <latestPrcDate>2021-03-22</latestPrcDate>
        <prcFactor>100</prcFactor>
        <asstDerivDetails>
          <contractSize>100</contractSize>
          <strike>35</strike>
          <expDate>2021-05-21</expDate>
          <putCallInd>P</putCallInd>
          <underlyingAsstIDs>
            <asstRef refType="ISIN">US1104481072</asstRef>
          </underlyingAsstIDs>
          <underlyingAsstDesc>British American Tobacco Plc -ADR-</underlyingAsstDesc>
          <underlyingAsstType>Share</underlyingAsstType>
          <longShortInd>S</longShortInd>
        </asstDerivDetails>
      </asstDetail>
    </hldId>
    <effDt>2021-03-19</effDt>
    <settleDt>2021-03-22</settleDt>
    <qty>-40</qty>
    <prc ccy="USD">0.4</prc>
    <grTrdAmt ccy="USD">-1600</grTrdAmt>
    <grAmt ccy="USD">-1600</grAmt>
    <netAmt ccy="USD">-1386</netAmt>
  </hldCpt1><hldCpt2 amtScheme="m2">
    <hldId>
      <ptfl>83663279.6000</ptfl>
      <ctlrOwnr>83663279</ctlrOwnr>
      <ctlrAcct>83663279.4000/USD/KK</ctlrAcct>
      <ccy>USD</ccy>
      <asst>USD</asst>
      <asstIDs>
        <asstRef refType="CURRENCY">USD</asstRef>
      </asstIDs>
    </hldId>
    <effDt>2021-03-19</effDt>
    <grAmt ccy="USD">1386</grAmt>
    <netAmt ccy="USD">1386</netAmt>
  </hldCpt2><chrgGp amtScheme="m2">
    <chrgCpt>
      <ctgy>EXE</ctgy>
      <ctgyAmt ccy="USD">-200</ctgyAmt>
      <chrgDesc>Stex Commissions</chrgDesc>
    </chrgCpt>
    <chrgCpt>
      <ctgy>VAT</ctgy>
      <ctgyAmt ccy="USD">-14</ctgyAmt>
      <chrgDesc>VAT</chrgDesc>
    </chrgCpt>
  </chrgGp></M001><M001><tkn /><m2xmlReleaseNo>020</m2xmlReleaseNo><mvmtHdr mvmtTp="AIN">
    <cmt>Option Expiry 50 SARA 000142250484</cmt>
  </mvmtHdr><mvmtSrc>
    <ctlr>lghths-sg</ctlr>
    <ctlrMvmtRef>694698896</ctlrMvmtRef>
    <srcRecType>Security Transaction</srcRecType>
    <srcTransType>Option Expiry</srcTransType>
  </mvmtSrc><extSys>
    <extSysID>SAR</extSysID>
    <extSysRef>694698896</extSysRef>
  </extSys><hldCpt1 amtScheme="m2">
    <hldId>
      <ptfl>83663293.6000</ptfl>
      <ctlrOwnr>83663293</ctlrOwnr>
      <ctlrAcct>83663293.6000</ctlrAcct>
      <ownrRefCcy>USD</ownrRefCcy>
      <ccy>USD</ccy>
      <asst>000142250484</asst>
      <asstIDs>
        <asstRef refType="SARA">000142250484</asstRef>
      </asstIDs>
      <asstDetail>
        <type>Option</type>
        <cntry>US/United States of America</cntry>
        <desc>Altria Group Inc Put 19.03.2021 37.5 (MO US)</desc>
        <issueCcy>USD</issueCcy>
        <latestPrc ccy="USD">0.01</latestPrc>
        <latestPrcDate>2021-03-19</latestPrcDate>
        <prcFactor>100</prcFactor>
        <asstDerivDetails>
          <contractSize>100</contractSize>
          <strike>37.5</strike>
          <expDate>2021-03-19</expDate>
          <putCallInd>P</putCallInd>
          <underlyingAsstIDs>
            <asstRef refType="ISIN">US02209S1033</asstRef>
          </underlyingAsstIDs>
          <underlyingAsstDesc>Altria Group Inc</underlyingAsstDesc>
          <underlyingAsstType>Share</underlyingAsstType>
          <longShortInd>S</longShortInd>
        </asstDerivDetails>
      </asstDetail>
    </hldId>
    <effDt>2021-03-23</effDt>
    <settleDt>2021-03-19</settleDt>
    <qty>50</qty>
    <prc ccy="USD">0</prc>
    <grTrdAmt ccy="USD">0</grTrdAmt>
    <grAmt ccy="USD">0</grAmt>
    <netAmt ccy="USD">0</netAmt>
  </hldCpt1></M001><M001><tkn /><m2xmlReleaseNo>020</m2xmlReleaseNo><mvmtHdr mvmtTp="BUY">
    <cmt>Structured Products 66 ISIN GB0004544929</cmt>
  </mvmtHdr><mvmtSrc>
    <ctlr>lghths-sg</ctlr>
    <ctlrMvmtRef>694707421</ctlrMvmtRef>
    <srcRecType>Security Transaction</srcRecType>
    <srcTransType>Structured Products</srcTransType>
  </mvmtSrc><extSys>
    <extSysID>SAR</extSysID>
    <extSysRef>694707421</extSysRef>
  </extSys><hldCpt1 amtScheme="m2">
    <hldId>
      <ptfl>83663293.6000</ptfl>
      <ctlrOwnr>83663293</ctlrOwnr>
      <ctlrAcct>83663293.6000</ctlrAcct>
      <ownrRefCcy>USD</ownrRefCcy>
      <ccy>GBP</ccy>
      <asst>GB0004544929</asst>
      <asstIDs>
        <asstRef refType="ISIN">GB0004544929</asstRef>
        <asstRef refType="Valor">517719</asstRef>
        <asstRef refType="SARA">000000416171</asstRef>
      </asstIDs>
      <asstDetail>
        <isin>GB0004544929</isin>
        <type>Share</type>
        <cntry>GB/United Kingdom</cntry>
        <desc>Imperial Brands Plc</desc>
        <issueCcy>GBP</issueCcy>
        <latestPrc ccy="GBP">14.98</latestPrc>
        <latestPrcDate>2021-03-23</latestPrcDate>
        <prcFactor>1</prcFactor>
      </asstDetail>
    </hldId>
    <effDt>2021-03-22</effDt>
    <settleDt>2021-03-24</settleDt>
    <qty>66</qty>
    <prc ccy="GBP">11.933</prc>
    <grTrdAmt ccy="GBP">787.58</grTrdAmt>
    <grAmt ccy="GBP">787.58</grAmt>
    <netAmt ccy="GBP">792.52</netAmt>
  </hldCpt1><hldCpt2 amtScheme="m2">
    <hldId>
      <ptfl>83663293.6000</ptfl>
      <ctlrOwnr>83663293</ctlrOwnr>
      <ctlrAcct>83663293.4001/GBP/KK</ctlrAcct>
      <ccy>GBP</ccy>
      <asst>GBP</asst>
      <asstIDs>
        <asstRef refType="CURRENCY">GBP</asstRef>
      </asstIDs>
    </hldId>
    <effDt>2021-03-22</effDt>
    <grAmt ccy="GBP">-792.52</grAmt>
    <netAmt ccy="GBP">-792.52</netAmt>
  </hldCpt2><chrgGp amtScheme="m2">
    <chrgCpt>
      <ctgy>STM</ctgy>
      <ctgyAmt ccy="GBP">-4.94</ctgyAmt>
      <chrgDesc>UK Stamp Tax</chrgDesc>
    </chrgCpt>
  </chrgGp></M001><M001><tkn /><m2xmlReleaseNo>020</m2xmlReleaseNo><mvmtHdr mvmtTp="SEL">
    <cmt>Sell 726 ISIN GB0004544929 @ 14.72 GBP</cmt>
  </mvmtHdr><mvmtSrc>
    <ctlr>lghths-sg</ctlr>
    <ctlrMvmtRef>694789559</ctlrMvmtRef>
    <srcRecType>Security Transaction</srcRecType>
    <srcTransType>Sell</srcTransType>
  </mvmtSrc><extSys>
    <extSysID>SAR</extSysID>
    <extSysRef>694789559</extSysRef>
  </extSys><hldCpt1 amtScheme="m2">
    <hldId>
      <ptfl>83663293.6000</ptfl>
      <ctlrOwnr>83663293</ctlrOwnr>
      <ctlrAcct>83663293.6000</ctlrAcct>
      <ownrRefCcy>USD</ownrRefCcy>
      <ccy>GBP</ccy>
      <asst>GB0004544929</asst>
      <asstIDs>
        <asstRef refType="ISIN">GB0004544929</asstRef>
        <asstRef refType="Valor">517719</asstRef>
        <asstRef refType="SARA">000000416171</asstRef>
      </asstIDs>
      <asstDetail>
        <isin>GB0004544929</isin>
        <type>Share</type>
        <cntry>GB/United Kingdom</cntry>
        <desc>Imperial Brands Plc</desc>
        <issueCcy>GBP</issueCcy>
        <latestPrc ccy="GBP">14.98</latestPrc>
        <latestPrcDate>2021-03-23</latestPrcDate>
        <prcFactor>1</prcFactor>
      </asstDetail>
    </hldId>
    <effDt>2021-03-23</effDt>
    <settleDt>2021-03-25</settleDt>
    <qty>-726</qty>
    <prc ccy="GBP">14.72</prc>
    <grTrdAmt ccy="GBP">-10686.72</grTrdAmt>
    <grAmt ccy="GBP">-10686.72</grAmt>
    <netAmt ccy="GBP">-10531.25</netAmt>
  </hldCpt1><hldCpt2 amtScheme="m2">
    <hldId>
      <ptfl>83663293.6000</ptfl>
      <ctlrOwnr>83663293</ctlrOwnr>
      <ctlrAcct>83663293.4001/GBP/KK</ctlrAcct>
      <ccy>GBP</ccy>
      <asst>GBP</asst>
      <asstIDs>
        <asstRef refType="CURRENCY">GBP</asstRef>
      </asstIDs>
    </hldId>
    <effDt>2021-03-23</effDt>
    <grAmt ccy="GBP">10531.25</grAmt>
    <netAmt ccy="GBP">10531.25</netAmt>
  </hldCpt2><chrgGp amtScheme="m2">
    <chrgCpt>
      <ctgy>OTF</ctgy>
      <ctgyAmt ccy="GBP">-1</ctgyAmt>
      <chrgDesc>Levy (UK)</chrgDesc>
    </chrgCpt>
    <chrgCpt>
      <ctgy>EXE</ctgy>
      <ctgyAmt ccy="GBP">-144.36</ctgyAmt>
      <chrgDesc>Stex Commissions</chrgDesc>
    </chrgCpt>
    <chrgCpt>
      <ctgy>VAT</ctgy>
      <ctgyAmt ccy="GBP">-10.11</ctgyAmt>
      <chrgDesc>VAT</chrgDesc>
    </chrgCpt>
  </chrgGp></M001><M001><tkn /><m2xmlReleaseNo>020</m2xmlReleaseNo><mvmtHdr mvmtTp="AOU">
    <cmt>Option Expiry 31,944 Valor 110542306</cmt>
  </mvmtHdr><mvmtSrc>
    <ctlr>lghths-sg</ctlr>
    <ctlrMvmtRef>694713617</ctlrMvmtRef>
    <srcRecType>Security Transaction</srcRecType>
    <srcTransType>Option Expiry</srcTransType>
  </mvmtSrc><extSys>
    <extSysID>SAR</extSysID>
    <extSysRef>694713617</extSysRef>
  </extSys><hldCpt1 amtScheme="m2">
    <hldId>
      <ptfl>83663293.6000</ptfl>
      <ctlrOwnr>83663293</ctlrOwnr>
      <ctlrAcct>83663293.6000</ctlrAcct>
      <ownrRefCcy>USD</ownrRefCcy>
      <ccy>GBP</ccy>
      <asst>110542306</asst>
      <asstIDs>
        <asstRef refType="Valor">110542306</asstRef>
        <asstRef refType="SARA">000142812001</asstRef>
      </asstIDs>
      <asstDetail>
        <type>Hybrid</type>
        <desc>Stock Forward Accumulator  2x Leveraged on Imperial Brands Plc (IMB LN) Period: 04.MAR.21 - 03.MAR.22  252 Days Strike: GBP 11.9331  Knock-Out: GBP 14.6809</desc>
        <issueCcy>GBP</issueCcy>
        <latestPrc ccy="GBP">0.0214</latestPrc>
        <latestPrcDate>2021-03-19</latestPrcDate>
        <prcFactor>1</prcFactor>
      </asstDetail>
    </hldId>
    <effDt>2021-03-22</effDt>
    <settleDt>2021-03-24</settleDt>
    <qty>-31944</qty>
    <prc ccy="GBP">0</prc>
    <grTrdAmt ccy="GBP">0</grTrdAmt>
    <grAmt ccy="GBP">0</grAmt>
    <netAmt ccy="GBP">0</netAmt>
  </hldCpt1></M001><M001><tkn /><m2xmlReleaseNo>020</m2xmlReleaseNo><mvmtHdr mvmtTp="SEL">
    <cmt>Opening Sell 52 SARA 000142975690 @ 0.16 HKD</cmt>
  </mvmtHdr><mvmtSrc>
    <ctlr>lghths-sg</ctlr>
    <ctlrMvmtRef>694624302</ctlrMvmtRef>
    <srcRecType>Security Transaction</srcRecType>
    <srcTransType>Opening Sell</srcTransType>
  </mvmtSrc><extSys>
    <extSysID>SAR</extSysID>
    <extSysRef>694624302</extSysRef>
  </extSys><hldCpt1 amtScheme="m2">
    <hldId>
      <ptfl>83663293.6000</ptfl>
      <ctlrOwnr>83663293</ctlrOwnr>
      <ctlrAcct>83663293.6000</ctlrAcct>
      <ownrRefCcy>USD</ownrRefCcy>
      <ccy>HKD</ccy>
      <asst>000142975690</asst>
      <asstIDs>
        <asstRef refType="SARA">000142975690</asstRef>
      </asstIDs>
      <asstDetail>
        <type>Option</type>
        <cntry>HK/Hong Kong</cntry>
        <desc>WH Group Ltd Call 29.06.2021 8.25 (288 HK) XHKF</desc>
        <issueCcy>HKD</issueCcy>
        <latestPrc ccy="HKD">0.12</latestPrc>
        <latestPrcDate>2021-03-22</latestPrcDate>
        <prcFactor>2500</prcFactor>
        <asstDerivDetails>
          <contractSize>2500</contractSize>
          <strike>8.25</strike>
          <expDate>2021-06-29</expDate>
          <putCallInd>C</putCallInd>
          <underlyingAsstIDs>
            <asstRef refType="ISIN">KYG960071028</asstRef>
          </underlyingAsstIDs>
          <underlyingAsstDesc>WH Group Ltd -Unitary 144A / Reg-S-</underlyingAsstDesc>
          <underlyingAsstType>Share</underlyingAsstType>
          <longShortInd>S</longShortInd>
        </asstDerivDetails>
      </asstDetail>
    </hldId>
    <effDt>2021-03-22</effDt>
    <settleDt>2021-03-23</settleDt>
    <qty>-52</qty>
    <prc ccy="HKD">0.16</prc>
    <grTrdAmt ccy="HKD">-20800</grTrdAmt>
    <grAmt ccy="HKD">-20800</grAmt>
    <netAmt ccy="HKD">-19138.03</netAmt>
  </hldCpt1><hldCpt2 amtScheme="m2">
    <hldId>
      <ptfl>83663293.6000</ptfl>
      <ctlrOwnr>83663293</ctlrOwnr>
      <ctlrAcct>83663293.4005/HKD/KK</ctlrAcct>
      <ccy>HKD</ccy>
      <asst>HKD</asst>
      <asstIDs>
        <asstRef refType="CURRENCY">HKD</asstRef>
      </asstIDs>
    </hldId>
    <effDt>2021-03-22</effDt>
    <grAmt ccy="HKD">19138.03</grAmt>
    <netAmt ccy="HKD">19138.03</netAmt>
  </hldCpt2><chrgGp amtScheme="m2">
    <chrgCpt>
      <ctgy>EXE</ctgy>
      <ctgyAmt ccy="HKD">-1553.24</ctgyAmt>
      <chrgDesc>Stex Commissions</chrgDesc>
    </chrgCpt>
    <chrgCpt>
      <ctgy>VAT</ctgy>
      <ctgyAmt ccy="HKD">-108.73</ctgyAmt>
      <chrgDesc>VAT</chrgDesc>
    </chrgCpt>
  </chrgGp></M001><M001><tkn /><m2xmlReleaseNo>020</m2xmlReleaseNo><mvmtHdr mvmtTp="PMS">
    <cmt>Payment</cmt>
  </mvmtHdr><mvmtSrc>
    <ctlr>lghths-sg</ctlr>
    <ctlrMvmtRef>694704588</ctlrMvmtRef>
    <srcRecType>Cash Transaction</srcRecType>
    <srcTransType>Payment</srcTransType>
  </mvmtSrc><extSys>
    <extSysID>SAR</extSysID>
    <extSysRef>694704588</extSysRef>
  </extSys><hldCpt1 amtScheme="m2">
    <hldId>
      <ptfl>83663279.6000</ptfl>
      <ctlrOwnr>83663279</ctlrOwnr>
      <ctlrAcct>83663279.4000/USD/KK</ctlrAcct>
      <ownrRefCcy>USD</ownrRefCcy>
      <ccy>USD</ccy>
      <asst>USD</asst>
      <asstIDs>
        <asstRef refType="CURRENCY">USD</asstRef>
      </asstIDs>
    </hldId>
    <effDt>2021-03-23</effDt>
    <settleDt>2021-03-23</settleDt>
    <grAmt ccy="USD">-50000</grAmt>
    <netAmt ccy="USD">-50000</netAmt>
  </hldCpt1></M001><M001><tkn /><m2xmlReleaseNo>020</m2xmlReleaseNo><mvmtHdr mvmtTp="PMS">
    <cmt>Payment</cmt>
  </mvmtHdr><mvmtSrc>
    <ctlr>lghths-sg</ctlr>
    <ctlrMvmtRef>694705563</ctlrMvmtRef>
    <srcRecType>Cash Transaction</srcRecType>
    <srcTransType>Payment</srcTransType>
  </mvmtSrc><extSys>
    <extSysID>SAR</extSysID>
    <extSysRef>694705563</extSysRef>
  </extSys><hldCpt1 amtScheme="m2">
    <hldId>
      <ptfl>83663293.6000</ptfl>
      <ctlrOwnr>83663293</ctlrOwnr>
      <ctlrAcct>83663293.4000/USD/KK</ctlrAcct>
      <ownrRefCcy>USD</ownrRefCcy>
      <ccy>USD</ccy>
      <asst>USD</asst>
      <asstIDs>
        <asstRef refType="CURRENCY">USD</asstRef>
      </asstIDs>
    </hldId>
    <effDt>2021-03-23</effDt>
    <settleDt>2021-03-23</settleDt>
    <grAmt ccy="USD">-50000</grAmt>
    <netAmt ccy="USD">-50000</netAmt>
  </hldCpt1></M001></m2:M006>
