<?xml version="1.0" encoding="UTF-8"?>
<m2:M006 xmlns:m2="http://www.mym2.com" xmlns:xsi="http://www.w3.org/2001/XMLSchema-instance" xsi:schemaLocation="http://www.mym2.com http://www.mym2.com/schemas/M2RequestSchema.xsd"><M001><tkn /><m2xmlReleaseNo>020</m2xmlReleaseNo><mvmtHdr mvmtTp="BUY">
    <cmt>Bought 4,000 ISIN US1104481072 @ 37.27 USD</cmt>
  </mvmtHdr><mvmtSrc>
    <ctlr>lghths-sg</ctlr>
    <ctlrMvmtRef>685378628</ctlrMvmtRef>
    <srcRecType>Security Transaction</srcRecType>
    <srcTransType>Buy</srcTransType>
  </mvmtSrc><extSys>
    <extSysID>SAR</extSysID>
    <extSysRef>685378628</extSysRef>
  </extSys><hldCpt1 amtScheme="m2">
    <hldId>
      <ptfl>83663279.6000</ptfl>
      <ctlrOwnr>83663279</ctlrOwnr>
      <ctlrAcct>83663279.6000</ctlrAcct>
      <ownrRefCcy>USD</ownrRefCcy>
      <ccy>USD</ccy>
      <asst>US1104481072</asst>
      <asstIDs>
        <asstRef refType="ISIN">US1104481072</asstRef>
        <asstRef refType="Valor">949872</asstRef>
        <asstRef refType="SARA">000026925972</asstRef>
      </asstIDs>
      <asstDetail>
        <isin>US1104481072</isin>
        <type>Share</type>
        <cntry>GB/United Kingdom</cntry>
        <desc>British American Tobacco Plc -ADR-</desc>
        <issueCcy>USD</issueCcy>
        <latestPrc ccy="USD">37.09</latestPrc>
        <latestPrcDate>2021-02-03</latestPrcDate>
        <prcFactor>1</prcFactor>
      </asstDetail>
    </hldId>
    <effDt>2021-02-03</effDt>
    <settleDt>2021-02-05</settleDt>
    <qty>4000</qty>
    <prc ccy="USD">37.27</prc>
    <grTrdAmt ccy="USD">149080</grTrdAmt>
    <grAmt ccy="USD">149080</grAmt>
    <netAmt ccy="USD">149478.79</netAmt>
  </hldCpt1><hldCpt2 amtScheme="m2">
    <hldId>
      <ptfl>83663279.6000</ptfl>
      <ctlrOwnr>83663279</ctlrOwnr>
      <ctlrAcct>83663279.4000/USD/KK</ctlrAcct>
      <ccy>USD</ccy>
      <asst>USD</asst>
      <asstIDs>
        <asstRef refType="CURRENCY">USD</asstRef>
      </asstIDs>
    </hldId>
    <effDt>2021-02-03</effDt>
    <grAmt ccy="USD">-149478.79</grAmt>
    <netAmt ccy="USD">-149478.79</netAmt>
  </hldCpt2><chrgGp amtScheme="m2">
    <chrgCpt>
      <ctgy>EXE</ctgy>
      <ctgyAmt ccy="USD">-372.7</ctgyAmt>
      <chrgDesc>Stex Commissions</chrgDesc>
    </chrgCpt>
    <chrgCpt>
      <ctgy>VAT</ctgy>
      <ctgyAmt ccy="USD">-26.09</ctgyAmt>
      <chrgDesc>VAT</chrgDesc>
    </chrgCpt>
  </chrgGp></M001><M001><tkn /><m2xmlReleaseNo>020</m2xmlReleaseNo><mvmtHdr mvmtTp="DIV">
    <cmt>Dividend Cash</cmt>
  </mvmtHdr><mvmtSrc>
    <ctlr>lghths-sg</ctlr>
    <ctlrMvmtRef>685552152</ctlrMvmtRef>
    <srcRecType>Cash Transaction</srcRecType>
    <srcTransType>Dividend Cash</srcTransType>
  </mvmtSrc><extSys>
    <extSysID>SAR</extSysID>
    <extSysRef>685552152</extSysRef>
  </extSys><hldCpt1 amtScheme="m2">
    <hldId>
      <ptfl>83677193.6000</ptfl>
      <ctlrOwnr>83677193</ctlrOwnr>
      <ctlrAcct>83677193.6000</ctlrAcct>
      <ownrRefCcy>USD</ownrRefCcy>
      <ccy>USD</ccy>
      <asst>US57636Q1040</asst>
      <asstIDs>
        <asstRef refType="ISIN">US57636Q1040</asstRef>
        <asstRef refType="Valor">2282206</asstRef>
        <asstRef refType="Bloomberg">MA UN</asstRef>
        <asstRef refType="SARA">000005979694</asstRef>
      </asstIDs>
      <asstDetail>
        <isin>US57636Q1040</isin>
        <type>Share</type>
        <cntry>US/United States of America</cntry>
        <desc>Mastercard Inc -A-</desc>
        <issueCcy>USD</issueCcy>
        <latestPrc ccy="USD">332.82</latestPrc>
        <latestPrcDate>2021-02-03</latestPrcDate>
        <prcFactor>1</prcFactor>
      </asstDetail>
    </hldId>
    <effDt>2021-02-04</effDt>
    <settleDt>2021-02-09</settleDt>
    <qty>1600</qty>
    <grDivPerShare ccy="USD">0.44</grDivPerShare>
    <netDivPerShare ccy="USD">0.308</netDivPerShare>
    <grAmt ccy="USD">704</grAmt>
    <netAmt ccy="USD">492.8</netAmt>
  </hldCpt1><hldCpt2 amtScheme="m2">
    <hldId>
      <ptfl>83677193.6000</ptfl>
      <ctlrOwnr>83677193</ctlrOwnr>
      <ctlrAcct>83677193.4000/USD/KK</ctlrAcct>
      <ccy>USD</ccy>
      <asst>USD</asst>
      <asstIDs>
        <asstRef refType="CURRENCY">USD</asstRef>
      </asstIDs>
    </hldId>
    <effDt>2021-02-04</effDt>
    <grAmt ccy="USD">492.8</grAmt>
    <netAmt ccy="USD">492.8</netAmt>
  </hldCpt2><chrgGp amtScheme="m2">
    <chrgCpt>
      <ctgy>WTH</ctgy>
      <ctgyAmt ccy="USD">-211.2</ctgyAmt>
      <chrgDesc>Withholding Tax</chrgDesc>
    </chrgCpt>
  </chrgGp></M001><M001><tkn /><m2xmlReleaseNo>020</m2xmlReleaseNo><mvmtHdr mvmtTp="DEP">
    <cmt>Incoming Payment</cmt>
  </mvmtHdr><mvmtSrc>
    <ctlr>lghths-sg</ctlr>
    <ctlrMvmtRef>685389899</ctlrMvmtRef>
    <srcRecType>Cash Transaction</srcRecType>
    <srcTransType>InPayment</srcTransType>
  </mvmtSrc><extSys>
    <extSysID>SAR</extSysID>
    <extSysRef>685389899</extSysRef>
  </extSys><hldCpt1 amtScheme="m2">
    <hldId>
      <ptfl>83663279.6000</ptfl>
      <ctlrOwnr>83663279</ctlrOwnr>
      <ctlrAcct>83663279.4000/USD/KK</ctlrAcct>
      <ownrRefCcy>USD</ownrRefCcy>
      <ccy>USD</ccy>
      <asst>USD</asst>
      <asstIDs>
        <asstRef refType="CURRENCY">USD</asstRef>
      </asstIDs>
    </hldId>
    <effDt>2021-02-04</effDt>
    <settleDt>2021-02-04</settleDt>
    <grAmt ccy="USD">100000</grAmt>
    <netAmt ccy="USD">100000</netAmt>
  </hldCpt1></M001><M001><tkn /><m2xmlReleaseNo>020</m2xmlReleaseNo><mvmtHdr mvmtTp="SEL">
    <cmt>Opening Sell 8 SARA 000142067525 @ 3 USD</cmt>
  </mvmtHdr><mvmtSrc>
    <ctlr>lghths-sg</ctlr>
    <ctlrMvmtRef>685385694</ctlrMvmtRef>
    <srcRecType>Security Transaction</srcRecType>
    <srcTransType>Opening Sell</srcTransType>
  </mvmtSrc><extSys>
    <extSysID>SAR</extSysID>
    <extSysRef>685385694</extSysRef>
  </extSys><hldCpt1 amtScheme="m2">
    <hldId>
      <ptfl>83663279.6000</ptfl>
      <ctlrOwnr>83663279</ctlrOwnr>
      <ctlrAcct>83663279.6000</ctlrAcct>
      <ownrRefCcy>USD</ownrRefCcy>
      <ccy>USD</ccy>
      <asst>000142067525</asst>
      <asstIDs>
        <asstRef refType="SARA">000142067525</asstRef>
      </asstIDs>
      <asstDetail>
        <type>Option</type>
        <cntry>US/United States of America</cntry>
        <desc>Lockheed Martin Corp Put 19.03.2021 300 (LMT US)</desc>
        <issueCcy>USD</issueCcy>
        <latestPrc ccy="USD">2.9</latestPrc>
        <latestPrcDate>2021-02-03</latestPrcDate>
        <prcFactor>100</prcFactor>
        <asstDerivDetails>
          <contractSize>100</contractSize>
          <strike>300</strike>
          <expDate>2021-03-19</expDate>
          <putCallInd>P</putCallInd>
          <underlyingAsstIDs>
            <asstRef refType="ISIN">US5398301094</asstRef>
          </underlyingAsstIDs>
          <underlyingAsstDesc>Lockheed Martin Corp</underlyingAsstDesc>
          <underlyingAsstType>Share</underlyingAsstType>
          <longShortInd>S</longShortInd>
        </asstDerivDetails>
      </asstDetail>
    </hldId>
    <effDt>2021-02-03</effDt>
    <settleDt>2021-02-04</settleDt>
    <qty>-8</qty>
    <prc ccy="USD">3</prc>
    <grTrdAmt ccy="USD">-2400</grTrdAmt>
    <grAmt ccy="USD">-2400</grAmt>
    <netAmt ccy="USD">-2186</netAmt>
  </hldCpt1><hldCpt2 amtScheme="m2">
    <hldId>
      <ptfl>83663279.6000</ptfl>
      <ctlrOwnr>83663279</ctlrOwnr>
      <ctlrAcct>83663279.4000/USD/KK</ctlrAcct>
      <ccy>USD</ccy>
      <asst>USD</asst>
      <asstIDs>
        <asstRef refType="CURRENCY">USD</asstRef>
      </asstIDs>
    </hldId>
    <effDt>2021-02-03</effDt>
    <grAmt ccy="USD">2186</grAmt>
    <netAmt ccy="USD">2186</netAmt>
  </hldCpt2><chrgGp amtScheme="m2">
    <chrgCpt>
      <ctgy>EXE</ctgy>
      <ctgyAmt ccy="USD">-200</ctgyAmt>
      <chrgDesc>Stex Commissions</chrgDesc>
    </chrgCpt>
    <chrgCpt>
      <ctgy>VAT</ctgy>
      <ctgyAmt ccy="USD">-14</ctgyAmt>
      <chrgDesc>VAT</chrgDesc>
    </chrgCpt>
  </chrgGp></M001></m2:M006>
