<?xml version="1.0" encoding="UTF-8"?>
<m2:M006 xmlns:m2="http://www.mym2.com" xmlns:xsi="http://www.w3.org/2001/XMLSchema-instance" xsi:schemaLocation="http://www.mym2.com http://www.mym2.com/schemas/M2RequestSchema.xsd"><M001><tkn /><m2xmlReleaseNo>020</m2xmlReleaseNo><mvmtHdr mvmtTp="COU">
    <cmt>Interest 200,000 ISIN XS1981202861</cmt>
  </mvmtHdr><mvmtSrc>
    <ctlr>lghths-sg</ctlr>
    <ctlrMvmtRef>700915459</ctlrMvmtRef>
    <srcRecType>Cash Transaction</srcRecType>
    <srcTransType>Interest</srcTransType>
  </mvmtSrc><extSys>
    <extSysID>SAR</extSysID>
    <extSysRef>700915459</extSysRef>
  </extSys><hldCpt1 amtScheme="m2">
    <hldId>
      <ptfl>83663279.6000</ptfl>
      <ctlrOwnr>83663279</ctlrOwnr>
      <ctlrAcct>83663279.6000</ctlrAcct>
      <ownrRefCcy>USD</ownrRefCcy>
      <ccy>USD</ccy>
      <asst>XS1981202861</asst>
      <asstIDs>
        <asstRef refType="ISIN">XS1981202861</asstRef>
        <asstRef refType="Valor">47429326</asstRef>
        <asstRef refType="SARA">000137302060</asstRef>
      </asstIDs>
      <asstDetail>
        <isin>XS1981202861</isin>
        <type>Bond</type>
        <cntry>IN/India</cntry>
        <desc>5.95% JSW Steel Ltd Bonds 2019-2024 RegS</desc>
        <issueCcy>USD</issueCcy>
        <issueDate>2019-04-18</issueDate>
        <latestPrc ccy="USD">106.67</latestPrc>
        <latestPrcDate>2021-04-16</latestPrcDate>
        <prcFactor>.01</prcFactor>
        <asstBondDetails>
          <matDate>2024-04-18</matDate>
          <intRate>5.95</intRate>
          <calcBasis>30/360</calcBasis>
          <intFreq>2</intFreq>
          <intDate>2019-10-18</intDate>
          <intCcy>USD</intCcy>
          <rating>BB</rating>
        </asstBondDetails>
      </asstDetail>
    </hldId>
    <effDt>2021-04-19</effDt>
    <settleDt>2021-04-19</settleDt>
    <qty>200000</qty>
    <grAmt ccy="USD">5950</grAmt>
    <netAmt ccy="USD">5950</netAmt>
  </hldCpt1><hldCpt2 amtScheme="m2">
    <hldId>
      <ptfl>83663279.6000</ptfl>
      <ctlrOwnr>83663279</ctlrOwnr>
      <ctlrAcct>83663279.4000/USD/KK</ctlrAcct>
      <ccy>USD</ccy>
      <asst>USD</asst>
      <asstIDs>
        <asstRef refType="CURRENCY">USD</asstRef>
      </asstIDs>
    </hldId>
    <effDt>2021-04-19</effDt>
    <grAmt ccy="USD">5950</grAmt>
    <netAmt ccy="USD">5950</netAmt>
  </hldCpt2></M001><M001><tkn /><m2xmlReleaseNo>020</m2xmlReleaseNo><mvmtHdr mvmtTp="AIN">
    <cmt>Assignment 8 SARA 000142501731</cmt>
  </mvmtHdr><mvmtSrc>
    <ctlr>lghths-sg</ctlr>
    <ctlrMvmtRef>700921240</ctlrMvmtRef>
    <srcRecType>Security Transaction</srcRecType>
    <srcTransType>Assignment</srcTransType>
  </mvmtSrc><extSys>
    <extSysID>SAR</extSysID>
    <extSysRef>700921240</extSysRef>
  </extSys><hldCpt1 amtScheme="m2">
    <hldId>
      <ptfl>83663293.6000</ptfl>
      <ctlrOwnr>83663293</ctlrOwnr>
      <ctlrAcct>83663293.6000</ctlrAcct>
      <ownrRefCcy>USD</ownrRefCcy>
      <ccy>USD</ccy>
      <asst>000142501731</asst>
      <asstIDs>
        <asstRef refType="SARA">000142501731</asstRef>
      </asstIDs>
      <asstDetail>
        <type>Option</type>
        <cntry>US/United States of America</cntry>
        <desc>Facebook Inc Call 16.04.2021 300 (FB US)</desc>
        <issueCcy>USD</issueCcy>
        <latestPrc ccy="USD">6.25</latestPrc>
        <latestPrcDate>2021-04-16</latestPrcDate>
        <prcFactor>100</prcFactor>
        <asstDerivDetails>
          <contractSize>100</contractSize>
          <strike>300</strike>
          <expDate>2021-04-16</expDate>
          <putCallInd>C</putCallInd>
          <underlyingAsstIDs>
            <asstRef refType="ISIN">US30303M1027</asstRef>
          </underlyingAsstIDs>
          <underlyingAsstDesc>Facebook Inc -A-</underlyingAsstDesc>
          <underlyingAsstType>Share</underlyingAsstType>
          <longShortInd>S</longShortInd>
        </asstDerivDetails>
      </asstDetail>
    </hldId>
    <effDt>2021-04-16</effDt>
    <settleDt>2021-04-20</settleDt>
    <qty>8</qty>
    <prc ccy="USD">0</prc>
    <grTrdAmt ccy="USD">0</grTrdAmt>
    <grAmt ccy="USD">0</grAmt>
    <netAmt ccy="USD">0</netAmt>
  </hldCpt1></M001><M001><tkn /><m2xmlReleaseNo>020</m2xmlReleaseNo><mvmtHdr mvmtTp="AIN">
    <cmt>Option Expiry 10 SARA 000142240743</cmt>
  </mvmtHdr><mvmtSrc>
    <ctlr>lghths-sg</ctlr>
    <ctlrMvmtRef>700935485</ctlrMvmtRef>
    <srcRecType>Security Transaction</srcRecType>
    <srcTransType>Option Expiry</srcTransType>
  </mvmtSrc><extSys>
    <extSysID>SAR</extSysID>
    <extSysRef>700935485</extSysRef>
  </extSys><hldCpt1 amtScheme="m2">
    <hldId>
      <ptfl>83663293.6000</ptfl>
      <ctlrOwnr>83663293</ctlrOwnr>
      <ctlrAcct>83663293.6000</ctlrAcct>
      <ownrRefCcy>USD</ownrRefCcy>
      <ccy>USD</ccy>
      <asst>000142240743</asst>
      <asstIDs>
        <asstRef refType="SARA">000142240743</asstRef>
      </asstIDs>
      <asstDetail>
        <type>Option</type>
        <cntry>US/United States of America</cntry>
        <desc>Microsoft Corp Put 16.04.2021 195 (MSFT US)</desc>
        <issueCcy>USD</issueCcy>
        <latestPrc ccy="USD">0.01</latestPrc>
        <latestPrcDate>2021-04-15</latestPrcDate>
        <prcFactor>100</prcFactor>
        <asstDerivDetails>
          <contractSize>100</contractSize>
          <strike>195</strike>
          <expDate>2021-04-16</expDate>
          <putCallInd>P</putCallInd>
          <underlyingAsstIDs>
            <asstRef refType="ISIN">US5949181045</asstRef>
          </underlyingAsstIDs>
          <underlyingAsstDesc>Microsoft Corp</underlyingAsstDesc>
          <underlyingAsstType>Share</underlyingAsstType>
          <longShortInd>S</longShortInd>
        </asstDerivDetails>
      </asstDetail>
    </hldId>
    <effDt>2021-04-19</effDt>
    <settleDt>2021-04-16</settleDt>
    <qty>10</qty>
    <prc ccy="USD">0</prc>
    <grTrdAmt ccy="USD">0</grTrdAmt>
    <grAmt ccy="USD">0</grAmt>
    <netAmt ccy="USD">0</netAmt>
  </hldCpt1></M001><M001><tkn /><m2xmlReleaseNo>020</m2xmlReleaseNo><mvmtHdr mvmtTp="SEL">
    <cmt>Assignment 800 ISIN US30303M1027</cmt>
  </mvmtHdr><mvmtSrc>
    <ctlr>lghths-sg</ctlr>
    <ctlrMvmtRef>700921240</ctlrMvmtRef>
    <srcRecType>Security Transaction</srcRecType>
    <srcTransType>Assignment</srcTransType>
  </mvmtSrc><extSys>
    <extSysID>SAR</extSysID>
    <extSysRef>700921240</extSysRef>
  </extSys><hldCpt1 amtScheme="m2">
    <hldId>
      <ptfl>83663293.6000</ptfl>
      <ctlrOwnr>83663293</ctlrOwnr>
      <ctlrAcct>83663293.6000</ctlrAcct>
      <ownrRefCcy>USD</ownrRefCcy>
      <ccy>USD</ccy>
      <asst>US30303M1027</asst>
      <asstIDs>
        <asstRef refType="ISIN">US30303M1027</asstRef>
        <asstRef refType="Valor">14917609</asstRef>
        <asstRef refType="Bloomberg">FB US</asstRef>
        <asstRef refType="SARA">000031299007</asstRef>
      </asstIDs>
      <asstDetail>
        <isin>US30303M1027</isin>
        <type>Share</type>
        <cntry>US/United States of America</cntry>
        <desc>Facebook Inc -A-</desc>
        <issueCcy>USD</issueCcy>
        <latestPrc ccy="USD">306.18</latestPrc>
        <latestPrcDate>2021-04-16</latestPrcDate>
        <prcFactor>1</prcFactor>
      </asstDetail>
    </hldId>
    <effDt>2021-04-16</effDt>
    <settleDt>2021-04-20</settleDt>
    <qty>-800</qty>
    <prc ccy="USD">300</prc>
    <grTrdAmt ccy="USD">-240000</grTrdAmt>
    <grAmt ccy="USD">-240000</grAmt>
    <netAmt ccy="USD">-239973.77</netAmt>
  </hldCpt1><hldCpt2 amtScheme="m2">
    <hldId>
      <ptfl>83663293.6000</ptfl>
      <ctlrOwnr>83663293</ctlrOwnr>
      <ctlrAcct>83663293.4000/USD/KK</ctlrAcct>
      <ccy>USD</ccy>
      <asst>USD</asst>
      <asstIDs>
        <asstRef refType="CURRENCY">USD</asstRef>
      </asstIDs>
    </hldId>
    <effDt>2021-04-16</effDt>
    <grAmt ccy="USD">239973.77</grAmt>
    <netAmt ccy="USD">239973.77</netAmt>
  </hldCpt2><chrgGp amtScheme="m2">
    <chrgCpt>
      <ctgy>FOR</ctgy>
      <ctgyAmt ccy="USD">-26.23</ctgyAmt>
      <chrgDesc>Foreign Charges</chrgDesc>
    </chrgCpt>
  </chrgGp></M001><M001><tkn /><m2xmlReleaseNo>020</m2xmlReleaseNo><mvmtHdr mvmtTp="OPN">
    <cmt>Raise loan</cmt>
  </mvmtHdr><mvmtSrc>
    <ctlr>lghths-sg</ctlr>
    <ctlrMvmtRef>700417281</ctlrMvmtRef>
    <srcRecType>Deposits &amp; Loans Transaction</srcRecType>
    <srcTransType>Raise Loan</srcTransType>
  </mvmtSrc><extSys>
    <extSysID>SAR</extSysID>
    <extSysRef>700921240</extSysRef>
  </extSys><hldCpt1 amtScheme="m2">
    <hldId>
      <ptfl>83667931.6000</ptfl>
      <ctlrOwnr>83667931</ctlrOwnr>
      <ctlrAcct>83667931</ctlrAcct>
      <ownrRefCcy>USD</ownrRefCcy>
      <ccy>USD</ccy>
      <asst>USD</asst>
      <asstIDs>
        <asstRef refType="CURRENCY">USD</asstRef>
      </asstIDs>
      <asstDetail>
        <type>MoneyMarket</type>
        <desc>USD Fixed Loan</desc>
        <asstMnyMktDetails>
          <mnyMktType>Loan</mnyMktType>
          <mnyMktTerm termType="Fixed">2021-04-27</mnyMktTerm>
          <mnyMktAmt ccy="USD">-333750.91</mnyMktAmt>
          <intRate>1.18788</intRate>
          <mnyMktRef>143198524</mnyMktRef>
          <mnyMktName>s/t Fixed Advance Fix USD 1.18788% 20.04.2021-27</mnyMktName>
          <matDate>2021-04-27</matDate>
          <startDate>2021-04-20</startDate>
        </asstMnyMktDetails>
      </asstDetail>
    </hldId>
    <effDt>2021-04-19</effDt>
    <settleDt>2021-04-20</settleDt>
    <grAmt ccy="USD">-333750.91</grAmt>
    <netAmt ccy="USD">-333750.91</netAmt>
  </hldCpt1><hldCpt2 amtScheme="m2">
    <hldId>
      <ptfl>83667931.6000</ptfl>
      <ctlrOwnr>83667931</ctlrOwnr>
      <ctlrAcct>83667931.4000/USD/KK</ctlrAcct>
      <ccy>USD</ccy>
      <asst>USD</asst>
      <asstIDs>
        <asstRef refType="CURRENCY">USD</asstRef>
      </asstIDs>
    </hldId>
    <effDt>2021-04-19</effDt>
    <grAmt ccy="USD">333750.91</grAmt>
    <netAmt ccy="USD">333750.91</netAmt>
  </hldCpt2></M001><M001><tkn /><m2xmlReleaseNo>020</m2xmlReleaseNo><mvmtHdr mvmtTp="OPN">
    <cmt>Raise loan</cmt>
  </mvmtHdr><mvmtSrc>
    <ctlr>lghths-sg</ctlr>
    <ctlrMvmtRef>700417227</ctlrMvmtRef>
    <srcRecType>Deposits &amp; Loans Transaction</srcRecType>
    <srcTransType>Raise Loan</srcTransType>
  </mvmtSrc><extSys>
    <extSysID>SAR</extSysID>
    <extSysRef>700921240</extSysRef>
  </extSys><hldCpt1 amtScheme="m2">
    <hldId>
      <ptfl>83676187.6000</ptfl>
      <ctlrOwnr>83676187</ctlrOwnr>
      <ctlrAcct>83676187</ctlrAcct>
      <ownrRefCcy>USD</ownrRefCcy>
      <ccy>USD</ccy>
      <asst>USD</asst>
      <asstIDs>
        <asstRef refType="CURRENCY">USD</asstRef>
      </asstIDs>
      <asstDetail>
        <type>MoneyMarket</type>
        <desc>USD Fixed Loan</desc>
        <asstMnyMktDetails>
          <mnyMktType>Loan</mnyMktType>
          <mnyMktTerm termType="Fixed">2021-04-27</mnyMktTerm>
          <mnyMktAmt ccy="USD">-262554.29</mnyMktAmt>
          <intRate>1.03788</intRate>
          <mnyMktRef>143196520</mnyMktRef>
          <mnyMktName>s/t Fixed Advance Fix USD 1.03788% 20.04.2021-27</mnyMktName>
          <matDate>2021-04-27</matDate>
          <startDate>2021-04-20</startDate>
        </asstMnyMktDetails>
      </asstDetail>
    </hldId>
    <effDt>2021-04-19</effDt>
    <settleDt>2021-04-20</settleDt>
    <grAmt ccy="USD">-262554.29</grAmt>
    <netAmt ccy="USD">-262554.29</netAmt>
  </hldCpt1><hldCpt2 amtScheme="m2">
    <hldId>
      <ptfl>83676187.6000</ptfl>
      <ctlrOwnr>83676187</ctlrOwnr>
      <ctlrAcct>83676187.4000/USD/KK</ctlrAcct>
      <ccy>USD</ccy>
      <asst>USD</asst>
      <asstIDs>
        <asstRef refType="CURRENCY">USD</asstRef>
      </asstIDs>
    </hldId>
    <effDt>2021-04-19</effDt>
    <grAmt ccy="USD">262554.29</grAmt>
    <netAmt ccy="USD">262554.29</netAmt>
  </hldCpt2></M001><M001><tkn /><m2xmlReleaseNo>020</m2xmlReleaseNo><mvmtHdr mvmtTp="CLS">
    <cmt>Close Loan</cmt>
  </mvmtHdr><mvmtSrc>
    <ctlr>lghths-sg</ctlr>
    <ctlrMvmtRef>700942280</ctlrMvmtRef>
    <srcRecType>Deposits &amp; Loans Transaction</srcRecType>
    <srcTransType>Close Loan</srcTransType>
  </mvmtSrc><extSys>
    <extSysID>SAR</extSysID>
    <extSysRef>700921240</extSysRef>
  </extSys><hldCpt1 amtScheme="m2">
    <hldId>
      <ptfl>83663293.6000</ptfl>
      <ctlrOwnr>83663293</ctlrOwnr>
      <ctlrAcct>83663293</ctlrAcct>
      <ownrRefCcy>USD</ownrRefCcy>
      <ccy>USD</ccy>
      <asst>USD</asst>
      <asstIDs>
        <asstRef refType="CURRENCY">USD</asstRef>
      </asstIDs>
      <asstDetail>
        <type>MoneyMarket</type>
        <desc>USD Fixed Loan</desc>
        <asstMnyMktDetails>
          <mnyMktType>Loan</mnyMktType>
          <mnyMktTerm termType="Fixed">2021-04-21</mnyMktTerm>
          <mnyMktAmt ccy="USD">-654391.61</mnyMktAmt>
          <intRate>0.93225</intRate>
          <mnyMktRef>143157516</mnyMktRef>
          <mnyMktName>s/t Fixed Advance Fix USD 0.93225% 14.04.2021-21</mnyMktName>
          <matDate>2021-04-21</matDate>
          <startDate>2021-04-14</startDate>
        </asstMnyMktDetails>
      </asstDetail>
    </hldId>
    <effDt>2021-04-19</effDt>
    <settleDt>2021-04-21</settleDt>
    <grAmt ccy="USD">654391.61</grAmt>
    <netAmt ccy="USD">654391.61</netAmt>
  </hldCpt1><hldCpt2 amtScheme="m2">
    <hldId>
      <ptfl>83663293.6000</ptfl>
      <ctlrOwnr>83663293</ctlrOwnr>
      <ctlrAcct>83663293.4000/USD/KK</ctlrAcct>
      <ccy>USD</ccy>
      <asst>USD</asst>
      <asstIDs>
        <asstRef refType="CURRENCY">USD</asstRef>
      </asstIDs>
    </hldId>
    <effDt>2021-04-19</effDt>
    <grAmt ccy="USD">-654510.23</grAmt>
    <netAmt ccy="USD">-654510.23</netAmt>
  </hldCpt2><chrgGp amtScheme="m2">
    <chrgCpt>
      <ctgy>CIP</ctgy>
      <ctgyAmt ccy="USD">-118.62</ctgyAmt>
      <chrgDesc>Interest Paid</chrgDesc>
    </chrgCpt>
  </chrgGp></M001><M001><tkn /><m2xmlReleaseNo>020</m2xmlReleaseNo><mvmtHdr mvmtTp="CLS">
    <cmt>Close Loan</cmt>
  </mvmtHdr><mvmtSrc>
    <ctlr>lghths-sg</ctlr>
    <ctlrMvmtRef>700941935</ctlrMvmtRef>
    <srcRecType>Deposits &amp; Loans Transaction</srcRecType>
    <srcTransType>Close Loan</srcTransType>
  </mvmtSrc><extSys>
    <extSysID>SAR</extSysID>
    <extSysRef>700921240</extSysRef>
  </extSys><hldCpt1 amtScheme="m2">
    <hldId>
      <ptfl>83663279.6000</ptfl>
      <ctlrOwnr>83663279</ctlrOwnr>
      <ctlrAcct>83663279</ctlrAcct>
      <ownrRefCcy>USD</ownrRefCcy>
      <ccy>USD</ccy>
      <asst>USD</asst>
      <asstIDs>
        <asstRef refType="CURRENCY">USD</asstRef>
      </asstIDs>
      <asstDetail>
        <type>MoneyMarket</type>
        <desc>USD Fixed Loan</desc>
        <asstMnyMktDetails>
          <mnyMktType>Loan</mnyMktType>
          <mnyMktTerm termType="Fixed">2021-04-21</mnyMktTerm>
          <mnyMktAmt ccy="USD">-284097.69</mnyMktAmt>
          <intRate>0.94</intRate>
          <mnyMktRef>143148437</mnyMktRef>
          <mnyMktName>s/t Fixed Advance Fix USD 0.94% 14.04.2021-21.04</mnyMktName>
          <matDate>2021-04-21</matDate>
          <startDate>2021-04-14</startDate>
        </asstMnyMktDetails>
      </asstDetail>
    </hldId>
    <effDt>2021-04-19</effDt>
    <settleDt>2021-04-21</settleDt>
    <grAmt ccy="USD">284097.69</grAmt>
    <netAmt ccy="USD">284097.69</netAmt>
  </hldCpt1><hldCpt2 amtScheme="m2">
    <hldId>
      <ptfl>83663279.6000</ptfl>
      <ctlrOwnr>83663279</ctlrOwnr>
      <ctlrAcct>83663279.4000/USD/KK</ctlrAcct>
      <ccy>USD</ccy>
      <asst>USD</asst>
      <asstIDs>
        <asstRef refType="CURRENCY">USD</asstRef>
      </asstIDs>
    </hldId>
    <effDt>2021-04-19</effDt>
    <grAmt ccy="USD">-284149.62</grAmt>
    <netAmt ccy="USD">-284149.62</netAmt>
  </hldCpt2><chrgGp amtScheme="m2">
    <chrgCpt>
      <ctgy>CIP</ctgy>
      <ctgyAmt ccy="USD">-51.93</ctgyAmt>
      <chrgDesc>Interest Paid</chrgDesc>
    </chrgCpt>
  </chrgGp></M001></m2:M006>
