<?xml version="1.0" encoding="UTF-8"?>
<m2:M006 xmlns:m2="http://www.mym2.com" xmlns:xsi="http://www.w3.org/2001/XMLSchema-instance" xsi:schemaLocation="http://www.mym2.com http://www.mym2.com/schemas/M2RequestSchema.xsd"><M001><tkn /><m2xmlReleaseNo>020</m2xmlReleaseNo><mvmtHdr mvmtTp="OPN">
    <cmt>Raise loan</cmt>
  </mvmtHdr><mvmtSrc>
    <ctlr>lghths-sg</ctlr>
    <ctlrMvmtRef>688366337</ctlrMvmtRef>
    <srcRecType>Deposits &amp; Loans Transaction</srcRecType>
    <srcTransType>Raise Loan</srcTransType>
  </mvmtSrc><extSys>
    <extSysID>SAR</extSysID>
    <extSysRef>688361622</extSysRef>
  </extSys><hldCpt1 amtScheme="m2">
    <hldId>
      <ptfl>83667931.6000</ptfl>
      <ctlrOwnr>83667931</ctlrOwnr>
      <ctlrAcct>83667931</ctlrAcct>
      <ownrRefCcy>USD</ownrRefCcy>
      <ccy>USD</ccy>
      <asst>USD</asst>
      <asstIDs>
        <asstRef refType="CURRENCY">USD</asstRef>
      </asstIDs>
      <asstDetail>
        <type>MoneyMarket</type>
        <desc>USD Fixed Loan</desc>
        <asstMnyMktDetails>
          <mnyMktType>Loan</mnyMktType>
          <mnyMktTerm termType="Fixed">2021-03-02</mnyMktTerm>
          <mnyMktAmt ccy="USD">-332949.79</mnyMktAmt>
          <intRate>1.18</intRate>
          <mnyMktRef>142696170</mnyMktRef>
          <mnyMktName>s/t Fixed Advance Fix USD 1.18% 23.02.2021-02.03</mnyMktName>
          <matDate>2021-03-02</matDate>
          <startDate>2021-02-23</startDate>
        </asstMnyMktDetails>
      </asstDetail>
    </hldId>
    <effDt>2021-02-22</effDt>
    <settleDt>2021-02-23</settleDt>
    <grAmt ccy="USD">-332949.79</grAmt>
    <netAmt ccy="USD">-332949.79</netAmt>
  </hldCpt1><hldCpt2 amtScheme="m2">
    <hldId>
      <ptfl>83667931.6000</ptfl>
      <ctlrOwnr>83667931</ctlrOwnr>
      <ctlrAcct>83667931.4000/USD/KK</ctlrAcct>
      <ccy>USD</ccy>
      <asst>USD</asst>
      <asstIDs>
        <asstRef refType="CURRENCY">USD</asstRef>
      </asstIDs>
    </hldId>
    <effDt>2021-02-22</effDt>
    <grAmt ccy="USD">332949.79</grAmt>
    <netAmt ccy="USD">332949.79</netAmt>
  </hldCpt2></M001><M001><tkn /><m2xmlReleaseNo>020</m2xmlReleaseNo><mvmtHdr mvmtTp="OPN">
    <cmt>Raise loan</cmt>
  </mvmtHdr><mvmtSrc>
    <ctlr>lghths-sg</ctlr>
    <ctlrMvmtRef>688361368</ctlrMvmtRef>
    <srcRecType>Deposits &amp; Loans Transaction</srcRecType>
    <srcTransType>Raise Loan</srcTransType>
  </mvmtSrc><extSys>
    <extSysID>SAR</extSysID>
    <extSysRef>688361622</extSysRef>
  </extSys><hldCpt1 amtScheme="m2">
    <hldId>
      <ptfl>83663279.6000</ptfl>
      <ctlrOwnr>83663279</ctlrOwnr>
      <ctlrAcct>83663279</ctlrAcct>
      <ownrRefCcy>USD</ownrRefCcy>
      <ccy>USD</ccy>
      <asst>USD</asst>
      <asstIDs>
        <asstRef refType="CURRENCY">USD</asstRef>
      </asstIDs>
      <asstDetail>
        <type>MoneyMarket</type>
        <desc>USD Fixed Loan</desc>
        <asstMnyMktDetails>
          <mnyMktType>Loan</mnyMktType>
          <mnyMktTerm termType="Fixed">2021-02-23</mnyMktTerm>
          <mnyMktAmt ccy="USD">-383182.71</mnyMktAmt>
          <intRate>0.93</intRate>
          <mnyMktRef>142695446</mnyMktRef>
          <mnyMktName>s/t Fixed Advance Fix USD 0.93% 22.02.2021-23.02</mnyMktName>
          <matDate>2021-02-23</matDate>
          <startDate>2021-02-22</startDate>
        </asstMnyMktDetails>
      </asstDetail>
    </hldId>
    <effDt>2021-02-22</effDt>
    <settleDt>2021-02-22</settleDt>
    <grAmt ccy="USD">-383182.71</grAmt>
    <netAmt ccy="USD">-383182.71</netAmt>
  </hldCpt1><hldCpt2 amtScheme="m2">
    <hldId>
      <ptfl>83663279.6000</ptfl>
      <ctlrOwnr>83663279</ctlrOwnr>
      <ctlrAcct>83663279.4000/USD/KK</ctlrAcct>
      <ccy>USD</ccy>
      <asst>USD</asst>
      <asstIDs>
        <asstRef refType="CURRENCY">USD</asstRef>
      </asstIDs>
    </hldId>
    <effDt>2021-02-22</effDt>
    <grAmt ccy="USD">383182.71</grAmt>
    <netAmt ccy="USD">383182.71</netAmt>
  </hldCpt2></M001><M001><tkn /><m2xmlReleaseNo>020</m2xmlReleaseNo><mvmtHdr mvmtTp="DIV">
    <cmt>Dividend Cash</cmt>
  </mvmtHdr><mvmtSrc>
    <ctlr>lghths-sg</ctlr>
    <ctlrMvmtRef>688361641</ctlrMvmtRef>
    <srcRecType>Cash Transaction</srcRecType>
    <srcTransType>Dividend Cash</srcTransType>
  </mvmtSrc><extSys>
    <extSysID>SAR</extSysID>
    <extSysRef>688361641</extSysRef>
  </extSys><hldCpt1 amtScheme="m2">
    <hldId>
      <ptfl>83663279.6000</ptfl>
      <ctlrOwnr>83663279</ctlrOwnr>
      <ctlrAcct>83663279.6000</ctlrAcct>
      <ownrRefCcy>USD</ownrRefCcy>
      <ccy>USD</ccy>
      <asst>US4581401001</asst>
      <asstIDs>
        <asstRef refType="ISIN">US4581401001</asstRef>
        <asstRef refType="Valor">941595</asstRef>
        <asstRef refType="Bloomberg">INTC UQ</asstRef>
        <asstRef refType="SARA">000000419639</asstRef>
      </asstIDs>
      <asstDetail>
        <isin>US4581401001</isin>
        <type>Share</type>
        <cntry>US/United States of America</cntry>
        <desc>Intel Corp</desc>
        <issueCcy>USD</issueCcy>
        <latestPrc ccy="USD">63.01</latestPrc>
        <latestPrcDate>2021-02-19</latestPrcDate>
        <prcFactor>1</prcFactor>
      </asstDetail>
    </hldId>
    <effDt>2021-02-22</effDt>
    <settleDt>2021-03-01</settleDt>
    <qty>900</qty>
    <grDivPerShare ccy="USD">0.3475</grDivPerShare>
    <netDivPerShare ccy="USD">0.243244</netDivPerShare>
    <grAmt ccy="USD">312.75</grAmt>
    <netAmt ccy="USD">218.92</netAmt>
  </hldCpt1><hldCpt2 amtScheme="m2">
    <hldId>
      <ptfl>83663279.6000</ptfl>
      <ctlrOwnr>83663279</ctlrOwnr>
      <ctlrAcct>83663279.4000/USD/KK</ctlrAcct>
      <ccy>USD</ccy>
      <asst>USD</asst>
      <asstIDs>
        <asstRef refType="CURRENCY">USD</asstRef>
      </asstIDs>
    </hldId>
    <effDt>2021-02-22</effDt>
    <grAmt ccy="USD">218.92</grAmt>
    <netAmt ccy="USD">218.92</netAmt>
  </hldCpt2><chrgGp amtScheme="m2">
    <chrgCpt>
      <ctgy>WTH</ctgy>
      <ctgyAmt ccy="USD">-93.83</ctgyAmt>
      <chrgDesc>Withholding Tax</chrgDesc>
    </chrgCpt>
  </chrgGp></M001><M001><tkn /><m2xmlReleaseNo>020</m2xmlReleaseNo><mvmtHdr mvmtTp="DIV">
    <cmt>Dividend Cash</cmt>
  </mvmtHdr><mvmtSrc>
    <ctlr>lghths-sg</ctlr>
    <ctlrMvmtRef>688361622</ctlrMvmtRef>
    <srcRecType>Cash Transaction</srcRecType>
    <srcTransType>Dividend Cash</srcTransType>
  </mvmtSrc><extSys>
    <extSysID>SAR</extSysID>
    <extSysRef>688361622</extSysRef>
  </extSys><hldCpt1 amtScheme="m2">
    <hldId>
      <ptfl>83663279.6000</ptfl>
      <ctlrOwnr>83663279</ctlrOwnr>
      <ctlrAcct>83663279.6000</ctlrAcct>
      <ownrRefCcy>USD</ownrRefCcy>
      <ccy>USD</ccy>
      <asst>US4581401001</asst>
      <asstIDs>
        <asstRef refType="ISIN">US4581401001</asstRef>
        <asstRef refType="Valor">941595</asstRef>
        <asstRef refType="Bloomberg">INTC UQ</asstRef>
        <asstRef refType="SARA">000000419639</asstRef>
      </asstIDs>
      <asstDetail>
        <isin>US4581401001</isin>
        <type>Share</type>
        <cntry>US/United States of America</cntry>
        <desc>Intel Corp</desc>
        <issueCcy>USD</issueCcy>
        <latestPrc ccy="USD">63.01</latestPrc>
        <latestPrcDate>2021-02-19</latestPrcDate>
        <prcFactor>1</prcFactor>
      </asstDetail>
    </hldId>
    <effDt>2021-02-22</effDt>
    <settleDt>2021-03-01</settleDt>
    <qty>60</qty>
    <grDivPerShare ccy="USD">0.3475</grDivPerShare>
    <netDivPerShare ccy="USD">0.243167</netDivPerShare>
    <grAmt ccy="USD">20.85</grAmt>
    <netAmt ccy="USD">14.59</netAmt>
  </hldCpt1><hldCpt2 amtScheme="m2">
    <hldId>
      <ptfl>83663279.6000</ptfl>
      <ctlrOwnr>83663279</ctlrOwnr>
      <ctlrAcct>83663279.4000/USD/KK</ctlrAcct>
      <ccy>USD</ccy>
      <asst>USD</asst>
      <asstIDs>
        <asstRef refType="CURRENCY">USD</asstRef>
      </asstIDs>
    </hldId>
    <effDt>2021-02-22</effDt>
    <grAmt ccy="USD">14.59</grAmt>
    <netAmt ccy="USD">14.59</netAmt>
  </hldCpt2><chrgGp amtScheme="m2">
    <chrgCpt>
      <ctgy>WTH</ctgy>
      <ctgyAmt ccy="USD">-6.26</ctgyAmt>
      <chrgDesc>Withholding Tax</chrgDesc>
    </chrgCpt>
  </chrgGp></M001></m2:M006>
