<?xml version="1.0" encoding="UTF-8"?>
<m2:M006 xmlns:m2="http://www.mym2.com" xmlns:xsi="http://www.w3.org/2001/XMLSchema-instance" xsi:schemaLocation="http://www.mym2.com http://www.mym2.com/schemas/M2RequestSchema.xsd"><M001><tkn /><m2xmlReleaseNo>020</m2xmlReleaseNo><mvmtHdr mvmtTp="DIV">
    <cmt>Dividend Cash</cmt>
  </mvmtHdr><mvmtSrc>
    <ctlr>lghths-sg</ctlr>
    <ctlrMvmtRef>680453377</ctlrMvmtRef>
    <srcRecType>Cash Transaction</srcRecType>
    <srcTransType>Dividend Cash</srcTransType>
  </mvmtSrc><extSys>
    <extSysID>SAR</extSysID>
    <extSysRef>680453377</extSysRef>
  </extSys><hldCpt1 amtScheme="m2">
    <hldId>
      <ptfl>83667931.6000</ptfl>
      <ctlrOwnr>83667931</ctlrOwnr>
      <ctlrAcct>83667931.6000</ctlrAcct>
      <ownrRefCcy>USD</ownrRefCcy>
      <ccy>SGD</ccy>
      <asst>MYL7113OO003</asst>
      <asstIDs>
        <asstRef refType="ISIN">MYL7113OO003</asstRef>
        <asstRef refType="Valor">1197605</asstRef>
        <asstRef refType="Bloomberg">TOPG MK</asstRef>
        <asstRef refType="SARA">000002537305</asstRef>
      </asstIDs>
      <asstDetail>
        <isin>MYL7113OO003</isin>
        <type>Share</type>
        <cntry>MY/Malaysia</cntry>
        <desc>Top Glove Corporation Bhd</desc>
        <issueCcy>MYR</issueCcy>
        <issueCcyExchRt>3.044745</issueCcyExchRt>
        <latestPrc ccy="MYR">6.43</latestPrc>
        <latestPrcDate>2021-01-11</latestPrcDate>
        <prcFactor>1</prcFactor>
      </asstDetail>
    </hldId>
    <effDt>2021-01-11</effDt>
    <settleDt>2021-01-11</settleDt>
    <qty>7800</qty>
    <grDivPerShare ccy="SGD">0.0541</grDivPerShare>
    <netDivPerShare ccy="SGD">0.0541</netDivPerShare>
    <grAmt ccy="SGD">421.98</grAmt>
    <netAmt ccy="SGD">421.98</netAmt>
  </hldCpt1><hldCpt2 amtScheme="m2">
    <hldId>
      <ptfl>83667931.6000</ptfl>
      <ctlrOwnr>83667931</ctlrOwnr>
      <ctlrAcct>83667931.4003/SGD/KK</ctlrAcct>
      <ccy>SGD</ccy>
      <asst>SGD</asst>
      <asstIDs>
        <asstRef refType="CURRENCY">SGD</asstRef>
      </asstIDs>
    </hldId>
    <effDt>2021-01-11</effDt>
    <grAmt ccy="SGD">421.98</grAmt>
    <netAmt ccy="SGD">421.98</netAmt>
  </hldCpt2></M001><M001><tkn /><m2xmlReleaseNo>020</m2xmlReleaseNo><mvmtHdr mvmtTp="AIN">
    <cmt>Securities Exchange 1,122.11 ISIN IE00BKXBBV70 @ 178.619 USD</cmt>
  </mvmtHdr><mvmtSrc>
    <ctlr>lghths-sg</ctlr>
    <ctlrMvmtRef>680385095</ctlrMvmtRef>
    <srcRecType>Security Transaction</srcRecType>
    <srcTransType>Securities Exchange</srcTransType>
  </mvmtSrc><extSys>
    <extSysID>SAR</extSysID>
    <extSysRef>680385095</extSysRef>
  </extSys><hldCpt1 amtScheme="m2">
    <hldId>
      <ptfl>83663279.6000</ptfl>
      <ctlrOwnr>83663279</ctlrOwnr>
      <ctlrAcct>83663279.6000</ctlrAcct>
      <ownrRefCcy>USD</ownrRefCcy>
      <ccy>USD</ccy>
      <asst>IE00BKXBBV70</asst>
      <asstIDs>
        <asstRef refType="ISIN">IE00BKXBBV70</asstRef>
        <asstRef refType="Valor">57922240</asstRef>
        <asstRef refType="SARA">000141776627</asstRef>
      </asstIDs>
      <asstDetail>
        <isin>IE00BKXBBV70</isin>
        <type>Fund</type>
        <cntry>IE/Ireland</cntry>
        <desc>SphereInvest Global UCITS Icav- Credit Strategies Fund (USD) -F- Capitalisation</desc>
        <issueCcy>USD</issueCcy>
        <latestPrc ccy="USD">178.02627</latestPrc>
        <latestPrcDate>2020-12-31</latestPrcDate>
        <prcFactor>1</prcFactor>
      </asstDetail>
    </hldId>
    <effDt>2021-01-07</effDt>
    <settleDt>2021-01-07</settleDt>
    <qty>1122.1069</qty>
    <prc ccy="USD">178.6185</prc>
    <grTrdAmt ccy="USD">200429.08</grTrdAmt>
    <grAmt ccy="USD">200429.08</grAmt>
    <netAmt ccy="USD">200429.08</netAmt>
  </hldCpt1></M001><M001><tkn /><m2xmlReleaseNo>020</m2xmlReleaseNo><mvmtHdr mvmtTp="AOU">
    <cmt>Securities Exchange 1,120 ISIN IE00BKXBBV70 @ 178.954 USD</cmt>
  </mvmtHdr><mvmtSrc>
    <ctlr>lghths-sg</ctlr>
    <ctlrMvmtRef>680385095</ctlrMvmtRef>
    <srcRecType>Security Transaction</srcRecType>
    <srcTransType>Securities Exchange</srcTransType>
  </mvmtSrc><extSys>
    <extSysID>SAR</extSysID>
    <extSysRef>680385095</extSysRef>
  </extSys><hldCpt1 amtScheme="m2">
    <hldId>
      <ptfl>83663279.6000</ptfl>
      <ctlrOwnr>83663279</ctlrOwnr>
      <ctlrAcct>83663279.6000</ctlrAcct>
      <ownrRefCcy>USD</ownrRefCcy>
      <ccy>USD</ccy>
      <asst>IE00BKXBBV70</asst>
      <asstIDs>
        <asstRef refType="ISIN">IE00BKXBBV70</asstRef>
        <asstRef refType="Valor">57922240</asstRef>
        <asstRef refType="SARA">000141776627</asstRef>
      </asstIDs>
      <asstDetail>
        <isin>IE00BKXBBV70</isin>
        <type>Fund</type>
        <cntry>IE/Ireland</cntry>
        <desc>SphereInvest Global UCITS Icav- Credit Strategies Fund (USD) -F- Capitalisation</desc>
        <issueCcy>USD</issueCcy>
        <latestPrc ccy="USD">178.02627</latestPrc>
        <latestPrcDate>2020-12-31</latestPrcDate>
        <prcFactor>1</prcFactor>
      </asstDetail>
    </hldId>
    <effDt>2021-01-07</effDt>
    <settleDt>2021-01-07</settleDt>
    <qty>-1120</qty>
    <prc ccy="USD">178.9545</prc>
    <grTrdAmt ccy="USD">-200429.08</grTrdAmt>
    <grAmt ccy="USD">-200429.08</grAmt>
    <netAmt ccy="USD">-200429.08</netAmt>
  </hldCpt1></M001></m2:M006>
