<?xml version="1.0" encoding="UTF-8"?>
<m2:M006 xmlns:m2="http://www.mym2.com" xmlns:xsi="http://www.w3.org/2001/XMLSchema-instance" xsi:schemaLocation="http://www.mym2.com http://www.mym2.com/schemas/M2RequestSchema.xsd"><M001><tkn /><m2xmlReleaseNo>020</m2xmlReleaseNo><mvmtHdr mvmtTp="SEL">
    <cmt>Bond Redemption 180,000 ISIN XS1739439203 @ 95 USD</cmt>
  </mvmtHdr><mvmtSrc>
    <ctlr>lghths-sg</ctlr>
    <ctlrMvmtRef>686296388</ctlrMvmtRef>
    <srcRecType>Security Transaction</srcRecType>
    <srcTransType>Bond Redemption</srcTransType>
  </mvmtSrc><extSys>
    <extSysID>SAR</extSysID>
    <extSysRef>686296388</extSysRef>
  </extSys><hldCpt1 amtScheme="m2">
    <hldId>
      <ptfl>83677193.6000</ptfl>
      <ctlrOwnr>83677193</ctlrOwnr>
      <ctlrAcct>83677193.6000</ctlrAcct>
      <ownrRefCcy>USD</ownrRefCcy>
      <ccy>USD</ccy>
      <asst>XS1739439203</asst>
      <asstIDs>
        <asstRef refType="ISIN">XS1739439203</asstRef>
        <asstRef refType="Valor">38364948</asstRef>
        <asstRef refType="SARA">000137679848</asstRef>
      </asstIDs>
      <asstDetail>
        <isin>XS1739439203</isin>
        <type>Bond</type>
        <cntry>GB/United Kingdom</cntry>
        <desc>Credit Suisse London Ashmore Sicav-EmMa Sh.Dur.Fd (EUR)-Retail-Cap 95% Protection with Participation 26.01.2021</desc>
        <issueCcy>USD</issueCcy>
        <issueDate>2018-02-09</issueDate>
        <latestPrc ccy="USD">94.50</latestPrc>
        <latestPrcDate>2021-01-21</latestPrcDate>
        <prcFactor>.01</prcFactor>
        <asstBondDetails>
          <matDate>2021-02-09</matDate>
          <intRate>0.0</intRate>
          <intDate>2017-12-20</intDate>
        </asstBondDetails>
      </asstDetail>
    </hldId>
    <effDt>2021-02-09</effDt>
    <settleDt>2021-02-09</settleDt>
    <qty>-180000</qty>
    <prc ccy="USD">95</prc>
    <grTrdAmt ccy="USD">-171000</grTrdAmt>
    <grAmt ccy="USD">-171000</grAmt>
    <netAmt ccy="USD">-171000</netAmt>
  </hldCpt1><hldCpt2 amtScheme="m2">
    <hldId>
      <ptfl>83677193.6000</ptfl>
      <ctlrOwnr>83677193</ctlrOwnr>
      <ctlrAcct>83677193.4000/USD/KK</ctlrAcct>
      <ccy>USD</ccy>
      <asst>USD</asst>
      <asstIDs>
        <asstRef refType="CURRENCY">USD</asstRef>
      </asstIDs>
    </hldId>
    <effDt>2021-02-09</effDt>
    <grAmt ccy="USD">171000</grAmt>
    <netAmt ccy="USD">171000</netAmt>
  </hldCpt2></M001><M001><tkn /><m2xmlReleaseNo>020</m2xmlReleaseNo><mvmtHdr mvmtTp="SEL">
    <cmt>Sell 200,000 ISIN XS0474660676 @ 111.25 USD</cmt>
  </mvmtHdr><mvmtSrc>
    <ctlr>lghths-sg</ctlr>
    <ctlrMvmtRef>686484614</ctlrMvmtRef>
    <srcRecType>Security Transaction</srcRecType>
    <srcTransType>Sell</srcTransType>
  </mvmtSrc><extSys>
    <extSysID>SAR</extSysID>
    <extSysRef>686484614</extSysRef>
  </extSys><hldCpt1 amtScheme="m2">
    <hldId>
      <ptfl>83663293.6000</ptfl>
      <ctlrOwnr>83663293</ctlrOwnr>
      <ctlrAcct>83663293.6000</ctlrAcct>
      <ownrRefCcy>USD</ownrRefCcy>
      <ccy>USD</ccy>
      <asst>XS0474660676</asst>
      <asstIDs>
        <asstRef refType="ISIN">XS0474660676</asstRef>
        <asstRef refType="Valor">10851943</asstRef>
        <asstRef refType="SARA">000124114043</asstRef>
      </asstIDs>
      <asstDetail>
        <isin>XS0474660676</isin>
        <type>FRN</type>
        <cntry>GB/United Kingdom</cntry>
        <desc>12% Lloyds Bank Plc Regd.Notes 2009-Perpetual Senior Reg-S</desc>
        <issueCcy>USD</issueCcy>
        <issueDate>2009-12-16</issueDate>
        <latestPrc ccy="USD">114.00</latestPrc>
        <latestPrcDate>2021-02-09</latestPrcDate>
        <prcFactor>.01</prcFactor>
        <asstBondDetails>
          <matDate>2024-12-16</matDate>
          <intRate>12.0</intRate>
          <calcBasis>30E/360</calcBasis>
          <intFreq>2</intFreq>
          <intDate>2010-06-16</intDate>
          <intCcy>USD</intCcy>
          <rating>BB+</rating>
        </asstBondDetails>
      </asstDetail>
    </hldId>
    <effDt>2021-02-10</effDt>
    <settleDt>2021-02-12</settleDt>
    <qty>-200000</qty>
    <prc ccy="USD">111.25</prc>
    <grTrdAmt ccy="USD">-222500</grTrdAmt>
    <grAmt ccy="USD">-226233.34</grAmt>
    <netAmt ccy="USD">-225628.17</netAmt>
  </hldCpt1><hldCpt2 amtScheme="m2">
    <hldId>
      <ptfl>83663293.6000</ptfl>
      <ctlrOwnr>83663293</ctlrOwnr>
      <ctlrAcct>83663293.4000/USD/KK</ctlrAcct>
      <ccy>USD</ccy>
      <asst>USD</asst>
      <asstIDs>
        <asstRef refType="CURRENCY">USD</asstRef>
      </asstIDs>
    </hldId>
    <effDt>2021-02-10</effDt>
    <grAmt ccy="USD">225628.17</grAmt>
    <netAmt ccy="USD">225628.17</netAmt>
  </hldCpt2><chrgGp amtScheme="m2">
    <chrgCpt>
      <ctgy>EXE</ctgy>
      <ctgyAmt ccy="USD">-565.58</ctgyAmt>
      <chrgDesc>Stex Commissions</chrgDesc>
    </chrgCpt>
    <chrgCpt>
      <ctgy>CPN</ctgy>
      <ctgyAmt ccy="USD">3733.34</ctgyAmt>
      <chrgDesc>Accrued Interest</chrgDesc>
    </chrgCpt>
    <chrgCpt>
      <ctgy>VAT</ctgy>
      <ctgyAmt ccy="USD">-39.59</ctgyAmt>
      <chrgDesc>VAT</chrgDesc>
    </chrgCpt>
  </chrgGp></M001><M001><tkn /><m2xmlReleaseNo>020</m2xmlReleaseNo><mvmtHdr mvmtTp="BUY">
    <cmt>Bought 1,000,800 SARA 000142572924</cmt>
  </mvmtHdr><mvmtSrc>
    <ctlr>lghths-sg</ctlr>
    <ctlrMvmtRef>686446498</ctlrMvmtRef>
    <srcRecType>Security Transaction</srcRecType>
    <srcTransType>Buy</srcTransType>
  </mvmtSrc><extSys>
    <extSysID>SAR</extSysID>
    <extSysRef>686446498</extSysRef>
  </extSys><hldCpt1 amtScheme="m2">
    <hldId>
      <ptfl>83663279.6000</ptfl>
      <ctlrOwnr>83663279</ctlrOwnr>
      <ctlrAcct>83663279.6000</ctlrAcct>
      <ownrRefCcy>USD</ownrRefCcy>
      <ccy>GBP</ccy>
      <asst>000142572924</asst>
      <asstIDs>
        <asstRef refType="SARA">000142572924</asstRef>
      </asstIDs>
      <asstDetail>
        <type>Hybrid</type>
        <desc>FX Accumulator on GBP/USD 2x Leveraged  KO:1.40 Buy GBP / Sell USD at 1.3261 Period: 10.FEB.21 - 14.FEB.22  12 Fixings</desc>
        <issueCcy>USD</issueCcy>
        <issueCcyExchRt>1.38449</issueCcyExchRt>
        <latestPrc ccy="USD">-0.00385256</latestPrc>
        <latestPrcDate>2021-02-10</latestPrcDate>
        <prcFactor>1</prcFactor>
      </asstDetail>
    </hldId>
    <effDt>2021-02-10</effDt>
    <settleDt>2021-02-12</settleDt>
    <qty>1000800</qty>
    <prc ccy="GBP">0</prc>
    <grTrdAmt ccy="GBP">-0</grTrdAmt>
    <grAmt ccy="GBP">-0</grAmt>
    <netAmt ccy="GBP">-0</netAmt>
  </hldCpt1><hldCpt2 amtScheme="m2">
    <hldId>
      <ctlrOwnr>83663279</ctlrOwnr>
      <ctlrAcct>83663279</ctlrAcct>
      <ccy>GBP</ccy>
      <asst>GBP</asst>
      <asstIDs>
        <asstRef refType="CURRENCY">GBP</asstRef>
      </asstIDs>
    </hldId>
    <effDt>2021-02-10</effDt>
    <grAmt ccy="GBP">0</grAmt>
    <netAmt ccy="GBP">0</netAmt>
  </hldCpt2></M001><M001><tkn /><m2xmlReleaseNo>020</m2xmlReleaseNo><mvmtHdr mvmtTp="SEL">
    <cmt>Sell 200,000 ISIN XS0474660676 @ 111.25 USD</cmt>
  </mvmtHdr><mvmtSrc>
    <ctlr>lghths-sg</ctlr>
    <ctlrMvmtRef>686484917</ctlrMvmtRef>
    <srcRecType>Security Transaction</srcRecType>
    <srcTransType>Sell</srcTransType>
  </mvmtSrc><extSys>
    <extSysID>SAR</extSysID>
    <extSysRef>686484917</extSysRef>
  </extSys><hldCpt1 amtScheme="m2">
    <hldId>
      <ptfl>83663279.6000</ptfl>
      <ctlrOwnr>83663279</ctlrOwnr>
      <ctlrAcct>83663279.6000</ctlrAcct>
      <ownrRefCcy>USD</ownrRefCcy>
      <ccy>USD</ccy>
      <asst>XS0474660676</asst>
      <asstIDs>
        <asstRef refType="ISIN">XS0474660676</asstRef>
        <asstRef refType="Valor">10851943</asstRef>
        <asstRef refType="SARA">000124114043</asstRef>
      </asstIDs>
      <asstDetail>
        <isin>XS0474660676</isin>
        <type>FRN</type>
        <cntry>GB/United Kingdom</cntry>
        <desc>12% Lloyds Bank Plc Regd.Notes 2009-Perpetual Senior Reg-S</desc>
        <issueCcy>USD</issueCcy>
        <issueDate>2009-12-16</issueDate>
        <latestPrc ccy="USD">114.00</latestPrc>
        <latestPrcDate>2021-02-09</latestPrcDate>
        <prcFactor>.01</prcFactor>
        <asstBondDetails>
          <matDate>2024-12-16</matDate>
          <intRate>12.0</intRate>
          <calcBasis>30E/360</calcBasis>
          <intFreq>2</intFreq>
          <intDate>2010-06-16</intDate>
          <intCcy>USD</intCcy>
          <rating>BB+</rating>
        </asstBondDetails>
      </asstDetail>
    </hldId>
    <effDt>2021-02-10</effDt>
    <settleDt>2021-02-12</settleDt>
    <qty>-200000</qty>
    <prc ccy="USD">111.25</prc>
    <grTrdAmt ccy="USD">-222500</grTrdAmt>
    <grAmt ccy="USD">-226233.33</grAmt>
    <netAmt ccy="USD">-225628.16</netAmt>
  </hldCpt1><hldCpt2 amtScheme="m2">
    <hldId>
      <ptfl>83663279.6000</ptfl>
      <ctlrOwnr>83663279</ctlrOwnr>
      <ctlrAcct>83663279.4000/USD/KK</ctlrAcct>
      <ccy>USD</ccy>
      <asst>USD</asst>
      <asstIDs>
        <asstRef refType="CURRENCY">USD</asstRef>
      </asstIDs>
    </hldId>
    <effDt>2021-02-10</effDt>
    <grAmt ccy="USD">225628.16</grAmt>
    <netAmt ccy="USD">225628.16</netAmt>
  </hldCpt2><chrgGp amtScheme="m2">
    <chrgCpt>
      <ctgy>EXE</ctgy>
      <ctgyAmt ccy="USD">-565.58</ctgyAmt>
      <chrgDesc>Stex Commissions</chrgDesc>
    </chrgCpt>
    <chrgCpt>
      <ctgy>CPN</ctgy>
      <ctgyAmt ccy="USD">3733.33</ctgyAmt>
      <chrgDesc>Accrued Interest</chrgDesc>
    </chrgCpt>
    <chrgCpt>
      <ctgy>VAT</ctgy>
      <ctgyAmt ccy="USD">-39.59</ctgyAmt>
      <chrgDesc>VAT</chrgDesc>
    </chrgCpt>
  </chrgGp></M001></m2:M006>
